date,close
2006-01-03,2.2357442378997803
2006-01-04,2.2423250675201416
2006-01-05,2.2246787548065186
2006-01-06,2.2821052074432373
2006-01-09,2.274627923965454
2006-01-10,2.418492555618286
2006-01-11,2.5094189643859863
2006-01-12,2.521082639694214
2006-01-13,2.5599658489227295
2006-01-17,2.5336451530456543
2006-01-18,2.4672446250915527
2006-01-19,2.3640573024749756
2006-01-20,2.2758243083953857
2006-01-23,2.3230817317962646
2006-01-24,2.2743279933929443
2006-01-25,2.219295024871826
2006-01-26,2.163362741470337
2006-01-27,2.154390335083008
2006-01-30,2.2432219982147217
2006-01-31,2.258476495742798
2006-02-01,2.255784511566162
2006-02-02,2.1564838886260986
2006-02-03,2.1490066051483154
2006-02-06,2.0129175186157227
2006-02-07,2.0218913555145264
2006-02-08,2.058081865310669
2006-02-09,1.9426312446594238
2006-02-10,2.0132174491882324
2006-02-13,1.9354517459869385
2006-02-14,2.023087501525879
2006-02-15,2.0703439712524414
2006-02-16,2.1107230186462402
2006-02-17,2.1023473739624023
2006-02-21,2.066157102584839
2006-02-22,2.133155107498169
2006-02-23,2.1460161209106445
2006-02-24,2.137343645095825
2006-02-27,2.123284101486206
2006-02-28,2.0485095977783203
2006-03-01,2.066755771636963
2006-03-02,2.0820093154907227
2006-03-03,2.025479316711426
2006-03-06,1.9584829807281494
2006-03-07,1.9833070039749146
2006-03-08,1.9638664722442627
2006-03-09,1.9121220111846924
2006-03-10,1.8899894952774048
2006-03-13,1.964464783668518
2006-03-14,2.013516664505005
2006-03-15,1.9809147119522095
2006-03-16,1.9234884977340698
2006-03-17,1.933956265449524
2006-03-20,1.913916826248169
2006-03-21,1.8487142324447632
2006-03-22,1.8445268869400024
2006-03-23,1.799362301826477
2006-03-24,1.793381690979004
2006-03-27,1.7799218893051147
2006-03-28,1.755994439125061
2006-03-29,1.8642663955688477
2006-03-30,1.8768290281295776
2006-03-31,1.875931978225708
2006-04-03,1.8738383054733276
2006-04-04,1.8295725584030151
2006-04-05,2.0102272033691406
2006-04-06,2.130763053894043
2006-04-07,2.087393045425415
2006-04-10,2.053893804550171
2006-04-11,2.0335562229156494
2006-04-12,1.9952709674835205
2006-04-13,1.9880930185317993
2006-04-17,1.9384431838989258
2006-04-18,1.9806159734725952
2006-04-19,1.9635673761367798
2006-04-20,2.0227882862091064
2006-04-21,2.0051417350769043
2006-04-24,1.9665576219558716
2006-04-25,1.9791203737258911
2006-04-26,2.038341760635376
2006-04-27,2.0745322704315186
2006-04-28,2.1053390502929688
2006-05-01,2.08171010017395
2006-05-02,2.142127752304077
2006-05-03,2.1277706623077393
2006-05-04,2.127471923828125
2006-05-05,2.150203227996826
2006-05-08,2.150203227996826
2006-05-09,2.124480962753296
2006-05-10,2.1116199493408203
2006-05-11,2.038341760635376
2006-05-12,2.024881362915039
2006-05-15,2.027574062347412
2006-05-16,1.9435274600982666
2006-05-17,1.9519028663635254
2006-05-18,1.889690637588501
2006-05-19,1.929471492767334
2006-05-22,1.8956713676452637
2006-05-23,1.888792872428894
2006-05-24,1.894476056098938
2006-05-25,1.924086570739746
2006-05-26,1.900757074356079
2006-05-30,1.831067681312561
2006-05-31,1.7876991033554077
2006-06-01,1.8594815731048584
2006-06-02,1.8442277908325195
2006-06-05,1.794577956199646
2006-06-06,1.7862037420272827
2006-06-07,1.751508355140686
2006-06-08,1.8173089027404785
2006-06-09,1.7718464136123657
2006-06-12,1.7048488855361938
2006-06-13,1.7446284294128418
2006-06-14,1.7230936288833618
2006-06-15,1.776033878326416
2006-06-16,1.7215979099273682
2006-06-19,1.7108306884765625
2006-06-20,1.718906044960022
2006-06-21,1.7305711507797241
2006-06-22,1.782015323638916
2006-06-23,1.7595829963684082
2006-06-26,1.7643694877624512
2006-06-27,1.7177095413208008
2006-06-28,1.6755372285842896
2006-06-29,1.7637701034545898
2006-06-30,1.7129247188568115
2006-07-03,1.7332632541656494
2006-07-05,1.7048488855361938
2006-07-06,1.6680601835250854
2006-07-07,1.65699303150177
2006-07-10,1.645029902458191
2006-07-11,1.664470911026001
2006-07-12,1.5840150117874146
2006-07-13,1.562778353691101
2006-07-14,1.5155210494995117
2006-07-17,1.5663671493530273
2006-07-18,1.5822197198867798
2006-07-19,1.6181108951568604
2006-07-20,1.8095324039459229
2006-07-21,1.8161125183105469
2006-07-24,1.8370492458343506
2006-07-25,1.8523041009902954
2006-07-26,1.910327672958374
2006-07-27,1.8962699174880981
2006-07-28,1.9617729187011719
2006-07-31,2.032658576965332
2006-08-01,2.009329319000244
2006-08-02,2.0386412143707275
2006-08-03,2.081411361694336
2006-08-04,2.0428285598754883
2006-08-07,2.0102272033691406
2006-08-08,1.9375450611114502
2006-08-09,1.9019525051116943
2006-08-10,1.9163105487823486
2006-08-11,1.90374755859375
2006-08-14,1.912421464920044
2006-08-15,1.9874942302703857
2006-08-16,2.033256769180298
2006-08-17,2.0215914249420166
2006-08-18,2.0311625003814697
2006-08-21,1.9907855987548828
2006-08-22,2.022489070892334
2006-08-23,2.0132174491882324
2006-08-24,2.028172254562378
2006-08-25,2.0562877655029297
2006-08-28,2.0033464431762695
2006-08-29,1.9883922338485718
2006-08-30,2.002748966217041
2006-08-31,2.0293679237365723
2006-09-01,2.0452208518981934
2006-09-05,2.1379404067993164
2006-09-06,2.094571590423584
2006-09-07,2.177422046661377
2006-09-08,2.16904616355896
2006-09-11,2.1684484481811523
2006-09-12,2.1723365783691406
2006-09-13,2.219295024871826
2006-09-14,2.218397378921509
2006-09-15,2.216304063796997
2006-09-18,2.2100234031677246
2006-09-19,2.206433057785034
2006-09-20,2.2509994506835938
2006-09-21,2.2327535152435303
2006-09-22,2.183403253555298
2006-09-25,2.2656543254852295
2006-09-26,2.321286916732788
2006-09-27,2.2853949069976807
2006-09-28,2.3033409118652344
2006-09-29,2.302443742752075
2006-10-02,2.2390356063842773
2006-10-03,2.215705394744873
2006-10-04,2.254587411880493
2006-10-05,2.2381374835968018
2006-10-06,2.2198925018310547
2006-10-09,2.2321555614471436
2006-10-10,2.2076289653778076
2006-10-11,2.190282106399536
2006-10-12,2.2509994506835938
2006-10-13,2.2438206672668457
2006-10-16,2.255186080932617
2006-10-17,2.2219860553741455
2006-10-18,2.2291648387908936
2006-10-19,2.362560987472534
2006-10-20,2.391274929046631
2006-10-23,2.436438798904419
2006-10-24,2.424175262451172
2006-10-25,2.4430198669433594
2006-10-26,2.4582719802856445
2006-10-27,2.4050331115722656
2006-10-30,2.4053330421447754
2006-10-31,2.425072431564331
2006-11-01,2.3676469326019287
2006-11-02,2.362262487411499
2006-11-03,2.3416249752044678
2006-11-06,2.384097099304199
2006-11-07,2.408024549484253
2006-11-08,2.4660487174987793
2006-11-09,2.492668867111206
2006-11-10,2.4860875606536865
2006-11-13,2.5228779315948486
2006-11-14,2.5423178672790527
2006-11-15,2.5139052867889404
2006-11-16,2.560563564300537
2006-11-17,2.567742109298706
2006-11-20,2.5862860679626465
2006-11-21,2.649993896484375
2006-11-22,2.701139450073242
2006-11-24,2.740619421005249
2006-11-27,2.6781091690063477
2006-11-28,2.7460038661956787
2006-11-29,2.7457032203674316
2006-11-30,2.7415168285369873
2006-12-01,2.7313477993011475
2006-12-04,2.7253661155700684
2006-12-05,2.7298526763916016
2006-12-06,2.686781644821167
2006-12-07,2.603334665298462
2006-12-08,2.6398236751556396
2006-12-11,2.6544783115386963
2006-12-12,2.576416254043579
2006-12-13,2.6634521484375
2006-12-14,2.648498058319092
2006-12-15,2.6236724853515625
2006-12-18,2.5563766956329346
2006-12-19,2.5814998149871826
2006-12-20,2.5351402759552
2006-12-21,2.4795081615448
2006-12-22,2.458571672439575
2006-12-26,2.4379336833953857
2006-12-27,2.4382336139678955
2006-12-28,2.4187912940979004
2006-12-29,2.5375328063964844
2007-01-03,2.506427049636841
2007-01-04,2.5620594024658203
2007-01-05,2.543813705444336
2007-01-08,2.5563766956329346
2007-01-09,2.7687337398529053
2007-01-10,2.9012348651885986
2007-01-11,2.8653430938720703
2007-01-12,2.830049514770508
2007-01-16,2.9042251110076904
2007-01-17,2.839919090270996
2007-01-18,2.664050817489624
2007-01-19,2.6470022201538086
2007-01-22,2.595856189727783
2007-01-23,2.5632553100585938
2007-01-24,2.593165397644043
2007-01-25,2.579705238342285
2007-01-26,2.5536844730377197
2007-01-29,2.5704338550567627
2007-01-30,2.558769464492798
2007-01-31,2.5641531944274902
2007-02-01,2.5345425605773926
2007-02-02,2.534841537475586
2007-02-05,2.5106139183044434
2007-02-06,2.516895294189453
2007-02-07,2.5767154693603516
2007-02-08,2.5776121616363525
2007-02-09,2.4905757904052734
2007-02-12,2.5387303829193115
2007-02-13,2.53334641456604
2007-02-14,2.5512917041778564
2007-02-15,2.5485994815826416
2007-02-16,2.537233591079712
2007-02-20,2.569237470626831
2007-02-21,2.6679391860961914
2007-02-22,2.6772122383117676
2007-02-23,2.664050817489624
2007-02-26,2.6473004817962646
2007-02-27,2.51031494140625
2007-02-28,2.530653238296509
2007-03-01,2.603933334350586
2007-03-02,2.5545814037323
2007-03-05,2.5817999839782715
2007-03-06,2.637730360031128
2007-03-07,2.6236724853515625
2007-03-08,2.632047653198242
2007-03-09,2.631150007247925
2007-03-12,2.6879782676696777
2007-03-13,2.6440114974975586
2007-03-14,2.6918680667877197
2007-03-15,2.6790058612823486
2007-03-16,2.6796045303344727
2007-03-19,2.7256648540496826
2007-03-20,2.736133337020874
2007-03-21,2.807617425918579
2007-03-22,2.8103084564208984
2007-03-23,2.797149419784546
2007-03-26,2.866837978363037
2007-03-27,2.8551738262176514
2007-03-28,2.78877329826355
2007-03-29,2.804028034210205
2007-03-30,2.778902769088745
2007-04-02,2.801037549972534
2007-04-03,2.8264598846435547
2007-04-04,2.8195810317993164
2007-04-05,2.831843852996826
2007-04-09,2.801037549972534
2007-04-10,2.818983316421509
2007-04-11,2.76933217048645
2007-04-12,2.757368564605713
2007-04-13,2.6990444660186768
2007-04-16,2.734638214111328
2007-04-17,2.7023355960845947
2007-04-18,2.7038300037384033
2007-04-19,2.6999435424804688
2007-04-20,2.720879316329956
2007-04-23,2.7968502044677734
2007-04-24,2.78877329826355
2007-04-25,2.85188364982605
2007-04-26,2.956268548965454
2007-04-27,2.988569498062134
2007-04-30,2.9849812984466553
2007-05-01,2.9751100540161133
2007-05-02,3.0026283264160156
2007-05-03,3.00292706489563
2007-05-04,3.0151891708374023
2007-05-07,3.1082096099853516
2007-05-08,3.142305850982666
2007-05-09,3.196741819381714
2007-05-10,3.2105000019073486
2007-05-11,3.2523727416992188
2007-05-14,3.2709171772003174
2007-05-15,3.215883493423462
2007-05-16,3.2105000019073486
2007-05-17,3.2733099460601807
2007-05-18,3.2906579971313477
2007-05-21,3.349280595779419
2007-05-22,3.3959388732910156
2007-05-23,3.376497983932495
2007-05-24,3.3106961250305176
2007-05-25,3.398331880569458
2007-05-29,3.4201672077178955
2007-05-30,3.5523672103881836
2007-05-31,3.6247477531433105
2007-06-01,3.5413002967834473
2007-06-04,3.6289353370666504
2007-06-05,3.669013261795044
2007-06-06,3.6980268955230713
2007-06-07,3.7108871936798096
2007-06-08,3.72344970703125
2007-06-11,3.5948383808135986
2007-06-12,3.6005208492279053
2007-06-13,3.5143818855285645
2007-06-14,3.5517685413360596
2007-06-15,3.604109764099121
2007-06-18,3.7413957118988037
2007-06-19,3.698625326156616
2007-06-20,3.6355152130126953
2007-06-21,3.705803394317627
2007-06-22,3.6788830757141113
2007-06-25,3.6591451168060303
2007-06-26,3.5786867141723633
2007-06-27,3.6456847190856934
2007-06-28,3.6059048175811768
2007-06-29,3.6501708030700684
2007-07-02,3.6268410682678223
2007-07-03,3.803607702255249
2007-07-05,3.9705042839050293
2007-07-06,3.9570441246032715
2007-07-09,3.8981220722198486
2007-07-10,3.9585397243499756
2007-07-11,3.9597365856170654
2007-07-12,4.009983539581299
2007-07-13,4.119454383850098
2007-07-16,4.130518436431885
2007-07-17,4.1547465324401855
2007-07-18,4.1311187744140625
2007-07-19,4.187347888946533
2007-07-20,4.2995100021362305
2007-07-23,4.298014163970947
2007-07-24,4.034510135650635
2007-07-25,4.105396747589111
2007-07-26,4.366806507110596
2007-07-27,4.302500247955322
2007-07-30,4.230118751525879
2007-07-31,3.9408926963806152
2007-08-01,4.037799835205078
2007-08-02,4.0823655128479
2007-08-03,3.9435858726501465
2007-08-06,4.045276641845703
2007-08-07,4.038698196411133
2007-08-08,4.008187770843506
2007-08-09,3.780277967453003
2007-08-10,3.738703489303589
2007-08-13,3.8221535682678223
2007-08-14,3.7096922397613525
2007-08-15,3.5861642360687256
2007-08-16,3.5009217262268066
2007-08-17,3.6507694721221924
2007-08-20,3.6555538177490234
2007-08-21,3.8155713081359863
2007-08-22,3.9633264541625977
2007-08-23,3.9202535152435303
2007-08-24,4.0467729568481445
2007-08-27,3.9555492401123047
2007-08-28,3.7931392192840576
2007-08-29,4.01028299331665
2007-08-30,4.075186252593994
2007-08-31,4.141885757446289
2007-09-04,4.311770915985107
2007-09-05,4.090441703796387
2007-09-06,4.038100242614746
2007-09-07,3.941192150115967
2007-09-10,4.088947772979736
2007-09-11,4.052457332611084
2007-09-12,4.093133449554443
2007-09-13,4.103601455688477
2007-09-14,4.1517558097839355
2007-09-17,4.139792442321777
2007-09-18,4.214864730834961
2007-09-19,4.210378170013428
2007-09-20,4.196619987487793
2007-09-21,4.3114728927612305
2007-09-24,4.435000896453857
2007-09-25,4.581557273864746
2007-09-26,4.5692949295043945
2007-09-27,4.621037006378174
2007-09-28,4.590230464935303
2007-10-01,4.676072597503662
2007-10-02,4.739182472229004
2007-10-03,4.723329067230225
2007-10-04,4.673079967498779
2007-10-05,4.828909397125244
2007-10-08,5.022125720977783
2007-10-09,5.0206298828125
2007-10-10,4.9886274337768555
2007-10-11,4.852240562438965
2007-10-12,5.002385139465332
2007-10-15,4.994309425354004
2007-10-16,5.072076320648193
2007-10-17,5.166889190673828
2007-10-18,5.189321517944336
2007-10-19,5.097199440002441
2007-10-22,5.215043544769287
2007-10-23,5.567977428436279
2007-10-24,5.561097145080566
2007-10-25,5.466881275177002
2007-10-26,5.524307727813721
2007-10-29,5.535972595214844
2007-10-30,5.593101978302002
2007-10-31,5.681335926055908
2007-11-01,5.606263160705566
2007-11-02,5.619121074676514
2007-11-05,5.568575859069824
2007-11-06,5.736368656158447
2007-11-07,5.572165489196777
2007-11-08,5.248244285583496
2007-11-09,4.946155548095703
2007-11-12,4.598905563354492
2007-11-13,5.083441257476807
2007-11-14,4.968288421630859
2007-11-15,4.914153575897217
2007-11-16,4.976663589477539
2007-11-19,4.903684139251709
2007-11-20,5.050240993499756
2007-11-21,5.038577556610107
2007-11-23,5.1306986808776855
2007-11-26,5.160609722137451
2007-11-27,5.22850227355957
2007-11-28,5.39031457901001
2007-11-29,5.512048721313477
2007-11-30,5.450133323669434
2007-12-03,5.349637508392334
2007-12-04,5.378050327301025
2007-12-05,5.54823637008667
2007-12-06,5.681335926055908
2007-12-07,5.811440944671631
2007-12-10,5.808749198913574
2007-12-11,5.639161586761475
2007-12-12,5.708552837371826
2007-12-13,5.737563610076904
2007-12-14,5.694493293762207
2007-12-17,5.5153350830078125
2007-12-18,5.472864627838135
2007-12-19,5.47705078125
2007-12-20,5.599381923675537
2007-12-21,5.799777507781982
2007-12-24,5.946033954620361
2007-12-26,5.9505205154418945
2007-12-27,5.939155101776123
2007-12-28,5.976841449737549
2007-12-31,5.924500942230225
2008-01-02,5.827592849731445
2008-01-03,5.830284595489502
2008-01-04,5.385229110717773
2008-01-07,5.313146114349365
2008-01-08,5.122024059295654
2008-01-09,5.365787029266357
2008-01-10,5.324511528015137
2008-01-11,5.165095329284668
2008-01-14,5.347244739532471
2008-01-15,5.055926322937012
2008-01-16,4.774772644042969
2008-01-17,4.812159061431885
2008-01-18,4.826218128204346
2008-01-22,4.655136585235596
2008-01-23,4.159531593322754
2008-01-24,4.055746078491211
2008-01-25,3.8885512351989746
2008-01-28,3.8885512351989746
2008-01-29,3.9343128204345703
2008-01-30,3.95345401763916
2008-01-31,4.048569679260254
2008-02-01,4.000412940979004
2008-02-04,3.9376015663146973
2008-02-05,3.869110584259033
2008-02-06,3.648974657058716
2008-02-07,3.6262435913085938
2008-02-08,3.7530603408813477
2008-02-11,3.8718013763427734
2008-02-12,3.734516143798828
2008-02-13,3.870307445526123
2008-02-14,3.8122825622558594
2008-02-15,3.72763729095459
2008-02-19,3.654358386993408
2008-02-20,3.703411340713501
2008-02-21,3.63521671295166
2008-02-22,3.573005199432373
2008-02-25,3.5813796520233154
2008-02-26,3.5637316703796387
2008-02-27,3.677687406539917
2008-02-28,3.885560989379883
2008-02-29,3.7393016815185547
2008-03-03,3.6408987045288086
2008-03-04,3.72733736038208
2008-03-05,3.72344970703125
2008-03-06,3.6169729232788086
2008-03-07,3.6564505100250244
2008-03-10,3.5798840522766113
2008-03-11,3.8089897632598877
2008-03-12,3.769509792327881
2008-03-13,3.82663893699646
2008-03-14,3.7868590354919434
2008-03-17,3.7904462814331055
2008-03-18,3.972597122192383
2008-03-19,3.8783814907073975
2008-03-20,3.9860575199127197
2008-03-24,4.173289775848389
2008-03-25,4.2166595458984375
2008-03-26,4.338690757751465
2008-03-27,4.194826126098633
2008-03-28,4.277374267578125
2008-03-31,4.292032241821289
2008-04-01,4.472385406494141
2008-04-02,4.411372184753418
2008-04-03,4.534600734710693
2008-04-04,4.578567981719971
2008-04-07,4.6626129150390625
2008-04-08,4.571386814117432
2008-04-09,4.529512882232666
2008-04-10,4.622532367706299
2008-04-11,4.40090274810791
2008-04-14,4.420045852661133
2008-04-15,4.437990188598633
2008-04-16,4.597111701965332
2008-04-17,4.620738983154297
2008-04-18,4.816648006439209
2008-04-21,5.029604911804199
2008-04-22,4.7915239334106445
2008-04-23,4.871979713439941
2008-04-24,5.052933692932129
2008-04-25,5.076561450958252
2008-04-28,5.15163516998291
2008-04-29,5.235681056976318
2008-04-30,5.202779293060303
2008-05-01,5.383735179901123
2008-05-02,5.411848068237305
2008-05-05,5.525205135345459
2008-05-06,5.582932949066162
2008-05-07,5.4611992835998535
2008-05-08,5.535077095031738
2008-05-09,5.486922264099121
2008-05-12,5.627795696258545
2008-05-13,5.681633472442627
2008-05-14,5.570969104766846
2008-05-15,5.674753189086914
2008-05-16,5.611645221710205
2008-05-19,5.49140739440918
2008-05-20,5.560201168060303
2008-05-21,5.329595565795898
2008-05-22,5.295497894287109
2008-05-23,5.418728351593018
2008-05-27,5.576051712036133
2008-05-28,5.593400955200195
2008-05-29,5.583828926086426
2008-05-30,5.645443439483643
2008-06-02,5.566183090209961
2008-06-03,5.544348239898682
2008-06-04,5.5389628410339355
2008-06-05,5.665781021118164
2008-06-06,5.552422523498535
2008-06-09,5.431888580322266
2008-06-10,5.552422523498535
2008-06-11,5.407960891723633
2008-06-12,5.18214225769043
2008-06-13,5.155523300170898
2008-06-16,5.289217948913574
2008-06-17,5.426504135131836
2008-06-18,5.3463454246521
2008-06-19,5.4106526374816895
2008-06-20,5.2422614097595215
2008-06-23,5.1791534423828125
2008-06-24,5.181844234466553
2008-06-25,5.30566930770874
2008-06-26,5.032595634460449
2008-06-27,5.0873308181762695
2008-06-30,5.008068084716797
2008-07-01,5.224613666534424
2008-07-02,5.030203342437744
2008-07-03,5.088226795196533
2008-07-07,5.2389702796936035
2008-07-08,5.370273590087891
2008-07-09,5.2117533683776855
2008-07-10,5.2829389572143555
2008-07-11,5.16180419921875
2008-07-14,5.200687408447266
2008-07-15,5.073869228363037
2008-07-16,5.168683052062988
2008-07-17,5.138773441314697
2008-07-18,4.939575672149658
2008-07-21,4.973670959472656
2008-07-22,4.845959663391113
2008-07-23,4.972774505615234
2008-07-24,4.756529331207275
2008-07-25,4.8489508628845215
2008-07-28,4.618047714233398
2008-07-29,4.698205947875977
2008-07-30,4.781953811645508
2008-07-31,4.754136562347412
2008-08-01,4.685643672943115
2008-08-04,4.583053112030029
2008-08-05,4.804683685302734
2008-08-06,4.910863876342773
2008-08-07,4.8923187255859375
2008-08-08,5.071177959442139
2008-08-11,5.191114902496338
2008-08-12,5.2859296798706055
2008-08-13,5.362796306610107
2008-08-14,5.3633952140808105
2008-08-15,5.25631856918335
2008-08-18,5.245850086212158
2008-08-19,5.190218448638916
2008-08-20,5.259309768676758
2008-08-21,5.212951183319092
2008-08-22,5.287724494934082
2008-08-25,5.16090726852417
2008-08-26,5.193509101867676
2008-08-27,5.224314212799072
2008-08-28,5.196499347686768
2008-08-29,5.070580959320068
2008-09-02,4.970682144165039
2008-09-03,4.993711948394775
2008-09-04,4.822030544281006
2008-09-05,4.790925979614258
2008-09-08,4.723329067230225
2008-09-09,4.536693572998047
2008-09-10,4.534600734710693
2008-09-11,4.565703868865967
2008-09-12,4.454741954803467
2008-09-15,4.198115825653076
2008-09-16,4.183759689331055
2008-09-17,3.823347568511963
2008-09-18,4.0105814933776855
2008-09-19,4.214565753936768
2008-09-22,3.9196584224700928
2008-09-23,3.7937378883361816
2008-09-24,3.849668025970459
2008-09-25,3.9459774494171143
2008-09-26,3.83561110496521
2008-09-29,3.1482884883880615
2008-09-30,3.3995299339294434
2008-10-01,3.2637388706207275
2008-10-02,2.9939539432525635
2008-10-03,2.903327703475952
2008-10-06,2.935330867767334
2008-10-07,2.666743278503418
2008-10-08,2.6855852603912354
2008-10-09,2.6541812419891357
2008-10-10,2.895251989364624
2008-10-13,3.297835111618042
2008-10-14,3.112994432449341
2008-10-15,2.929647922515869
2008-10-16,3.0474929809570312
2008-10-17,2.9131975173950195
2008-10-20,2.9443039894104004
2008-10-21,2.7364323139190674
2008-10-22,2.897345542907715
2008-10-23,2.9380221366882324
2008-10-24,2.8826892375946045
2008-10-27,2.754378080368042
2008-10-28,2.988271474838257
2008-10-29,3.127051830291748
2008-10-30,3.3211655616760254
2008-10-31,3.2179787158966064
2008-11-03,3.199134349822998
2008-11-04,3.3196699619293213
2008-11-05,3.0896658897399902
2008-11-06,2.9640445709228516
2008-11-07,2.9383223056793213
2008-11-10,2.8677361011505127
2008-11-11,2.83453631401062
2008-11-12,2.695455312728882
2008-11-13,2.8844852447509766
2008-11-14,2.6990444660186768
2008-11-17,2.636234760284424
2008-11-18,2.689174175262451
2008-11-19,2.580902338027954
2008-11-20,2.407425880432129
2008-11-21,2.4699370861053467
2008-11-24,2.7801005840301514
2008-11-25,2.715794324874878
2008-11-26,2.8414158821105957
2008-11-28,2.77172589302063
2008-12-01,2.659863233566284
2008-12-02,2.7657439708709717
2008-12-03,2.8683338165283203
2008-12-04,2.7340400218963623
2008-12-05,2.8115060329437256
2008-12-08,2.982588529586792
2008-12-09,2.9927573204040527
2008-12-10,2.937424659729004
2008-12-11,2.8414158821105957
2008-12-12,2.9392194747924805
2008-12-15,2.833937644958496
2008-12-16,2.854275941848755
2008-12-17,2.666743278503418
2008-12-18,2.674818992614746
2008-12-19,2.6918680667877197
2008-12-22,2.564450979232788
2008-12-23,2.5835938453674316
2008-12-24,2.543515205383301
2008-12-26,2.5665457248687744
2008-12-29,2.590473175048828
2008-12-30,2.580902338027954
2008-12-31,2.5527865886688232
2009-01-02,2.714298725128174
2009-01-05,2.828852653503418
2009-01-06,2.782194137573242
2009-01-07,2.7220749855041504
2009-01-08,2.7726235389709473
2009-01-09,2.7092154026031494
2009-01-12,2.6517884731292725
2009-01-13,2.623373508453369
2009-01-14,2.5521891117095947
2009-01-15,2.4938650131225586
2009-01-16,2.462460517883301
2009-01-20,2.338932514190674
2009-01-21,2.477414131164551
2009-01-22,2.642815351486206
2009-01-23,2.642815351486206
2009-01-26,2.6810996532440186
2009-01-27,2.71370005607605
2009-01-28,2.817488193511963
2009-01-29,2.7815957069396973
2009-01-30,2.6957550048828125
2009-02-02,2.7370288372039795
2009-02-03,2.780996799468994
2009-02-04,2.7980458736419678
2009-02-05,2.8850836753845215
2009-02-06,2.982588529586792
2009-02-09,3.0660359859466553
2009-02-10,2.926058769226074
2009-02-11,2.8958511352539062
2009-02-12,2.969128370285034
2009-02-13,2.965838670730591
2009-02-17,2.827357053756714
2009-02-18,2.8225724697113037
2009-02-19,2.7110090255737305
2009-02-20,2.727757692337036
2009-02-23,2.600642681121826
2009-02-24,2.6993446350097656
2009-02-25,2.7265615463256836
2009-02-26,2.6676394939422607
2009-02-27,2.671229600906372
2009-03-02,2.6302521228790283
2009-03-03,2.643113374710083
2009-03-04,2.726860523223877
2009-03-05,2.6571717262268066
2009-03-06,2.5512917041778564
2009-03-09,2.4857897758483887
2009-03-10,2.6508901119232178
2009-03-11,2.772024393081665
2009-03-12,2.8817925453186035
2009-03-13,2.869230270385742
2009-03-16,2.8539767265319824
2009-03-17,2.9807939529418945
2009-03-18,3.0364251136779785
2009-03-19,3.039416790008545
2009-03-20,3.0385196208953857
2009-03-23,3.220071315765381
2009-03-24,3.1853761672973633
2009-03-25,3.1850764751434326
2009-03-26,3.2861709594726562
2009-03-27,3.1958439350128174
2009-03-30,3.1252572536468506
2009-03-31,3.14410138130188
2009-04-01,3.2508788108825684
2009-04-02,3.3711133003234863
2009-04-03,3.4692189693450928
2009-04-06,3.5427961349487305
2009-04-07,3.439608335494995
2009-04-08,3.4790892601013184
2009-04-09,3.5762946605682373
2009-04-13,3.595735549926758
2009-04-14,3.538607597351074
2009-04-15,3.5185694694519043
2009-04-16,3.6325252056121826
2009-04-17,3.691446304321289
2009-04-20,3.604109764099121
2009-04-21,3.641793727874756
2009-04-22,3.6343202590942383
2009-04-23,3.750666856765747
2009-04-24,3.705803394317627
2009-04-27,3.73062801361084
2009-04-28,3.705803394317627
2009-04-29,3.7428910732269287
2009-04-30,3.7635281085968018
2009-05-01,3.805699586868286
2009-05-04,3.950164318084717
2009-05-05,3.9693071842193604
2009-05-06,3.963026762008667
2009-05-07,3.8601365089416504
2009-05-08,3.864025115966797
2009-05-11,3.8753902912139893
2009-05-12,3.72135591506958
2009-05-13,3.5739006996154785
2009-05-14,3.6773884296417236
2009-05-15,3.66153621673584
2009-05-18,3.7880566120147705
2009-05-19,3.8119826316833496
2009-05-20,3.764726161956787
2009-05-21,3.7141783237457275
2009-05-22,3.663928747177124
2009-05-26,3.9115817546844482
2009-05-27,3.979475975036621
2009-05-28,4.0398945808410645
2009-05-29,4.062027454376221
2009-06-01,4.16790771484375
2009-06-02,4.172093868255615
2009-06-03,4.215761661529541
2009-06-04,4.2992095947265625
2009-06-05,4.3270263671875
2009-06-08,4.302500247955322
2009-06-09,4.268702507019043
2009-06-10,4.194826126098633
2009-06-11,4.185850620269775
2009-06-12,4.096721649169922
2009-06-15,4.070400714874268
2009-06-16,4.078176498413086
2009-06-17,4.055148601531982
2009-06-18,4.064120292663574
2009-06-19,4.171795845031738
2009-06-22,4.108684539794922
2009-06-23,4.008187770843506
2009-06-24,4.0742902755737305
2009-06-25,4.183159828186035
2009-06-26,4.26032829284668
2009-06-29,4.246270179748535
2009-06-30,4.26002836227417
2009-07-01,4.271989822387695
2009-07-02,4.187944412231445
2009-07-06,4.145772933959961
2009-07-07,4.049762725830078
2009-07-08,4.104200839996338
2009-07-09,4.078476428985596
2009-07-10,4.143080234527588
2009-07-13,4.257335662841797
2009-07-14,4.25524377822876
2009-07-15,4.393126487731934
2009-07-16,4.412267684936523
2009-07-17,4.538786888122559
2009-07-20,4.573482036590576
2009-07-21,4.5316081047058105
2009-07-22,4.688035488128662
2009-07-23,4.720338821411133
2009-07-24,4.785242080688477
2009-07-27,4.7885332107543945
2009-07-28,4.78554105758667
2009-07-29,4.786439418792725
2009-07-30,4.86898946762085
2009-07-31,4.886935234069824
2009-08-03,4.977860927581787
2009-08-04,4.951539039611816
2009-08-05,4.938380718231201
2009-08-06,4.902488708496094
2009-08-07,4.950342655181885
2009-08-10,4.926712989807129
2009-08-11,4.870184898376465
2009-08-12,4.944360256195068
2009-08-13,5.037381172180176
2009-08-14,4.9883294105529785
2009-08-17,4.77327823638916
2009-08-18,4.905179977416992
2009-08-19,4.92312479019165
2009-08-20,4.9748687744140625
2009-08-21,5.061305999755859
2009-08-24,5.056522369384766
2009-08-25,5.06669282913208
2009-08-26,5.007171154022217
2009-08-27,5.068187236785889
2009-08-28,5.086132049560547
2009-08-31,5.031099796295166
2009-09-01,4.944061756134033
2009-09-02,4.94047212600708
2009-09-03,4.981447696685791
2009-09-04,5.09390926361084
2009-09-08,5.172273635864258
2009-09-09,5.118735313415527
2009-09-10,5.161205768585205
2009-09-11,5.1492414474487305
2009-09-14,5.1959004402160645
2009-09-15,5.2389702796936035
2009-09-16,5.4396653175354
2009-09-17,5.519822120666504
2009-09-18,5.533880233764648
2009-09-21,5.503969669342041
2009-09-22,5.517728805541992
2009-09-23,5.54823637008667
2009-09-24,5.497988224029541
2009-09-25,5.45461893081665
2009-09-28,5.567678451538086
2009-09-29,5.544646263122559
2009-09-30,5.543751239776611
2009-10-01,5.4094557762146
2009-10-02,5.530290126800537
2009-10-05,5.563790798187256
2009-10-06,5.6831278800964355
2009-10-07,5.6903076171875
2009-10-08,5.660995960235596
2009-10-09,5.696888446807861
2009-10-12,5.707058429718018
2009-10-13,5.683427810668945
2009-10-14,5.7214155197143555
2009-10-15,5.699581623077393
2009-10-16,5.624505996704102
2009-10-19,5.678643703460693
2009-10-20,5.944838047027588
2009-10-21,6.1290812492370605
2009-10-22,6.137456893920898
2009-10-23,6.0997700691223145
2009-10-26,6.056101322174072
2009-10-27,5.903265476226807
2009-10-28,5.754612922668457
2009-10-29,5.8727545738220215
2009-10-30,5.637966632843018
2009-11-02,5.662192344665527
2009-11-03,5.645443439483643
2009-11-04,5.707058429718018
2009-11-05,5.803363800048828
2009-11-06,5.812640190124512
2009-11-09,6.0255961418151855
2009-11-10,6.071056365966797
2009-11-11,6.079134464263916
2009-11-12,6.04144811630249
2009-11-13,6.115024566650391
2009-11-16,6.180229187011719
2009-11-17,6.191292762756348
2009-11-18,6.160187721252441
2009-11-19,5.997179985046387
2009-11-20,5.979532718658447
2009-11-23,6.157795429229736
2009-11-24,6.114724636077881
2009-11-25,6.107248783111572
2009-11-27,5.999573230743408
2009-11-30,5.979233264923096
2009-12-01,5.891301155090332
2009-12-02,5.869167327880859
2009-12-03,5.876645088195801
2009-12-04,5.782129764556885
2009-12-07,5.651423454284668
2009-12-08,5.6789422035217285
2009-12-09,5.91612434387207
2009-12-10,5.875148773193359
2009-12-11,5.822507381439209
2009-12-14,5.891599178314209
2009-12-15,5.807553291320801
2009-12-16,5.833277225494385
2009-12-17,5.738461494445801
2009-12-18,5.845238208770752
2009-12-21,5.928985118865967
2009-12-22,5.992692947387695
2009-12-23,6.044734954833984
2009-12-24,6.252310276031494
2009-12-28,6.329176902770996
2009-12-29,6.254103183746338
2009-12-30,6.33007287979126
2009-12-31,6.302856922149658
2010-01-04,6.400959014892578
2010-01-05,6.412026405334473
2010-01-06,6.310036659240723
2010-01-07,6.298369884490967
2010-01-08,6.340242385864258
2010-01-11,6.284311294555664
2010-01-12,6.212830066680908
2010-01-13,6.300461769104004
2010-01-14,6.263974666595459
2010-01-15,6.159289836883545
2010-01-19,6.431766986846924
2010-01-20,6.332767009735107
2010-01-21,6.223296165466309
2010-01-22,5.914629936218262
2010-01-25,6.073747158050537
2010-01-26,6.15958833694458
2010-01-27,6.217615604400635
2010-01-28,5.960690021514893
2010-01-29,5.744444847106934
2010-02-01,5.8243021965026855
2010-02-02,5.858099937438965
2010-02-03,5.9588942527771
2010-02-04,5.744145393371582
2010-02-05,5.84613561630249
2010-02-08,5.806056499481201
2010-02-09,5.867970943450928
2010-02-10,5.83596658706665
2010-02-11,5.9421467781066895
2010-02-12,5.99329137802124
2010-02-16,6.083621501922607
2010-02-17,6.058193683624268
2010-02-18,6.069562911987305
2010-02-19,6.031875133514404
2010-02-22,5.994487762451172
2010-02-23,5.893991470336914
2010-02-24,6.00166654586792
2010-02-25,6.041745662689209
2010-02-26,6.120108127593994
2010-03-01,6.250814914703369
2010-03-02,6.2466254234313965
2010-03-03,6.260982513427734
2010-03-04,6.302257537841797
2010-03-05,6.548713684082031
2010-03-08,6.552601337432861
2010-03-09,6.670445919036865
2010-03-10,6.724879741668701
2010-03-11,6.7446208000183105
2010-03-12,6.777522563934326
2010-03-15,6.694970607757568
2010-03-16,6.7132158279418945
2010-03-17,6.703347682952881
2010-03-18,6.719198226928711
2010-03-19,6.647416114807129
2010-03-22,6.722188472747803
2010-03-23,6.830163478851318
2010-03-24,6.860372066497803
2010-03-25,6.779017448425293
2010-03-26,6.90613317489624
2010-03-29,6.950699329376221
2010-03-30,7.054184436798096
2010-03-31,7.028763294219971
2010-04-01,7.057773590087891
2010-04-05,7.133145332336426
2010-04-06,7.164555072784424
2010-04-07,7.196255683898926
2010-04-08,7.176814079284668
2010-04-09,7.231849670410156
2010-04-12,7.24680233001709
2010-04-13,7.250990867614746
2010-04-14,7.348496437072754
2010-04-15,7.445106506347656
2010-04-16,7.399643421173096
2010-04-19,7.389774799346924
2010-04-20,7.315598011016846
2010-04-21,7.753174304962158
2010-04-22,7.9700188636779785
2010-04-23,8.100423812866211
2010-04-26,8.060641288757324
2010-04-27,7.837522029876709
2010-04-28,7.8243584632873535
2010-04-29,8.034919738769531
2010-04-30,7.809108734130859
2010-05-03,7.966429710388184
2010-05-04,7.737023830413818
2010-05-05,7.656564712524414
2010-05-06,7.365249156951904
2010-05-07,7.054484844207764
2010-05-10,7.596746444702148
2010-05-11,7.672420978546143
2010-05-12,7.839014053344727
2010-05-13,7.727453708648682
2010-05-14,7.59166145324707
2010-05-17,7.6036272048950195
2010-05-18,7.5479960441589355
2010-05-19,7.427760601043701
2010-05-20,7.1113128662109375
2010-05-21,7.247701644897461
2010-05-24,7.380500793457031
2010-05-25,7.334438800811768
2010-05-26,7.301239490509033
2010-05-27,7.577606201171875
2010-05-28,7.683187484741211
2010-06-01,7.801326751708984
2010-06-02,7.89464807510376
2010-06-03,7.869821548461914
2010-06-04,7.655667304992676
2010-06-07,7.505523681640625
2010-06-08,7.457371234893799
2010-06-09,7.274020671844482
2010-06-10,7.492661952972412
2010-06-11,7.582392692565918
2010-06-14,7.605418682098389
2010-06-15,7.76723051071167
2010-06-16,7.993348121643066
2010-06-17,8.131529808044434
2010-06-18,8.197331428527832
2010-06-21,8.08068561553955
2010-06-22,8.190751075744629
2010-06-23,8.104613304138184
2010-06-24,8.04568862915039
2010-06-25,7.976901531219482
2010-06-28,8.024751663208008
2010-06-29,7.661951065063477
2010-06-30,7.523171901702881
2010-07-01,7.431944847106934
2010-07-02,7.385884761810303
2010-07-06,7.436430931091309
2010-07-07,7.736722946166992
2010-07-08,7.71937370300293
2010-07-09,7.765138626098633
2010-07-12,7.695449352264404
2010-07-13,7.531245231628418
2010-07-14,7.559061050415039
2010-07-15,7.520777225494385
2010-07-16,7.474417686462402
2010-07-19,7.345207214355469
2010-07-20,7.533935546875
2010-07-21,7.604223728179932
2010-07-22,7.747190952301025
2010-07-23,7.774705410003662
2010-07-26,7.75496768951416
2010-07-27,7.898533821105957
2010-07-28,7.805214881896973
2010-07-29,7.719977855682373
2010-07-30,7.694253444671631
2010-08-02,7.831838130950928
2010-08-03,7.834232330322266
2010-08-04,7.865635871887207
2010-08-05,7.827350616455078
2010-08-06,7.779195308685303
2010-08-09,7.8288445472717285
2010-08-10,7.758857727050781
2010-08-11,7.483092784881592
2010-08-12,7.530948638916016
2010-08-13,7.450491905212402
2010-08-16,7.406822681427002
2010-08-17,7.5363311767578125
2010-08-18,7.569231033325195
2010-08-19,7.473820686340332
2010-08-20,7.466639518737793
2010-08-23,7.3517866134643555
2010-08-24,7.176218032836914
2010-08-25,7.264749526977539
2010-08-26,7.186685085296631
2010-08-27,7.226765155792236
2010-08-30,7.253081798553467
2010-08-31,7.271031379699707
2010-09-01,7.487277507781982
2010-09-02,7.542309761047363
2010-09-03,7.739716053009033
2010-09-07,7.711002349853516
2010-09-08,7.863841533660889
2010-09-09,7.868323802947998
2010-09-10,7.878493785858154
2010-09-13,7.987064361572266
2010-09-14,8.017576217651367
2010-09-15,8.082180976867676
2010-09-16,8.272107124328613
2010-09-17,8.23621654510498
2010-09-20,8.471303939819336
2010-09-21,8.48746109008789
2010-09-22,8.606494903564453
2010-09-23,8.641490936279297
2010-09-24,8.743181228637695
2010-09-27,8.708486557006836
2010-09-28,8.579874992370605
2010-09-29,8.595132827758789
2010-09-30,8.486861228942871
2010-10-01,8.450067520141602
2010-10-04,8.334023475646973
2010-10-05,8.64208984375
2010-10-06,8.649567604064941
2010-10-07,8.650464057922363
2010-10-08,8.795527458190918
2010-10-11,8.834114074707031
2010-10-12,8.929224014282227
2010-10-13,8.97707748413086
2010-10-14,9.041982650756836
2010-10-15,9.413758277893066
2010-10-18,9.511262893676758
2010-10-19,9.256731033325195
2010-10-20,9.287832260131836
2010-10-21,9.25762939453125
2010-10-22,9.196314811706543
2010-10-25,9.237292289733887
2010-10-26,9.21366024017334
2010-10-27,9.207082748413086
2010-10-28,9.129615783691406
2010-10-29,9.002204895019531
2010-11-01,9.097912788391113
2010-11-02,9.252843856811523
2010-11-03,9.355731010437012
2010-11-04,9.519338607788086
2010-11-05,9.485241889953613
2010-11-08,9.529804229736328
2010-11-09,9.453834533691406
2010-11-10,9.512160301208496
2010-11-11,9.47088623046875
2010-11-12,9.213061332702637
2010-11-15,9.183454513549805
2010-11-16,9.020447731018066
2010-11-17,8.987841606140137
2010-11-18,9.225027084350586
2010-11-19,9.174179077148438
2010-11-22,9.372481346130371
2010-11-23,9.233999252319336
2010-11-24,9.415550231933594
2010-11-26,9.421534538269043
2010-11-29,9.477468490600586
2010-11-30,9.30638313293457
2010-12-01,9.463408470153809
2010-12-02,9.515748023986816
2010-12-03,9.494512557983398
2010-12-06,9.575567245483398
2010-12-07,9.517542839050293
2010-12-08,9.60129165649414
2010-12-09,9.563907623291016
2010-12-10,9.587830543518066
2010-12-13,9.621026992797852
2010-12-14,9.579756736755371
2010-12-15,9.581852912902832
2010-12-16,9.608466148376465
2010-12-17,9.589329719543457
2010-12-20,9.637184143066406
2010-12-21,9.696701049804688
2010-12-22,9.725414276123047
2010-12-23,9.678755760192871
2010-12-27,9.71105670928955
2010-12-28,9.734689712524414
2010-12-29,9.729308128356934
2010-12-30,9.680550575256348
2010-12-31,9.647650718688965
2011-01-03,9.857315063476562
2011-01-04,9.908761978149414
2011-01-05,9.989814758300781
2011-01-06,9.981741905212402
2011-01-07,10.053226470947266
2011-01-10,10.242551803588867
2011-01-11,10.218326568603516
2011-01-12,10.30147647857666
2011-01-13,10.339163780212402
2011-01-14,10.422908782958984
2011-01-18,10.188714027404785
2011-01-19,10.134581565856934
2011-01-20,9.950335502624512
2011-01-21,9.772078514099121
2011-01-24,10.093002319335938
2011-01-25,10.21114730834961
2011-01-26,10.284425735473633
2011-01-27,10.265283584594727
2011-01-28,10.052626609802246
2011-01-31,10.148933410644531
2011-02-01,10.319719314575195
2011-02-02,10.298482894897461
2011-02-03,10.272162437438965
2011-02-04,10.363688468933105
2011-02-07,10.524599075317383
2011-02-08,10.623900413513184
2011-02-09,10.712437629699707
2011-02-10,10.604161262512207
2011-02-11,10.67325210571289
2011-02-14,10.742942810058594
2011-02-15,10.76447868347168
2011-02-16,10.861084938049316
2011-02-17,10.716621398925781
2011-02-18,10.485121726989746
2011-02-22,10.127699851989746
2011-02-23,10.247639656066895
2011-02-24,10.255414009094238
2011-02-25,10.41334056854248
2011-02-28,10.56437873840332
2011-03-01,10.447733879089355
2011-03-02,10.53177547454834
2011-03-03,10.754305839538574
2011-03-04,10.767471313476562
2011-03-07,10.628686904907227
2011-03-08,10.640649795532227
2011-03-09,10.542244911193848
2011-03-10,10.368769645690918
2011-03-11,10.527889251708984
2011-03-14,10.574849128723145
2011-03-15,10.331683158874512
2011-03-16,9.870475769042969
2011-03-17,10.008955955505371
2011-03-18,9.890216827392578
2011-03-21,10.148333549499512
2011-03-22,10.205164909362793
2011-03-23,10.14504623413086
2011-03-24,10.317924499511719
2011-03-25,10.514433860778809
2011-03-28,10.48153305053711
2011-03-29,10.497085571289062
2011-03-30,10.42739200592041
2011-03-31,10.423810005187988
2011-04-01,10.305663108825684
2011-04-04,10.204865455627441
2011-04-05,10.13607406616211
2011-04-06,10.110649108886719
2011-04-07,10.111852645874023
2011-04-08,10.02152156829834
2011-04-11,9.894107818603516
2011-04-12,9.941965103149414
2011-04-13,10.053528785705566
2011-04-14,9.942559242248535
2011-04-15,9.794208526611328
2011-04-18,9.92551326751709
2011-04-19,10.105271339416504
2011-04-20,10.241351127624512
2011-04-21,10.489307403564453
2011-04-25,10.558396339416504
2011-04-26,10.480931282043457
2011-04-27,10.472854614257812
2011-04-28,10.371163368225098
2011-04-29,10.472259521484375
2011-05-02,10.357110023498535
2011-05-03,10.414533615112305
2011-05-04,10.45550537109375
2011-05-05,10.371163368225098
2011-05-06,10.3684720993042
2011-05-09,10.396589279174805
2011-05-10,10.451924324035645
2011-05-11,10.385518074035645
2011-05-12,10.365778923034668
2011-05-13,10.18422794342041
2011-05-16,9.968876838684082
2011-05-17,10.05382251739502
2011-05-18,10.165386199951172
2011-05-19,10.185125350952148
2011-05-20,10.026307106018066
2011-05-23,10.001779556274414
2011-05-24,9.93567943572998
2011-05-25,10.072967529296875
2011-05-26,10.019728660583496
2011-05-27,10.09181022644043
2011-05-31,10.40346622467041
2011-06-01,10.33407211303711
2011-06-02,10.35172176361084
2011-06-03,10.272162437438965
2011-06-06,10.110649108886719
2011-06-07,9.931195259094238
2011-06-08,9.937173843383789
2011-06-09,9.914742469787598
2011-06-10,9.747549057006836
2011-06-13,9.768484115600586
2011-06-14,9.943160057067871
2011-06-15,9.772972106933594
2011-06-16,9.725414276123047
2011-06-17,9.578858375549316
2011-06-20,9.431106567382812
2011-06-21,9.72960090637207
2011-06-22,9.649144172668457
2011-06-23,9.90697193145752
2011-06-24,9.761007308959961
2011-06-27,9.931195259094238
2011-06-28,10.027502059936523
2011-06-29,9.991013526916504
2011-06-30,10.039767265319824
2011-07-01,10.266780853271484
2011-07-05,10.45132064819336
2011-07-06,10.52100944519043
2011-07-07,10.683716773986816
2011-07-08,10.758792877197266
2011-07-11,10.58800983428955
2011-07-12,10.58053207397461
2011-07-13,10.70824909210205
2011-07-14,10.700766563415527
2011-07-15,10.91462230682373
2011-07-18,11.180220603942871
2011-07-19,11.271441459655762
2011-07-20,11.57203483581543
2011-07-21,11.583702087402344
2011-07-22,11.763456344604492
2011-07-25,11.918989181518555
2011-07-26,12.065845489501953
2011-07-27,11.742223739624023
2011-07-28,11.719189643859863
2011-07-29,11.679117202758789
2011-08-01,11.866643905639648
2011-08-02,11.632150650024414
2011-08-03,11.741625785827637
2011-08-04,11.286998748779297
2011-08-05,11.174838066101074
2011-08-08,10.56437873840332
2011-08-09,11.186500549316406
2011-08-10,10.877835273742676
2011-08-11,11.177230834960938
2011-08-12,11.275628089904785
2011-08-15,11.467650413513184
2011-08-16,11.380014419555664
2011-08-17,11.37881851196289
2011-08-18,10.948417663574219
2011-08-19,10.648726463317871
2011-08-22,10.660990715026855
2011-08-23,11.174238204956055
2011-08-24,11.251407623291016
2011-08-25,11.177827835083008
2011-08-26,11.472737312316895
2011-08-29,11.663859367370605
2011-08-30,11.664454460144043
2011-08-31,11.510122299194336
2011-09-01,11.396465301513672
2011-09-02,11.187697410583496
2011-09-06,11.357884407043457
2011-09-07,11.48320484161377
2011-09-08,11.489485740661621
2011-09-09,11.290289878845215
2011-09-12,11.36386489868164
2011-09-13,11.503840446472168
2011-09-14,11.643820762634277
2011-09-15,11.753290176391602
2011-09-16,11.978802680969238
2011-09-19,12.311701774597168
2011-09-20,12.366137504577637
2011-09-21,12.326957702636719
2011-09-22,12.018289566040039
2011-09-23,12.092461585998535
2011-09-26,12.05866527557373
2011-09-27,11.941719055175781
2011-09-28,11.874424934387207
2011-09-29,11.681804656982422
2011-09-30,11.405141830444336
2011-10-03,11.204148292541504
2011-10-04,11.141338348388672
2011-10-05,11.31331729888916
2011-10-06,11.286998748779297
2011-10-07,11.06058120727539
2011-10-10,11.62916088104248
2011-10-11,11.972529411315918
2011-10-12,12.029352188110352
2011-10-13,12.21599006652832
2011-10-14,12.621864318847656
2011-10-17,12.561744689941406
2011-10-18,12.62904167175293
2011-10-19,11.922578811645508
2011-10-20,11.823577880859375
2011-10-21,11.750596046447754
2011-10-24,12.136428833007812
2011-10-25,11.8971529006958
2011-10-26,11.981801986694336
2011-10-27,12.104126930236816
2011-10-28,12.11190414428711
2011-10-31,12.106818199157715
2011-11-01,11.859466552734375
2011-11-02,11.88638687133789
2011-11-03,12.055676460266113
2011-11-04,11.971031188964844
2011-11-07,11.955781936645508
2011-11-08,12.150188446044922
2011-11-09,11.822677612304688
2011-11-10,11.521791458129883
2011-11-11,11.503840446472168
2011-11-14,11.343524932861328
2011-11-15,11.629758834838867
2011-11-16,11.50832748413086
2011-11-17,11.288191795349121
2011-11-18,11.214315414428711
2011-11-21,11.036954879760742
2011-11-22,11.261275291442871
2011-11-23,10.97653865814209
2011-11-25,10.874244689941406
2011-11-28,11.24960994720459
2011-11-29,11.162276268005371
2011-11-30,11.431462287902832
2011-12-01,11.6028413772583
2011-12-02,11.65578556060791
2011-12-05,11.754786491394043
2011-12-06,11.693174362182617
2011-12-07,11.637540817260742
2011-12-08,11.684497833251953
2011-12-09,11.773027420043945
2011-12-12,11.719788551330566
2011-12-13,11.62916088104248
2011-12-14,11.371341705322266
2011-12-15,11.333958625793457
2011-12-16,11.396170616149902
2011-12-19,11.4317626953125
2011-12-20,11.842718124389648
2011-12-21,11.857671737670898
2011-12-22,11.920480728149414
2011-12-23,12.06344985961914
2011-12-27,12.159160614013672
2011-12-28,12.042816162109375
2011-12-29,12.116987228393555
2011-12-30,12.113398551940918
2012-01-03,12.299737930297852
2012-01-04,12.365838050842285
2012-01-05,12.503121376037598
2012-01-06,12.633827209472656
2012-01-09,12.613788604736328
2012-01-10,12.658947944641113
2012-01-11,12.638311386108398
2012-01-12,12.603620529174805
2012-01-13,12.556366920471191
2012-01-17,12.702619552612305
2012-01-18,12.834521293640137
2012-01-19,12.793843269348145
2012-01-20,12.571019172668457
2012-01-23,12.783672332763672
2012-01-24,12.574311256408691
2012-01-25,13.359434127807617
2012-01-26,13.298720359802246
2012-01-27,13.37798023223877
2012-01-30,13.549361228942871
2012-01-31,13.653146743774414
2012-02-01,13.644475936889648
2012-02-02,13.612470626831055
2012-02-03,13.748862266540527
2012-02-06,13.877166748046875
2012-02-07,14.022526741027832
2012-02-08,14.25732421875
2012-02-09,14.750531196594238
2012-02-10,14.75800895690918
2012-02-13,15.03258228302002
2012-02-14,15.23775863647461
2012-02-15,14.885126113891602
2012-02-16,15.020915031433105
2012-02-17,15.018223762512207
2012-02-21,15.398978233337402
2012-02-22,15.344841957092285
2012-02-23,15.445033073425293
2012-02-24,15.625085830688477
2012-02-27,15.725284576416016
2012-02-28,16.013914108276367
2012-02-29,16.224180221557617
2012-03-01,16.284900665283203
2012-03-02,16.306135177612305
2012-03-05,15.94662094116211
2012-03-06,15.85987663269043
2012-03-07,15.872740745544434
2012-03-08,16.210723876953125
2012-03-09,16.305835723876953
2012-03-12,16.510120391845703
2012-03-13,16.99165916442871
2012-03-14,17.634124755859375
2012-03-15,17.513883590698242
2012-03-16,17.514184951782227
2012-03-19,17.978679656982422
2012-03-20,18.124038696289062
2012-03-21,18.020549774169922
2012-03-22,17.926042556762695
2012-03-23,17.8276309967041
2012-03-26,18.154542922973633
2012-03-27,18.378870010375977
2012-03-28,18.47278594970703
2012-03-29,18.240692138671875
2012-03-30,17.93231964111328
2012-04-02,18.502994537353516
2012-04-03,18.822734832763672
2012-04-04,18.672880172729492
2012-04-05,18.953136444091797
2012-04-09,19.029407501220703
2012-04-10,18.796411514282227
2012-04-11,18.729412078857422
2012-04-12,18.626819610595703
2012-04-13,18.10220718383789
2012-04-16,17.351472854614258
2012-04-17,18.235897064208984
2012-04-18,18.195222854614258
2012-04-19,17.57010841369629
2012-04-20,17.137615203857422
2012-04-23,17.099327087402344
2012-04-24,16.757766723632812
2012-04-25,18.244876861572266
2012-04-26,18.17607879638672
2012-04-27,18.035499572753906
2012-04-30,17.466625213623047
2012-05-01,17.411296844482422
2012-05-02,17.52644157409668
2012-05-03,17.402019500732422
2012-05-04,16.90641975402832
2012-05-07,17.032930374145508
2012-05-08,16.994047164916992
2012-05-09,17.02396011352539
2012-05-10,17.064043045043945
2012-05-11,16.95008659362793
2012-05-14,16.696149826049805
2012-05-15,16.54510498046875
2012-05-16,16.333057403564453
2012-05-17,15.855693817138672
2012-05-18,15.863473892211914
2012-05-21,16.787677764892578
2012-05-22,16.658769607543945
2012-05-23,17.06524085998535
2012-05-24,16.908512115478516
2012-05-25,16.81787872314453
2012-05-29,17.11638069152832
2012-05-30,17.322755813598633
2012-05-31,17.279695510864258
2012-06-01,16.77899932861328
2012-06-04,16.877702713012695
2012-06-05,16.83403968811035
2012-06-06,17.092161178588867
2012-06-07,17.099937438964844
2012-06-08,17.357152938842773
2012-06-11,17.083486557006836
2012-06-12,17.232728958129883
2012-06-13,17.11308479309082
2012-06-14,17.0942440032959
2012-06-15,17.172014236450195
2012-06-18,17.52045440673828
2012-06-19,17.5692138671875
2012-06-20,17.519271850585938
2012-06-21,17.277896881103516
2012-06-22,17.410402297973633
2012-06-25,17.0715274810791
2012-06-26,17.109210968017578
2012-06-27,17.18307876586914
2012-06-28,17.020076751708984
2012-06-29,17.467226028442383
2012-07-02,17.722057342529297
2012-07-03,17.928129196166992
2012-07-05,18.243085861206055
2012-07-06,18.121646881103516
2012-07-09,18.361221313476562
2012-07-10,18.191335678100586
2012-07-11,18.078277587890625
2012-07-12,17.912872314453125
2012-07-13,18.09442710876465
2012-07-16,18.15245819091797
2012-07-17,18.153348922729492
2012-07-18,18.133012771606445
2012-07-19,18.37409019470215
2012-07-20,18.07438850402832
2012-07-23,18.060331344604492
2012-07-24,17.973297119140625
2012-07-25,17.1971435546875
2012-07-26,17.1944522857666
2012-07-27,17.501916885375977
2012-07-30,17.7971248626709
2012-07-31,18.26759910583496
2012-08-01,18.149459838867188
2012-08-02,18.178773880004883
2012-08-03,18.415359497070312
2012-08-06,18.6202392578125
2012-08-07,18.571195602416992
2012-08-08,18.53978729248047
2012-08-09,18.645519256591797
2012-08-10,18.674652099609375
2012-08-13,18.92397117614746
2012-08-14,18.9747371673584
2012-08-15,18.948898315429688
2012-08-16,19.114410400390625
2012-08-17,19.467960357666016
2012-08-20,19.97981071472168
2012-08-21,19.706768035888672
2012-08-22,20.0915470123291
2012-08-23,19.904115676879883
2012-08-24,19.92183494567871
2012-08-27,20.296110153198242
2012-08-28,20.26968002319336
2012-08-29,20.22972297668457
2012-08-30,19.941362380981445
2012-08-31,19.982507705688477
2012-09-04,20.2747802734375
2012-09-05,20.132402420043945
2012-09-06,20.313825607299805
2012-09-07,20.439096450805664
2012-09-10,19.907413482666016
2012-09-11,19.84283447265625
2012-09-12,20.11918830871582
2012-09-13,20.515378952026367
2012-09-14,20.76470184326172
2012-09-17,21.020023345947266
2012-09-18,21.08401107788086
2012-09-19,21.08971405029297
2012-09-20,20.987581253051758
2012-09-21,21.02933120727539
2012-09-24,20.749980926513672
2012-09-25,20.231826782226562
2012-09-26,19.980709075927734
2012-09-27,20.46552085876465
2012-09-28,20.038381576538086
2012-10-01,19.806785583496094
2012-10-02,19.86446189880371
2012-10-03,20.169044494628906
2012-10-04,20.02937126159668
2012-10-05,19.60253143310547
2012-10-08,19.169382095336914
2012-10-09,19.099693298339844
2012-10-10,19.25168800354004
2012-10-11,18.866907119750977
2012-10-12,18.91525650024414
2012-10-15,19.06694984436035
2012-10-16,19.5184326171875
2012-10-17,19.362825393676758
2012-10-18,19.003273010253906
2012-10-19,18.318401336669922
2012-10-22,19.045024871826172
2012-10-23,18.424144744873047
2012-10-24,18.52836799621582
2012-10-25,18.30938720703125
2012-10-26,18.142980575561523
2012-10-31,17.882253646850586
2012-11-01,17.918895721435547
2012-11-02,17.32594108581543
2012-11-05,17.560840606689453
2012-11-06,17.507675170898438
2012-11-07,16.837783813476562
2012-11-08,16.226734161376953
2012-11-09,16.507665634155273
2012-11-12,16.380027770996094
2012-11-13,16.382139205932617
2012-11-14,16.200490951538086
2012-11-15,15.860708236694336
2012-11-16,15.922876358032227
2012-11-19,17.071041107177734
2012-11-20,16.925594329833984
2012-11-21,16.949438095092773
2012-11-23,17.245155334472656
2012-11-26,17.78921127319336
2012-11-27,17.645875930786133
2012-11-28,17.590354919433594
2012-11-29,17.78408432006836
2012-11-30,17.660972595214844
2012-12-03,17.68842887878418
2012-12-04,17.376415252685547
2012-12-05,16.258121490478516
2012-12-06,16.513105392456055
2012-12-07,16.090953826904297
2012-12-10,15.98745059967041
2012-12-11,16.33657455444336
2012-12-12,16.264448165893555
2012-12-13,15.983529090881348
2012-12-14,15.383031845092773
2012-12-17,15.65582275390625
2012-12-18,16.110557556152344
2012-12-19,15.88153076171875
2012-12-20,15.743326187133789
2012-12-21,15.670907974243164
2012-12-24,15.696257591247559
2012-12-26,15.47990608215332
2012-12-27,15.542059898376465
2012-12-28,15.376998901367188
2012-12-31,16.058359146118164
2013-01-02,16.56711196899414
2013-01-03,16.357999801635742
2013-01-04,15.902347564697266
2013-01-07,15.808804512023926
2013-01-08,15.851359367370605
2013-01-09,15.603618621826172
2013-01-10,15.797041893005371
2013-01-11,15.700178146362305
2013-01-14,15.14043140411377
2013-01-15,14.662755966186523
2013-01-16,15.27138614654541
2013-01-17,15.168498039245605
2013-01-18,15.087620735168457
2013-01-22,15.231559753417969
2013-01-23,15.5103759765625
2013-01-24,13.59394359588623
2013-01-25,13.273486137390137
2013-01-28,13.573726654052734
2013-01-29,13.828411102294922
2013-01-30,13.784955978393555
2013-01-31,13.744525909423828
2013-02-01,13.688095092773438
2013-02-04,13.347113609313965
2013-02-05,13.815434455871582
2013-02-06,13.80064868927002
2013-02-07,14.210996627807617
2013-02-08,14.416172981262207
2013-02-11,14.566408157348633
2013-02-12,14.201284408569336
2013-02-13,14.174272537231445
2013-02-14,14.16152572631836
2013-02-15,13.966361999511719
2013-02-19,13.961204528808594
2013-02-20,13.623095512390137
2013-02-21,13.538418769836426
2013-02-22,13.682581901550293
2013-02-25,13.439471244812012
2013-02-26,13.626739501953125
2013-02-27,13.493189811706543
2013-02-28,13.396978378295898
2013-03-01,13.065240859985352
2013-03-04,12.748981475830078
2013-03-05,13.085577964782715
2013-03-06,12.9192533493042
2013-03-07,13.068578720092773
2013-03-08,13.103182792663574
2013-03-11,13.289840698242188
2013-03-12,13.003326416015625
2013-03-13,13.000897407531738
2013-03-14,13.126851081848145
2013-03-15,13.46557331085205
2013-03-18,13.831610679626465
2013-03-19,13.794272422790527
2013-03-20,13.721124649047852
2013-03-21,13.74085807800293
2013-03-22,14.019481658935547
2013-03-25,14.070167541503906
2013-03-26,13.996109962463379
2013-03-27,13.721124649047852
2013-03-28,13.435221672058105
2013-04-01,13.017894744873047
2013-04-02,13.044602394104004
2013-04-03,13.111372947692871
2013-04-04,12.981773376464844
2013-04-05,12.84459114074707
2013-04-08,12.935946464538574
2013-04-09,12.959315299987793
2013-04-10,13.223676681518555
2013-04-11,13.182397842407227
2013-04-12,13.044903755187988
2013-04-15,12.742910385131836
2013-04-16,12.936854362487793
2013-04-17,12.225425720214844
2013-04-18,11.899150848388672
2013-04-19,11.853018760681152
2013-04-22,12.10007381439209
2013-04-23,12.326493263244629
2013-04-24,12.306160926818848
2013-04-25,12.39478588104248
2013-04-26,12.662481307983398
2013-04-29,13.054620742797852
2013-04-30,13.438863754272461
2013-05-01,13.332940101623535
2013-05-02,13.522024154663086
2013-05-03,13.657390594482422
2013-05-06,13.98305892944336
2013-05-07,13.92083740234375
2013-05-08,14.078056335449219
2013-05-09,13.955236434936523
2013-05-10,13.839140892028809
2013-05-13,13.893217086791992
2013-05-14,13.56081485748291
2013-05-15,13.102229118347168
2013-05-16,13.277289390563965
2013-05-17,13.23696231842041
2013-05-20,13.532397270202637
2013-05-21,13.432494163513184
2013-05-22,13.484124183654785
2013-05-23,13.50826358795166
2013-05-24,13.600225448608398
2013-05-28,13.48687744140625
2013-05-29,13.594114303588867
2013-05-30,13.79667854309082
2013-05-31,13.740151405334473
2013-06-03,13.770397186279297
2013-06-04,13.72732162475586
2013-06-05,13.599002838134766
2013-06-06,13.395832061767578
2013-06-07,13.49818229675293
2013-06-10,13.40896987915039
2013-06-11,13.36955451965332
2013-06-12,13.204270362854004
2013-06-13,13.319448471069336
2013-06-14,13.138888359069824
2013-06-17,13.198464393615723
2013-06-18,13.191437721252441
2013-06-19,12.92349910736084
2013-06-20,12.735300064086914
2013-06-21,12.633254051208496
2013-06-24,12.298402786254883
2013-06-25,12.301154136657715
2013-06-26,12.161839485168457
2013-06-27,12.030769348144531
2013-06-28,12.114787101745605
2013-07-01,12.502490997314453
2013-07-02,12.785707473754883
2013-07-03,12.856285095214844
2013-07-05,12.75301742553711
2013-07-08,12.680609703063965
2013-07-09,12.90363883972168
2013-07-10,12.854142189025879
2013-07-11,13.0545654296875
2013-07-12,13.030733108520508
2013-07-15,13.059144973754883
2013-07-16,13.143474578857422
2013-07-17,13.146831512451172
2013-07-18,13.191134452819824
2013-07-19,12.983072280883789
2013-07-22,13.02462387084961
2013-07-23,12.800981521606445
2013-07-24,13.458467483520508
2013-07-25,13.397055625915527
2013-07-26,13.473130226135254
2013-07-29,13.680885314941406
2013-07-30,13.849833488464355
2013-07-31,13.825695991516113
2013-08-01,13.952489852905273
2013-08-02,14.131523132324219
2013-08-05,14.342634201049805
2013-08-06,14.214320182800293
2013-08-07,14.206074714660645
2013-08-08,14.177777290344238
2013-08-09,13.976031303405762
2013-08-12,14.373063087463379
2013-08-13,15.056106567382812
2013-08-14,15.330729484558105
2013-08-15,15.312593460083008
2013-08-16,15.448516845703125
2013-08-19,15.614903450012207
2013-08-20,15.409772872924805
2013-08-21,15.449450492858887
2013-08-22,15.467902183532715
2013-08-23,15.408231735229492
2013-08-26,15.468202590942383
2013-08-27,15.025965690612793
2013-08-28,15.097003936767578
2013-08-29,15.121609687805176
2013-08-30,14.983830451965332
2013-09-03,15.025654792785645
2013-09-04,15.336572647094727
2013-09-05,15.231398582458496
2013-09-06,15.322124481201172
2013-09-09,15.566618919372559
2013-09-10,15.212029457092285
2013-09-11,14.383828163146973
2013-09-12,14.536978721618652
2013-09-13,14.297408103942871
2013-09-16,13.842870712280273
2013-09-17,14.002789497375488
2013-09-18,14.290642738342285
2013-09-19,14.52498722076416
2013-09-20,14.374600410461426
2013-09-23,15.08901596069336
2013-09-24,15.041646957397461
2013-09-25,14.808844566345215
2013-09-26,14.953073501586914
2013-09-27,14.846363067626953
2013-09-30,14.66184139251709
2013-10-01,15.006590843200684
2013-10-02,15.055795669555664
2013-10-03,14.866659164428711
2013-10-04,14.854976654052734
2013-10-07,15.000129699707031
2013-10-08,14.790700912475586
2013-10-09,14.964454650878906
2013-10-10,15.058259010314941
2013-10-11,15.155749320983887
2013-10-14,15.255081176757812
2013-10-15,15.336267471313477
2013-10-16,15.410999298095703
2013-10-17,15.515254974365234
2013-10-18,15.650267601013184
2013-10-21,16.033763885498047
2013-10-22,15.987943649291992
2013-10-23,16.14447784423828
2013-10-24,16.35822105407715
2013-10-25,16.17523193359375
2013-10-28,16.295787811279297
2013-10-29,15.889830589294434
2013-10-30,16.142629623413086
2013-10-31,16.074975967407227
2013-11-01,15.99285888671875
2013-11-04,16.199525833129883
2013-11-05,16.159549713134766
2013-11-06,16.1137638092041
2013-11-07,15.852999687194824
2013-11-08,16.10263442993164
2013-11-11,16.055925369262695
2013-11-12,16.08562469482422
2013-11-13,16.10479736328125
2013-11-14,16.337722778320312
2013-11-15,16.23967170715332
2013-11-18,16.042930603027344
2013-11-19,16.07138442993164
2013-11-20,15.930641174316406
2013-11-21,16.120569229125977
2013-11-22,16.079124450683594
2013-11-25,16.20100212097168
2013-11-26,16.499818801879883
2013-11-27,16.888341903686523
2013-11-29,17.201066970825195
2013-12-02,17.051359176635742
2013-12-03,17.518136978149414
2013-12-04,17.477306365966797
2013-12-05,17.567014694213867
2013-12-06,17.323257446289062
2013-12-09,17.521541595458984
2013-12-10,17.494325637817383
2013-12-11,17.364713668823242
2013-12-12,17.33934211730957
2013-12-13,17.15034294128418
2013-12-16,17.24530792236328
2013-12-17,17.167659759521484
2013-12-18,17.03712272644043
2013-12-19,16.841938018798828
2013-12-20,16.982995986938477
2013-12-23,17.63475227355957
2013-12-24,17.559898376464844
2013-12-26,17.44328498840332
2013-12-27,17.325422286987305
2013-12-30,17.153125762939453
2013-12-31,17.35419464111328
2014-01-02,17.11012077331543
2014-01-03,16.734285354614258
2014-01-06,16.825536727905273
2014-01-07,16.70521354675293
2014-01-08,16.811004638671875
2014-01-09,16.59632682800293
2014-01-10,16.48558235168457
2014-01-13,16.57188606262207
2014-01-14,16.901641845703125
2014-01-15,17.24097442626953
2014-01-16,17.144773483276367
2014-01-17,16.724695205688477
2014-01-21,16.98453712463379
2014-01-22,17.060012817382812
2014-01-23,17.2044677734375
2014-01-24,16.891740798950195
2014-01-27,17.028778076171875
2014-01-28,15.667707443237305
2014-01-29,15.489843368530273
2014-01-30,15.459839820861816
2014-01-31,15.485207557678223
2014-02-03,15.51396656036377
2014-02-04,15.73854923248291
2014-02-05,15.856084823608398
2014-02-06,15.948514938354492
2014-02-07,16.171630859375
2014-02-10,16.461349487304688
2014-02-11,16.678247451782227
2014-02-12,16.676998138427734
2014-02-13,16.941816329956055
2014-02-14,16.928125381469727
2014-02-18,16.9903621673584
2014-02-19,16.722126007080078
2014-02-20,16.528560638427734
2014-02-21,16.34496307373047
2014-02-24,16.416532516479492
2014-02-25,16.245695114135742
2014-02-26,16.099124908447266
2014-02-27,16.420270919799805
2014-02-28,16.37577247619629
2014-03-03,16.423072814941406
2014-03-04,16.53135871887207
2014-03-05,16.566221237182617
2014-03-06,16.516115188598633
2014-03-07,16.506473541259766
2014-03-10,16.521408081054688
2014-03-11,16.68228530883789
2014-03-12,16.698469161987305
2014-03-13,16.513004302978516
2014-03-14,16.327543258666992
2014-03-17,16.391326904296875
2014-03-18,16.53634262084961
2014-03-19,16.5319881439209
2014-03-20,16.452322006225586
2014-03-21,16.582082748413086
2014-03-24,16.77876091003418
2014-03-25,16.959245681762695
2014-03-26,16.7971134185791
2014-03-27,16.72492218017578
2014-03-28,16.706247329711914
2014-03-31,16.702510833740234
2014-04-01,16.855304718017578
2014-04-02,16.883310317993164
2014-04-03,16.766307830810547
2014-04-04,16.549413681030273
2014-04-07,16.289573669433594
2014-04-08,16.288637161254883
2014-04-09,16.50273895263672
2014-04-10,16.289886474609375
2014-04-11,16.169458389282227
2014-04-14,16.233871459960938
2014-04-15,16.11810874938965
2014-04-16,16.150787353515625
2014-04-17,16.335323333740234
2014-04-21,16.529190063476562
2014-04-22,16.54568099975586
2014-04-23,16.329402923583984
2014-04-24,17.668123245239258
2014-04-25,17.797887802124023
2014-04-28,18.487157821655273
2014-04-29,18.432392120361328
2014-04-30,18.362680435180664
2014-05-01,18.40594482421875
2014-05-02,18.440168380737305
2014-05-05,18.70093536376953
2014-05-06,18.49711036682129
2014-05-07,18.432392120361328
2014-05-08,18.399534225463867
2014-05-09,18.3228702545166
2014-05-12,18.550989151000977
2014-05-13,18.580087661743164
2014-05-14,18.583524703979492
2014-05-15,18.425500869750977
2014-05-16,18.697437286376953
2014-05-19,18.918983459472656
2014-05-20,18.922740936279297
2014-05-21,18.97280502319336
2014-05-22,19.00284767150879
2014-05-23,19.217514038085938
2014-05-27,19.577367782592773
2014-05-28,19.52667999267578
2014-05-29,19.88246726989746
2014-05-30,19.80799674987793
2014-06-02,19.6718807220459
2014-06-03,19.950063705444336
2014-06-04,20.177867889404297
2014-06-05,20.257036209106445
2014-06-06,20.201337814331055
2014-06-09,20.524587631225586
2014-06-10,20.645065307617188
2014-06-11,20.559633255004883
2014-06-12,20.215734481811523
2014-06-13,19.99449348449707
2014-06-16,20.196020126342773
2014-06-17,20.16973304748535
2014-06-18,20.19163703918457
2014-06-19,20.121553421020508
2014-06-20,19.913448333740234
2014-06-23,19.89592742919922
2014-06-24,19.77545738220215
2014-06-25,19.792978286743164
2014-06-26,19.91126251220703
2014-06-27,20.147830963134766
2014-06-30,20.35592269897461
2014-07-01,20.485158920288086
2014-07-02,20.476396560668945
2014-07-03,20.596881866455078
2014-07-07,21.021825790405273
2014-07-08,20.886016845703125
2014-07-09,20.894777297973633
2014-07-10,20.818115234375
2014-07-11,20.85753631591797
2014-07-14,21.12696647644043
2014-07-15,20.87944221496582
2014-07-16,20.761159896850586
2014-07-17,20.390974044799805
2014-07-18,20.684490203857422
2014-07-21,20.57716178894043
2014-07-22,20.748016357421875
2014-07-23,21.28905487060547
2014-07-24,21.254005432128906
2014-07-25,21.39419937133789
2014-07-28,21.68991470336914
2014-07-29,21.549726486206055
2014-07-30,21.499340057373047
2014-07-31,20.940771102905273
2014-08-01,21.056875228881836
2014-08-04,20.938587188720703
2014-08-05,20.83563804626465
2014-08-06,20.80059242248535
2014-08-07,20.79838752746582
2014-08-08,20.855623245239258
2014-08-11,21.130788803100586
2014-08-12,21.12639808654785
2014-08-13,21.40595817565918
2014-08-14,21.46318817138672
2014-08-15,21.568864822387695
2014-08-18,21.828624725341797
2014-08-19,22.130205154418945
2014-08-20,22.139009475708008
2014-08-21,22.141212463378906
2014-08-22,22.304105758666992
2014-08-25,22.352542877197266
2014-08-26,22.209461212158203
2014-08-27,22.482425689697266
2014-08-28,22.508832931518555
2014-08-29,22.563879013061523
2014-09-02,22.73997688293457
2014-09-03,21.78019142150879
2014-09-04,21.59967803955078
2014-09-05,21.786794662475586
2014-09-08,21.652507781982422
2014-09-09,21.57105827331543
2014-09-10,22.233673095703125
2014-09-11,22.328327178955078
2014-09-12,22.378957748413086
2014-09-15,22.37234878540039
2014-09-16,22.202842712402344
2014-09-17,22.361352920532227
2014-09-18,22.407575607299805
2014-09-19,22.22486686706543
2014-09-22,22.24688148498535
2014-09-23,22.594690322875977
2014-09-24,22.398771286010742
2014-09-25,21.544652938842773
2014-09-26,22.178638458251953
2014-09-29,22.03774642944336
2014-09-30,22.178638458251953
2014-10-01,21.83302116394043
2014-10-02,21.991518020629883
2014-10-03,21.92987632751465
2014-10-06,21.92987632751465
2014-10-07,21.738361358642578
2014-10-08,22.189640045166016
2014-10-09,22.238073348999023
2014-10-10,22.174238204956055
2014-10-13,21.971704483032227
2014-10-14,21.738361358642578
2014-10-15,21.472003936767578
2014-10-16,21.190221786499023
2014-10-17,21.500621795654297
2014-10-20,21.96070671081543
2014-10-21,22.557266235351562
2014-10-22,22.671733856201172
2014-10-23,23.0767879486084
2014-10-24,23.162635803222656
2014-10-27,23.138425827026367
2014-10-28,23.497243881225586
2014-10-29,23.62932777404785
2014-10-30,23.550079345703125
2014-10-31,23.774614334106445
2014-11-03,24.082809448242188
2014-11-04,23.906688690185547
2014-11-05,23.963932037353516
2014-11-06,24.032466888427734
2014-11-07,24.101011276245117
2014-11-10,24.061214447021484
2014-11-11,24.25356101989746
2014-11-12,24.596250534057617
2014-11-13,24.9433650970459
2014-11-14,25.244043350219727
2014-11-17,25.202024459838867
2014-11-18,25.52924919128418
2014-11-19,25.35237693786621
2014-11-20,25.71497344970703
2014-11-21,25.75033950805664
2014-11-24,26.227890014648438
2014-11-25,26.000167846679688
2014-11-26,26.309688568115234
2014-11-28,26.294218063354492
2014-12-01,25.440813064575195
2014-12-02,25.34353256225586
2014-12-03,25.630952835083008
2014-12-04,25.53367042541504
2014-12-05,25.425336837768555
2014-12-08,24.850500106811523
2014-12-09,25.23078155517578
2014-12-10,24.75101089477539
2014-12-11,24.67805290222168
2014-12-12,24.260194778442383
2014-12-15,23.928552627563477
2014-12-16,23.601350784301758
2014-12-17,24.18944549560547
2014-12-18,24.905776977539062
2014-12-19,24.713428497314453
2014-12-22,24.96990203857422
2014-12-23,24.881454467773438
2014-12-24,24.764278411865234
2014-12-26,25.202024459838867
2014-12-29,25.184354782104492
2014-12-30,24.87703514099121
2014-12-31,24.403902053833008
2015-01-02,24.1717586517334
2015-01-05,23.49079704284668
2015-01-06,23.49301528930664
2015-01-07,23.822437286376953
2015-01-08,24.737751007080078
2015-01-09,24.764278411865234
2015-01-12,24.154069900512695
2015-01-13,24.3685245513916
2015-01-14,24.275671005249023
2015-01-15,23.616823196411133
2015-01-16,23.433317184448242
2015-01-20,24.036897659301758
2015-01-21,24.22040367126465
2015-01-22,24.850500106811523
2015-01-23,24.97873878479004
2015-01-26,25.00527000427246
2015-01-27,24.1297607421875
2015-01-28,25.493873596191406
2015-01-29,26.287582397460938
2015-01-30,25.902889251708984
2015-02-02,26.227890014648438
2015-02-03,26.232311248779297
2015-02-04,26.433509826660156
2015-02-05,26.622175216674805
2015-02-06,26.397991180419922
2015-02-09,26.57335090637207
2015-02-10,27.08385467529297
2015-02-11,27.718664169311523
2015-02-12,28.069364547729492
2015-02-13,28.206985473632812
2015-02-17,28.373455047607422
2015-02-18,28.57101058959961
2015-02-19,28.511070251464844
2015-02-20,28.7441349029541
2015-02-23,29.521005630493164
2015-02-24,29.336774826049805
2015-02-25,28.58654022216797
2015-02-26,28.94833755493164
2015-02-27,28.5132999420166
2015-03-02,28.653125762939453
2015-03-03,28.713062286376953
2015-03-04,28.531049728393555
2015-03-05,28.058273315429688
2015-03-06,28.100446701049805
2015-03-09,28.220298767089844
2015-03-10,27.636545181274414
2015-03-11,27.1326847076416
2015-03-12,27.623226165771484
2015-03-13,27.43233871459961
2015-03-16,27.734207153320312
2015-03-17,28.198102951049805
2015-03-18,28.51551628112793
2015-03-19,28.30021095275879
2015-03-20,27.945070266723633
2015-03-23,28.235843658447266
2015-03-24,28.120420455932617
2015-03-25,27.385726928710938
2015-03-26,27.576614379882812
2015-03-27,27.356870651245117
2015-03-30,28.049392700195312
2015-03-31,27.618783950805664
2015-04-01,27.57883644104004
2015-04-02,27.81633186340332
2015-04-06,28.26692008972168
2015-04-07,27.969491958618164
2015-04-08,27.87848472595215
2015-04-09,28.09156608581543
2015-04-10,28.21142578125
2015-04-13,28.155935287475586
2015-04-14,28.033863067626953
2015-04-15,28.140399932861328
2015-04-16,28.005001068115234
2015-04-17,27.689815521240234
2015-04-20,28.322406768798828
2015-04-21,28.169252395629883
2015-04-22,28.548809051513672
2015-04-23,28.78186798095703
2015-04-24,28.917274475097656
2015-04-27,29.44331169128418
2015-04-28,28.979412078857422
2015-04-29,28.553255081176758
2015-04-30,27.778608322143555
2015-05-01,28.622060775756836
2015-05-04,28.566558837890625
2015-05-05,27.922870635986328
2015-05-06,27.74752426147461
2015-05-07,27.919153213500977
2015-05-08,28.445171356201172
2015-05-11,28.15540885925293
2015-05-12,28.055112838745117
2015-05-13,28.08632469177246
2015-05-14,28.74161720275879
2015-05-15,28.701496124267578
2015-05-18,29.018001556396484
2015-05-19,28.991249084472656
2015-05-20,28.989015579223633
2015-05-21,29.285459518432617
2015-05-22,29.54178237915039
2015-05-26,28.890949249267578
2015-05-27,29.43033218383789
2015-05-28,29.37238311767578
2015-05-29,29.038061141967773
2015-06-01,29.096006393432617
2015-06-02,28.966739654541016
2015-06-03,29.002399444580078
2015-06-04,28.832998275756836
2015-06-05,28.674747467041016
2015-06-08,28.485294342041016
2015-06-09,28.400588989257812
2015-06-10,28.72600746154785
2015-06-11,28.661375045776367
2015-06-12,28.34486961364746
2015-06-15,28.28914451599121
2015-06-16,28.44071388244629
2015-06-17,28.37384796142578
2015-06-18,28.503116607666016
2015-06-19,28.217823028564453
2015-06-22,28.442941665649414
2015-06-23,28.31366539001465
2015-06-24,28.554384231567383
2015-06-25,28.418424606323242
2015-06-26,28.251253128051758
2015-06-29,27.756441116333008
2015-06-30,27.95704460144043
2015-07-01,28.217823028564453
2015-07-02,28.18216323852539
2015-07-06,28.08408546447754
2015-07-07,28.014997482299805
2015-07-08,27.319576263427734
2015-07-09,26.762359619140625
2015-07-10,27.477825164794922
2015-07-13,28.00830841064453
2015-07-14,27.99715805053711
2015-07-15,28.266864776611328
2015-07-16,28.643543243408203
2015-07-17,28.890949249267578
2015-07-20,29.437036514282227
2015-07-21,29.142812728881836
2015-07-22,27.91023826599121
2015-07-23,27.896860122680664
2015-07-24,27.749752044677734
2015-07-27,27.364158630371094
2015-07-28,27.500110626220703
2015-07-29,27.413185119628906
2015-07-30,27.27500343322754
2015-07-31,27.036510467529297
2015-08-03,26.399038314819336
2015-08-04,25.552064895629883
2015-08-05,25.721464157104492
2015-08-06,25.777429580688477
2015-08-07,25.86475372314453
2015-08-10,26.805131912231445
2015-08-11,25.410242080688477
2015-08-12,25.802059173583984
2015-08-13,25.781917572021484
2015-08-14,25.96327018737793
2015-08-17,26.231945037841797
2015-08-18,26.08417320251465
2015-08-19,25.750558853149414
2015-08-20,25.222164154052734
2015-08-21,23.67949676513672
2015-08-24,23.088409423828125
2015-08-25,23.22722816467285
2015-08-26,24.55942726135254
2015-08-27,25.28261947631836
2015-08-28,25.365459442138672
2015-08-31,25.246793746948242
2015-09-01,24.118335723876953
2015-09-02,25.152753829956055
2015-09-03,24.711671829223633
2015-09-04,24.465389251708984
2015-09-08,25.14604377746582
2015-09-09,24.662424087524414
2015-09-10,25.204252243041992
2015-09-11,25.571443557739258
2015-09-14,25.81773567199707
2015-09-15,26.034915924072266
2015-09-16,26.064027786254883
2015-09-17,25.506515502929688
2015-09-18,25.40127944946289
2015-09-21,25.79534149169922
2015-09-22,25.390092849731445
2015-09-23,25.5960750579834
2015-09-24,25.748329162597656
2015-09-25,25.683391571044922
2015-09-28,25.175146102905273
2015-09-29,24.418373107910156
2015-09-30,24.696001052856445
2015-10-01,24.5347957611084
2015-10-02,24.713918685913086
2015-10-05,24.803470611572266
2015-10-06,24.922143936157227
2015-10-07,24.803470611572266
2015-10-08,24.51688575744629
2015-10-09,25.10350227355957
2015-10-12,24.987071990966797
2015-10-13,25.029613494873047
2015-10-14,24.675853729248047
2015-10-15,25.0452880859375
2015-10-16,24.861690521240234
2015-10-19,25.016185760498047
2015-10-20,25.472932815551758
2015-10-21,25.47069549560547
2015-10-22,25.860271453857422
2015-10-23,26.661832809448242
2015-10-26,25.81101417541504
2015-10-27,25.64756965637207
2015-10-28,26.704370498657227
2015-10-29,26.986482620239258
2015-10-30,26.7558650970459
2015-11-02,27.13201904296875
2015-11-03,27.443239212036133
2015-11-04,27.315616607666016
2015-11-05,27.189695358276367
2015-11-06,27.221174240112305
2015-11-09,27.110994338989258
2015-11-10,26.25653648376465
2015-11-11,26.10813331604004
2015-11-12,26.02043914794922
2015-11-13,25.260425567626953
2015-11-16,25.674163818359375
2015-11-17,25.563987731933594
2015-11-18,26.37346076965332
2015-11-19,26.7085018157959
2015-11-20,26.825428009033203
2015-11-23,26.476900100708008
2015-11-24,26.73098373413086
2015-11-25,26.53985595703125
2015-11-27,26.490388870239258
2015-11-30,26.600566864013672
2015-12-01,26.384708404541016
2015-12-02,26.1463565826416
2015-12-03,25.903514862060547
2015-12-04,26.76471710205078
2015-12-07,26.5960750579834
2015-12-08,26.58483123779297
2015-12-09,25.997957229614258
2015-12-10,26.121623992919922
2015-12-11,25.449304580688477
2015-12-14,25.291902542114258
2015-12-15,24.844436645507812
2015-12-16,25.035568237304688
2015-12-17,24.50490951538086
2015-12-18,23.84157371520996
2015-12-21,24.133886337280273
2015-12-22,24.111408233642578
2015-12-23,24.421701431274414
2015-12-24,24.291290283203125
2015-12-28,24.01921272277832
2015-12-29,24.45093536376953
2015-12-30,24.131643295288086
2015-12-31,23.668437957763672
2016-01-04,23.68867301940918
2016-01-05,23.095056533813477
2016-01-06,22.64309310913086
2016-01-07,21.68744659423828
2016-01-08,21.8021240234375
2016-01-11,22.1551456451416
2016-01-12,22.476699829101562
2016-01-13,21.898813247680664
2016-01-14,22.377758026123047
2016-01-15,21.840351104736328
2016-01-19,21.734664916992188
2016-01-20,21.763900756835938
2016-01-21,21.653722763061523
2016-01-22,22.80498695373535
2016-01-25,22.35976791381836
2016-01-26,22.483442306518555
2016-01-27,21.00613021850586
2016-01-28,21.156780242919922
2016-01-29,21.887569427490234
2016-02-01,21.682947158813477
2016-02-02,21.244476318359375
2016-02-03,21.664958953857422
2016-02-04,21.83904266357422
2016-02-05,21.255765914916992
2016-02-08,21.479576110839844
2016-02-09,21.47505760192871
2016-02-10,21.312280654907227
2016-02-11,21.183420181274414
2016-02-12,21.248977661132812
2016-02-16,21.84808349609375
2016-02-17,22.182682037353516
2016-02-18,21.762176513671875
2016-02-19,21.71243667602539
2016-02-22,21.902347564697266
2016-02-23,21.407236099243164
2016-02-24,21.725997924804688
2016-02-25,21.875213623046875
2016-02-26,21.90912628173828
2016-02-29,21.859390258789062
2016-03-01,22.727521896362305
2016-03-02,22.77725601196289
2016-03-03,22.94681739807129
2016-03-04,23.28819465637207
2016-03-07,23.030473709106445
2016-03-08,22.840557098388672
2016-03-09,22.86090850830078
2016-03-10,22.872207641601562
2016-03-11,23.118642807006836
2016-03-14,23.177412033081055
2016-03-15,23.64313316345215
2016-03-16,23.957380294799805
2016-03-17,23.9189453125
2016-03-18,23.946069717407227
2016-03-21,23.943815231323242
2016-03-22,24.12693977355957
2016-03-23,23.993549346923828
2016-03-24,23.88956069946289
2016-03-28,23.78104019165039
2016-03-29,24.343976974487305
2016-03-30,24.76899528503418
2016-03-31,24.64012908935547
2016-04-01,24.8662109375
2016-04-04,25.121685028076172
2016-04-05,24.825510025024414
2016-04-06,25.085508346557617
2016-04-07,24.53840446472168
2016-04-08,24.565532684326172
2016-04-11,24.64691162109375
2016-04-12,24.967941284179688
2016-04-13,25.329668045043945
2016-04-14,25.34323501586914
2016-04-15,24.834556579589844
2016-04-18,24.29875946044922
2016-04-19,24.169893264770508
2016-04-20,24.21963119506836
2016-04-21,23.957380294799805
2016-04-22,23.89181900024414
2016-04-25,23.756175994873047
2016-04-26,23.591140747070312
2016-04-27,22.11485481262207
2016-04-28,21.438886642456055
2016-04-29,21.192455291748047
2016-05-02,21.16984748840332
2016-05-03,21.51801300048828
2016-05-04,21.29419708251953
2016-05-05,21.207763671875
2016-05-06,21.089487075805664
2016-05-09,21.105405807495117
2016-05-10,21.248708724975586
2016-05-11,21.041725158691406
2016-05-12,20.548147201538086
2016-05-13,20.58908462524414
2016-05-16,21.353330612182617
2016-05-17,21.264629364013672
2016-05-18,21.507999420166016
2016-05-19,21.426118850708008
2016-05-20,21.65812110900879
2016-05-23,21.933334350585938
2016-05-24,22.2676944732666
2016-05-25,22.658920288085938
2016-05-26,22.83860206604004
2016-05-27,22.82495880126953
2016-05-31,22.713504791259766
2016-06-01,22.395069122314453
2016-06-02,22.226755142211914
2016-06-03,22.27223777770996
2016-06-06,22.433734893798828
2016-06-07,22.524715423583984
2016-06-08,22.504241943359375
2016-06-09,22.665739059448242
2016-06-10,22.479225158691406
2016-06-13,22.140321731567383
2016-06-14,22.16761589050293
2016-06-15,22.09482765197754
2016-06-16,22.188093185424805
2016-06-17,21.683143615722656
2016-06-20,21.63082504272461
2016-06-21,21.8150634765625
2016-06-22,21.733182907104492
2016-06-23,21.8582706451416
2016-06-24,21.244152069091797
2016-06-27,20.9348201751709
2016-06-28,21.287368774414062
2016-06-29,21.471609115600586
2016-06-30,21.744552612304688
2016-07-01,21.810514450073242
2016-07-05,21.605810165405273
2016-07-06,21.728622436523438
2016-07-07,21.82189178466797
2016-07-08,21.99020004272461
2016-07-11,22.058435440063477
2016-07-12,22.158517837524414
2016-07-13,22.033414840698242
2016-07-14,22.47013282775879
2016-07-15,22.467851638793945
2016-07-18,22.706676483154297
2016-07-19,22.715774536132812
2016-07-20,22.736249923706055
2016-07-21,22.61570167541504
2016-07-22,22.440555572509766
2016-07-25,22.140321731567383
2016-07-26,21.9879207611084
2016-07-27,23.41633415222168
2016-07-28,23.732494354248047
2016-07-29,23.70292854309082
2016-08-01,24.12143898010254
2016-08-02,23.764339447021484
2016-08-03,24.062299728393555
2016-08-04,24.21095085144043
2016-08-05,24.579133987426758
2016-08-08,24.78266143798828
2016-08-09,24.883283615112305
2016-08-10,24.69805335998535
2016-08-11,24.682039260864258
2016-08-12,24.739213943481445
2016-08-15,25.03650665283203
2016-08-16,25.013633728027344
2016-08-17,24.9770450592041
2016-08-18,24.945026397705078
2016-08-19,25.009061813354492
2016-08-22,24.814682006835938
2016-08-23,24.892433166503906
2016-08-24,24.704912185668945
2016-08-25,24.599712371826172
2016-08-26,24.455644607543945
2016-08-29,24.42820167541504
2016-08-30,24.24068260192871
2016-08-31,24.263551712036133
2016-09-01,24.407615661621094
2016-09-02,24.636306762695312
2016-09-06,24.629440307617188
2016-09-07,24.780378341674805
2016-09-08,24.130908966064453
2016-09-09,23.584346771240234
2016-09-12,24.112613677978516
2016-09-13,24.686607360839844
2016-09-14,25.560184478759766
2016-09-15,26.429197311401367
2016-09-16,26.28055191040039
2016-09-19,25.974117279052734
2016-09-20,25.971832275390625
2016-09-21,25.967254638671875
2016-09-22,26.211944580078125
2016-09-23,25.775156021118164
2016-09-26,25.814029693603516
2016-09-27,25.862056732177734
2016-09-28,26.058725357055664
2016-09-29,25.653959274291992
2016-09-30,25.8529109954834
2016-10-03,25.73171043395996
2016-10-04,25.84147071838379
2016-10-05,25.8529109954834
2016-10-06,26.045005798339844
2016-10-07,26.08388328552246
2016-10-10,26.53897476196289
2016-10-11,26.596145629882812
2016-10-12,26.833974838256836
2016-10-13,26.751644134521484
2016-10-14,26.900285720825195
2016-10-17,26.88199806213379
2016-10-18,26.863697052001953
2016-10-19,26.783662796020508
2016-10-20,26.769935607910156
2016-10-21,26.66474723815918
2016-10-24,26.904861450195312
2016-10-25,27.04207420349121
2016-10-26,26.433767318725586
2016-10-27,26.179927825927734
2016-10-28,26.006132125854492
2016-10-31,25.9649715423584
2016-11-01,25.496156692504883
2016-11-02,25.519027709960938
2016-11-03,25.24549674987793
2016-11-04,25.01793670654297
2016-11-07,25.378812789916992
2016-11-08,25.528223037719727
2016-11-09,25.486845016479492
2016-11-10,24.776588439941406
2016-11-11,24.923694610595703
2016-11-14,24.29847526550293
2016-11-15,24.620277404785156
2016-11-16,25.282276153564453
2016-11-17,25.27308464050293
2016-11-18,25.29836654663086
2016-11-21,25.68222999572754
2016-11-22,25.69832420349121
2016-11-23,25.567298889160156
2016-11-25,25.69602394104004
2016-11-28,25.64545249938965
2016-11-29,25.620168685913086
2016-11-30,25.404102325439453
2016-12-01,25.167339324951172
2016-12-02,25.26158332824707
2016-12-05,25.07999610900879
2016-12-06,25.27308464050293
2016-12-07,25.52132797241211
2016-12-08,25.77187728881836
2016-12-09,26.19251823425293
2016-12-12,26.043109893798828
2016-12-13,26.47754669189453
2016-12-14,26.47754669189453
2016-12-15,26.622358322143555
2016-12-16,26.656841278076172
2016-12-19,26.810842514038086
2016-12-20,26.88209342956543
2016-12-21,26.907381057739258
2016-12-22,26.73039436340332
2016-12-23,26.78325653076172
2016-12-27,26.953357696533203
2016-12-28,26.838430404663086
2016-12-29,26.831527709960938
2016-12-30,26.622358322143555
2017-01-03,26.69821548461914
2017-01-04,26.668331146240234
2017-01-05,26.80394744873047
2017-01-06,27.102764129638672
2017-01-09,27.351003646850586
2017-01-10,27.378597259521484
2017-01-11,27.52570915222168
2017-01-12,27.41077995300293
2017-01-13,27.362504959106445
2017-01-17,27.583173751831055
2017-01-18,27.580869674682617
2017-01-19,27.532596588134766
2017-01-20,27.583173751831055
2017-01-23,27.601560592651367
2017-01-24,27.576276779174805
2017-01-25,28.015302658081055
2017-01-26,28.02910041809082
2017-01-27,28.031400680541992
2017-01-30,27.957839965820312
2017-01-31,27.89348030090332
2017-02-01,29.594444274902344
2017-02-02,29.54387855529785
2017-02-03,29.67030143737793
2017-02-06,29.948429107666016
2017-02-07,30.233455657958984
2017-02-08,30.350679397583008
2017-02-09,30.570003509521484
2017-02-10,30.500732421875
2017-02-13,30.770841598510742
2017-02-14,31.170225143432617
2017-02-15,31.283342361450195
2017-02-16,31.246408462524414
2017-02-17,31.33181381225586
2017-02-21,31.558046340942383
2017-02-22,31.65271759033203
2017-02-23,31.518831253051758
2017-02-24,31.548830032348633
2017-02-27,31.611146926879883
2017-02-28,31.6250057220459
2017-03-01,32.27140808105469
2017-03-02,32.079795837402344
2017-03-03,32.26909255981445
2017-03-06,32.16752624511719
2017-03-07,32.209083557128906
2017-03-08,32.08903503417969
2017-03-09,32.01516342163086
2017-03-10,32.12135696411133
2017-03-13,32.13520050048828
2017-03-14,32.08673095703125
2017-03-15,32.42607498168945
2017-03-16,32.47917556762695
2017-03-17,32.31758499145508
2017-03-20,32.65693283081055
2017-03-21,32.2829475402832
2017-03-22,32.64771270751953
2017-03-23,32.53226852416992
2017-03-24,32.46763229370117
2017-03-27,32.52302932739258
2017-03-28,33.19713592529297
2017-03-29,33.27101516723633
2017-03-30,33.22715377807617
2017-03-31,33.164817810058594
2017-04-03,33.174068450927734
2017-04-04,33.42106246948242
2017-04-05,33.2479248046875
2017-04-06,33.164817810058594
2017-04-07,33.0909538269043
2017-04-10,33.05170440673828
2017-04-11,32.69618225097656
2017-04-12,32.73542785644531
2017-04-13,32.562286376953125
2017-04-17,32.742347717285156
2017-04-18,32.596923828125
2017-04-19,32.476871490478516
2017-04-20,32.883182525634766
2017-04-21,32.84393310546875
2017-04-24,33.16020965576172
2017-04-25,33.36566162109375
2017-04-26,33.16943359375
2017-04-27,33.19483184814453
2017-04-28,33.162506103515625
2017-05-01,33.83891677856445
2017-05-02,34.05360794067383
2017-05-03,33.94973373413086
2017-05-04,33.82738494873047
2017-05-05,34.388362884521484
2017-05-08,35.323326110839844
2017-05-09,35.549564361572266
2017-05-10,35.38103485107422
2017-05-11,35.68702697753906
2017-05-12,36.18541717529297
2017-05-15,36.09269332885742
2017-05-16,36.03938674926758
2017-05-17,34.8293342590332
2017-05-18,35.360191345214844
2017-05-19,35.480712890625
2017-05-22,35.6963005065918
2017-05-23,35.65224838256836
2017-05-24,35.54562759399414
2017-05-25,35.66848373413086
2017-05-26,35.608211517333984
2017-05-30,35.622127532958984
2017-05-31,35.41118621826172
2017-06-01,35.50853729248047
2017-06-02,36.03474044799805
2017-06-05,35.682403564453125
2017-06-06,35.802947998046875
2017-06-07,36.016204833984375
2017-06-08,35.92811965942383
2017-06-09,34.53493118286133
2017-06-12,33.70969009399414
2017-06-13,33.98091125488281
2017-06-14,33.649417877197266
2017-06-15,33.447757720947266
2017-06-16,32.9794921875
2017-06-19,33.92296600341797
2017-06-20,33.614662170410156
2017-06-21,33.814002990722656
2017-06-22,33.75837326049805
2017-06-23,33.909061431884766
2017-06-26,33.80242156982422
2017-06-27,33.31793212890625
2017-06-28,33.80473709106445
2017-06-29,33.30635070800781
2017-06-30,33.38516616821289
2017-07-03,33.26462936401367
2017-07-05,33.401390075683594
2017-07-06,33.086124420166016
2017-07-07,33.42226028442383
2017-07-10,33.62624740600586
2017-07-11,33.73518371582031
2017-07-12,33.78387451171875
2017-07-13,34.254451751708984
2017-07-14,34.54884719848633
2017-07-17,34.66938781738281
2017-07-18,34.78993225097656
2017-07-19,35.00782775878906
2017-07-20,34.85020065307617
2017-07-21,34.83396911621094
2017-07-24,35.2558708190918
2017-07-25,35.40653610229492
2017-07-26,35.57344055175781
2017-07-27,34.90121078491211
2017-07-28,34.655479431152344
2017-07-31,34.47698211669922
2017-08-01,34.7829704284668
2017-08-02,36.42647933959961
2017-08-03,36.06256103515625
2017-08-04,36.25263214111328
2017-08-07,36.813636779785156
2017-08-08,37.1080207824707
2017-08-09,37.3351936340332
2017-08-10,36.14599609375
2017-08-11,36.64867401123047
2017-08-14,37.200218200683594
2017-08-15,37.607479095458984
2017-08-16,37.45621109008789
2017-08-17,36.73710632324219
2017-08-18,36.653324127197266
2017-08-21,36.58584213256836
2017-08-22,37.18391418457031
2017-08-23,37.2304801940918
2017-08-24,37.06523513793945
2017-08-25,37.20254135131836
2017-08-28,37.57722854614258
2017-08-29,37.91233825683594
2017-08-30,38.01474380493164
2017-08-31,38.1660041809082
2017-09-01,38.17763900756836
2017-09-05,37.71919250488281
2017-09-06,37.67961120605469
2017-09-07,37.52833938598633
2017-09-08,36.91630554199219
2017-09-11,37.58420181274414
2017-09-12,37.43525695800781
2017-09-13,37.15367126464844
2017-09-14,36.83485412597656
2017-09-15,37.207191467285156
2017-09-18,36.92560577392578
2017-09-19,36.93955993652344
2017-09-20,36.3205451965332
2017-09-21,35.69685745239258
2017-09-22,35.347774505615234
2017-09-25,35.03591537475586
2017-09-26,35.6386833190918
2017-09-27,35.892330169677734
2017-09-28,35.67124557495117
2017-09-29,35.86673355102539
2017-10-02,35.79458999633789
2017-10-03,35.95050811767578
2017-10-04,35.7177848815918
2017-10-05,36.162296295166016
2017-10-06,36.141326904296875
2017-10-09,36.26700210571289
2017-10-10,36.28098678588867
2017-10-11,36.4322395324707
2017-10-12,36.30425262451172
2017-10-13,36.53463363647461
2017-10-16,37.207191467285156
2017-10-17,37.344505310058594
2017-10-18,37.17926788330078
2017-10-19,36.299591064453125
2017-10-20,36.362422943115234
2017-10-23,36.34380340576172
2017-10-24,36.560237884521484
2017-10-25,36.399662017822266
2017-10-26,36.632381439208984
2017-10-27,37.94491958618164
2017-10-30,38.79899978637695
2017-10-31,39.33890914916992
2017-11-01,38.83855438232422
2017-11-02,39.12248611450195
2017-11-03,40.14411926269531
2017-11-06,40.55137252807617
2017-11-07,40.681705474853516
2017-11-08,41.01449966430664
2017-11-09,40.93070602416992
2017-11-10,40.79524612426758
2017-11-13,40.63176727294922
2017-11-14,40.01750564575195
2017-11-15,39.48966979980469
2017-11-16,39.96146774291992
2017-11-17,39.73957061767578
2017-11-20,39.699867248535156
2017-11-21,40.437904357910156
2017-11-22,40.86299133300781
2017-11-24,40.86532211303711
2017-11-27,40.659786224365234
2017-11-28,40.42155838012695
2017-11-29,39.583091735839844
2017-11-30,40.136619567871094
2017-12-01,39.94977951049805
2017-12-04,39.657840728759766
2017-12-05,39.620452880859375
2017-12-06,39.47332000732422
2017-12-07,39.54573440551758
2017-12-08,39.55739974975586
2017-12-11,40.32814407348633
2017-12-12,40.10159683227539
2017-12-13,40.23471450805664
2017-12-14,40.22303771972656
2017-12-15,40.63176727294922
2017-12-18,41.20396423339844
2017-12-19,40.76487731933594
2017-12-20,40.72050857543945
2017-12-21,40.874656677246094
2017-12-22,40.874656677246094
2017-12-26,39.83766555786133
2017-12-27,39.84467697143555
2017-12-28,39.9567756652832
2017-12-29,39.52471160888672
2018-01-02,40.23237609863281
2018-01-03,40.225364685058594
2018-01-04,40.41221618652344
2018-01-05,40.872310638427734
2018-01-08,40.72050857543945
2018-01-09,40.715843200683594
2018-01-10,40.70648956298828
2018-01-11,40.93772506713867
2018-01-12,41.36045455932617
2018-01-16,41.150245666503906
2018-01-17,41.82990264892578
2018-01-18,41.867279052734375
2018-01-19,41.680419921875
2018-01-22,41.339439392089844
2018-01-23,41.34877395629883
2018-01-24,40.69013595581055
2018-01-25,39.96379089355469
2018-01-26,40.057212829589844
2018-01-29,39.228092193603516
2018-01-30,38.99687576293945
2018-01-31,39.104305267333984
2018-02-01,39.18605041503906
2018-02-02,37.48575973510742
2018-02-05,36.54920959472656
2018-02-06,38.07665252685547
2018-02-07,37.261539459228516
2018-02-08,36.23623275756836
2018-02-09,36.67945861816406
2018-02-12,38.15685272216797
2018-02-13,38.53910827636719
2018-02-14,39.249664306640625
2018-02-15,40.56760787963867
2018-02-16,40.43627166748047
2018-02-20,40.300254821777344
2018-02-21,40.11735153198242
2018-02-22,40.45268630981445
2018-02-23,41.15621566772461
2018-02-26,41.96996307373047
2018-02-27,41.83394241333008
2018-02-28,41.77062225341797
2018-03-01,41.038963317871094
2018-03-02,41.322715759277344
2018-03-05,41.46577453613281
2018-03-06,41.43058395385742
2018-03-07,41.04600143432617
2018-03-08,41.49390411376953
2018-03-09,42.206817626953125
2018-03-12,42.6148567199707
2018-03-13,42.204471588134766
2018-03-14,41.84567642211914
2018-03-15,41.89491653442383
2018-03-16,41.74717330932617
2018-03-19,41.109317779541016
2018-03-20,41.09524917602539
2018-03-21,40.164241790771484
2018-03-22,39.596736907958984
2018-03-23,38.67981719970703
2018-03-26,40.51601028442383
2018-03-27,39.47713851928711
2018-03-28,39.04095458984375
2018-03-29,39.34581756591797
2018-04-02,39.08785629272461
2018-04-03,39.48885726928711
2018-04-04,40.24397277832031
2018-04-05,40.52305603027344
2018-04-06,39.486515045166016
2018-04-09,39.878150939941406
2018-04-10,40.62857437133789
2018-04-11,40.43862533569336
2018-04-12,40.837276458740234
2018-04-13,40.975643157958984
2018-04-16,41.231258392333984
2018-04-17,41.798763275146484
2018-04-18,41.7049560546875
2018-04-19,40.52305603027344
2018-04-20,38.86273956298828
2018-04-23,38.75016403198242
2018-04-24,38.21079635620117
2018-04-25,38.37728500366211
2018-04-26,38.51097106933594
2018-04-27,38.06540298461914
2018-04-30,38.754852294921875
2018-05-01,39.65535354614258
2018-05-02,41.40715026855469
2018-05-03,41.482181549072266
2018-05-04,43.10967254638672
2018-05-07,43.42156219482422
2018-05-08,43.63028335571289
2018-05-09,43.93749237060547
2018-05-10,44.56595993041992
2018-05-11,44.39647674560547
2018-05-14,44.292877197265625
2018-05-15,43.890342712402344
2018-05-16,44.299949645996094
2018-05-17,44.01980972290039
2018-05-18,43.8597297668457
2018-05-21,44.170467376708984
2018-05-22,44.05984115600586
2018-05-23,44.342323303222656
2018-05-24,44.292877197265625
2018-05-25,44.39411926269531
2018-05-29,44.23404312133789
2018-05-30,44.139862060546875
2018-05-31,43.99156188964844
2018-06-01,44.78489685058594
2018-06-04,45.159210205078125
2018-06-05,45.507625579833984
2018-06-06,45.665348052978516
2018-06-07,45.542938232421875
2018-06-08,45.12860107421875
2018-06-11,45.01796340942383
2018-06-12,45.2651481628418
2018-06-13,44.89318084716797
2018-06-14,44.91674041748047
2018-06-15,44.45532989501953
2018-06-18,44.43179702758789
2018-06-19,43.71376037597656
2018-06-20,43.90445327758789
2018-06-21,43.659629821777344
2018-06-22,43.53250503540039
2018-06-25,42.8851203918457
2018-06-26,43.41715621948242
2018-06-27,43.35359573364258
2018-06-28,43.669044494628906
2018-06-29,43.577232360839844
2018-07-02,44.06453323364258
2018-07-03,43.29710006713867
2018-07-05,43.64551544189453
2018-07-06,44.250518798828125
2018-07-09,44.86493682861328
2018-07-10,44.810791015625
2018-07-11,44.22932434082031
2018-07-12,44.97087478637695
2018-07-13,45.041500091552734
2018-07-16,44.942626953125
2018-07-17,45.06974792480469
2018-07-18,44.82255935668945
2018-07-19,45.17098617553711
2018-07-20,45.0673942565918
2018-07-23,45.10741424560547
2018-07-24,45.43463897705078
2018-07-25,45.863094329833984
2018-07-26,45.719486236572266
2018-07-27,44.9591064453125
2018-07-30,44.707218170166016
2018-07-31,44.79667282104492
2018-08-01,47.435638427734375
2018-08-02,48.822235107421875
2018-08-03,48.963470458984375
2018-08-06,49.217716217041016
2018-08-07,48.75631332397461
2018-08-08,48.789276123046875
2018-08-09,49.17300033569336
2018-08-10,49.02653503417969
2018-08-13,49.34308624267578
2018-08-14,49.55097579956055
2018-08-15,49.66673278808594
2018-08-16,50.39435958862305
2018-08-17,51.400726318359375
2018-08-20,50.89990997314453
2018-08-21,50.80067443847656
2018-08-22,50.80303955078125
2018-08-23,50.90699005126953
2018-08-24,51.06526184082031
2018-08-27,51.48576736450195
2018-08-28,51.901546478271484
2018-08-29,52.67640686035156
2018-08-30,53.160701751708984
2018-08-31,53.77491760253906
2018-09-04,53.9473762512207
2018-09-05,53.595375061035156
2018-09-06,52.70476531982422
2018-09-07,52.27952194213867
2018-09-10,51.577903747558594
2018-09-11,52.881935119628906
2018-09-12,52.22520065307617
2018-09-13,53.48670959472656
2018-09-14,52.87957000732422
2018-09-17,51.47160339355469
2018-09-18,51.556636810302734
2018-09-19,51.587345123291016
2018-09-20,51.97950744628906
2018-09-21,51.419612884521484
2018-09-24,52.15903091430664
2018-09-25,52.48978042602539
2018-09-26,52.0716438293457
2018-09-27,53.14179992675781
2018-09-28,53.32842254638672
2018-10-01,53.68750762939453
2018-10-02,54.16470718383789
2018-10-03,54.82381057739258
2018-10-04,53.85997009277344
2018-10-05,52.98588180541992
2018-10-08,52.86304473876953
2018-10-09,53.595375061035156
2018-10-10,51.11251449584961
2018-10-11,50.66128921508789
2018-10-12,52.47087860107422
2018-10-15,51.348758697509766
2018-10-16,52.48033142089844
2018-10-17,52.25354766845703
2018-10-18,51.032188415527344
2018-10-19,51.80941390991211
2018-10-22,52.12598419189453
2018-10-23,52.617347717285156
2018-10-24,50.812496185302734
2018-10-25,51.925167083740234
2018-10-26,51.09833526611328
2018-10-29,50.139198303222656
2018-10-30,50.38962936401367
2018-10-31,51.70310974121094
2018-11-01,52.49686050415039
2018-11-02,49.014713287353516
2018-11-05,47.623268127441406
2018-11-06,48.138267517089844
2018-11-07,49.598209381103516
2018-11-08,49.42516326904297
2018-11-09,48.4721794128418
2018-11-12,46.03042984008789
2018-11-13,45.57053756713867
2018-11-14,44.28328323364258
2018-11-15,45.37613296508789
2018-11-16,45.87870407104492
2018-11-19,44.0604362487793
2018-11-20,41.955326080322266
2018-11-21,41.90791702270508
2018-11-23,40.843505859375
2018-11-26,41.39585876464844
2018-11-27,41.305782318115234
2018-11-28,42.89409637451172
2018-11-29,42.56458282470703
2018-11-30,42.334625244140625
2018-12-03,43.81390380859375
2018-12-04,41.88656234741211
2018-12-06,41.419559478759766
2018-12-07,39.942657470703125
2018-12-10,40.2057991027832
2018-12-11,39.97585678100586
2018-12-12,40.0872688293457
2018-12-13,40.52583694458008
2018-12-14,39.229095458984375
2018-12-17,38.864036560058594
2018-12-18,39.36896896362305
2018-12-19,38.140995025634766
2018-12-20,37.17852020263672
2018-12-21,35.73243713378906
2018-12-24,34.807891845703125
2018-12-26,37.25912094116211
2018-12-27,37.0173225402832
2018-12-28,37.036285400390625
2018-12-31,37.39424133300781
2019-01-02,37.43692398071289
2019-01-03,33.70792770385742
2019-01-04,35.14688491821289
2019-01-07,35.068660736083984
2019-01-08,35.737178802490234
2019-01-09,36.34406280517578
2019-01-10,36.4602165222168
2019-01-11,36.102264404296875
2019-01-14,35.55938720703125
2019-01-15,36.28715515136719
2019-01-16,36.73046875
2019-01-17,36.94856262207031
2019-01-18,37.17615509033203
2019-01-22,36.34169387817383
2019-01-23,36.48866653442383
2019-01-24,36.19944381713867
2019-01-25,37.39897537231445
2019-01-28,37.05286407470703
2019-01-29,36.66881561279297
2019-01-30,39.17458724975586
2019-01-31,39.45669174194336
2019-02-01,39.475650787353516
2019-02-04,40.59695053100586
2019-02-05,41.29154586791992
2019-02-06,41.305782318115234
2019-02-07,40.523475646972656
2019-02-08,40.57109832763672
2019-02-11,40.3377685546875
2019-02-12,40.685359954833984
2019-02-13,40.516334533691406
2019-02-14,40.6639404296875
2019-02-15,40.5734748840332
2019-02-19,40.694889068603516
2019-02-20,40.95676803588867
2019-02-21,40.72584533691406
2019-02-22,41.180572509765625
2019-02-25,41.48054122924805
2019-02-26,41.50436019897461
2019-02-27,41.63292694091797
2019-02-28,41.22342300415039
2019-03-01,41.65673065185547
2019-03-04,41.866241455078125
2019-03-05,41.79005432128906
2019-03-06,41.54958724975586
2019-03-07,41.06867218017578
2019-03-08,41.166290283203125
2019-03-11,42.59238815307617
2019-03-12,43.070919036865234
2019-03-13,43.26138687133789
2019-03-14,43.7422981262207
2019-03-15,44.311317443847656
2019-03-18,44.76366424560547
2019-03-19,44.408912658691406
2019-03-20,44.79698944091797
2019-03-21,46.4468879699707
2019-03-22,45.48503875732422
2019-03-25,44.93507766723633
2019-03-26,44.470821380615234
2019-03-27,44.87080764770508
2019-03-28,44.9303092956543
2019-03-29,45.2231559753418
2019-04-01,45.53028106689453
2019-04-02,46.192138671875
2019-04-03,46.508785247802734
2019-04-04,46.58974075317383
2019-04-05,46.901607513427734
2019-04-08,47.63966369628906
2019-04-09,47.4968147277832
2019-04-10,47.763450622558594
2019-04-11,47.3658561706543
2019-04-12,47.34682083129883
2019-04-15,47.43252944946289
2019-04-16,47.43729019165039
2019-04-17,48.36103057861328
2019-04-18,48.53483200073242
2019-04-22,48.69435119628906
2019-04-23,49.396697998046875
2019-04-24,49.320518493652344
2019-04-25,48.87290954589844
2019-04-26,48.63959884643555
2019-04-29,48.71339416503906
2019-04-30,47.77536392211914
2019-05-01,50.12044143676758
2019-05-02,49.79427719116211
2019-05-03,50.41328048706055
2019-05-06,49.63475799560547
2019-05-07,48.2967529296875
2019-05-08,48.306278228759766
2019-05-09,47.787269592285156
2019-05-10,47.125240325927734
2019-05-13,44.386356353759766
2019-05-14,45.08900451660156
2019-05-15,45.62913513183594
2019-05-16,45.42838668823242
2019-05-17,45.170257568359375
2019-05-20,43.75778579711914
2019-05-21,44.596675872802734
2019-05-22,43.683712005615234
2019-05-23,42.938045501708984
2019-05-24,42.77312469482422
2019-05-28,42.59627151489258
2019-05-29,42.393123626708984
2019-05-30,42.61300277709961
2019-05-31,41.8410530090332
2019-06-03,41.41802978515625
2019-06-04,42.933258056640625
2019-06-05,43.626338958740234
2019-06-06,44.26685333251953
2019-06-07,45.44510269165039
2019-06-10,46.0258674621582
2019-06-11,46.558834075927734
2019-06-12,46.4106559753418
2019-06-13,46.40108871459961
2019-06-14,46.064117431640625
2019-06-17,46.33895492553711
2019-06-18,47.428775787353516
2019-06-19,47.29014587402344
2019-06-20,47.670162200927734
2019-06-21,47.50764465332031
2019-06-24,47.459842681884766
2019-06-25,46.74047088623047
2019-06-26,47.75141906738281
2019-06-27,47.73707580566406
2019-06-28,47.30211639404297
2019-07-01,48.16965866088867
2019-07-02,48.451683044433594
2019-07-03,48.853187561035156
2019-07-05,48.810176849365234
2019-07-08,47.803993225097656
2019-07-09,48.0955696105957
2019-07-10,48.5711784362793
2019-07-11,48.217472076416016
2019-07-12,48.58790969848633
2019-07-15,49.04438781738281
2019-07-16,48.87470626831055
2019-07-17,48.5998649597168
2019-07-18,49.15195083618164
2019-07-19,48.41822052001953
2019-07-22,49.5247688293457
2019-07-23,49.91194534301758
2019-07-24,49.871315002441406
2019-07-25,49.47696304321289
2019-07-26,49.64905548095703
2019-07-29,50.11270523071289
2019-07-30,49.897613525390625
2019-07-31,50.91572570800781
2019-08-01,49.81395721435547
2019-08-02,48.75999069213867
2019-08-05,46.20750427246094
2019-08-06,47.082237243652344
2019-08-07,47.569786071777344
2019-08-08,48.61897659301758
2019-08-09,48.218345642089844
2019-08-12,48.09599685668945
2019-08-13,50.13277053833008
2019-08-14,48.64057540893555
2019-08-15,48.39826965332031
2019-08-16,49.54020690917969
2019-08-19,50.463836669921875
2019-08-20,50.46622848510742
2019-08-21,51.013221740722656
2019-08-22,50.970035552978516
2019-08-23,48.614173889160156
2019-08-26,49.537803649902344
2019-08-27,48.978843688964844
2019-08-28,49.3074951171875
2019-08-29,50.14236831665039
2019-08-30,50.07758331298828
2019-09-03,49.34828567504883
2019-09-04,50.185546875
2019-09-05,51.1667594909668
2019-09-06,51.16196060180664
2019-09-09,51.38027572631836
2019-09-10,51.98723602294922
2019-09-11,53.64017105102539
2019-09-12,53.52022171020508
2019-09-13,52.479034423828125
2019-09-16,52.75492477416992
2019-09-17,52.94684600830078
2019-09-18,53.44344711303711
2019-09-19,53.00923156738281
2019-09-20,52.23432922363281
2019-09-23,52.471832275390625
2019-09-24,52.22233581542969
2019-09-25,53.02601623535156
2019-09-26,52.75251770019531
2019-09-27,52.495826721191406
2019-09-30,53.73133087158203
2019-10-01,53.88006591796875
2019-10-02,52.5294189453125
2019-10-03,52.97563171386719
2019-10-04,54.46064376831055
2019-10-07,54.47263717651367
2019-10-08,53.834495544433594
2019-10-09,54.4654426574707
2019-10-10,55.199546813964844
2019-10-11,56.66776657104492
2019-10-14,56.58618927001953
2019-10-15,56.454246520996094
2019-10-16,56.226341247558594
2019-10-17,56.44464874267578
2019-10-18,56.71574020385742
2019-10-21,57.69934844970703
2019-10-22,57.56739807128906
2019-10-23,58.33988571166992
2019-10-24,58.43585205078125
2019-10-25,59.15557098388672
2019-10-28,59.74813461303711
2019-10-29,58.36626434326172
2019-10-30,58.35908889770508
2019-10-31,59.678558349609375
2019-11-01,61.372291564941406
2019-11-04,61.77531814575195
2019-11-05,61.686553955078125
2019-11-06,61.71293640136719
2019-11-07,62.425193786621094
2019-11-08,62.59605407714844
2019-11-11,63.09172821044922
2019-11-12,63.03396224975586
2019-11-13,63.6379508972168
2019-11-14,63.19760513305664
2019-11-15,63.948360443115234
2019-11-18,64.27078247070312
2019-11-19,64.07588958740234
2019-11-20,63.32994079589844
2019-11-21,63.046016693115234
2019-11-22,62.99065399169922
2019-11-25,64.0951156616211
2019-11-26,63.594627380371094
2019-11-27,64.44884490966797
2019-11-29,64.30686950683594
2019-12-02,63.5633430480957
2019-12-03,62.43000793457031
2019-12-04,62.98102569580078
2019-12-05,63.90503692626953
2019-12-06,65.13944244384766
2019-12-09,64.22746276855469
2019-12-10,64.60284423828125
2019-12-11,65.15386199951172
2019-12-12,65.31990814208984
2019-12-13,66.20780181884766
2019-12-16,67.34114074707031
2019-12-17,67.4735107421875
2019-12-18,67.31227111816406
2019-12-19,67.37962341308594
2019-12-20,67.2400894165039
2019-12-23,68.33732604980469
2019-12-24,68.40230560302734
2019-12-26,69.75942993164062
2019-12-27,69.73296356201172
2019-12-30,70.14681243896484
2019-12-31,70.65933990478516
2020-01-02,72.27153015136719
2020-01-03,71.56890106201172
2020-01-06,72.13919830322266
2020-01-07,71.79991912841797
2020-01-08,72.95491790771484
2020-01-09,74.5045394897461
2020-01-10,74.67296600341797
2020-01-13,76.268310546875
2020-01-14,75.23844909667969
2020-01-15,74.91600799560547
2020-01-16,75.85443115234375
2020-01-17,76.6942138671875
2020-01-21,76.1744613647461
2020-01-22,76.4463882446289
2020-01-23,76.81454467773438
2020-01-24,76.5931625366211
2020-01-27,74.34091186523438
2020-01-28,76.44397735595703
2020-01-29,78.04412841796875
2020-01-30,77.93104553222656
2020-01-31,74.47567749023438
2020-02-03,74.27112579345703
2020-02-04,76.72311401367188
2020-02-05,77.34870910644531
2020-02-06,78.25346374511719
2020-02-07,77.18981170654297
2020-02-10,77.55641174316406
2020-02-11,77.0884780883789
2020-02-12,78.9191665649414
2020-02-13,78.3572006225586
2020-02-14,78.37645721435547
2020-02-18,76.94136047363281
2020-02-19,78.05567169189453
2020-02-20,77.25492095947266
2020-02-21,75.50623321533203
2020-02-24,71.91966247558594
2020-02-25,69.48359680175781
2020-02-26,70.58585357666016
2020-02-27,65.97178649902344
2020-02-28,65.9332046508789
2020-03-02,72.0716323852539
2020-03-03,69.78271484375
2020-03-04,73.01949310302734
2020-03-05,70.6510009765625
2020-03-06,69.71273803710938
2020-03-09,64.19900512695312
2020-03-10,68.82272338867188
2020-03-11,66.43246459960938
2020-03-12,59.87196350097656
2020-03-13,67.04511260986328
2020-03-16,58.419960021972656
2020-03-17,60.98869705200195
2020-03-18,59.495697021484375
2020-03-19,59.03982925415039
2020-03-20,55.291648864746094
2020-03-23,54.11703872680664
2020-03-24,59.54635238647461
2020-03-25,59.218326568603516
2020-03-26,62.334556579589844
2020-03-27,59.7537727355957
2020-03-30,61.459022521972656
2020-03-31,61.33359909057617
2020-04-01,58.106407165527344
2020-04-02,59.076011657714844
2020-04-03,58.22700119018555
2020-04-06,63.30657196044922
2020-04-07,62.5733528137207
2020-04-08,64.17489624023438
2020-04-09,64.63798522949219
2020-04-13,65.90666961669922
2020-04-14,69.23515319824219
2020-04-15,68.60324096679688
2020-04-16,69.1483383178711
2020-04-17,68.2100601196289
2020-04-20,66.79427337646484
2020-04-21,64.7296371459961
2020-04-22,66.59404754638672
2020-04-23,66.33599853515625
2020-04-24,68.25108337402344
2020-04-27,68.2993392944336
2020-04-28,67.19223022460938
2020-04-29,69.399169921875
2020-04-30,70.86323547363281
2020-05-01,69.72236633300781
2020-05-04,70.70886993408203
2020-05-05,71.77012634277344
2020-05-06,72.51058959960938
2020-05-07,73.26072692871094
2020-05-08,75.00443267822266
2020-05-11,76.1846694946289
2020-05-12,75.31399536132812
2020-05-13,74.4046630859375
2020-05-14,74.86176300048828
2020-05-15,74.41914367675781
2020-05-18,76.17256164550781
2020-05-19,75.73241424560547
2020-05-20,77.20524597167969
2020-05-21,76.62967681884766
2020-05-22,77.123046875
2020-05-26,76.60065460205078
2020-05-27,76.93439483642578
2020-05-28,76.9682388305664
2020-05-29,76.89328002929688
2020-06-01,77.83889770507812
2020-06-02,78.19928741455078
2020-06-03,78.62975311279297
2020-06-04,77.95256805419922
2020-06-05,80.17274475097656
2020-06-08,80.6467514038086
2020-06-09,83.19343566894531
2020-06-10,85.33378601074219
2020-06-11,81.23687744140625
2020-06-12,81.93822479248047
2020-06-15,82.9515609741211
2020-06-16,85.14997863769531
2020-06-17,85.03147888183594
2020-06-18,85.06536102294922
2020-06-19,84.57921600341797
2020-06-22,86.79212188720703
2020-06-23,88.64469146728516
2020-06-24,87.07991790771484
2020-06-25,88.23596954345703
2020-06-26,85.52484893798828
2020-06-29,87.49592590332031
2020-06-30,88.22628784179688
2020-07-01,88.05940246582031
2020-07-02,88.05940246582031
2020-07-06,90.4150390625
2020-07-07,90.13445281982422
2020-07-08,92.23371887207031
2020-07-09,92.6303482055664
2020-07-10,92.7923812866211
2020-07-13,92.36431884765625
2020-07-14,93.89281463623047
2020-07-15,94.53854370117188
2020-07-16,93.37525177001953
2020-07-17,93.18659973144531
2020-07-20,95.1504135131836
2020-07-21,93.83717346191406
2020-07-22,94.1008071899414
2020-07-23,89.81765747070312
2020-07-24,89.59514617919922
2020-07-27,91.71858978271484
2020-07-28,90.21186828613281
2020-07-29,91.94107055664062
2020-07-30,93.0535888671875
2020-07-31,102.79522705078125
2020-08-03,105.38544464111328
2020-08-04,106.08922576904297
2020-08-05,106.47377014160156
2020-08-06,110.18854522705078
2020-08-07,107.68334197998047
2020-08-10,109.24849700927734
2020-08-11,105.99944305419922
2020-08-12,109.52226257324219
2020-08-13,111.46054077148438
2020-08-14,111.3611831665039
2020-08-17,111.07047271728516
2020-08-18,111.99597930908203
2020-08-19,112.13652801513672
2020-08-20,114.6247787475586
2020-08-21,120.53168487548828
2020-08-24,121.97325897216797
2020-08-25,120.97260284423828
2020-08-26,122.61773681640625
2020-08-27,121.15191650390625
2020-08-28,120.95568084716797
2020-08-31,125.05756378173828
2020-09-01,130.03887939453125
2020-09-02,127.3447265625
2020-09-03,117.14936828613281
2020-09-04,117.22689819335938
2020-09-08,109.3381118774414
2020-09-09,113.69925689697266
2020-09-10,109.9874496459961
2020-09-11,108.54342651367188
2020-09-14,111.79973602294922
2020-09-15,111.97419738769531
2020-09-16,108.66942596435547
2020-09-17,106.93463897705078
2020-09-18,103.54267883300781
2020-09-21,106.68269348144531
2020-09-22,108.35930633544922
2020-09-23,103.81404876708984
2020-09-24,104.88008880615234
2020-09-25,108.8147964477539
2020-09-28,111.41207885742188
2020-09-29,110.56893157958984
2020-09-30,112.23583221435547
2020-10-01,113.18560791015625
2020-10-02,109.5319595336914
2020-10-05,112.90455627441406
2020-10-06,109.66764831542969
2020-10-07,111.52837371826172
2020-10-08,111.42176055908203
2020-10-09,113.36005401611328
2020-10-12,120.56074523925781
2020-10-13,117.36257934570312
2020-10-14,117.44983673095703
2020-10-15,116.98463439941406
2020-10-16,115.34677124023438
2020-10-19,112.40058898925781
2020-10-20,113.88338470458984
2020-10-21,113.26312255859375
2020-10-22,112.17768859863281
2020-10-23,111.48960876464844
2020-10-26,111.49930572509766
2020-10-27,113.00147247314453
2020-10-28,107.76811981201172
2020-10-29,111.76097869873047
2020-10-30,105.50032806396484
2020-11-02,105.41310119628906
2020-11-03,107.03158569335938
2020-11-04,111.40239715576172
2020-11-05,115.35649108886719
2020-11-06,115.22542572021484
2020-11-09,112.92461395263672
2020-11-10,112.58482360839844
2020-11-11,116.00208282470703
2020-11-12,115.7302474975586
2020-11-13,115.77880096435547
2020-11-16,116.7884292602539
2020-11-17,115.90499877929688
2020-11-18,114.58470153808594
2020-11-19,115.1768798828125
2020-11-20,113.91482543945312
2020-11-23,110.52667999267578
2020-11-24,111.80816650390625
2020-11-25,112.64307403564453
2020-11-27,113.18672180175781
2020-11-30,115.57492065429688
2020-12-01,119.13778686523438
2020-12-02,119.48727416992188
2020-12-03,119.35135650634766
2020-12-04,118.68148803710938
2020-12-07,120.13770294189453
2020-12-08,120.74932098388672
2020-12-09,118.2252197265625
2020-12-10,119.64259338378906
2020-12-11,118.83684539794922
2020-12-14,118.2252197265625
2020-12-15,124.14715576171875
2020-12-16,124.0792007446289
2020-12-17,124.9432144165039
2020-12-18,122.9627685546875
2020-12-21,124.48693084716797
2020-12-22,128.03042602539062
2020-12-23,127.13728332519531
2020-12-24,128.11778259277344
2020-12-28,132.6999969482422
2020-12-29,130.93309020996094
2020-12-30,129.8167266845703
2020-12-31,128.81675720214844
2021-01-04,125.63249969482422
2021-01-05,127.1857681274414
2021-01-06,122.90453338623047
2021-01-07,127.09840393066406
2021-01-08,128.19546508789062
2021-01-11,125.21504974365234
2021-01-12,125.0403060913086
2021-01-13,127.06929016113281
2021-01-14,125.14710235595703
2021-01-15,123.42876434326172
2021-01-19,124.09861755371094
2021-01-20,128.17601013183594
2021-01-21,132.874755859375
2021-01-22,135.0105438232422
2021-01-25,138.74813842773438
2021-01-26,138.98114013671875
2021-01-27,137.91322326660156
2021-01-28,133.08828735351562
2021-01-29,128.1080780029297
2021-02-01,130.22442626953125
2021-02-02,131.04962158203125
2021-02-03,130.03028869628906
2021-02-04,133.37953186035156
2021-02-05,132.96633911132812
2021-02-08,133.1121826171875
2021-02-09,132.2371368408203
2021-02-10,131.6343231201172
2021-02-11,131.381591796875
2021-02-12,131.61488342285156
2021-02-16,129.4954071044922
2021-02-17,127.21056365966797
2021-02-18,126.11192321777344
2021-02-19,126.26748657226562
2021-02-22,122.50482177734375
2021-02-23,122.36870574951172
2021-02-24,121.87286376953125
2021-02-25,117.63379669189453
2021-02-26,117.89629364013672
2021-03-01,124.24515533447266
2021-03-02,121.64923095703125
2021-03-03,118.67411804199219
2021-03-04,116.79765319824219
2021-03-05,118.0518798828125
2021-03-08,113.13223266601562
2021-03-09,117.73101806640625
2021-03-10,116.65182495117188
2021-03-11,118.57689666748047
2021-03-12,117.67269897460938
2021-03-15,120.5505599975586
2021-03-16,122.08675384521484
2021-03-17,121.29922485351562
2021-03-18,117.18655395507812
2021-03-19,116.66154479980469
2021-03-22,119.96722412109375
2021-03-23,119.14078521728516
2021-03-24,116.75875854492188
2021-03-25,117.24488830566406
2021-03-26,117.84769439697266
2021-03-29,118.02272033691406
2021-03-30,116.57404327392578
2021-03-31,118.76162719726562
2021-04-01,119.58805847167969
2021-04-05,122.40760040283203
2021-04-06,122.70901489257812
2021-04-07,124.35212707519531
2021-04-08,126.74385070800781
2021-04-09,129.3106689453125
2021-04-12,127.5994644165039
2021-04-13,130.70095825195312
2021-04-14,128.36753845214844
2021-04-15,130.76901245117188
2021-04-16,130.43846130371094
2021-04-19,131.09962463378906
2021-04-20,129.4176025390625
2021-04-21,129.7967529296875
2021-04-22,128.28004455566406
2021-04-23,130.59402465820312
2021-04-26,130.98294067382812
2021-04-27,130.66209411621094
2021-04-28,129.8745574951172
2021-04-29,129.77728271484375
2021-04-30,127.81336975097656
2021-05-03,128.8634033203125
2021-05-04,124.30349731445312
2021-05-05,124.54657745361328
2021-05-06,126.14107513427734
2021-05-07,126.81309509277344
2021-05-10,123.54071807861328
2021-05-11,122.62525939941406
2021-05-12,119.56717681884766
2021-05-13,121.70977783203125
2021-05-14,124.12506866455078
2021-05-17,122.9758529663086
2021-05-18,121.5928955078125
2021-05-19,121.43707275390625
2021-05-20,123.9887466430664
2021-05-21,122.15778350830078
2021-05-24,123.78419494628906
2021-05-25,123.58942413330078
2021-05-26,123.54071807861328
2021-05-27,122.01168060302734
2021-05-28,121.35916900634766
2021-06-01,121.03780364990234
2021-06-02,121.79741668701172
2021-06-03,120.31708526611328
2021-06-04,122.60577392578125
2021-06-07,122.61550903320312
2021-06-08,123.43358612060547
2021-06-09,123.81341552734375
2021-06-10,122.82003021240234
2021-06-11,124.02767944335938
2021-06-14,127.07603454589844
2021-06-15,126.25791931152344
2021-06-16,126.75465393066406
2021-06-17,128.35183715820312
2021-06-18,127.05655670166016
2021-06-21,128.84854125976562
2021-06-22,130.48471069335938
2021-06-23,130.21206665039062
2021-06-24,129.9296112060547
2021-06-25,129.637451171875
2021-06-28,131.26385498046875
2021-06-29,132.7733917236328
2021-06-30,133.38702392578125
2021-07-01,133.68893432617188
2021-07-02,136.3087615966797
2021-07-06,138.3149871826172
2021-07-07,140.79844665527344
2021-07-08,139.50318908691406
2021-07-09,141.3243865966797
2021-07-12,140.73025512695312
2021-07-13,141.84054565429688
2021-07-14,145.2589569091797
2021-07-15,144.60646057128906
2021-07-16,142.57098388671875
2021-07-19,138.73373413085938
2021-07-20,142.33721923828125
2021-07-21,141.60679626464844
2021-07-22,142.9702911376953
2021-07-23,144.68431091308594
2021-07-26,145.1031494140625
2021-07-27,142.94105529785156
2021-07-28,141.19775390625
2021-07-29,141.84054565429688
2021-07-30,142.0548095703125
2021-08-02,141.7237091064453
2021-08-03,143.51565551757812
2021-08-04,143.1163787841797
2021-08-05,143.22349548339844
2021-08-06,142.54074096679688
2021-08-09,142.49195861816406
2021-08-10,142.01405334472656
2021-08-11,142.2676239013672
2021-08-12,145.2229766845703
2021-08-13,145.42782592773438
2021-08-16,147.39805603027344
2021-08-17,146.49099731445312
2021-08-18,142.7553253173828
2021-08-19,143.08692932128906
2021-08-20,144.540283203125
2021-08-23,146.02281188964844
2021-08-24,145.93502807617188
2021-08-25,144.70606994628906
2021-08-26,143.90625
2021-08-27,144.94017028808594
2021-08-30,149.34884643554688
2021-08-31,148.09059143066406
2021-09-01,148.7538604736328
2021-09-02,149.8657684326172
2021-09-03,150.499755859375
2021-09-07,152.8308563232422
2021-09-08,151.28981018066406
2021-09-09,150.2754364013672
2021-09-10,145.30104064941406
2021-09-13,145.86680603027344
2021-09-14,144.4720001220703
2021-09-15,145.3595733642578
2021-09-16,145.12545776367188
2021-09-17,142.46266174316406
2021-09-20,139.4195556640625
2021-09-21,139.89747619628906
2021-09-22,142.2578582763672
2021-09-23,143.21376037597656
2021-09-24,143.301513671875
2021-09-27,141.78973388671875
2021-09-28,138.41493225097656
2021-09-29,139.312255859375
2021-09-30,138.01502990722656
2021-10-01,139.1366729736328
2021-10-04,135.71311950683594
2021-10-05,137.63465881347656
2021-10-06,138.50271606445312
2021-10-07,139.76089477539062
2021-10-08,139.38052368164062
2021-10-11,139.292724609375
2021-10-12,138.02474975585938
2021-10-13,137.43955993652344
2021-10-14,140.2193603515625
2021-10-15,141.2727813720703
2021-10-18,142.9406280517578
2021-10-19,145.09619140625
2021-10-20,145.5839080810547
2021-10-21,145.7985076904297
2021-10-22,145.02793884277344
2021-10-25,144.9791717529297
2021-10-26,145.6424102783203
2021-10-27,145.1840362548828
2021-10-28,148.81240844726562
2021-10-29,146.110595703125
2021-11-01,145.29129028320312
2021-11-02,146.32516479492188
2021-11-03,147.75897216796875
2021-11-04,147.24200439453125
2021-11-05,147.7694854736328
2021-11-08,146.94898986816406
2021-11-09,147.31040954589844
2021-11-10,144.48745727539062
2021-11-11,144.43861389160156
2021-11-12,146.50941467285156
2021-11-15,146.51918029785156
2021-11-16,147.4959716796875
2021-11-17,149.92820739746094
2021-11-18,154.20654296875
2021-11-19,156.82437133789062
2021-11-22,157.28346252441406
2021-11-23,157.6644287109375
2021-11-24,158.18212890625
2021-11-26,153.17120361328125
2021-11-29,156.5216064453125
2021-11-30,161.4641571044922
2021-12-01,160.94644165039062
2021-12-02,159.9598846435547
2021-12-03,158.08445739746094
2021-12-06,161.48370361328125
2021-12-07,167.20767211914062
2021-12-08,171.0172119140625
2021-12-09,170.50926208496094
2021-12-10,175.28582763671875
2021-12-13,171.66192626953125
2021-12-14,170.28463745117188
2021-12-15,175.1392822265625
2021-12-16,168.26266479492188
2021-12-17,167.16864013671875
2021-12-20,165.8108673095703
2021-12-21,168.9757080078125
2021-12-22,171.56423950195312
2021-12-23,172.18936157226562
2021-12-27,176.14537048339844
2021-12-28,175.1295166015625
2021-12-29,175.21743774414062
2021-12-30,174.0648193359375
2021-12-31,173.449462890625
2022-01-03,177.786376953125
2022-01-04,175.530029296875
2022-01-05,170.8609161376953
2022-01-06,168.0086669921875
2022-01-07,168.1747589111328
2022-01-10,168.19430541992188
2022-01-11,171.0172119140625
2022-01-12,171.45677185058594
2022-01-13,168.19430541992188
2022-01-14,169.05386352539062
2022-01-18,165.85971069335938
2022-01-19,162.3726043701172
2022-01-20,160.69247436523438
2022-01-21,158.6411895751953
2022-01-24,157.8695526123047
2022-01-25,156.07223510742188
2022-01-26,155.98435974121094
2022-01-27,155.5252227783203
2022-01-28,166.37744140625
2022-01-31,170.7241973876953
2022-02-01,170.55810546875
2022-02-02,171.75955200195312
2022-02-03,168.88783264160156
2022-02-04,168.60414123535156
2022-02-07,167.89022827148438
2022-02-08,170.99061584472656
2022-02-09,172.4087371826172
2022-02-10,168.34010314941406
2022-02-11,164.9364776611328
2022-02-14,165.17124938964844
2022-02-15,168.99537658691406
2022-02-16,168.76063537597656
2022-02-17,165.17124938964844
2022-02-18,163.62594604492188
2022-02-22,160.71141052246094
2022-02-23,156.5547332763672
2022-02-24,159.1660919189453
2022-02-25,161.229736328125
2022-02-28,161.49383544921875
2022-03-01,159.615966796875
2022-03-02,162.9022216796875
2022-03-03,162.57943725585938
2022-03-04,159.5866241455078
2022-03-07,155.80166625976562
2022-03-08,153.9824981689453
2022-03-09,159.37147521972656
2022-03-10,155.03875732421875
2022-03-11,151.33203125
2022-03-14,147.31227111816406
2022-03-15,151.68411254882812
2022-03-16,156.08526611328125
2022-03-17,157.09263610839844
2022-03-18,160.3788604736328
2022-03-21,161.74815368652344
2022-03-22,165.11260986328125
2022-03-23,166.47206115722656
2022-03-24,170.24729919433594
2022-03-25,170.8829803466797
2022-03-28,171.74371337890625
2022-03-29,175.0298614501953
2022-03-30,173.8660125732422
2022-03-31,170.77542114257812
2022-04-01,170.48196411132812
2022-04-04,174.52130126953125
2022-04-05,171.2154998779297
2022-04-06,168.0564727783203
2022-04-07,168.35964965820312
2022-04-08,166.35472106933594
2022-04-11,162.1099853515625
2022-04-12,163.9780731201172
2022-04-13,166.65786743164062
2022-04-14,161.6600341796875
2022-04-18,161.44493103027344
2022-04-19,163.72372436523438
2022-04-20,163.55747985839844
2022-04-21,162.76528930664062
2022-04-22,158.23695373535156
2022-04-25,159.3030242919922
2022-04-26,153.3565216064453
2022-04-27,153.131591796875
2022-04-28,160.0463104248047
2022-04-29,154.1878662109375
2022-05-02,154.4910888671875
2022-05-03,155.97769165039062
2022-05-04,162.37405395507812
2022-05-05,153.3271942138672
2022-05-06,154.05198669433594
2022-05-09,148.9391632080078
2022-05-10,151.3388214111328
2022-05-11,143.49325561523438
2022-05-12,139.63412475585938
2022-05-13,144.09071350097656
2022-05-16,142.5529327392578
2022-05-17,146.17703247070312
2022-05-18,137.92982482910156
2022-05-19,134.5310821533203
2022-05-20,134.76614379882812
2022-05-23,140.17283630371094
2022-05-24,137.47927856445312
2022-05-25,137.635986328125
2022-05-26,140.82907104492188
2022-05-27,146.5688018798828
2022-05-31,145.78526306152344
2022-06-01,145.6578826904297
2022-06-02,148.10658264160156
2022-06-03,142.39622497558594
2022-06-06,143.140625
2022-06-07,145.6578826904297
2022-06-08,144.92330932617188
2022-06-09,139.71249389648438
2022-06-10,134.31553649902344
2022-06-13,129.17332458496094
2022-06-14,130.03521728515625
2022-06-15,132.6504669189453
2022-06-16,127.39065551757812
2022-06-17,128.85987854003906
2022-06-21,133.08143615722656
2022-06-22,132.57208251953125
2022-06-23,135.4321746826172
2022-06-24,138.7525634765625
2022-06-27,138.7525634765625
2022-06-28,134.6192169189453
2022-06-29,136.3724822998047
2022-06-30,133.91395568847656
2022-07-01,136.07864379882812
2022-07-05,138.65467834472656
2022-07-06,139.98675537109375
2022-07-07,143.34632873535156
2022-07-08,144.0221405029297
2022-07-11,141.89669799804688
2022-07-12,142.8664093017578
2022-07-13,142.5039825439453
2022-07-14,145.42282104492188
2022-07-15,147.08795166015625
2022-07-18,144.05154418945312
2022-07-19,147.90090942382812
2022-07-20,149.8990020751953
2022-07-21,152.16165161132812
2022-07-22,150.92747497558594
2022-07-25,149.81085205078125
2022-07-26,148.4885711669922
2022-07-27,153.57208251953125
2022-07-28,154.12057495117188
2022-07-29,159.17466735839844
2022-08-01,158.1951904296875
2022-08-02,156.72596740722656
2022-08-03,162.7203826904297
2022-08-04,162.40692138671875
2022-08-05,162.1813507080078
2022-08-08,161.71054077148438
2022-08-09,161.75958251953125
2022-08-10,165.99684143066406
2022-08-11,165.26116943359375
2022-08-12,168.80201721191406
2022-08-15,169.87109375
2022-08-16,169.71417236328125
2022-08-17,171.20506286621094
2022-08-18,170.8126678466797
2022-08-19,168.2330780029297
2022-08-22,164.35882568359375
2022-08-23,164.0253143310547
2022-08-24,164.31954956054688
2022-08-25,166.7716827392578
2022-08-26,160.48451232910156
2022-08-29,158.28744506835938
2022-08-30,155.86474609375
2022-08-31,154.2071533203125
2022-09-01,154.93296813964844
2022-09-02,152.82415771484375
2022-09-06,151.56866455078125
2022-09-07,152.97129821777344
2022-09-08,151.5000457763672
2022-09-09,154.35426330566406
2022-09-12,160.2981414794922
2022-09-13,150.89193725585938
2022-09-14,152.33372497558594
2022-09-15,149.45008850097656
2022-09-16,147.81207275390625
2022-09-19,151.51963806152344
2022-09-20,153.8932647705078
2022-09-21,150.77423095703125
2022-09-22,149.81297302246094
2022-09-23,147.54722595214844
2022-09-26,147.88072204589844
2022-09-27,148.85179138183594
2022-09-28,146.96856689453125
2022-09-29,139.74961853027344
2022-09-30,135.5516357421875
2022-10-03,139.72015380859375
2022-10-04,143.30026245117188
2022-10-05,143.59446716308594
2022-10-06,142.64303588867188
2022-10-07,137.40541076660156
2022-10-10,137.72911071777344
2022-10-11,136.3166961669922
2022-10-12,135.68894958496094
2022-10-13,140.2498779296875
2022-10-14,135.72817993164062
2022-10-17,139.6809539794922
2022-10-18,140.9952850341797
2022-10-19,141.1031494140625
2022-10-20,140.6421661376953
2022-10-21,144.44784545898438
2022-10-24,146.5860137939453
2022-10-25,149.420654296875
2022-10-26,146.48794555664062
2022-10-27,142.02517700195312
2022-10-28,152.7555389404297
2022-10-31,150.4014892578125
2022-11-01,147.76307678222656
2022-11-02,142.250732421875
2022-11-03,136.2185821533203
2022-11-04,135.9533233642578
2022-11-07,136.48387145996094
2022-11-08,137.05369567871094
2022-11-09,132.50489807128906
2022-11-10,144.29446411132812
2022-11-11,147.07481384277344
2022-11-14,145.67971801757812
2022-11-15,147.40884399414062
2022-11-16,146.1807861328125
2022-11-17,148.0769500732422
2022-11-18,148.63693237304688
2022-11-21,145.4144287109375
2022-11-22,147.54640197753906
2022-11-23,148.42080688476562
2022-11-25,145.5127410888672
2022-11-28,141.69091796875
2022-11-29,138.69439697265625
2022-11-30,145.4341278076172
2022-12-01,145.70919799804688
2022-12-02,145.21795654296875
2022-12-05,144.05868530273438
2022-12-06,140.4039306640625
2022-12-07,138.46847534179688
2022-12-08,140.1484375
2022-12-09,139.6670684814453
2022-12-12,141.95620727539062
2022-12-13,142.91897583007812
2022-12-14,140.6986541748047
2022-12-15,134.1063232421875
2022-12-16,132.1511993408203
2022-12-19,130.0487518310547
2022-12-20,129.97998046875
2022-12-21,133.07469177246094
2022-12-22,129.9111785888672
2022-12-23,129.5476837158203
2022-12-27,127.74976348876953
2022-12-28,123.82970428466797
2022-12-29,127.33715057373047
2022-12-30,127.65149688720703
2023-01-03,122.8767318725586
2023-01-04,124.14410400390625
2023-01-05,122.82762145996094
2023-01-06,127.34696197509766
2023-01-09,127.86763763427734
2023-01-10,128.4375
2023-01-11,131.14907836914062
2023-01-12,131.0705108642578
2023-01-13,132.39678955078125
2023-01-17,133.55609130859375
2023-01-18,132.83889770507812
2023-01-19,132.89788818359375
2023-01-20,135.4522247314453
2023-01-23,138.63548278808594
2023-01-24,140.0305633544922
2023-01-25,139.37229919433594
2023-01-26,141.43548583984375
2023-01-27,143.37094116210938
2023-01-30,140.4923095703125
2023-01-31,141.75965881347656
2023-02-01,142.8796844482422
2023-02-02,148.17520141601562
2023-02-03,151.79066467285156
2023-02-06,149.0692138671875
2023-02-07,151.93800354003906
2023-02-08,149.25592041015625
2023-02-09,148.22427368164062
2023-02-10,148.58839416503906
2023-02-13,151.3828582763672
2023-02-14,150.7432403564453
2023-02-15,152.839111328125
2023-02-16,151.24508666992188
2023-02-17,150.1036834716797
2023-02-21,146.09893798828125
2023-02-22,146.52206420898438
2023-02-23,147.0041961669922
2023-02-24,144.35733032226562
2023-02-27,145.54791259765625
2023-02-28,145.0460968017578
2023-03-01,142.9797821044922
2023-03-02,143.57015991210938
2023-03-03,148.60804748535156
2023-03-06,151.36314392089844
2023-03-07,149.16891479492188
2023-03-08,150.4185333251953
2023-03-09,148.1751251220703
2023-03-10,146.11862182617188
2023-03-13,148.05703735351562
2023-03-14,150.14303588867188
2023-03-15,150.53663635253906
2023-03-16,153.3507537841797
2023-03-17,152.51437377929688
2023-03-20,154.87591552734375
2023-03-21,156.72576904296875
2023-03-22,155.2989959716797
2023-03-23,156.38137817382812
2023-03-24,157.68020629882812
2023-03-27,155.74179077148438
2023-03-28,155.12188720703125
2023-03-29,158.19186401367188
2023-03-30,159.75636291503906
2023-03-31,162.25563049316406
2023-04-03,163.50527954101562
2023-04-04,162.9739227294922
2023-04-05,161.13392639160156
2023-04-06,162.01947021484375
2023-04-10,159.43167114257812
2023-04-11,158.22137451171875
2023-04-12,157.53260803222656
2023-04-13,162.90501403808594
2023-04-14,162.56065368652344
2023-04-17,162.58035278320312
2023-04-18,163.80044555664062
2023-04-19,164.94187927246094
2023-04-20,163.9776153564453
2023-04-21,162.3737030029297
2023-04-24,162.67872619628906
2023-04-25,161.14376831054688
2023-04-26,161.13392639160156
2023-04-27,165.70938110351562
2023-04-28,166.958984375
2023-05-01,166.8704071044922
2023-05-02,165.83726501464844
2023-05-03,164.76478576660156
2023-05-04,163.13134765625
2023-05-05,170.78662109375
2023-05-08,170.71771240234375
2023-05-09,169.0154571533203
2023-05-10,170.77676391601562
2023-05-11,170.96371459960938
2023-05-12,170.03749084472656
2023-05-15,169.5448455810547
2023-05-16,169.5448455810547
2023-05-17,170.1557159423828
2023-05-18,172.48110961914062
2023-05-19,172.5895233154297
2023-05-22,171.6436004638672
2023-05-23,169.04234313964844
2023-05-24,169.31825256347656
2023-05-25,170.4513397216797
2023-05-26,172.85552978515625
2023-05-30,174.69808959960938
2023-05-31,174.64883422851562
2023-06-01,177.44712829589844
2023-06-02,178.29452514648438
2023-06-05,176.9446258544922
2023-06-06,176.58006286621094
2023-06-07,175.21044921875
2023-06-08,177.9201202392578
2023-06-09,178.30438232421875
2023-06-12,181.09286499023438
2023-06-13,180.61990356445312
2023-06-14,181.25050354003906
2023-06-15,183.28028869628906
2023-06-16,182.20626831054688
2023-06-20,182.294921875
2023-06-21,181.26036071777344
2023-06-22,184.2557373046875
2023-06-23,183.94044494628906
2023-06-26,182.55111694335938
2023-06-27,185.30018615722656
2023-06-28,186.47271728515625
2023-06-29,186.80775451660156
2023-06-30,191.1234588623047
2023-07-03,189.63563537597656
2023-07-05,188.52218627929688
2023-07-06,188.99517822265625
2023-07-07,187.88172912597656
2023-07-10,185.84210205078125
2023-07-11,185.31988525390625
2023-07-12,186.985107421875
2023-07-13,187.74378967285156
2023-07-14,187.89161682128906
2023-07-17,191.14320373535156
2023-07-18,190.886962890625
2023-07-19,192.2368621826172
2023-07-20,190.29579162597656
2023-07-21,189.1232452392578
2023-07-24,189.92135620117188
2023-07-25,190.77857971191406
2023-07-26,191.64566040039062
2023-07-27,190.3844757080078
2023-07-28,192.95616149902344
2023-07-31,193.56704711914062
2023-08-01,192.7393798828125
2023-08-02,189.75384521484375
2023-08-03,188.3645477294922
2023-08-04,179.31927490234375
2023-08-07,176.22537231445312
2023-08-08,177.16139221191406
2023-08-09,175.57504272460938
2023-08-10,175.3582763671875
2023-08-11,175.41741943359375
2023-08-14,177.06517028808594
2023-08-15,175.08203125
2023-08-16,174.21372985839844
2023-08-17,171.67799377441406
2023-08-18,172.16151428222656
2023-08-21,173.49346923828125
2023-08-22,174.86489868164062
2023-08-23,178.70301818847656
2023-08-24,174.02627563476562
2023-08-25,176.2265167236328
2023-08-28,177.78546142578125
2023-08-29,181.6629638671875
2023-08-30,185.1458740234375
2023-08-31,185.36294555664062
2023-09-01,186.93173217773438
2023-09-05,187.1685028076172
2023-09-06,180.4691619873047
2023-09-07,175.19053649902344
2023-09-08,175.80224609375
2023-09-11,176.9665069580078
2023-09-12,173.9473419189453
2023-09-13,171.88523864746094
2023-09-14,173.39480590820312
2023-09-15,172.67454528808594
2023-09-18,175.59506225585938
2023-09-19,176.68038940429688
2023-09-20,173.14813232421875
2023-09-21,171.6089630126953
2023-09-22,172.45748901367188
2023-09-25,173.7302703857422
2023-09-26,169.66526794433594
2023-09-27,168.15567016601562
2023-09-28,168.4121856689453
2023-09-29,168.9252471923828
2023-10-02,171.43136596679688
2023-10-03,170.099365234375
2023-10-04,171.3425750732422
2023-10-05,172.57589721679688
2023-10-06,175.12147521972656
2023-10-09,176.6014862060547
2023-10-10,176.00942993164062
2023-10-11,177.400634765625
2023-10-12,178.29847717285156
2023-10-13,176.4633331298828
2023-10-16,176.33505249023438
2023-10-17,174.78598022460938
2023-10-18,173.49346923828125
2023-10-19,173.11856079101562
2023-10-20,170.572998046875
2023-10-23,170.69139099121094
2023-10-24,171.12551879882812
2023-10-25,168.81675720214844
2023-10-26,164.66290283203125
2023-10-27,165.9751434326172
2023-10-30,168.0175323486328
2023-10-31,168.4911651611328
2023-11-01,171.64845275878906
2023-11-02,175.20040893554688
2023-11-03,174.29269409179688
2023-11-06,176.83824157714844
2023-11-07,179.39366149902344
2023-11-08,180.4494171142578
2023-11-09,179.975830078125
2023-11-10,184.1548614501953
2023-11-13,182.57412719726562
2023-11-14,185.18235778808594
2023-11-15,185.74546813964844
2023-11-16,187.4250030517578
2023-11-17,187.40524291992188
2023-11-20,189.14402770996094
2023-11-21,188.3437957763672
2023-11-22,189.00572204589844
2023-11-24,187.6818389892578
2023-11-27,187.5040283203125
2023-11-28,188.10667419433594
2023-11-29,187.08909606933594
2023-11-30,187.66209411621094
2023-12-01,188.9365692138672
2023-12-04,187.1483612060547
2023-12-05,191.09030151367188
2023-12-06,190.00355529785156
2023-12-07,191.93006896972656
2023-12-08,193.35272216796875
2023-12-11,190.8531951904297
2023-12-12,192.36476135253906
2023-12-13,195.5756378173828
2023-12-14,195.72381591796875
2023-12-15,195.19033813476562
2023-12-18,193.5305633544922
2023-12-19,194.56790161132812
2023-12-20,192.4833221435547
2023-12-21,192.3351287841797
2023-12-22,191.2681427001953
2023-12-26,190.7247772216797
2023-12-27,190.82354736328125
2023-12-28,191.2483673095703
2023-12-29,190.2110137939453
2024-01-02,183.40402221679688
2024-01-03,182.03073120117188
2024-01-04,179.71896362304688
2024-01-05,178.99771118164062
2024-01-08,183.32498168945312
2024-01-09,182.9100341796875
2024-01-10,183.94740295410156
2024-01-11,183.3546142578125
2024-01-12,183.68063354492188
2024-01-16,181.41822814941406
2024-01-17,180.47967529296875
2024-01-18,186.3579864501953
2024-01-19,189.25270080566406
2024-01-22,191.5546417236328
2024-01-23,192.82911682128906
2024-01-24,192.1573028564453
2024-01-25,191.83128356933594
2024-01-26,190.10235595703125
2024-01-29,189.420654296875
2024-01-30,185.77508544921875
2024-01-31,182.178955078125
2024-02-01,184.60934448242188
2024-02-02,183.61148071289062
2024-02-05,185.41943359375
2024-02-06,187.0199432373047
2024-02-07,187.12860107421875
2024-02-08,186.0517120361328
2024-02-09,186.8134307861328
2024-02-12,185.13174438476562
2024-02-13,183.0444793701172
2024-02-14,182.16412353515625
2024-02-15,181.8772430419922
2024-02-16,180.3439178466797
2024-02-20,179.60206604003906
2024-02-21,180.35386657714844
2024-02-22,182.38174438476562
2024-02-23,180.55169677734375
2024-02-26,179.20635986328125
2024-02-27,180.66050720214844
2024-02-28,179.46356201171875
2024-02-29,178.80078125
2024-03-01,177.7225341796875
2024-03-04,173.2117156982422
2024-03-05,168.285400390625
2024-03-06,167.2961883544922
2024-03-07,167.177490234375
2024-03-08,168.88882446289062
2024-03-11,170.88705444335938
2024-03-12,171.36184692382812
2024-03-13,169.28453063964844
2024-03-14,171.13433837890625
2024-03-15,170.75845336914062
2024-03-18,171.84658813476562
2024-03-19,174.18113708496094
2024-03-20,176.74322509765625
2024-03-21,169.52191162109375
2024-03-22,170.422119140625
2024-03-25,169.00755310058594
2024-03-26,167.87982177734375
2024-03-27,171.44097900390625
2024-03-28,169.63075256347656
2024-04-01,168.19638061523438
2024-04-02,167.0192108154297
2024-04-03,167.8204803466797
2024-04-04,166.9994354248047
2024-04-05,167.751220703125
2024-04-08,166.63340759277344
2024-04-09,167.84024047851562
2024-04-10,165.97067260742188
2024-04-11,173.15234375
2024-04-12,174.64608764648438
2024-04-15,170.82769775390625
2024-04-16,167.55340576171875
2024-04-17,166.1882781982422
2024-04-18,165.2386474609375
2024-04-19,163.22064208984375
2024-04-22,164.0515594482422
2024-04-23,165.10011291503906
2024-04-24,167.19725036621094
2024-04-25,168.05789184570312
2024-04-26,167.47422790527344
2024-04-29,171.6289520263672
2024-04-30,168.49314880371094
2024-05-01,167.47422790527344
2024-05-02,171.16400146484375
2024-05-03,181.40240478515625
2024-05-06,179.7504425048828
2024-05-07,180.43296813964844
2024-05-08,180.7693328857422
2024-05-09,182.57960510253906
2024-05-10,181.32159423828125
2024-05-13,184.52108764648438
2024-05-14,185.6602020263672
2024-05-15,187.9285888671875
2024-05-16,188.04745483398438
2024-05-17,188.07717895507812
2024-05-20,189.2361297607422
2024-05-21,190.53375244140625
2024-05-22,189.09744262695312
2024-05-23,185.1154022216797
2024-05-24,188.18612670898438
2024-05-28,188.19606018066406
2024-05-29,188.49319458007812
2024-05-30,189.48374938964844
2024-05-31,190.4346923828125
2024-06-03,192.19789123535156
2024-06-04,192.514892578125
2024-06-05,194.0205078125
2024-06-06,192.64364624023438
2024-06-07,195.0308837890625
2024-06-10,191.29647827148438
2024-06-11,205.19400024414062
2024-06-12,211.05810546875
2024-06-13,212.217041015625
2024-06-14,210.48358154296875
2024-06-17,214.62413024902344
2024-06-18,212.26658630371094
2024-06-20,207.70010375976562
2024-06-21,205.5308074951172
2024-06-24,206.17465209960938
2024-06-25,207.09588623046875
2024-06-26,211.2364044189453
2024-06-27,212.078369140625
2024-06-28,208.63124084472656
2024-07-01,214.703369140625
2024-07-02,218.1901397705078
2024-07-03,219.45803833007812
2024-07-05,224.2028045654297
2024-07-08,225.6688232421875
2024-07-09,226.52073669433594
2024-07-10,230.78013610839844
2024-07-11,225.4212188720703
2024-07-12,228.3631591796875
2024-07-15,232.18670654296875
2024-07-16,232.60272216796875
2024-07-17,226.7188720703125
2024-07-18,222.06320190429688
2024-07-19,222.19198608398438
2024-07-22,221.8452606201172
2024-07-23,222.88536071777344
2024-07-24,216.47642517089844
2024-07-25,215.43637084960938
2024-07-26,215.90194702148438
2024-07-29,216.17929077148438
2024-07-30,216.73402404785156
2024-07-31,219.98304748535156
2024-08-01,216.29818725585938
2024-08-02,217.78399658203125
2024-08-05,207.2939910888672
2024-08-06,205.27325439453125
2024-08-07,207.8388214111328
2024-08-08,211.29586791992188
2024-08-09,214.19821166992188
2024-08-12,215.7254180908203
2024-08-13,219.43438720703125
2024-08-14,219.88067626953125
2024-08-15,222.85574340820312
2024-08-16,224.1747283935547
2024-08-19,224.0160369873047
2024-08-20,224.6309051513672
2024-08-21,224.52182006835938
2024-08-22,222.66734313964844
2024-08-23,224.95819091796875
2024-08-26,225.2953643798828
2024-08-27,226.1383056640625
2024-08-28,224.61109924316406
2024-08-29,227.88369750976562
2024-08-30,227.1002655029297
2024-09-03,220.92198181152344
2024-09-04,219.0178680419922
2024-09-05,220.5352020263672
2024-09-06,218.98814392089844
2024-09-09,219.07737731933594
2024-09-10,218.28402709960938
2024-09-11,220.81288146972656
2024-09-12,220.92198181152344
2024-09-13,220.65419006347656
2024-09-16,214.5254669189453
2024-09-17,214.9915313720703
2024-09-18,218.85919189453125
2024-09-19,226.9713134765625
2024-09-20,226.306884765625
2024-09-23,224.59124755859375
2024-09-24,225.48379516601562
2024-09-25,224.49208068847656
2024-09-26,225.63253784179688
2024-09-27,225.90029907226562
2024-09-30,231.06707763671875
2024-10-01,224.3334197998047
2024-10-02,224.898681640625
2024-10-03,223.79788208007812
2024-10-04,224.9185028076172
2024-10-07,219.8509063720703
2024-10-08,223.8970489501953
2024-10-09,227.6357421875
2024-10-10,227.13992309570312
2024-10-11,225.6623077392578
2024-10-14,229.3811798095703
2024-10-15,231.91001892089844
2024-10-16,229.85720825195312
2024-10-17,230.22410583496094
2024-10-18,233.0504913330078
2024-10-21,234.51820373535156
2024-10-22,233.90333557128906
2024-10-23,228.8456268310547
2024-10-24,228.65724182128906
2024-10-25,229.4902801513672
2024-10-28,231.46372985839844
2024-10-29,231.7315216064453
2024-10-30,228.19113159179688
2024-10-31,224.03590393066406
2024-11-01,221.060791015625
2024-11-04,220.16824340820312
2024-11-05,221.59629821777344
2024-11-06,220.87234497070312
2024-11-07,225.5928955078125
2024-11-08,225.32481384277344
2024-11-11,222.61447143554688
2024-11-12,222.61447143554688
2024-11-13,223.49806213378906
2024-11-14,226.57574462890625
2024-11-15,223.37892150878906
2024-11-18,226.37716674804688
2024-11-19,226.6352996826172
2024-11-20,227.35012817382812
2024-11-21,226.87355041503906
2024-11-22,228.21385192871094
2024-11-25,231.19223022460938
2024-11-26,233.366455078125
2024-11-27,233.2373809814453
2024-11-29,235.62010192871094
2024-12-02,237.86383056640625
2024-12-03,240.90176391601562
2024-12-04,241.25917053222656
2024-12-05,241.28895568847656
2024-12-06,241.09039306640625
2024-12-09,244.97222900390625
2024-12-10,245.98487854003906
2024-12-11,244.71409606933594
2024-12-12,246.17349243164062
2024-12-13,246.34228515625
2024-12-16,249.23129272460938
2024-12-17,251.6537322998047
2024-12-18,246.2628936767578
2024-12-19,247.9903106689453
2024-12-20,252.65646362304688
2024-12-23,253.43084716796875
2024-12-24,256.3397216796875
2024-12-26,257.15380859375
2024-12-27,253.74855041503906
2024-12-30,250.3829803466797
2024-12-31,248.61578369140625
2025-01-02,242.09312438964844
2025-01-03,241.60665893554688
2025-01-06,243.23483276367188
2025-01-07,240.46495056152344
2025-01-08,240.95138549804688
2025-01-10,235.1435546875
2025-01-13,232.71121215820312
2025-01-14,231.5992889404297
2025-01-15,236.15621948242188
2025-01-16,226.61544799804688
2025-01-17,228.3230438232422
2025-01-21,221.0359344482422
2025-01-22,222.21737670898438
2025-01-23,222.048583984375
2025-01-24,221.1749267578125
2025-01-27,228.20391845703125
2025-01-28,236.54339599609375
2025-01-29,237.63548278808594
2025-01-30,235.87823486328125
2025-01-31,234.2996826171875
2025-02-03,226.3672332763672
2025-02-04,231.1227264404297
2025-02-05,230.79513549804688
2025-02-06,231.5397186279297
2025-02-07,225.989990234375
2025-02-10,226.25833129882812
2025-02-11,231.19793701171875
2025-02-12,235.4219512939453
2025-02-13,240.05349731445312
2025-02-14,243.10472106933594
2025-02-18,242.9755096435547
2025-02-19,243.37306213378906
2025-02-20,244.3271942138672
2025-02-21,244.0489044189453
2025-02-24,245.58944702148438
2025-02-25,245.52978515625
2025-02-26,238.89064025878906
2025-02-27,235.849365234375
2025-02-28,240.36158752441406
2025-03-03,236.5748748779297
2025-03-04,234.48770141601562
2025-03-05,234.2988739013672
2025-03-06,233.89138793945312
2025-03-07,237.60853576660156
2025-03-10,226.0894012451172
2025-03-11,219.48997497558594
2025-03-12,215.653564453125
2025-03-13,208.398193359375
2025-03-14,212.18490600585938
2025-03-17,212.69180297851562
2025-03-18,211.38978576660156
2025-03-19,213.9241943359375
2025-03-20,212.79116821289062
2025-03-21,216.9356689453125
2025-03-24,219.38064575195312
2025-03-25,222.38218688964844
2025-03-26,220.17576599121094
2025-03-27,222.48158264160156
2025-03-28,216.5679473876953
2025-03-31,220.77207946777344
2025-04-01,221.8256072998047
2025-04-02,222.52133178710938
2025-04-03,201.94786071777344
2025-04-04,187.22840881347656
2025-04-07,180.35069274902344
2025-04-08,171.365966796875
2025-04-09,197.6343994140625
2025-04-10,189.2559356689453
2025-04-11,196.9386749267578
2025-04-14,201.28196716308594
2025-04-15,200.904296875
2025-04-16,193.08241271972656
2025-04-17,195.77581787109375
2025-04-21,191.97918701171875
2025-04-22,198.51895141601562
2025-04-23,203.34927368164062
2025-04-24,207.09620666503906
2025-04-25,208.00062561035156
2025-04-28,208.8553924560547
2025-04-29,209.91883850097656
2025-04-30,211.20095825195312
2025-05-01,212.01596069335938
2025-05-02,204.09466552734375
2025-05-05,197.67413330078125
2025-05-06,197.2964630126953
2025-05-07,195.05029296875
2025-05-08,196.28269958496094
2025-05-09,197.31634521484375
2025-05-12,209.776123046875
2025-05-13,211.90582275390625
2025-05-14,211.30873107910156
2025-05-15,210.43295288085938
2025-05-16,210.24386596679688
2025-05-19,207.7758026123047
2025-05-20,205.8650360107422
2025-05-21,201.1179656982422
2025-05-22,200.3914794921875
2025-05-23,194.33078002929688
2025-05-27,199.24703979492188
2025-05-28,199.4560089111328
2025-05-29,198.98826599121094
2025-05-30,199.88394165039062
2025-06-02,200.72984313964844
2025-06-03,202.29229736328125
2025-06-04,201.844482421875
2025-06-05,199.66500854492188
2025-06-06,202.93917846679688
2025-06-09,200.4810791015625
2025-06-10,201.6951904296875
2025-06-11,197.8238983154297
2025-06-12,198.24188232421875
2025-06-13,195.50509643554688
2025-06-16,197.46563720703125
2025-06-17,194.69900512695312
2025-06-18,195.63449096679688
2025-06-20,200.03321838378906
2025-06-23,200.5308380126953
2025-06-24,199.33660888671875
2025-06-25,200.59051513671875
2025-06-26,200.03321838378906
2025-06-27,200.11282348632812
2025-06-30,204.1831512451172
2025-07-01,206.82041931152344
2025-07-02,211.418212890625
2025-07-03,212.52284240722656
2025-07-07,208.94017028808594
2025-07-08,208.99989318847656
2025-07-09,210.12445068359375
2025-07-10,211.38833618164062
2025-07-11,210.1443634033203
2025-07-14,207.6165771484375
2025-07-15,208.10423278808594
2025-07-16,209.14918518066406
2025-07-17,209.0098419189453
2025-07-18,210.1642303466797
2025-07-21,211.4580078125
2025-07-22,213.36875915527344
2025-07-23,213.11996459960938
2025-07-24,212.73184204101562
2025-07-25,212.8512725830078
2025-07-28,213.0204620361328
2025-07-29,210.25384521484375
2025-07-30,208.0444793701172
2025-07-31,206.57162475585938
2025-08-01,201.40660095214844
2025-08-04,202.37193298339844
2025-08-05,201.94400024414062
2025-08-06,212.22430419921875
2025-08-07,218.97169494628906
2025-08-08,228.2468719482422
2025-08-11,226.34388732910156
2025-08-12,228.80479431152344
2025-08-13,232.47125244140625
2025-08-14,231.92327880859375
2025-08-15,230.73764038085938
2025-08-18,230.04022216796875
2025-08-19,229.71144104003906
2025-08-20,225.17820739746094
2025-08-21,224.07228088378906
2025-08-22,226.92176818847656
2025-08-25,226.323974609375
2025-08-26,228.46604919433594
2025-08-27,229.6417236328125
2025-08-28,231.70408630371094
2025-08-29,231.28562927246094
2025-09-02,228.8745574951172
2025-09-03,237.59234619140625
2025-09-04,238.89752197265625
2025-09-05,238.80784606933594
2025-09-08,237.0045166015625
2025-09-09,233.48751831054688
2025-09-10,225.955322265625
2025-09-11,229.18341064453125
2025-09-12,233.2085418701172
2025-09-15,235.828857421875
2025-09-16,237.27349853515625
2025-09-17,238.11044311523438
2025-09-18,237.0045166015625
2025-09-19,244.59646606445312
2025-09-22,255.13751220703125
2025-09-23,253.4936065673828
2025-09-24,251.3813934326172
2025-09-25,255.9246063232422
2025-09-26,254.51980590820312
2025-09-29,253.4936065673828
2025-09-30,253.69285583496094
2025-10-01,254.5098419189453
2025-10-02,256.1836853027344
2025-10-03,257.07037353515625
2025-10-06,255.74526977539062
2025-10-07,255.53607177734375
2025-10-08,257.1102294921875
2025-10-09,253.10504150390625
2025-10-10,244.3673095703125
2025-10-13,246.74851989746094
2025-10-14,246.85812377929688
2025-10-15,248.4223175048828
2025-10-16,246.53929138183594
2025-10-17,251.36148071289062
2025-10-20,261.27484130859375
2025-10-21,261.8028564453125
2025-10-22,257.498779296875
2025-10-23,258.6246032714844
2025-10-24,261.8527526855469
2025-10-27,267.8207092285156
2025-10-28,268.0099792480469
2025-10-29,268.7074279785156
2025-10-30,270.4011535644531
2025-10-31,269.37493896484375
2025-11-03,268.05975341796875
2025-11-04,269.0461730957031
2025-11-05,269.14581298828125
2025-11-06,268.7771301269531
2025-11-07,267.48193359375
2025-11-10,268.6986083984375
2025-11-11,274.5028381347656
2025-11-12,272.7276306152344
2025-11-13,272.2090759277344
2025-11-14,271.6705322265625
2025-11-17,266.73394775390625
2025-11-18,266.7140197753906
2025-11-19,267.8309631347656
2025-11-20,265.5272521972656
2025-11-21,270.7530212402344
2025-11-24,275.1710205078125
2025-11-25,276.2181396484375
2025-11-26,276.79656982421875
2025-11-28,278.093017578125
2025-12-01,282.33148193359375
2025-12-02,285.4131164550781
2025-12-03,283.378662109375
2025-12-04,279.93804931640625
2025-12-05,278.02325439453125
2025-12-08,277.1356506347656
2025-12-09,276.4275817871094
2025-12-10,278.02325439453125
2025-12-11,277.2752380371094
2025-12-12,277.52459716796875
2025-12-15,273.3658752441406
2025-12-16,273.8645324707031
2025-12-17,271.10205078125
2025-12-18,271.45111083984375
2025-12-19,272.9271240234375
2025-12-22,270.2344665527344
2025-12-23,271.62066650390625
2025-12-24,273.0667419433594
2025-12-26,272.6578063964844
2025-12-29,273.0168762207031
2025-12-30,272.33868408203125
2025-12-31,271.12200927734375
2026-01-02,270.2743225097656
2026-01-05,266.5345153808594
2026-01-06,261.6477966308594
2026-01-07,259.623291015625
2026-01-08,258.33685302734375
2026-01-09,258.6659240722656
2026-01-12,259.54351806640625
2026-01-13,260.3413391113281
2026-01-14,259.25433349609375
2026-01-15,257.5090637207031
2026-01-16,254.8363494873047
2026-01-20,246.0303192138672
2026-01-21,246.97775268554688
2026-01-22,247.67584228515625
2026-01-23,247.36668395996094
2026-01-26,254.7166748046875
2026-01-27,257.5688781738281
2026-01-28,255.74388122558594
2026-01-29,257.5788879394531
2026-01-30,258.775634765625
2026-02-02,269.2770690917969
2026-02-03,268.7485046386719
2026-02-04,275.73944091796875
2026-02-05,275.1610107421875
2026-02-06,277.3650207519531
2026-02-09,274.13079833984375
2026-02-10,273.19244384765625
2026-02-11,275.00921630859375
2026-02-12,261.2637634277344
2026-02-13,255.32435607910156
2026-02-17,263.4099426269531
2026-02-18,263.8791198730469
2026-02-19,260.11578369140625
2026-02-20,264.1086730957031
2026-02-23,265.705810546875
2026-02-24,271.6552429199219
2026-02-25,273.74151611328125
2026-02-26,272.4637756347656
2026-02-27,263.70941162109375
2026-03-02,264.2484130859375
2026-03-03,263.2801818847656
2026-03-04,262.0523376464844
2026-03-05,259.8263244628906
2026-03-06,257.0013427734375
2026-03-09,259.41705322265625
2026-03-10,260.3653564453125
2026-03-11,260.34539794921875
2026-03-12,255.3043975830078
2026-03-13,249.6744384765625
2026-03-16,252.36964416503906
2026-03-17,253.77711486816406
2026-03-18,249.49476623535156
2026-03-19,248.5165252685547
2026-03-20,247.54823303222656
2026-03-23,251.04200744628906
2026-03-24,251.1917266845703
2026-03-25,252.16998291015625
2026-03-26,252.43951416015625
2026-03-27,248.35679626464844
2026-03-30,246.19065856933594
2026-03-31,253.33790588378906
2026-04-01,255.1746368408203
2026-04-02,255.464111328125
2026-04-06,258.39886474609375
2026-04-07,253.0484161376953
2026-04-08,258.4388122558594
2026-04-09,260.0259704589844
2026-04-10,260.0159912109375
2026-04-13,258.73828125
2026-04-14,258.3689270019531
2026-04-15,265.95538330078125
2026-04-16,262.9307861328125
2026-04-17,269.7486267089844
2026-04-20,272.5635681152344
2026-04-21,265.69586181640625
2026-04-22,272.68341064453125
2026-04-23,272.9429016113281
2026-04-24,270.5771179199219
2026-04-27,267.1332702636719
2026-04-28,270.2277526855469
2026-04-29,269.688720703125
2026-04-30,270.86663818359375
2026-05-01,279.6409912109375
2026-05-04,276.3368225097656
2026-05-05,283.67376708984375
2026-05-06,286.99786376953125
2026-05-07,286.927978515625
2026-05-08,292.7974853515625
2026-05-11,292.42779541015625
2026-05-12,294.54595947265625
2026-05-13,298.6124572753906
2026-05-14,297.9530334472656
2026-05-15,299.9713134765625
2026-05-18,297.5833435058594
2026-05-19,298.7123718261719
2026-05-20,301.98956298828125
2026-05-21,304.7271728515625
2026-05-22,308.55389404296875
2026-05-26,308.0643005371094
2026-05-27,310.5821533203125
2026-05-28,312.24072265625
2026-05-29,311.7911071777344
2026-06-01,306.0460510253906
2026-06-02,314.92840576171875
2026-06-03,309.9926452636719
2026-06-04,310.9618225097656
2026-06-05,307.0751647949219
2026-06-08,301.2801818847656
2026-06-09,290.29962158203125
2026-06-10,291.3287353515625
2026-06-11,295.375244140625
2026-06-12,290.879150390625
2026-06-15,296.1645812988281
2026-06-16,298.9821472167969
2026-06-17,295.6949768066406
2026-06-18,297.7532043457031
2026-06-22,296.75408935546875
2026-06-23,294.04638671875
2026-06-24,292.8274230957031
2026-06-25,274.91290283203125
2026-06-26,283.53546142578125
2026-06-29,281.4972229003906
2026-06-30,289.11065673828125
2026-07-01,294.1263427734375
2026-07-02,308.3640441894531
2026-07-06,312.3905944824219
2026-07-07,310.3923034667969
2026-07-08,313.1199645996094
2026-07-09,315.947509765625
2026-07-10,315.0483093261719
2026-07-13,317.03656005859375
2026-07-14,314.58868408203125
2026-07-15,327.2178039550781
2026-07-16,332.97283935546875
2026-07-17,333.452392578125
2026-07-20,326.3085632324219
2026-07-21,327.45758056640625
2026-07-22,325.60919189453125
2026-07-23,321.3828430175781
2026-07-24,332.7330322265625
2026-07-27,336.61968994140625
2026-07-28,339.78692626953125
2026-07-29,337.8985900878906
2026-07-30,333.1426696777344
2026-07-31,308.6438293457031
2026-08-03,303.1585693359375
2026-08-04,309.1134033203125
2026-08-05,310.7320251464844
2026-08-06,312.14080810546875
2026-08-07,313.05999755859375
2026-08-10,308.260009765625
2026-08-11,304.9100036621094
2026-08-12,302.25
2026-08-13,305.260009765625
2026-08-14,305.92999267578125
2026-08-17,305.5899963378906
2026-08-18,310.0299987792969
2026-08-19,316.8299865722656
2026-08-20,311.29998779296875
2026-08-21,309.3500061035156
2026-08-24,310.3399963378906
2026-08-25,309.8999938964844
2026-08-26,313.45001220703125
2026-08-27,314.5799865722656
2026-08-28,319.70001220703125
2026-08-31,316.8500061035156
2026-09-01,325.1300048828125
2026-09-02,324.9599914550781
2026-09-03,328.2099914550781
2026-09-04,319.9700012207031
2026-09-08,316.2200012207031
2026-09-09,315.3399963378906
2026-09-10,326.57000732421875
2026-09-11,332.2699890136719
2026-09-14,333.0799865722656
2026-09-15,331.3399963378906
2026-09-16,332.4100036621094
2026-09-17,337.0
2026-09-18,336.1300048828125
2026-09-21,338.9800109863281
2026-09-22,339.75
2026-09-23,337.0199890136719
2026-09-24,335.9200134277344
2026-09-25,341.07000732421875
2026-09-28,338.3999938964844
2026-09-29,329.3999938964844
