date,close
2011-05-19,526.6356811523438
2011-05-20,520.6737670898438
2011-05-23,510.73724365234375
2011-05-24,521.6675415039062
2011-05-25,518.8851318359375
2011-05-26,518.1895141601562
2011-05-27,520.3756713867188
2011-05-31,527.7285766601562
2011-06-01,510.637939453125
2011-06-02,507.6569519042969
2011-06-03,501.7942810058594
2011-06-06,511.7309265136719
2011-06-07,516.89794921875
2011-06-08,508.2531433105469
2011-06-09,511.7309265136719
2011-06-10,506.1665344238281
2011-06-13,520.07763671875
2011-06-14,496.82611083984375
2011-06-15,469.9975891113281
2011-06-16,472.7797546386719
2011-06-17,478.9403991699219
2011-06-20,476.1083984375
2011-06-21,492.0069274902344
2011-06-22,486.88958740234375
2011-06-23,463.68780517578125
2011-06-24,468.0101623535156
2011-06-27,472.53143310546875
2011-06-28,483.2627868652344
2011-06-29,483.46148681640625
2011-06-30,487.8831787109375
2011-07-01,485.8959655761719
2011-07-04,477.996337890625
2011-07-05,482.91497802734375
2011-07-06,491.06292724609375
2011-07-07,499.8070068359375
2011-07-08,494.0439758300781
2011-07-11,487.3864440917969
2011-07-12,492.7025146484375
2011-07-13,497.2235107421875
2011-07-14,488.8769226074219
2011-07-15,493.74578857421875
2011-07-18,484.9023132324219
2011-07-19,485.2003479003906
2011-07-20,478.9403991699219
2011-07-21,476.9530334472656
2011-07-22,477.3008728027344
2011-07-25,481.27545166015625
2011-07-26,476.9530334472656
2011-07-27,474.6179504394531
2011-07-28,473.4256896972656
2011-07-29,472.6803894042969
2011-08-01,470.0472106933594
2011-08-02,455.5398864746094
2011-08-03,423.6436462402344
2011-08-04,388.5179748535156
2011-08-05,405.8076171875
2011-08-08,378.0350341796875
2011-08-09,376.5445556640625
2011-08-10,360.69580078125
2011-08-11,380.2707824707031
2011-08-12,404.1183776855469
2011-08-15,404.5157775878906
2011-08-16,393.486328125
2011-08-17,392.4925842285156
2011-08-18,353.1937561035156
2011-08-19,345.7413330078125
2011-08-22,352.7464904785156
2011-08-23,365.1175842285156
2011-08-24,387.1268310546875
2011-08-25,386.03387451171875
2011-08-26,374.75592041015625
2011-08-30,397.0137634277344
2011-08-31,418.7748107910156
2011-09-01,415.59503173828125
2011-09-02,387.8721618652344
2011-09-05,374.0605163574219
2011-09-06,382.7548522949219
2011-09-07,403.2267761230469
2011-09-08,433.7855224609375
2011-09-09,411.4254455566406
2011-09-12,405.1646728515625
2011-09-13,408.1957702636719
2011-09-14,417.9843444824219
2011-09-15,434.5309143066406
2011-09-16,451.872314453125
2011-09-19,434.2824401855469
2011-09-20,448.74188232421875
2011-09-21,433.53704833984375
2011-09-22,412.419189453125
2011-09-23,409.8353576660156
2011-09-26,412.02166748046875
2011-09-27,442.0339050292969
2011-09-28,420.3694763183594
2011-09-29,406.7049255371094
2011-09-30,400.3943786621094
2011-10-03,387.6740417480469
2011-10-04,394.5311584472656
2011-10-05,410.4316711425781
2011-10-06,429.4625549316406
2011-10-07,419.3757019042969
2011-10-10,422.00921630859375
2011-10-11,417.38818359375
2011-10-12,422.8042297363281
2011-10-13,432.9904479980469
2011-10-14,419.8725280761719
2011-10-17,405.46270751953125
2011-10-18,399.5000915527344
2011-10-19,404.9659118652344
2011-10-20,393.0902404785156
2011-10-21,400.9906005859375
2011-10-24,416.29498291015625
2011-10-25,405.46270751953125
2011-10-26,401.2392272949219
2011-10-27,441.1395263671875
2011-10-28,447.20159912109375
2011-10-31,435.2761535644531
2011-11-01,413.9099426269531
2011-11-02,432.8911437988281
2011-11-03,437.3134765625
2011-11-04,431.8973693847656
2011-11-07,432.9904479980469
2011-11-08,445.2139587402344
2011-11-09,437.7606506347656
2011-11-10,432.7917175292969
2011-11-11,437.2637939453125
2011-11-14,425.835205078125
2011-11-15,410.0838317871094
2011-11-16,402.58074951171875
2011-11-17,410.33221435546875
2011-11-18,396.2206115722656
2011-11-21,372.76739501953125
2011-11-22,368.69293212890625
2011-11-23,377.636962890625
2011-11-24,379.7734680175781
2011-11-25,371.47540283203125
2011-11-28,382.00946044921875
2011-11-29,377.7362365722656
2011-11-30,396.0217590332031
2011-12-01,389.8107604980469
2011-12-02,408.39447021484375
2011-12-05,422.307373046875
2011-12-06,407.5993957519531
2011-12-07,402.38201904296875
2011-12-08,396.568359375
2011-12-09,402.18328857421875
2011-12-12,385.0903015136719
2011-12-13,390.2081604003906
2011-12-14,381.164794921875
2011-12-15,384.59332275390625
2011-12-16,384.6430969238281
2011-12-19,382.5561218261719
2011-12-20,385.8356628417969
2011-12-21,386.48150634765625
2011-12-22,393.338623046875
2011-12-23,394.5311584472656
2011-12-28,389.7610168457031
2011-12-29,396.0217590332031
2011-12-30,389.5622863769531
2012-01-03,415.5496520996094
2012-01-04,402.4814758300781
2012-01-05,391.79827880859375
2012-01-06,392.79205322265625
2012-01-09,396.1708984375
2012-01-10,399.2019348144531
2012-01-11,394.1833190917969
2012-01-12,397.4130554199219
2012-01-13,397.5124816894531
2012-01-16,394.3324279785156
2012-01-17,402.92864990234375
2012-01-18,412.81671142578125
2012-01-19,427.325927734375
2012-01-20,420.4191589355469
2012-01-23,433.13958740234375
2012-01-24,424.44403076171875
2012-01-25,415.8477783203125
2012-01-26,431.5991516113281
2012-01-27,422.7048645019531
2012-01-30,412.419189453125
2012-01-31,408.642822265625
2012-02-01,429.0650939941406
2012-02-02,458.8288879394531
2012-02-03,479.5491638183594
2012-02-06,457.8847351074219
2012-02-07,440.4935302734375
2012-02-08,431.7481994628906
2012-02-09,440.19537353515625
2012-02-10,432.49365234375
2012-02-13,426.58062744140625
2012-02-14,420.9161376953125
2012-02-15,419.3757019042969
2012-02-16,423.9470520019531
2012-02-17,427.325927734375
2012-02-20,433.73583984375
2012-02-21,435.6240234375
2012-02-22,437.611572265625
2012-02-23,435.3755798339844
2012-02-24,433.58673095703125
2012-02-27,431.45001220703125
2012-02-28,435.6240234375
2012-02-29,429.3134765625
2012-03-01,424.49365234375
2012-03-02,417.38818359375
2012-03-05,400.84161376953125
2012-03-06,398.8044128417969
2012-03-07,399.74853515625
2012-03-08,402.58074951171875
2012-03-09,406.1583557128906
2012-03-12,408.79193115234375
2012-03-13,415.5993347167969
2012-03-14,410.7794494628906
2012-03-15,409.6365966796875
2012-03-16,415.6489562988281
2012-03-19,417.8352966308594
2012-03-20,411.2266845703125
2012-03-21,413.1645812988281
2012-03-22,400.9906005859375
2012-03-23,402.4317626953125
2012-03-26,399.2019348144531
2012-03-27,399.0030822753906
2012-03-28,386.8293151855469
2012-03-29,384.8914489746094
2012-03-30,386.97833251953125
2012-04-02,396.6677551269531
2012-04-03,398.90380859375
2012-04-04,386.97833251953125
2012-04-05,409.2391357421875
2012-04-10,390.4566955566406
2012-04-11,392.5435485839844
2012-04-12,402.38201904296875
2012-04-13,397.3137512207031
2012-04-16,398.2081604003906
2012-04-17,407.20184326171875
2012-04-18,412.36956787109375
2012-04-19,413.3136901855469
2012-04-20,420.76690673828125
2012-04-23,406.00933837890625
2012-04-24,413.1645812988281
2012-04-25,426.5309753417969
2012-04-26,432.29486083984375
2012-04-27,434.5309143066406
2012-04-30,422.95330810546875
2012-05-01,431.8973693847656
2012-05-02,423.00299072265625
2012-05-03,423.7483215332031
2012-05-04,407.6986999511719
2012-05-08,389.5622863769531
2012-05-09,395.47515869140625
2012-05-10,394.0342712402344
2012-05-11,383.6989440917969
2012-05-14,369.5872497558594
2012-05-15,367.84808349609375
2012-05-16,360.9891662597656
2012-05-17,352.1918640136719
2012-05-18,343.3448486328125
2012-05-21,349.4085388183594
2012-05-22,359.4483947753906
2012-05-23,341.6051940917969
2012-05-24,343.9412536621094
2012-05-25,338.623046875
2012-05-29,351.9930114746094
2012-05-30,342.9471740722656
2012-05-31,338.47406005859375
2012-06-01,332.36053466796875
2012-06-06,345.6808166503906
2012-06-07,359.0508728027344
2012-06-08,355.6709289550781
2012-06-11,361.3868408203125
2012-06-12,364.6672058105469
2012-06-13,352.8876953125
2012-06-14,339.66680908203125
2012-06-15,338.4242858886719
2012-06-18,326.4459533691406
2012-06-19,328.0364074707031
2012-06-20,331.2671203613281
2012-06-21,320.7301330566406
2012-06-22,310.7896728515625
2012-06-25,306.3164367675781
2012-06-26,300.8989562988281
2012-06-27,296.5250549316406
2012-06-28,291.8033447265625
2012-06-29,293.7914123535156
2012-07-02,297.22088623046875
2012-07-03,301.9425964355469
2012-07-04,310.1932373046875
2012-07-05,313.7221374511719
2012-07-06,308.50335693359375
2012-07-09,306.91290283203125
2012-07-10,308.7021789550781
2012-07-11,314.4178771972656
2012-07-12,307.8075256347656
2012-07-13,314.7658996582031
2012-07-16,314.61676025390625
2012-07-17,315.1138000488281
2012-07-18,315.21319580078125
2012-07-19,320.0840759277344
2012-07-20,315.5611572265625
2012-07-23,307.0123291015625
2012-07-24,299.8550720214844
2012-07-25,301.6942138671875
2012-07-26,306.5152282714844
2012-07-27,311.3363952636719
2012-07-30,316.5054626464844
2012-07-31,318.24505615234375
2012-08-01,320.58099365234375
2012-08-02,314.6664733886719
2012-08-03,319.0899658203125
2012-08-06,326.8933410644531
2012-08-07,334.59716796875
2012-08-08,335.8894348144531
2012-08-09,342.7483825683594
2012-08-10,342.4501037597656
2012-08-13,343.0465087890625
2012-08-14,345.8299560546875
2012-08-15,345.53167724609375
2012-08-16,347.7683410644531
2012-08-17,350.0546569824219
2012-08-20,351.6452331542969
2012-08-21,357.85797119140625
2012-08-22,354.4781188964844
2012-08-23,363.8221740722656
2012-08-24,364.6672058105469
2012-08-28,381.7151184082031
2012-08-29,366.3589172363281
2012-08-30,355.37310791015625
2012-08-31,382.8126220703125
2012-09-03,385.8946228027344
2012-09-04,382.8624572753906
2012-09-05,387.2369079589844
2012-09-06,390.0703430175781
2012-09-07,375.8533935546875
2012-09-10,367.85015869140625
2012-09-11,362.2329406738281
2012-09-12,357.510498046875
2012-09-13,351.2472229003906
2012-09-14,376.6488037109375
2012-09-17,368.6952819824219
2012-09-18,371.03155517578125
2012-09-19,371.13092041015625
2012-09-20,366.0109558105469
2012-09-21,359.8966369628906
2012-09-24,352.0923156738281
2012-09-25,344.6854553222656
2012-09-26,336.4834899902344
2012-09-27,341.20587158203125
2012-09-28,341.1064758300781
2012-10-01,340.0129089355469
2012-10-02,336.0361022949219
2012-10-03,337.179443359375
2012-10-04,334.5447998046875
2012-10-05,333.65008544921875
2012-10-08,332.60614013671875
2012-10-09,334.5447998046875
2012-10-10,331.9599304199219
2012-10-11,336.0361022949219
2012-10-12,334.64422607421875
2012-10-15,334.843017578125
2012-10-16,336.6823425292969
2012-10-17,345.58038330078125
2012-10-18,350.5014953613281
2012-10-19,345.7294921875
2012-10-22,348.21484375
2012-10-23,340.90765380859375
2012-10-24,341.40472412109375
2012-10-25,341.1064758300781
2012-10-26,342.4983825683594
2012-10-29,341.1064758300781
2012-10-30,341.9017639160156
2012-10-31,341.05670166015625
2012-11-01,342.3492126464844
2012-11-02,344.78497314453125
2012-11-05,343.2438659667969
2012-11-06,345.28204345703125
2012-11-07,338.3724060058594
2012-11-08,338.0245056152344
2012-11-09,337.4776916503906
2012-11-12,334.2962951660156
2012-11-13,334.9425354003906
2012-11-14,329.2756042480469
2012-11-15,323.8076171875
2012-11-16,319.681640625
2012-11-19,324.7022705078125
2012-11-20,329.8223876953125
2012-11-21,332.15875244140625
2012-11-22,338.72039794921875
2012-11-23,340.8578796386719
2012-11-26,338.0245056152344
2012-11-27,336.8314514160156
2012-11-28,332.80499267578125
2012-11-29,340.2613525390625
2012-11-30,343.4925231933594
2012-12-03,341.45440673828125
2012-12-04,339.31689453125
2012-12-05,338.52166748046875
2012-12-06,343.6913757324219
2012-12-07,343.1943359375
2012-12-10,343.7411193847656
2012-12-11,344.83477783203125
2012-12-12,346.57452392578125
2012-12-13,348.11553955078125
2012-12-14,350.1038818359375
2012-12-17,349.7558898925781
2012-12-18,349.855224609375
2012-12-19,350.60101318359375
2012-12-20,347.61834716796875
2012-12-21,349.5073547363281
2012-12-24,352.93731689453125
2012-12-27,356.019287109375
2012-12-28,351.59515380859375
2012-12-31,349.2586975097656
2013-01-02,374.3123779296875
2013-01-03,375.306640625
2013-01-04,378.58740234375
2013-01-07,377.5435791015625
2013-01-08,374.75982666015625
2013-01-09,382.9121398925781
2013-01-10,384.65191650390625
2013-01-11,389.2252502441406
2013-01-14,389.4737548828125
2013-01-15,390.41827392578125
2013-01-16,378.0406494140625
2013-01-17,377.6429138183594
2013-01-18,377.6429138183594
2013-01-21,382.7629699707031
2013-01-22,382.1167907714844
2013-01-23,381.5699157714844
2013-01-24,386.4415283203125
2013-01-25,390.31884765625
2013-01-28,388.5293273925781
2013-01-29,393.6991271972656
2013-01-30,391.2135925292969
2013-01-31,391.1639404296875
2013-02-01,395.538330078125
2013-02-04,384.95025634765625
2013-02-05,381.9676513671875
2013-02-06,386.6403503417969
2013-02-07,381.8184814453125
2013-02-08,382.7629699707031
2013-02-11,384.15478515625
2013-02-12,382.2162170410156
2013-02-13,392.1581726074219
2013-02-14,391.6112060546875
2013-02-15,389.77203369140625
2013-02-18,388.0819091796875
2013-02-19,389.77203369140625
2013-02-20,380.1285095214844
2013-02-21,368.54608154296875
2013-02-22,371.42926025390625
2013-02-25,379.7308349609375
2013-02-26,380.8243103027344
2013-02-27,383.2601013183594
2013-02-28,385.24847412109375
2013-03-01,374.75982666015625
2013-03-04,367.80035400390625
2013-03-05,388.92694091796875
2013-03-06,385.24847412109375
2013-03-07,382.8624572753906
2013-03-08,384.95025634765625
2013-03-11,386.4912414550781
2013-03-12,387.8334045410156
2013-03-13,385.4970397949219
2013-03-14,386.7894287109375
2013-03-15,385.59637451171875
2013-03-18,376.44989013671875
2013-03-19,366.9056091308594
2013-03-20,363.0283203125
2013-03-21,360.0457763671875
2013-03-22,358.6042785644531
2013-03-25,355.9695739746094
2013-03-26,354.8263244628906
2013-03-27,355.3233947753906
2013-03-28,354.0308532714844
2013-04-02,357.7093505859375
2013-04-03,344.98388671875
2013-04-04,346.6739807128906
2013-04-05,336.9308166503906
2013-04-08,340.6590881347656
2013-04-09,356.4169921875
2013-04-10,355.4228820800781
2013-04-11,349.65655517578125
2013-04-12,342.2000732421875
2013-04-15,319.2343444824219
2013-04-16,323.21099853515625
2013-04-17,316.3511962890625
2013-04-18,312.175537109375
2013-04-19,312.87152099609375
2013-04-22,305.61395263671875
2013-04-23,312.1258544921875
2013-04-24,325.4976501464844
2013-04-25,328.8282165527344
2013-04-26,317.4944763183594
2013-04-29,323.1116027832031
2013-04-30,315.10845947265625
2013-05-01,312.4737548828125
2013-05-02,329.225830078125
2013-05-03,341.9515380859375
2013-05-07,344.93414306640625
2013-05-08,348.11553955078125
2013-05-09,352.9870300292969
2013-05-10,341.9017639160156
2013-05-13,343.2936706542969
2013-05-14,338.3724060058594
2013-05-15,331.8605041503906
2013-05-16,335.0418701171875
2013-05-17,336.7817687988281
2013-05-20,333.0038146972656
2013-05-21,343.9896545410156
2013-05-22,349.0649719238281
2013-05-23,335.0427551269531
2013-05-24,330.02056884765625
2013-05-28,330.11993408203125
2013-05-29,325.9432067871094
2013-05-30,331.5122375488281
2013-05-31,321.31884765625
2013-06-03,324.749755859375
2013-06-04,324.60064697265625
2013-06-05,315.699951171875
2013-06-06,309.2358093261719
2013-06-07,313.3132019042969
2013-06-10,312.5672607421875
2013-06-11,300.8323974609375
2013-06-12,298.89306640625
2013-06-13,304.41253662109375
2013-06-14,314.158447265625
2013-06-17,310.3297424316406
2013-06-18,308.489990234375
2013-06-19,305.6058349609375
2013-06-20,291.0863952636719
2013-06-21,285.3681945800781
2013-06-24,271.9425048828125
2013-06-25,274.8762512207031
2013-06-26,274.4784240722656
2013-06-27,275.771240234375
2013-06-28,270.649658203125
2013-07-01,278.1580505371094
2013-07-02,274.4784240722656
2013-07-03,267.51702880859375
2013-07-04,273.2353515625
2013-07-05,255.43409729003906
2013-07-08,256.22955322265625
2013-07-09,262.79315185546875
2013-07-10,256.22955322265625
2013-07-11,264.83184814453125
2013-07-12,259.01416015625
2013-07-15,260.406494140625
2013-07-16,263.0915832519531
2013-07-17,270.4508056640625
2013-07-18,271.7933044433594
2013-07-19,270.8983459472656
2013-07-22,267.51702880859375
2013-07-23,281.1416015625
2013-07-24,285.66644287109375
2013-07-25,279.2520446777344
2013-07-26,279.450927734375
2013-07-29,279.2520446777344
2013-07-30,277.0640869140625
2013-07-31,275.97015380859375
2013-08-01,287.9537353515625
2013-08-02,286.26318359375
2013-08-05,288.0035095214844
2013-08-06,274.13037109375
2013-08-07,268.95904541015625
2013-08-08,278.8541564941406
2013-08-09,295.8598937988281
2013-08-12,299.7384338378906
2013-08-13,305.75506591796875
2013-08-14,306.5009765625
2013-08-15,300.13616943359375
2013-08-16,306.6501770019531
2013-08-19,300.2854309082031
2013-08-20,295.5118408203125
2013-08-21,303.0699462890625
2013-08-22,312.119873046875
2013-08-23,315.25238037109375
2013-08-27,312.4679260253906
2013-08-28,309.686767578125
2013-08-29,306.4044494628906
2013-08-30,303.5696716308594
2013-09-02,310.3830871582031
2013-09-03,310.5323486328125
2013-09-04,313.6654357910156
2013-09-05,314.3616638183594
2013-09-06,316.6494445800781
2013-09-09,319.5835876464844
2013-09-10,326.99383544921875
2013-09-11,337.1890869140625
2013-09-12,341.8141784667969
2013-09-13,339.67572021484375
2013-09-16,340.0736083984375
2013-09-17,332.414794921875
2013-09-18,329.4308166503906
2013-09-19,338.4820861816406
2013-09-20,338.6314392089844
2013-09-23,334.85162353515625
2013-09-24,336.2938537597656
2013-09-25,337.6366882324219
2013-09-26,342.908447265625
2013-09-27,342.1623840332031
2013-09-30,334.90142822265625
2013-10-01,328.7344665527344
2013-10-02,332.3650207519531
2013-10-03,328.23724365234375
2013-10-04,329.2318115234375
2013-10-07,329.6794738769531
2013-10-08,325.55157470703125
2013-10-09,320.82696533203125
2013-10-10,324.905029296875
2013-10-11,334.1055603027344
2013-10-14,329.4308166503906
2013-10-15,334.2051086425781
2013-10-16,329.4308166503906
2013-10-17,328.7344665527344
2013-10-18,333.11090087890625
2013-10-21,336.1447448730469
2013-10-22,339.7254943847656
2013-10-23,338.3826904296875
2013-10-24,338.3826904296875
2013-10-25,340.67041015625
2013-10-28,339.1286926269531
2013-10-29,340.42169189453125
2013-10-30,343.206787109375
2013-10-31,338.1837463378906
2013-11-01,330.4751892089844
2013-11-04,333.6083679199219
2013-11-05,339.9741516113281
2013-11-06,340.0736083984375
2013-11-07,331.2210998535156
2013-11-08,329.53021240234375
2013-11-11,328.98321533203125
2013-11-12,329.7292175292969
2013-11-13,323.1644592285156
2013-11-14,322.46820068359375
2013-11-15,322.3189392089844
2013-11-18,325.1536865234375
2013-11-19,319.28521728515625
2013-11-20,317.0970458984375
2013-11-21,313.56597900390625
2013-11-22,310.1343688964844
2013-11-25,310.3830871582031
2013-11-26,303.1717834472656
2013-11-27,305.5092468261719
2013-11-28,310.5820007324219
2013-11-29,308.1947937011719
2013-12-02,304.3652648925781
2013-12-03,302.67449951171875
2013-12-04,303.4701843261719
2013-12-05,303.9674987792969
2013-12-06,304.912353515625
2013-12-09,306.2552185058594
2013-12-10,304.5643310546875
2013-12-11,303.32098388671875
2013-12-12,298.596435546875
2013-12-13,299.4416809082031
2013-12-16,303.7685546875
2013-12-17,306.35467529296875
2013-12-18,305.1113586425781
2013-12-19,306.2054748535156
2013-12-20,304.7632141113281
2013-12-23,308.393798828125
2013-12-24,306.4044494628906
2013-12-27,314.01348876953125
2013-12-30,314.6601257324219
2013-12-31,311.02960205078125
2014-01-02,308.8413391113281
2014-01-03,305.8572998046875
2014-01-06,304.6636962890625
2014-01-07,307.20013427734375
2014-01-08,313.1183166503906
2014-01-09,307.9958190917969
2014-01-10,317.0472717285156
2014-01-13,317.2462158203125
2014-01-14,315.70452880859375
2014-01-15,317.7435607910156
2014-01-16,325.4521484375
2014-01-17,336.3436279296875
2014-01-20,336.1944274902344
2014-01-21,331.91741943359375
2014-01-22,333.2104187011719
2014-01-23,330.3258972167969
2014-01-24,323.6617431640625
2014-01-27,319.5835876464844
2014-01-28,322.07025146484375
2014-01-29,322.07025146484375
2014-01-30,321.921142578125
2014-01-31,320.77716064453125
2014-02-03,313.2178649902344
2014-02-04,311.57659912109375
2014-02-05,311.3279724121094
2014-02-06,320.77716064453125
2014-02-07,323.6617431640625
2014-02-10,324.3082580566406
2014-02-11,331.0718994140625
2014-02-12,335.3489685058594
2014-02-13,330.276123046875
2014-02-14,336.2938537597656
2014-02-17,342.2121276855469
2014-02-18,343.5548400878906
2014-02-19,345.9918212890625
2014-02-20,338.6314392089844
2014-02-21,337.2388000488281
2014-02-24,334.7024841308594
2014-02-25,332.2158203125
2014-02-26,328.08795166015625
2014-02-27,327.93878173828125
2014-02-28,327.4414978027344
2014-03-03,324.5072021484375
2014-03-04,330.07733154296875
2014-03-05,330.4254455566406
2014-03-06,338.1340026855469
2014-03-07,323.1146545410156
2014-03-10,315.3065490722656
2014-03-11,311.5269775390625
2014-03-12,307.8466491699219
2014-03-13,303.0723571777344
2014-03-14,295.41339111328125
2014-03-17,304.9621276855469
2014-03-18,309.78631591796875
2014-03-19,299.6904602050781
2014-03-20,299.7401428222656
2014-03-21,301.9781494140625
2014-03-24,304.11669921875
2014-03-25,310.33331298828125
2014-03-26,309.43817138671875
2014-03-27,305.45941162109375
2014-03-28,311.57659912109375
2014-03-31,307.150390625
2014-04-01,307.7472229003906
2014-04-02,311.6263732910156
2014-04-03,311.57659912109375
2014-04-04,316.99749755859375
2014-04-07,314.95843505859375
2014-04-08,314.3119201660156
2014-04-09,311.0793151855469
2014-04-10,312.6209716796875
2014-04-11,309.9353942871094
2014-04-14,316.20184326171875
2014-04-15,310.731201171875
2014-04-16,312.27288818359375
2014-04-17,312.4718017578125
2014-04-22,313.1680908203125
2014-04-23,313.3670654296875
2014-04-24,314.3119201660156
2014-04-25,314.3119201660156
2014-04-28,310.8803405761719
2014-04-29,313.86431884765625
2014-04-30,316.7986145019531
2014-05-01,314.3616638183594
2014-05-02,317.5445861816406
2014-05-06,319.0365905761719
2014-05-07,321.67242431640625
2014-05-08,324.8553161621094
2014-05-09,323.76129150390625
2014-05-12,327.7895202636719
2014-05-13,328.8836975097656
2014-05-14,325.7604064941406
2014-05-15,324.7655029296875
2014-05-16,323.96942138671875
2014-05-19,325.95941162109375
2014-05-20,325.8599548339844
2014-05-21,324.815185546875
2014-05-22,327.1533508300781
2014-05-23,327.9792175292969
2014-05-27,326.95440673828125
2014-05-28,326.35736083984375
2014-05-29,326.6061706542969
2014-05-30,321.73077392578125
2014-06-02,326.2081298828125
2014-06-03,323.471923828125
2014-06-04,323.17333984375
2014-06-05,322.8749084472656
2014-06-06,323.37237548828125
2014-06-09,324.66583251953125
2014-06-10,321.5814514160156
2014-06-11,322.57647705078125
2014-06-12,318.3973693847656
2014-06-13,316.407470703125
2014-06-16,320.8848571777344
2014-06-17,323.67083740234375
2014-06-18,324.0191345214844
2014-06-19,323.77044677734375
2014-06-20,326.35736083984375
2014-06-23,327.8001708984375
2014-06-24,326.4071350097656
2014-06-25,322.5267028808594
2014-06-26,322.9246520996094
2014-06-27,322.4768981933594
2014-06-30,323.9195861816406
2014-07-01,331.5313720703125
2014-07-02,334.3173522949219
2014-07-03,339.7897644042969
2014-07-04,340.4862365722656
2014-07-07,340.7848205566406
2014-07-08,342.37677001953125
2014-07-09,344.36669921875
2014-07-10,340.98382568359375
2014-07-11,341.580810546875
2014-07-14,345.2622375488281
2014-07-15,344.6652526855469
2014-07-16,357.20220947265625
2014-07-17,352.2271423339844
2014-07-18,355.1126403808594
2014-07-21,356.55535888671875
2014-07-22,367.64959716796875
2014-07-23,371.1320495605469
2014-07-24,374.01751708984375
2014-07-25,375.60955810546875
2014-07-28,370.0873107910156
2014-07-29,374.16668701171875
2014-07-30,369.6395263671875
2014-07-31,358.2467956542969
2014-08-01,354.3664245605469
2014-08-04,357.9483947753906
2014-08-05,357.5504455566406
2014-08-06,358.2467956542969
2014-08-07,356.5056457519531
2014-08-08,363.17218017578125
2014-08-11,371.72906494140625
2014-08-12,373.1220397949219
2014-08-13,363.6696472167969
2014-08-14,358.8438720703125
2014-08-15,357.0030212402344
2014-08-18,362.276611328125
2014-08-19,357.15240478515625
2014-08-20,358.6947021484375
2014-08-21,360.18719482421875
2014-08-22,358.296630859375
2014-08-26,361.4309387207031
2014-08-27,364.913330078125
2014-08-28,358.6947021484375
2014-08-29,360.5850524902344
2014-09-01,360.03790283203125
2014-09-02,365.7093200683594
2014-09-03,368.0081787109375
2014-09-04,369.6501770019531
2014-09-05,365.2217102050781
2014-09-08,367.012939453125
2014-09-09,364.2265625
2014-09-10,360.6938171386719
2014-09-11,359.3503112792969
2014-09-12,357.0115966796875
2014-09-15,353.77740478515625
2014-09-16,351.3393249511719
2014-09-17,353.47894287109375
2014-09-18,356.0663146972656
2014-09-19,357.7083740234375
2014-09-22,340.2432861328125
2014-09-23,342.5820007324219
2014-09-24,347.60748291015625
2014-09-25,340.4424133300781
2014-09-26,338.6013488769531
2014-09-29,337.8548583984375
2014-09-30,341.5370178222656
2014-10-01,334.8197021484375
2014-10-02,328.6497497558594
2014-10-03,330.9884033203125
2014-10-06,337.7057189941406
2014-10-07,329.4459228515625
2014-10-08,325.0672607421875
2014-10-09,320.1910095214844
2014-10-10,310.73699951171875
2014-10-13,319.0465393066406
2014-10-14,324.5696716308594
2014-10-15,314.7175598144531
2014-10-16,315.8620910644531
2014-10-17,319.8426208496094
2014-10-20,316.658203125
2014-10-21,321.7335205078125
2014-10-22,319.1461181640625
2014-10-23,319.8426208496094
2014-10-24,315.41424560546875
2014-10-27,311.1350402832031
2014-10-28,317.90216064453125
2014-10-29,322.1315612792969
2014-10-30,315.5635070800781
2014-10-31,318.3499755859375
2014-11-03,313.4239196777344
2014-11-04,309.094970703125
2014-11-05,313.47369384765625
2014-11-06,317.454345703125
2014-11-07,323.7237243652344
2014-11-10,325.4652404785156
2014-11-11,325.4652404785156
2014-11-12,328.4508056640625
2014-11-13,327.3561096191406
2014-11-14,326.7590637207031
2014-11-17,330.14239501953125
2014-11-18,330.0429992675781
2014-11-19,327.05755615234375
2014-11-20,321.8827209472656
2014-11-21,334.62078857421875
2014-11-24,330.8888854980469
2014-11-25,329.6947326660156
2014-11-26,329.49566650390625
2014-11-27,325.614501953125
2014-11-28,318.8475341796875
2014-12-01,315.4639892578125
2014-12-02,318.2503967285156
2014-12-03,321.036865234375
2014-12-04,318.1509094238281
2014-12-05,314.96636962890625
2014-12-08,312.62786865234375
2014-12-09,310.4384765625
2014-12-10,304.81585693359375
2014-12-11,293.4213562011719
2014-12-12,286.6044616699219
2014-12-15,278.6432800292969
2014-12-16,285.0619812011719
2014-12-17,291.0329895019531
2014-12-18,288.5948181152344
2014-12-19,296.4565734863281
2014-12-22,295.7598876953125
2014-12-23,299.49176025390625
2014-12-24,298.94439697265625
2014-12-29,300.5366516113281
2014-12-30,298.5462646484375
2014-12-31,297.35211181640625
2015-01-02,295.66046142578125
2015-01-05,281.13116455078125
2015-01-06,282.72344970703125
2015-01-07,283.4200134277344
2015-01-08,291.0329895019531
2015-01-09,284.813232421875
2015-01-12,278.0958557128906
2015-01-13,267.6468200683594
2015-01-14,242.81771850585938
2015-01-15,239.43417358398438
2015-01-16,251.32627868652344
2015-01-19,246.49977111816406
2015-01-20,256.2024841308594
2015-01-21,256.7498474121094
2015-01-22,263.5168151855469
2015-01-23,248.1915283203125
2015-01-26,251.47557067871094
2015-01-27,252.9185028076172
2015-01-28,256.70013427734375
2015-01-29,249.18670654296875
2015-01-30,247.69393920898438
2015-02-02,251.8736572265625
2015-02-03,268.04498291015625
2015-02-04,265.7062683105469
2015-02-05,267.5472717285156
2015-02-06,264.1139831542969
2015-02-09,274.26458740234375
2015-02-10,269.7366638183594
2015-02-11,270.3835144042969
2015-02-12,275.55828857421875
2015-02-13,285.2113342285156
2015-02-16,288.3460388183594
2015-02-17,286.05718994140625
2015-02-18,288.0475158691406
2015-02-19,282.176025390625
2015-02-20,290.6846923828125
2015-02-23,285.7088928222656
2015-02-24,293.9686584472656
2015-02-25,297.6507263183594
2015-02-26,298.2478332519531
2015-02-27,298.7951354980469
2015-03-02,299.0936584472656
2015-03-03,289.7889709472656
2015-03-04,281.87750244140625
2015-03-05,290.43585205078125
2015-03-06,288.0972595214844
2015-03-09,295.4613037109375
2015-03-10,286.00738525390625
2015-03-11,284.26593017578125
2015-03-12,284.3654479980469
2015-03-13,276.0060729980469
2015-03-16,275.55828857421875
2015-03-17,280.9818420410156
2015-03-18,279.9369201660156
2015-03-19,284.3654479980469
2015-03-20,297.84979248046875
2015-03-23,305.6119384765625
2015-03-24,299.88983154296875
2015-03-25,300.58642578125
2015-03-26,295.7598876953125
2015-03-27,286.7537536621094
2015-03-30,290.43585205078125
2015-03-31,284.51470947265625
2015-04-01,282.72344970703125
2015-04-02,279.3896179199219
2015-04-07,289.24163818359375
2015-04-08,285.60931396484375
2015-04-09,287.4503479003906
2015-04-10,288.2464599609375
2015-04-13,283.7682800292969
2015-04-14,291.92864990234375
2015-04-15,297.45172119140625
2015-04-16,300.63616943359375
2015-04-17,297.10333251953125
2015-04-20,301.53173828125
2015-04-21,301.53173828125
2015-04-22,300.78546142578125
2015-04-23,301.9502868652344
2015-04-24,309.8150329589844
2015-04-27,310.8106384277344
2015-04-28,313.4986572265625
2015-04-29,312.4034729003906
2015-04-30,308.8692932128906
2015-05-01,311.25860595703125
2015-05-05,312.95111083984375
2015-05-06,309.06842041015625
2015-05-07,302.0000305175781
2015-05-08,301.25341796875
2015-05-11,304.63818359375
2015-05-12,300.6559753417969
2015-05-13,299.5609130859375
2015-05-14,297.3707580566406
2015-05-15,291.9947204589844
2015-05-18,295.67828369140625
2015-05-19,288.36102294921875
2015-05-20,291.1982727050781
2015-05-21,292.1939392089844
2015-05-22,291.0987854003906
2015-05-26,288.4605712890625
2015-05-27,285.4739074707031
2015-05-28,284.47833251953125
2015-05-29,286.6685485839844
2015-06-01,280.49609375
2015-06-02,285.07562255859375
2015-06-03,287.7138671875
2015-06-04,280.14776611328125
2015-06-05,276.1656188964844
2015-06-08,273.5770568847656
2015-06-09,274.0748291015625
2015-06-10,279.0525817871094
2015-06-11,279.99835205078125
2015-06-12,281.3424377441406
2015-06-15,277.0116882324219
2015-06-16,272.979736328125
2015-06-17,270.6402587890625
2015-06-18,275.12017822265625
2015-06-19,270.3415832519531
2015-06-22,272.3824157714844
2015-06-23,273.6766357421875
2015-06-24,276.7628173828125
2015-06-25,272.33270263671875
2015-06-26,265.36383056640625
2015-06-29,261.8793640136719
2015-06-30,254.16387939453125
2015-07-01,251.87411499023438
2015-07-02,254.61184692382812
2015-07-03,251.52566528320312
2015-07-06,246.49810791015625
2015-07-07,229.57379150390625
2015-07-08,236.84129333496094
2015-07-09,239.87771606445312
2015-07-10,243.95948791503906
2015-07-13,249.28565979003906
2015-07-14,247.44390869140625
2015-07-15,244.1088104248047
2015-07-16,244.2581787109375
2015-07-17,242.01817321777344
2015-07-20,239.4794921875
2015-07-21,239.977294921875
2015-07-22,226.9853515625
2015-07-23,219.0707244873047
2015-07-24,209.21473693847656
2015-07-27,204.68499755859375
2015-07-28,211.6041259765625
2015-07-29,212.05213928222656
2015-07-30,210.06097412109375
2015-07-31,207.0743408203125
2015-08-03,199.45840454101562
2015-08-04,199.25926208496094
2015-08-05,202.39527893066406
2015-08-06,198.41310119628906
2015-08-07,202.2957305908203
2015-08-10,205.0334930419922
2015-08-11,190.14999389648438
2015-08-12,179.39805603027344
2015-08-13,176.01319885253906
2015-08-14,172.08078002929688
2015-08-17,169.24343872070312
2015-08-18,175.31634521484375
2015-08-19,158.24264526367188
2015-08-20,162.1252899169922
2015-08-21,157.84442138671875
2015-08-24,137.28634643554688
2015-08-25,143.65782165527344
2015-08-26,138.28182983398438
2015-08-27,144.7031707763672
2015-08-28,147.64002990722656
2015-09-01,132.90589904785156
2015-09-02,122.25350952148438
2015-09-03,130.3672332763672
2015-09-04,122.60195922851562
2015-09-07,131.21347045898438
2015-09-08,136.9876708984375
2015-09-09,143.5582733154297
2015-09-10,132.3636474609375
2015-09-11,133.25999450683594
2015-09-14,127.38381958007812
2015-09-15,127.5332260131836
2015-09-16,134.15640258789062
2015-09-17,131.61663818359375
2015-09-18,125.49149322509766
2015-09-21,118.51972961425781
2015-09-22,105.92080688476562
2015-09-23,108.6596908569336
2015-09-24,98.2120361328125
2015-09-25,96.82765197753906
2015-09-28,68.34306335449219
2015-09-29,79.92613220214844
2015-09-30,91.1805419921875
2015-10-01,90.65266418457031
2015-10-02,94.61658477783203
2015-10-05,114.53587341308594
2015-10-06,117.37438201904297
2015-10-07,123.4995346069336
2015-10-08,120.16307067871094
2015-10-09,128.57899475097656
2015-10-12,120.66107177734375
2015-10-13,117.5735855102539
2015-10-14,119.51570892333984
2015-10-15,117.2747802734375
2015-10-16,115.53184509277344
2015-10-19,109.5560531616211
2015-10-20,113.04193878173828
2015-10-21,110.10384368896484
2015-10-22,116.62740325927734
2015-10-23,118.66914367675781
2015-10-26,115.4820327758789
2015-10-27,111.5978012084961
2015-10-28,114.98406982421875
2015-10-29,110.35282897949219
2015-10-30,112.04598236083984
2015-11-02,115.13348388671875
2015-11-03,118.9679183959961
2015-11-04,125.34208679199219
2015-11-05,121.00965881347656
2015-11-06,115.38245391845703
2015-11-09,109.25727081298828
2015-11-10,104.62606048583984
2015-11-11,103.4308853149414
2015-11-12,95.53289794921875
2015-11-13,92.73423767089844
2015-11-16,89.17862701416016
2015-11-17,88.47149658203125
2015-11-18,92.93342590332031
2015-11-19,93.67044067382812
2015-11-20,91.95738983154297
2015-11-23,90.05509948730469
2015-11-24,93.60072326660156
2015-11-25,90.21443176269531
2015-11-26,95.49305725097656
2015-11-27,91.50918579101562
2015-11-30,96.31968688964844
2015-12-01,94.09869384765625
2015-12-02,93.12265014648438
2015-12-03,89.85591125488281
2015-12-04,86.93773651123047
2015-12-07,85.0155258178711
2015-12-08,79.12935638427734
2015-12-09,82.74471282958984
2015-12-10,88.54120635986328
2015-12-11,85.02545928955078
2015-12-14,79.6771469116211
2015-12-15,82.03755950927734
2015-12-16,84.00957489013672
2015-12-17,80.53366088867188
2015-12-18,80.53366088867188
2015-12-21,82.71482849121094
2015-12-22,85.49358367919922
2015-12-23,92.71430969238281
2015-12-24,92.027099609375
2015-12-29,92.7242660522461
2015-12-30,89.43759155273438
2015-12-31,90.11483764648438
2016-01-04,84.92586517333984
2016-01-05,87.90380096435547
2016-01-06,85.50353240966797
2016-01-07,78.39234924316406
2016-01-08,77.16731262207031
2016-01-11,73.13365173339844
2016-01-12,71.70941162109375
2016-01-13,71.57994842529297
2016-01-14,78.30269622802734
2016-01-15,73.20338439941406
2016-01-18,74.84671020507812
2016-01-19,78.66126251220703
2016-01-20,70.91265106201172
2016-01-21,81.91805267333984
2016-01-22,78.26285552978516
2016-01-25,80.52371978759766
2016-01-26,86.74849700927734
2016-01-27,91.65859985351562
2016-01-28,90.0849609375
2016-01-29,89.118896484375
2016-02-01,87.63489532470703
2016-02-02,82.81442260742188
2016-02-03,85.60311126708984
2016-02-04,99.27772521972656
2016-02-05,101.73773956298828
2016-02-08,102.3851089477539
2016-02-09,94.0588607788086
2016-02-10,93.12265014648438
2016-02-11,87.3261489868164
2016-02-12,98.0626449584961
2016-02-15,100.79158020019531
2016-02-16,102.53449249267578
2016-02-17,119.51570892333984
2016-02-18,117.42417907714844
2016-02-19,117.92217254638672
2016-02-22,131.86563110351562
2016-02-23,128.92759704589844
2016-02-24,115.88043212890625
2016-02-25,118.320556640625
2016-02-26,127.73241424560547
2016-02-29,132.7122344970703
2016-03-01,129.9733428955078
2016-03-02,134.8535614013672
2016-03-03,142.4228973388672
2016-03-04,159.3542938232422
2016-03-07,170.06089782714844
2016-03-08,139.18597412109375
2016-03-09,142.67185974121094
2016-03-10,136.6960906982422
2016-03-11,141.12814331054688
2016-03-14,147.3031005859375
2016-03-15,140.28155517578125
2016-03-16,143.71762084960938
2016-03-17,157.36233520507812
2016-03-18,160.15103149414062
2016-03-21,159.2546844482422
2016-03-22,159.2048797607422
2016-03-23,152.88050842285156
2016-03-24,150.58978271484375
2016-03-29,143.2196502685547
2016-03-30,150.93838500976562
2016-03-31,156.66517639160156
2016-04-01,149.1456298828125
2016-04-04,149.19544982910156
2016-04-05,141.27752685546875
2016-04-06,139.53460693359375
2016-04-07,131.56690979003906
2016-04-08,136.24790954589844
2016-04-11,140.928955078125
2016-04-12,147.9504852294922
2016-04-13,157.8603057861328
2016-04-14,157.36233520507812
2016-04-15,155.02183532714844
2016-04-18,157.41213989257812
2016-04-19,169.21432495117188
2016-04-20,169.96124267578125
2016-04-21,166.07704162597656
2016-04-22,161.14700317382812
2016-04-25,154.3744659423828
2016-04-26,151.38656616210938
2016-04-27,152.38250732421875
2016-04-28,155.818603515625
2016-04-29,162.24256896972656
2016-05-03,149.19544982910156
2016-05-04,144.46461486816406
2016-05-05,144.8629913330078
2016-05-06,145.01239013671875
2016-05-09,132.01502990722656
2016-05-10,133.359619140625
2016-05-11,136.2976837158203
2016-05-12,130.57089233398438
2016-05-13,130.62066650390625
2016-05-16,133.06085205078125
2016-05-17,135.94912719726562
2016-05-18,132.4134063720703
2016-05-19,127.5830307006836
2016-05-20,128.13082885742188
2016-05-23,128.28021240234375
2016-05-24,129.1765594482422
2016-05-25,132.8616180419922
2016-05-26,135.40133666992188
2016-05-27,133.75802612304688
2016-05-31,130.57089233398438
2016-06-01,128.37979125976562
2016-06-02,128.03118896484375
2016-06-03,135.10255432128906
2016-06-06,143.5184783935547
2016-06-07,139.4349365234375
2016-06-08,145.1119842529297
2016-06-09,137.39324951171875
2016-06-10,133.55880737304688
2016-06-13,132.3636474609375
2016-06-14,127.6327896118164
2016-06-15,135.94912719726562
2016-06-16,137.8912353515625
2016-06-17,139.98277282714844
2016-06-20,145.7593536376953
2016-06-21,145.51036071777344
2016-06-22,148.24925231933594
2016-06-23,152.33273315429688
2016-06-24,138.88719177246094
2016-06-27,135.00296020507812
2016-06-28,137.8912353515625
2016-06-29,146.10792541503906
2016-06-30,152.23313903808594
2016-07-01,155.32061767578125
2016-07-04,162.0931854248047
2016-07-05,157.2129669189453
2016-07-06,159.0056610107422
2016-07-07,165.23045349121094
2016-07-08,166.62481689453125
2016-07-11,177.08241271972656
2016-07-12,185.24935913085938
2016-07-13,186.24530029296875
2016-07-14,185.89669799804688
2016-07-15,185.1995391845703
2016-07-18,185.6477508544922
2016-07-19,179.17391967773438
2016-07-20,175.48887634277344
2016-07-21,182.21163940429688
2016-07-22,183.65577697753906
2016-07-25,184.6517791748047
2016-07-26,186.1457061767578
2016-07-27,188.93441772460938
2016-07-28,184.9506072998047
2016-07-29,185.99630737304688
2016-08-01,187.24127197265625
2016-08-02,185.05020141601562
2016-08-03,183.65577697753906
2016-08-04,187.73924255371094
2016-08-05,191.07574462890625
2016-08-08,194.46200561523438
2016-08-09,195.15919494628906
2016-08-10,194.46200561523438
2016-08-11,199.19285583496094
2016-08-12,195.3583984375
2016-08-15,192.22109985351562
2016-08-16,196.1053466796875
2016-08-17,191.8227081298828
2016-08-18,195.40817260742188
2016-08-19,187.7890625
2016-08-22,183.60601806640625
2016-08-23,189.0340118408203
2016-08-24,183.2574005126953
2016-08-25,178.52659606933594
2016-08-26,184.25338745117188
2016-08-30,176.33546447753906
2016-08-31,173.34759521484375
2016-09-01,176.38526916503906
2016-09-02,181.01651000976562
2016-09-05,180.56834411621094
2016-09-06,182.51043701171875
2016-09-07,185.5481414794922
2016-09-08,184.90074157714844
2016-09-09,184.10398864746094
2016-09-12,180.1201629638672
2016-09-13,176.33546447753906
2016-09-14,180.71774291992188
2016-09-15,182.26145935058594
2016-09-16,184.25338745117188
2016-09-19,195.70697021484375
2016-09-20,196.20497131347656
2016-09-21,196.30458068847656
2016-09-22,207.06094360351562
2016-09-23,210.6464385986328
2016-09-26,208.9034881591797
2016-09-27,207.4095458984375
2016-09-28,208.50511169433594
2016-09-29,214.9788818359375
2016-09-30,211.29380798339844
2016-10-03,214.08250427246094
2016-10-04,216.5724334716797
2016-10-05,214.08250427246094
2016-10-06,213.5845184326172
2016-10-07,222.6976318359375
2016-10-10,227.07984924316406
2016-10-11,221.0044403076172
2016-10-12,235.24676513671875
2016-10-13,229.91836547851562
2016-10-14,227.3287811279297
2016-10-17,228.97215270996094
2016-10-18,236.34230041503906
2016-10-19,237.83627319335938
2016-10-20,236.0933074951172
2016-10-21,236.59132385253906
2016-10-24,236.64111328125
2016-10-25,245.1566162109375
2016-10-26,239.8779754638672
2016-10-27,242.4176788330078
2016-10-28,243.51324462890625
2016-10-31,248.99105834960938
2016-11-01,245.45541381835938
2016-11-02,245.95338439941406
2016-11-03,240.62498474121094
2016-11-04,236.84030151367188
2016-11-07,250.18621826171875
2016-11-08,251.92913818359375
2016-11-09,269.1593322753906
2016-11-10,283.84979248046875
2016-11-11,278.2225646972656
2016-11-14,281.6586608886719
2016-11-15,266.3208312988281
2016-11-16,265.2252197265625
2016-11-17,266.5697937011719
2016-11-18,260.843017578125
2016-11-21,267.06781005859375
2016-11-22,281.31011962890625
2016-11-23,284.8955078125
2016-11-24,287.43524169921875
2016-11-25,282.1566467285156
2016-11-28,283.84979248046875
2016-11-29,280.2145080566406
2016-11-30,278.17279052734375
2016-12-01,282.4056396484375
2016-12-02,276.77850341796875
2016-12-05,289.0785827636719
2016-12-06,284.8457946777344
2016-12-07,295.5523681640625
2016-12-08,301.42852783203125
2016-12-09,298.7892761230469
2016-12-12,289.0785827636719
2016-12-13,283.20245361328125
2016-12-14,278.4218444824219
2016-12-15,270.9520568847656
2016-12-16,267.3167724609375
2016-12-19,267.3167724609375
2016-12-20,271.5495910644531
2016-12-21,270.55364990234375
2016-12-22,270.9022521972656
2016-12-23,269.5577087402344
2016-12-28,275.782470703125
2016-12-29,274.3880920410156
2016-12-30,276.23065185546875
2017-01-03,284.2481994628906
2017-01-04,281.7084655761719
2017-01-05,289.6761474609375
2017-01-06,287.285888671875
2017-01-09,297.49456787109375
2017-01-10,305.9601745605469
2017-01-11,308.7489318847656
2017-01-12,311.2388916015625
2017-01-13,315.421875
2017-01-16,320.60089111328125
2017-01-17,313.9279479980469
2017-01-18,316.5174255371094
2017-01-19,314.82427978515625
2017-01-20,317.06524658203125
2017-01-23,319.10687255859375
2017-01-24,325.5806884765625
2017-01-25,325.6802978515625
2017-01-26,319.1567687988281
2017-01-27,326.02886962890625
2017-01-30,320.2523193359375
2017-01-31,325.13250732421875
2017-02-01,325.3316955566406
2017-02-02,323.6883239746094
2017-02-03,308.2508850097656
2017-02-06,309.5456848144531
2017-02-07,316.56719970703125
2017-02-08,310.8404541015625
2017-02-09,310.9400329589844
2017-02-10,319.4555358886719
2017-02-13,327.6224365234375
2017-02-14,325.08270263671875
2017-02-15,325.2320861816406
2017-02-16,323.19036865234375
2017-02-17,318.16082763671875
2017-02-20,325.6802978515625
2017-02-21,326.82562255859375
2017-02-22,324.4353332519531
2017-02-23,330.0126953125
2017-02-24,326.1782531738281
2017-02-27,324.3855895996094
2017-02-28,320.750244140625
2017-03-01,336.38690185546875
2017-03-02,334.5443420410156
2017-03-03,336.88494873046875
2017-03-06,325.1823425292969
2017-03-07,318.7085876464844
2017-03-08,317.3639221191406
2017-03-09,305.7610168457031
2017-03-10,309.29669189453125
2017-03-13,313.6291809082031
2017-03-14,314.7744140625
2017-03-15,323.7879638671875
2017-03-16,340.0222473144531
2017-03-17,340.9184875488281
2017-03-20,343.3088684082031
2017-03-21,328.76776123046875
2017-03-22,328.2200012207031
2017-03-23,320.3518981933594
2017-03-24,318.4595642089844
2017-03-27,304.5160827636719
2017-03-28,310.34246826171875
2017-03-29,311.73681640625
2017-03-30,316.21856689453125
2017-03-31,311.88616943359375
2017-04-03,312.3344421386719
2017-04-04,318.9077453613281
2017-04-05,320.6507263183594
2017-04-06,318.0611877441406
2017-04-07,319.8041687011719
2017-04-10,317.3639221191406
2017-04-11,319.10687255859375
2017-04-12,308.7489318847656
2017-04-13,307.8027038574219
2017-04-18,290.6223449707031
2017-04-19,295.10418701171875
2017-04-20,299.2373962402344
2017-04-21,297.4447326660156
2017-04-24,304.2670593261719
2017-04-25,310.9400329589844
2017-04-26,308.1513366699219
2017-04-27,298.4406433105469
2017-04-28,302.4245300292969
2017-05-02,296.64794921875
2017-05-03,285.6425476074219
2017-05-04,276.0812683105469
2017-05-05,287.8834228515625
2017-05-08,283.3020324707031
2017-05-09,289.7259826660156
2017-05-10,287.485107421875
2017-05-11,288.9143981933594
2017-05-12,283.88421630859375
2017-05-15,292.84893798828125
2017-05-16,295.48858642578125
2017-05-17,288.8646240234375
2017-05-18,289.8607482910156
2017-05-19,293.99456787109375
2017-05-22,295.3392333984375
2017-05-23,290.8070373535156
2017-05-24,290.6077880859375
2017-05-25,290.2591857910156
2017-05-26,291.35479736328125
2017-05-30,290.8568420410156
2017-05-31,283.9837951660156
2017-06-01,284.9300231933594
2017-06-02,285.62738037109375
2017-06-05,282.29046630859375
2017-06-06,281.59320068359375
2017-06-07,281.89202880859375
2017-06-08,287.76898193359375
2017-06-09,293.8449401855469
2017-06-12,292.9983825683594
2017-06-13,293.1478576660156
2017-06-14,285.5277404785156
2017-06-15,281.94183349609375
2017-06-16,278.6547546386719
2017-06-19,286.8226318359375
2017-06-20,275.51708984375
2017-06-21,280.3481750488281
2017-06-22,280.7466125488281
2017-06-23,278.40570068359375
2017-06-26,276.3328857421875
2017-06-27,285.59649658203125
2017-06-28,282.93792724609375
2017-06-29,289.2630615234375
2017-06-30,286.07562255859375
2017-07-03,300.4192199707031
2017-07-04,302.411376953125
2017-07-05,306.196533203125
2017-07-06,298.4768371582031
2017-07-07,296.08624267578125
2017-07-10,299.871337890625
2017-07-11,299.871337890625
2017-07-12,313.7667541503906
2017-07-13,313.3184814453125
2017-07-14,314.8625183105469
2017-07-17,319.5440979003906
2017-07-18,319.9922790527344
2017-07-19,320.73931884765625
2017-07-20,317.4523010253906
2017-07-21,312.3224182128906
2017-07-24,311.4259338378906
2017-07-25,329.3554992675781
2017-07-26,328.3594665527344
2017-07-27,329.4053039550781
2017-07-28,329.9531555175781
2017-07-31,332.8418884277344
2017-08-01,335.0829772949219
2017-08-02,331.0986633300781
2017-08-03,333.8379211425781
2017-08-04,336.47747802734375
2017-08-07,345.1932373046875
2017-08-08,345.8407897949219
2017-08-09,338.4696044921875
2017-08-10,330.1523132324219
2017-08-11,320.73931884765625
2017-08-14,330.60064697265625
2017-08-15,329.9531555175781
2017-08-16,343.89825439453125
2017-08-17,343.6493225097656
2017-08-18,342.10540771484375
2017-08-21,339.9637756347656
2017-08-22,347.2351989746094
2017-08-23,351.71759033203125
2017-08-24,352.51446533203125
2017-08-25,351.4187316894531
2017-08-29,351.5682373046875
2017-08-30,355.3035583496094
2017-08-31,358.0925598144531
2017-09-01,365.56317138671875
2017-09-04,365.6627502441406
2017-09-05,361.57879638671875
2017-09-06,364.3678283691406
2017-09-07,367.0924377441406
2017-09-08,361.6632995605469
2017-09-11,367.8893737792969
2017-09-12,371.07708740234375
2017-09-13,362.2111511230469
2017-09-14,350.2569885253906
2017-09-15,343.18414306640625
2017-09-18,345.2760314941406
2017-09-19,344.7779846191406
2017-09-20,347.4178466796875
2017-09-21,345.2262878417969
2017-09-22,345.8240051269531
2017-09-25,342.7856140136719
2017-09-26,340.593994140625
2017-09-27,340.2951965332031
2017-09-28,337.6054992675781
2017-09-29,340.69366455078125
2017-10-02,349.4600830078125
2017-10-03,352.2493591308594
2017-10-04,358.0271911621094
2017-10-05,368.88555908203125
2017-10-06,365.4985656738281
2017-10-09,360.76666259765625
2017-10-10,364.8012390136719
2017-10-11,363.6058349609375
2017-10-12,366.5445556640625
2017-10-13,375.1615295410156
2017-10-16,380.9393310546875
2017-10-17,374.414306640625
2017-10-18,373.2189636230469
2017-10-19,376.15765380859375
2017-10-20,376.7554016113281
2017-10-23,378.2994079589844
2017-10-24,383.7286071777344
2017-10-25,374.86260986328125
2017-10-26,377.3032531738281
2017-10-27,365.79742431640625
2017-10-30,368.586669921875
2017-10-31,361.6134338378906
2017-11-01,374.1155090332031
2017-11-02,379.594482421875
2017-11-03,377.40289306640625
2017-11-06,374.51397705078125
2017-11-07,367.0426025390625
2017-11-08,369.7821044921875
2017-11-09,361.6134338378906
2017-11-10,361.21502685546875
2017-11-13,362.5598449707031
2017-11-14,353.39495849609375
2017-11-15,348.5634765625
2017-11-16,351.9505310058594
2017-11-17,352.09991455078125
2017-11-20,358.47552490234375
2017-11-21,360.7169189453125
2017-11-22,362.1115417480469
2017-11-23,362.659423828125
2017-11-24,360.9659423828125
2017-11-27,356.632568359375
2017-11-28,350.6554870605469
2017-11-29,341.19171142578125
2017-11-30,338.3028564453125
2017-12-01,337.4560852050781
2017-12-04,340.4446105957031
2017-12-05,332.7242126464844
2017-12-06,335.71270751953125
2017-12-07,336.7089538574219
2017-12-08,344.1802978515625
2017-12-11,349.9580078125
2017-12-12,346.1228332519531
2017-12-13,352.64776611328125
2017-12-14,355.9850158691406
2017-12-15,361.3643798828125
2017-12-18,368.1882629394531
2017-12-19,366.24566650390625
2017-12-20,369.0848388671875
2017-12-21,374.6634216308594
2017-12-22,373.9660949707031
2017-12-27,381.68646240234375
2017-12-28,383.9777526855469
2017-12-29,388.51031494140625
2018-01-02,392.69427490234375
2018-01-03,388.4604797363281
2018-01-04,389.5064392089844
2018-01-05,387.1156921386719
2018-01-08,393.5410461425781
2018-01-09,396.6789855957031
2018-01-10,403.8016662597656
2018-01-11,405.1962585449219
2018-01-12,405.9932556152344
2018-01-15,407.98565673828125
2018-01-16,404.1503601074219
2018-01-17,405.4454040527344
2018-01-18,405.6944274902344
2018-01-19,405.5947570800781
2018-01-22,400.86297607421875
2018-01-23,389.2574462890625
2018-01-24,395.48358154296875
2018-01-25,398.4720764160156
2018-01-26,400.3648681640625
2018-01-29,413.4148254394531
2018-01-30,406.34197998046875
2018-01-31,402.157958984375
2018-02-01,398.2728271484375
2018-02-02,381.28802490234375
2018-02-05,385.3724060058594
2018-02-06,376.6059265136719
2018-02-07,376.65576171875
2018-02-08,364.2035217285156
2018-02-09,359.6210632324219
2018-02-12,365.29931640625
2018-02-13,374.364501953125
2018-02-14,380.9393310546875
2018-02-15,386.5179443359375
2018-02-16,386.5179443359375
2018-02-19,382.333984375
2018-02-20,382.931640625
2018-02-21,403.0047302246094
2018-02-22,400.76336669921875
2018-02-23,394.7364196777344
2018-02-26,399.8667907714844
2018-02-27,394.9854431152344
2018-02-28,384.8742980957031
2018-03-01,374.414306640625
2018-03-02,363.1076965332031
2018-03-05,363.406494140625
2018-03-06,366.9927978515625
2018-03-07,365.94683837890625
2018-03-08,361.91229248046875
2018-03-09,368.387451171875
2018-03-12,367.6403503417969
2018-03-13,375.26104736328125
2018-03-14,382.08489990234375
2018-03-15,377.7016906738281
2018-03-16,384.0274353027344
2018-03-19,367.83953857421875
2018-03-20,366.8433837890625
2018-03-21,369.73236083984375
2018-03-22,357.8279724121094
2018-03-23,357.130615234375
2018-03-26,350.9543151855469
2018-03-27,362.1115417480469
2018-03-28,351.8010559082031
2018-03-29,352.4485168457031
2018-04-03,354.8892517089844
2018-04-04,343.6822204589844
2018-04-05,357.37969970703125
2018-04-06,349.8086853027344
2018-04-09,337.8545227050781
2018-04-10,345.17645263671875
2018-04-11,341.09210205078125
2018-04-12,341.1419372558594
2018-04-13,344.4790954589844
2018-04-16,341.3410949707031
2018-04-17,346.17266845703125
2018-04-18,372.6711120605469
2018-04-19,376.55615234375
2018-04-20,379.196044921875
2018-04-23,378.84735107421875
2018-04-24,384.4259948730469
2018-04-25,375.7591857910156
2018-04-26,368.7084045410156
2018-04-27,367.6622009277344
2018-04-30,349.42852783203125
2018-05-01,345.6921691894531
2018-05-02,356.6024475097656
2018-05-03,357.99737548828125
2018-05-04,358.69488525390625
2018-05-08,357.99737548828125
2018-05-09,365.5200500488281
2018-05-10,374.8361511230469
2018-05-11,384.7001953125
2018-05-14,383.8034362792969
2018-05-15,377.9248962402344
2018-05-16,391.62493896484375
2018-05-17,396.4075927734375
2018-05-18,378.97113037109375
2018-05-21,386.29437255859375
2018-05-22,388.38677978515625
2018-05-23,381.6114196777344
2018-05-24,375.23468017578125
2018-05-25,376.1313781738281
2018-05-29,369.5054931640625
2018-05-30,370.8505859375
2018-05-31,370.70111083984375
2018-06-01,379.91766357421875
2018-06-04,381.4620361328125
2018-06-05,388.28717041015625
2018-06-06,398.9483642578125
2018-06-07,392.6213684082031
2018-06-08,382.4583740234375
2018-06-11,387.5897521972656
2018-06-12,382.2092590332031
2018-06-13,396.55712890625
2018-06-14,397.0552062988281
2018-06-15,379.91766357421875
2018-06-18,379.1703186035156
2018-06-19,370.3524169921875
2018-06-20,373.04266357421875
2018-06-21,370.2527770996094
2018-06-22,385.7464294433594
2018-06-25,367.6622009277344
2018-06-26,365.9185485839844
2018-06-27,367.8116455078125
2018-06-28,357.4991455078125
2018-06-29,360.6876220703125
2018-07-02,348.0335693359375
2018-07-03,319.8361511230469
2018-07-04,318.29180908203125
2018-07-05,324.9177551269531
2018-07-06,327.75738525390625
2018-07-09,334.0345458984375
2018-07-10,325.7646789550781
2018-07-11,310.02203369140625
2018-07-12,312.861572265625
2018-07-13,311.8652648925781
2018-07-16,307.9793701171875
2018-07-17,311.96478271484375
2018-07-18,317.3453369140625
2018-07-19,315.6016540527344
2018-07-20,310.5201416015625
2018-07-23,308.8761291503906
2018-07-24,326.2130432128906
2018-07-25,322.8253173828125
2018-07-26,322.0780334472656
2018-07-27,324.8180847167969
2018-07-30,323.7719421386719
2018-07-31,333.2872619628906
2018-08-01,320.68316650390625
2018-08-02,311.8154296875
2018-08-03,316.9467468261719
2018-08-06,312.861572265625
2018-08-07,325.11700439453125
2018-08-08,325.3660888671875
2018-08-09,329.0028991699219
2018-08-10,319.9856872558594
2018-08-13,317.74383544921875
2018-08-14,315.25286865234375
2018-08-15,297.4177551269531
2018-08-16,303.7447204589844
2018-08-17,303.894287109375
2018-08-20,304.94036865234375
2018-08-21,305.687744140625
2018-08-22,306.88336181640625
2018-08-23,309.3742980957031
2018-08-24,319.587158203125
2018-08-28,326.2130432128906
2018-08-29,323.6723327636719
2018-08-30,321.7293701171875
2018-08-31,312.4132385253906
2018-09-03,315.6016540527344
2018-09-04,309.8724670410156
2018-09-05,310.968505859375
2018-09-06,303.0721435546875
2018-09-07,294.94964599609375
2018-09-10,289.7671813964844
2018-09-11,285.93017578125
2018-09-12,294.1025695800781
2018-09-13,298.4876708984375
2018-09-14,300.5306396484375
2018-09-17,299.33477783203125
2018-09-18,307.65643310546875
2018-09-19,318.5196838378906
2018-09-20,320.6125793457031
2018-09-21,335.6615905761719
2018-09-24,328.8844909667969
2018-09-25,340.3456726074219
2018-09-26,336.85748291015625
2018-09-27,329.5323181152344
2018-09-28,330.57879638671875
2018-10-01,330.82794189453125
2018-10-02,335.1134338378906
2018-10-03,332.4224853515625
2018-10-04,331.8743591308594
2018-10-05,323.9013977050781
2018-10-08,320.6125793457031
2018-10-09,325.04754638671875
2018-10-10,310.7959289550781
2018-10-11,310.1978759765625
2018-10-12,312.53997802734375
2018-10-15,317.5728454589844
2018-10-16,313.7358703613281
2018-10-17,313.9850158691406
2018-10-18,308.90234375
2018-10-19,307.3077392578125
2018-10-22,309.59991455078125
2018-10-23,298.7366943359375
2018-10-24,296.89300537109375
2018-10-25,301.82635498046875
2018-10-26,301.4774475097656
2018-10-29,307.1582336425781
2018-10-30,303.4208679199219
2018-10-31,317.772216796875
2018-11-01,327.19024658203125
2018-11-02,318.9183044433594
2018-11-05,320.0644226074219
2018-11-06,310.8456726074219
2018-11-07,315.1311340332031
2018-11-08,316.92510986328125
2018-11-09,302.87274169921875
2018-11-12,295.9960632324219
2018-11-13,293.753662109375
2018-11-14,290.61431884765625
2018-11-15,296.8432312011719
2018-11-16,296.494384765625
2018-11-19,299.6337585449219
2018-11-20,294.8997802734375
2018-11-21,295.0492858886719
2018-11-22,289.66748046875
2018-11-23,279.6016540527344
2018-11-26,285.78070068359375
2018-11-27,281.644775390625
2018-11-28,285.3820495605469
2018-11-29,292.30853271484375
2018-11-30,289.16925048828125
2018-12-03,299.7831726074219
2018-12-04,295.9960632324219
2018-12-05,284.5349426269531
2018-12-06,269.9842834472656
2018-12-07,278.4555358886719
2018-12-10,273.5721130371094
2018-12-11,282.740966796875
2018-12-12,290.5644836425781
2018-12-13,294.15234375
2018-12-14,288.6708679199219
2018-12-17,291.9597473144531
2018-12-18,287.2257995605469
2018-12-19,293.40484619140625
2018-12-20,283.7376708984375
2018-12-21,286.2292175292969
2018-12-24,286.72747802734375
2018-12-27,281.1963195800781
2018-12-28,289.0196838378906
2018-12-31,290.365234375
2019-01-02,281.5450134277344
2019-01-03,268.1405334472656
2019-01-04,283.23931884765625
2019-01-07,286.37872314453125
2019-01-08,287.9234313964844
2019-01-09,292.15911865234375
2019-01-10,294.15234375
2019-01-11,294.6506652832031
2019-01-14,290.31536865234375
2019-01-15,290.7638244628906
2019-01-16,286.9268493652344
2019-01-17,289.2689208984375
2019-01-18,296.7435302734375
2019-01-21,295.0492858886719
2019-01-22,288.96990966796875
2019-01-23,285.6810607910156
2019-01-24,287.176025390625
2019-01-25,296.494384765625
2019-01-28,290.4648132324219
2019-01-29,296.0459289550781
2019-01-30,304.21820068359375
2019-01-31,308.4039611816406
2019-02-01,305.16497802734375
2019-02-04,300.73004150390625
2019-02-05,302.67340087890625
2019-02-06,304.26800537109375
2019-02-07,296.2950744628906
2019-02-08,291.0627746582031
2019-02-11,288.8702697753906
2019-02-12,290.7140197753906
2019-02-13,297.3913879394531
2019-02-14,296.0957336425781
2019-02-15,302.6236267089844
2019-02-18,302.1252746582031
2019-02-19,301.7266540527344
2019-02-20,309.4006042480469
2019-02-21,299.4842224121094
2019-02-22,307.8060302734375
2019-02-25,304.26800537109375
2019-02-26,305.9623107910156
2019-02-27,307.6067199707031
2019-02-28,302.922607421875
2019-03-01,303.3710632324219
2019-03-04,304.1683654785156
2019-03-05,304.9158020019531
2019-03-06,308.4039611816406
2019-03-07,301.9259033203125
2019-03-08,295.9462890625
2019-03-11,301.1286926269531
2019-03-12,302.9723815917969
2019-03-13,306.2611999511719
2019-03-14,305.21478271484375
2019-03-15,304.4175109863281
2019-03-18,309.7494201660156
2019-03-19,319.0678405761719
2019-03-20,315.8786315917969
2019-03-21,317.772216796875
2019-03-22,310.297607421875
2019-03-25,309.05181884765625
2019-03-26,307.55694580078125
2019-03-27,307.65643310546875
2019-03-28,310.54669189453125
2019-03-29,316.8752746582031
2019-04-01,325.09735107421875
2019-04-02,326.89129638671875
2019-04-03,331.9241943359375
2019-04-04,327.5888977050781
2019-04-05,331.12689208984375
2019-04-08,329.8811950683594
2019-04-09,329.2332763671875
2019-04-10,330.42926025390625
2019-04-11,321.6092224121094
2019-04-12,331.3262634277344
2019-04-15,328.8844909667969
2019-04-16,332.8709716796875
2019-04-17,339.149658203125
2019-04-18,337.05682373046875
2019-04-23,336.0103454589844
2019-04-24,332.92083740234375
2019-04-25,320.4593200683594
2019-04-26,309.8919982910156
2019-04-29,311.58673095703125
2019-04-30,303.4120178222656
2019-05-01,300.869873046875
2019-05-02,295.4865417480469
2019-05-03,297.48040771484375
2019-05-07,288.6078186035156
2019-05-08,286.0657043457031
2019-05-09,279.8349304199219
2019-05-10,279.9844665527344
2019-05-13,270.86260986328125
2019-05-14,276.14630126953125
2019-05-15,277.4921569824219
2019-05-16,279.2866516113281
2019-05-17,275.8472595214844
2019-05-20,272.1586608886719
2019-05-21,272.4079284667969
2019-05-22,265.62884521484375
2019-05-23,258.84979248046875
2019-05-24,260.1956481933594
2019-05-28,259.2485656738281
2019-05-29,257.7033386230469
2019-05-30,259.1987609863281
2019-05-31,253.86520385742188
2019-06-03,255.95870971679688
2019-06-04,260.9931640625
2019-06-05,258.70025634765625
2019-06-06,260.4448547363281
2019-06-07,260.0959777832031
2019-06-10,264.1334533691406
2019-06-11,270.06512451171875
2019-06-12,268.71929931640625
2019-06-13,272.1586608886719
2019-06-14,271.2115783691406
2019-06-17,269.1678771972656
2019-06-18,277.1432800292969
2019-06-19,274.6011047363281
2019-06-20,277.9906005859375
2019-06-21,279.3862609863281
2019-06-24,277.3924865722656
2019-06-25,276.8442077636719
2019-06-26,276.54510498046875
2019-06-27,263.08673095703125
2019-06-28,272.5075988769531
2019-07-01,276.8442077636719
2019-07-02,278.6386413574219
2019-07-03,275.9967956542969
2019-07-04,271.859619140625
2019-07-05,268.71929931640625
2019-07-08,273.2552795410156
2019-07-09,265.3796081542969
2019-07-10,269.31744384765625
2019-07-11,264.183349609375
2019-07-12,265.47930908203125
2019-07-15,268.021484375
2019-07-16,271.859619140625
2019-07-17,270.06512451171875
2019-07-18,268.8190002441406
2019-07-19,271.4109802246094
2019-07-22,271.4608154296875
2019-07-23,274.70074462890625
2019-07-24,276.44537353515625
2019-07-25,274.95001220703125
2019-07-26,271.261474609375
2019-07-29,274.35186767578125
2019-07-30,272.1586608886719
2019-07-31,265.62884521484375
2019-08-01,253.6658172607422
2019-08-02,241.50340270996094
2019-08-05,234.27577209472656
2019-08-06,230.6370391845703
2019-08-07,228.59335327148438
2019-08-08,235.0733184814453
2019-08-09,230.43763732910156
2019-08-12,230.13853454589844
2019-08-13,235.4222412109375
2019-08-14,229.78961181640625
2019-08-15,221.4653778076172
2019-08-16,223.70843505859375
2019-08-19,232.23208618164062
2019-08-20,229.091796875
2019-08-21,231.733642578125
2019-08-22,228.2444305419922
2019-08-23,224.8050537109375
2019-08-27,223.1103057861328
2019-08-28,224.50596618652344
2019-08-29,230.88626098632812
2019-08-30,236.21974182128906
2019-09-02,236.169921875
2019-09-03,235.22286987304688
2019-09-04,242.10159301757812
2019-09-05,238.84156799316406
2019-09-06,240.935791015625
2019-09-09,242.0826416015625
2019-09-10,248.16586303710938
2019-09-11,251.25730895996094
2019-09-12,251.85568237304688
2019-09-13,260.6315002441406
2019-09-16,255.5454864501953
2019-09-17,252.7532501220703
2019-09-18,252.30445861816406
2019-09-19,253.6008758544922
2019-09-20,255.8446502685547
2019-09-23,248.36532592773438
2019-09-24,243.52865600585938
2019-09-25,242.33193969726562
2019-09-26,242.631103515625
2019-09-27,246.32095336914062
2019-09-30,244.0771026611328
2019-10-01,237.34568786621094
2019-10-02,232.11016845703125
2019-10-03,227.32333374023438
2019-10-04,226.02687072753906
2019-10-07,224.38140869140625
2019-10-08,223.28445434570312
2019-10-09,224.23184204101562
2019-10-10,231.3621826171875
2019-10-11,236.8470458984375
2019-10-14,230.21533203125
2019-10-15,233.00762939453125
2019-10-16,229.81643676757812
2019-10-17,227.9216766357422
2019-10-18,226.92442321777344
2019-10-21,232.0602569580078
2019-10-22,230.6641082763672
2019-10-23,233.356689453125
2019-10-24,231.7112274169922
2019-10-25,233.60598754882812
2019-10-28,238.84156799316406
2019-10-29,240.23770141601562
2019-10-30,236.74734497070312
2019-10-31,232.01039123535156
2019-11-01,240.28759765625
2019-11-04,251.50665283203125
2019-11-05,258.4375915527344
2019-11-06,256.24359130859375
2019-11-07,257.9888000488281
2019-11-08,253.70059204101562
2019-11-11,244.8250732421875
2019-11-12,244.6754913330078
2019-11-13,240.9856719970703
2019-11-14,238.39280700683594
2019-11-15,242.9302978515625
2019-11-18,238.84156799316406
2019-11-19,240.28759765625
2019-11-20,241.33470153808594
2019-11-21,238.94129943847656
2019-11-22,246.22120666503906
2019-11-25,247.667236328125
2019-11-26,248.8140869140625
2019-11-27,246.819580078125
2019-11-28,247.21849060058594
2019-11-29,243.2294464111328
2019-12-02,244.12701416015625
2019-12-03,235.0021514892578
2019-12-04,237.69471740722656
2019-12-05,216.3036651611328
2019-12-06,219.54473876953125
2019-12-09,218.5475311279297
2019-12-10,216.45327758789062
2019-12-11,218.09873962402344
2019-12-12,225.7277069091797
2019-12-13,225.17926025390625
2019-12-16,232.70848083496094
2019-12-17,231.56163024902344
2019-12-18,233.55616760253906
2019-12-19,238.9911346435547
2019-12-20,235.9993896484375
2019-12-23,234.90240478515625
2019-12-24,234.1046142578125
2019-12-27,238.0936279296875
2019-12-30,236.6974639892578
2019-12-31,234.70297241210938
2020-01-02,240.3873291015625
2020-01-03,240.9856719970703
2020-01-06,235.65037536621094
2020-01-07,236.3484344482422
2020-01-08,239.1407470703125
2020-01-09,237.79443359375
2020-01-10,239.5396728515625
2020-01-13,241.6338653564453
2020-01-14,241.98289489746094
2020-01-15,240.6864776611328
2020-01-16,241.38455200195312
2020-01-17,242.53138732910156
2020-01-20,241.13525390625
2020-01-21,237.34568786621094
2020-01-22,234.45364379882812
2020-01-23,227.52276611328125
2020-01-24,229.91619873046875
2020-01-27,220.7913055419922
2020-01-28,226.97427368164062
2020-01-29,228.2208251953125
2020-01-30,225.77760314941406
2020-01-31,221.88829040527344
2020-02-03,220.99075317382812
2020-02-04,232.4591522216797
2020-02-05,236.0492706298828
2020-02-06,238.34295654296875
2020-02-07,232.55886840820312
2020-02-10,228.96878051757812
2020-02-11,232.70848083496094
2020-02-12,238.193359375
2020-02-13,237.14625549316406
2020-02-14,233.3068389892578
2020-02-17,235.9993896484375
2020-02-18,225.47842407226562
2020-02-19,231.3621826171875
2020-02-20,228.32057189941406
2020-02-21,223.7332305908203
2020-02-24,210.96841430664062
2020-02-25,207.876953125
2020-02-26,207.7771759033203
2020-02-27,198.59251403808594
2020-02-28,192.72869873046875
2020-03-02,192.78854370117188
2020-03-03,190.73416137695312
2020-03-04,192.8882293701172
2020-03-05,186.22662353515625
2020-03-06,173.58148193359375
2020-03-09,152.1804656982422
2020-03-10,154.9727783203125
2020-03-11,153.09793090820312
2020-03-12,126.77051544189453
2020-03-13,135.30699157714844
2020-03-16,130.36061096191406
2020-03-17,137.58070373535156
2020-03-18,128.54562377929688
2020-03-19,116.9775161743164
2020-03-20,119.25125122070312
2020-03-23,112.19070434570312
2020-03-24,127.6480941772461
2020-03-25,133.49200439453125
2020-03-26,131.77670288085938
2020-03-27,123.65909576416016
2020-03-30,118.67284393310547
2020-03-31,123.45964813232422
2020-04-01,118.8323974609375
2020-04-02,126.53118896484375
2020-04-03,119.67010498046875
2020-04-06,129.82212829589844
2020-04-07,141.09103393554688
2020-04-08,136.9225616455078
2020-04-09,144.36203002929688
2020-04-14,142.74647521972656
2020-04-15,134.07040405273438
2020-04-16,131.27810668945312
2020-04-17,140.8916015625
2020-04-20,142.66668701171875
2020-04-21,133.2127227783203
2020-04-22,139.0366973876953
2020-04-23,143.045654296875
2020-04-24,138.89707946777344
2020-04-27,139.5951385498047
2020-04-28,145.1598358154297
2020-04-29,154.29464721679688
2020-04-30,146.6956024169922
2020-05-01,139.39573669433594
2020-05-04,137.18179321289062
2020-05-05,143.3448486328125
2020-05-06,144.46176147460938
2020-05-07,147.77259826660156
2020-05-11,147.79257202148438
2020-05-12,147.03465270996094
2020-05-13,138.07933044433594
2020-05-14,136.1247100830078
2020-05-15,140.8916015625
2020-05-18,151.64195251464844
2020-05-19,153.57662963867188
2020-05-20,153.35723876953125
2020-05-21,150.1261444091797
2020-05-22,147.71279907226562
2020-05-26,152.6790771484375
2020-05-27,156.12957763671875
2020-05-28,156.80770874023438
2020-05-29,149.4081268310547
2020-06-01,156.52847290039062
2020-06-02,161.35519409179688
2020-06-03,168.03675842285156
2020-06-04,168.6949462890625
2020-06-05,180.48243713378906
2020-06-08,181.2403564453125
2020-06-09,176.7926025390625
2020-06-10,178.24859619140625
2020-06-11,168.23622131347656
2020-06-12,171.86619567871094
2020-06-15,167.5181884765625
2020-06-16,171.90609741210938
2020-06-17,171.62684631347656
2020-06-18,170.88888549804688
2020-06-19,171.50721740722656
2020-06-22,165.74310302734375
2020-06-23,171.76646423339844
2020-06-24,166.2217559814453
2020-06-25,167.1193084716797
2020-06-26,166.2816162109375
2020-06-29,169.1736297607422
2020-06-30,170.74928283691406
2020-07-01,167.03952026367188
2020-07-02,172.08560180664062
2020-07-03,169.2135009765625
2020-07-06,174.6584930419922
2020-07-07,174.10006713867188
2020-07-08,172.38475036621094
2020-07-09,173.04296875
2020-07-10,174.89784240722656
2020-07-13,177.90953063964844
2020-07-14,179.0863037109375
2020-07-15,182.21763610839844
2020-07-16,181.3002166748047
2020-07-17,183.3146209716797
2020-07-20,182.8359375
2020-07-21,182.4370574951172
2020-07-22,178.3284149169922
2020-07-23,183.05535888671875
2020-07-24,182.29747009277344
2020-07-27,184.49139404296875
2020-07-28,182.5966339111328
2020-07-29,181.6591796875
2020-07-30,176.57325744628906
2020-07-31,174.1598663330078
2020-08-03,180.42262268066406
2020-08-04,182.03814697265625
2020-08-05,195.66062927246094
2020-08-06,179.8441925048828
2020-08-07,174.08009338378906
2020-08-10,171.34764099121094
2020-08-11,177.39096069335938
2020-08-12,178.9666290283203
2020-08-13,175.65577697753906
2020-08-14,170.05120849609375
2020-08-17,173.52162170410156
2020-08-18,171.54705810546875
2020-08-19,175.63580322265625
2020-08-20,168.31597900390625
2020-08-21,167.877197265625
2020-08-24,171.42739868164062
2020-08-25,167.5780029296875
2020-08-26,169.13372802734375
2020-08-27,167.2987823486328
2020-08-28,168.7148895263672
2020-09-01,172.36480712890625
2020-09-02,173.90061950683594
2020-09-03,166.2816162109375
2020-09-04,170.96868896484375
2020-09-07,174.83802795410156
2020-09-08,173.82083129882812
2020-09-09,174.4989471435547
2020-09-10,174.2994842529297
2020-09-11,181.4996337890625
2020-09-14,181.140625
2020-09-15,185.52853393554688
2020-09-16,185.28919982910156
2020-09-17,184.49139404296875
2020-09-18,180.10348510742188
2020-09-21,172.66400146484375
2020-09-22,171.62684631347656
2020-09-23,170.39027404785156
2020-09-24,168.4955291748047
2020-09-25,166.9198455810547
2020-09-28,164.12754821777344
2020-09-29,161.7141876220703
2020-09-30,160.51751708984375
2020-10-01,158.94183349609375
2020-10-02,161.31529235839844
2020-10-05,163.26991271972656
2020-10-06,164.40676879882812
2020-10-07,168.93429565429688
2020-10-08,169.31326293945312
2020-10-09,172.52435302734375
2020-10-12,170.8091278076172
2020-10-13,167.877197265625
2020-10-14,168.31597900390625
2020-10-15,162.2726593017578
2020-10-16,163.11036682128906
2020-10-19,164.96524047851562
2020-10-20,167.9968719482422
2020-10-21,166.700439453125
2020-10-22,164.60623168945312
2020-10-23,167.01956176757812
2020-10-26,165.782958984375
2020-10-27,160.09864807128906
2020-10-28,155.85035705566406
2020-10-29,155.07247924804688
2020-10-30,155.47137451171875
2020-11-02,156.4087677001953
2020-11-03,160.2781219482422
2020-11-04,161.8936767578125
2020-11-05,163.68875122070312
2020-11-06,169.53265380859375
2020-11-09,179.6846466064453
2020-11-10,187.0044708251953
2020-11-11,187.88206481933594
2020-11-12,188.06158447265625
2020-11-13,189.01893615722656
2020-11-16,194.543701171875
2020-11-17,192.17022705078125
2020-11-18,193.3270263671875
2020-11-19,189.9164581298828
2020-11-20,194.5237579345703
2020-11-23,199.1310272216797
2020-11-24,211.01828002929688
2020-11-25,214.40890502929688
2020-11-26,211.6166229248047
2020-11-27,212.96292114257812
2020-11-30,211.26759338378906
2020-12-01,219.34532165527344
2020-12-02,222.18748474121094
2020-12-03,229.86627197265625
2020-12-04,236.9966583251953
2020-12-07,238.64212036132812
2020-12-08,236.8470458984375
2020-12-09,237.0465087890625
2020-12-10,238.39280700683594
2020-12-11,236.5977325439453
2020-12-14,235.3013458251953
2020-12-15,239.7390899658203
2020-12-16,242.1324920654297
2020-12-17,241.13525390625
2020-12-18,241.38455200195312
2020-12-21,235.052001953125
2020-12-22,232.01039123535156
2020-12-23,235.899658203125
2020-12-24,234.3539276123047
2020-12-29,234.95228576660156
2020-12-30,235.94955444335938
2020-12-31,232.35946655273438
2021-01-04,244.725341796875
2021-01-05,253.4014129638672
2021-01-06,273.19683837890625
2021-01-07,277.7841796875
2021-01-08,275.69000244140625
2021-01-11,269.80615234375
2021-01-12,275.64013671875
2021-01-13,276.4878234863281
2021-01-14,284.2164611816406
2021-01-15,279.1305236816406
2021-01-18,276.0888671875
2021-01-19,272.9974060058594
2021-01-20,279.5293884277344
2021-01-21,275.7398376464844
2021-01-22,270.05548095703125
2021-01-25,259.035888671875
2021-01-26,254.2989501953125
2021-01-27,237.14625549316406
2021-01-28,248.01626586914062
2021-01-29,245.7225799560547
2021-02-01,249.21299743652344
2021-02-02,246.12149047851562
2021-02-03,248.26556396484375
2021-02-04,246.7198486328125
2021-02-05,258.4874572753906
2021-02-08,263.92242431640625
2021-02-09,262.67584228515625
2021-02-10,269.75634765625
2021-02-11,268.75909423828125
2021-02-12,268.06103515625
2021-02-15,281.5238952636719
2021-02-16,287.2082824707031
2021-02-17,287.40771484375
2021-02-18,287.5572814941406
2021-02-19,299.3248291015625
2021-02-22,303.7126770019531
2021-02-23,302.7154541015625
2021-02-24,301.6683349609375
2021-02-25,304.1615295410156
2021-02-26,289.9008483886719
2021-03-01,295.5352783203125
2021-03-02,297.33038330078125
2021-03-03,298.8760681152344
2021-03-04,285.51287841796875
2021-03-05,282.2219543457031
2021-03-08,291.34686279296875
2021-03-09,284.11676025390625
2021-03-10,282.571044921875
2021-03-11,288.4548034667969
2021-03-12,289.4520263671875
2021-03-15,284.31622314453125
2021-03-16,285.71234130859375
2021-03-17,281.5238952636719
2021-03-18,286.7095947265625
2021-03-19,281.2247009277344
2021-03-22,278.68170166015625
2021-03-23,271.25213623046875
2021-03-24,277.3853454589844
2021-03-25,268.1109313964844
2021-03-26,285.61260986328125
2021-03-29,283.9173278808594
2021-03-30,285.2635803222656
2021-03-31,283.468505859375
2021-04-01,284.86468505859375
2021-04-06,290.84814453125
2021-04-07,292.2942199707031
2021-04-08,293.4909362792969
2021-04-09,287.9063415527344
2021-04-12,285.4131774902344
2021-04-13,286.1112060546875
2021-04-14,301.6683349609375
2021-04-15,302.3664855957031
2021-04-16,301.1697998046875
2021-04-19,302.96478271484375
2021-04-20,289.95062255859375
2021-04-21,292.09478759765625
2021-04-22,291.73870849609375
2021-04-23,295.4789123535156
2021-04-26,305.403076171875
2021-04-27,301.313720703125
2021-04-28,302.06182861328125
2021-04-29,299.2192077636719
2021-04-30,294.43170166015625
2021-05-04,295.4291076660156
2021-05-05,309.0934143066406
2021-05-06,311.48712158203125
2021-05-07,321.9099426269531
2021-05-10,330.3878479003906
2021-05-11,327.04656982421875
2021-05-12,332.2330627441406
2021-05-13,323.55560302734375
2021-05-14,323.7552185058594
2021-05-17,324.3036804199219
2021-05-18,323.7552185058594
2021-05-19,312.9832763671875
2021-05-20,310.88873291015625
2021-05-21,309.5422668457031
2021-05-24,310.88873291015625
2021-05-25,304.5054016113281
2021-05-26,306.6996765136719
2021-05-27,320.91259765625
2021-05-28,320.6133728027344
2021-06-01,330.13848876953125
2021-06-02,332.68182373046875
2021-06-03,324.2039794921875
2021-06-04,328.8917541503906
2021-06-07,322.8574523925781
2021-06-08,322.9073486328125
2021-06-09,317.8206481933594
2021-06-10,319.0673828125
2021-06-11,328.24346923828125
2021-06-14,326.7972412109375
2021-06-15,320.16455078125
2021-06-16,316.2248229980469
2021-06-17,304.8045654296875
2021-06-18,296.7756042480469
2021-06-21,300.46588134765625
2021-06-22,306.7994079589844
2021-06-23,309.2929382324219
2021-06-24,313.3323059082031
2021-06-25,314.3796081542969
2021-06-28,308.74432373046875
2021-06-29,312.883544921875
2021-06-30,308.64459228515625
2021-07-01,309.69189453125
2021-07-02,314.3297424316406
2021-07-05,319.31671142578125
2021-07-06,309.1931457519531
2021-07-07,317.3218994140625
2021-07-08,306.8492736816406
2021-07-09,318.5686340332031
2021-07-12,316.2248229980469
2021-07-13,312.9333801269531
2021-07-14,318.41912841796875
2021-07-15,319.2170104980469
2021-07-16,308.19573974609375
2021-07-19,295.4291076660156
2021-07-20,301.3635559082031
2021-07-21,313.282470703125
2021-07-22,310.8388671875
2021-07-23,314.92816162109375
2021-07-26,325.3510437011719
2021-07-27,322.7577819824219
2021-07-28,326.0990905761719
2021-07-29,328.5925598144531
2021-07-30,322.7078857421875
2021-08-02,325.949462890625
2021-08-03,329.2408447265625
2021-08-04,328.44293212890625
2021-08-05,323.15667724609375
2021-08-06,324.5531005859375
2021-08-09,324.70269775390625
2021-08-10,329.5898742675781
2021-08-11,340.4616394042969
2021-08-12,338.4667663574219
2021-08-13,335.9732666015625
2021-08-16,328.84185791015625
2021-08-17,323.7052307128906
2021-08-18,317.42169189453125
2021-08-19,306.30072021484375
2021-08-20,308.79425048828125
2021-08-23,316.67364501953125
2021-08-24,324.8523254394531
2021-08-25,328.0938415527344
2021-08-26,324.25390625
2021-08-27,331.68450927734375
2021-08-31,326.54791259765625
2021-09-01,328.44293212890625
2021-09-02,328.39306640625
2021-09-03,332.2840576171875
2021-09-06,337.4222106933594
2021-09-07,336.8236389160156
2021-09-08,333.43145751953125
2021-09-09,331.3861389160156
2021-09-10,335.227294921875
2021-09-13,339.1183166503906
2021-09-14,335.1275329589844
2021-09-15,339.6171569824219
2021-09-16,332.23419189453125
2021-09-17,326.447509765625
2021-09-20,314.0760192871094
2021-09-21,311.2824401855469
2021-09-22,323.4544372558594
2021-09-23,328.5426940917969
2021-09-24,329.7398986816406
2021-09-27,335.7760314941406
2021-09-28,343.45831298828125
2021-09-29,347.0001525878906
2021-09-30,351.0408935546875
2021-10-01,349.8934631347656
2021-10-04,354.1835632324219
2021-10-05,366.7546081542969
2021-10-06,359.37164306640625
2021-10-07,357.57574462890625
2021-10-08,354.4828796386719
2021-10-11,366.1559753417969
2021-10-12,370.14678955078125
2021-10-13,371.3939514160156
2021-10-14,383.9151306152344
2021-10-15,389.65185546875
2021-10-18,391.5474853515625
2021-10-19,379.82452392578125
2021-10-20,377.0808410644531
2021-10-21,367.70245361328125
2021-10-22,366.1559753417969
2021-10-25,371.0447082519531
2021-10-26,369.04931640625
2021-10-27,359.27191162109375
2021-10-28,358.5734558105469
2021-10-29,364.4100036621094
2021-11-01,365.0585632324219
2021-11-02,353.4353332519531
2021-11-03,354.6824035644531
2021-11-04,353.1859436035156
2021-11-05,352.5872497558594
2021-11-08,359.62103271484375
2021-11-09,354.6326599121094
2021-11-10,354.5328063964844
2021-11-11,369.14910888671875
2021-11-12,367.0539245605469
2021-11-15,361.3171691894531
2021-11-16,362.8636169433594
2021-11-17,371.0945739746094
2021-11-18,367.9518737792969
2021-11-19,368.6003723144531
2021-11-22,371.6433410644531
2021-11-23,374.7861022949219
2021-11-24,374.63641357421875
2021-11-25,371.6433410644531
2021-11-26,351.19049072265625
2021-11-29,356.3285827636719
2021-11-30,356.27880859375
2021-12-01,368.94952392578125
2021-12-02,353.83441162109375
2021-12-03,351.0907287597656
2021-12-06,356.3785705566406
2021-12-07,367.5028991699219
2021-12-08,369.44842529296875
2021-12-09,368.0516357421875
2021-12-10,367.0539245605469
2021-12-13,362.01556396484375
2021-12-14,366.1559753417969
2021-12-15,357.57574462890625
2021-12-16,366.4552917480469
2021-12-17,367.5028991699219
2021-12-20,360.0201416015625
2021-12-21,366.25579833984375
2021-12-22,372.4913635253906
2021-12-23,375.1353454589844
2021-12-24,372.1421813964844
2021-12-29,379.2757873535156
2021-12-30,376.781494140625
2021-12-31,374.0877380371094
2022-01-04,386.7584533691406
2022-01-05,392.09625244140625
2022-01-06,387.4569396972656
2022-01-07,394.4408264160156
2022-01-10,388.0555114746094
2022-01-11,386.908203125
2022-01-12,400.3272705078125
2022-01-13,405.1661071777344
2022-01-14,402.37255859375
2022-01-17,410.3541564941406
2022-01-18,412.8484191894531
2022-01-19,418.1361999511719
2022-01-20,411.5513610839844
2022-01-21,409.10699462890625
2022-01-24,387.35711669921875
2022-01-25,388.0555114746094
2022-01-26,398.18218994140625
2022-01-27,402.2727355957031
2022-01-28,392.3456115722656
2022-01-31,382.11920166015625
2022-02-01,394.989501953125
2022-02-02,398.3817138671875
2022-02-03,399.37945556640625
2022-02-04,401.3249206542969
2022-02-07,406.8621520996094
2022-02-08,412.89825439453125
2022-02-09,419.0340881347656
2022-02-10,420.0816955566406
2022-02-11,416.78924560546875
2022-02-14,421.12933349609375
2022-02-15,426.01800537109375
2022-02-16,424.3219299316406
2022-02-17,419.7325439453125
2022-02-18,421.02947998046875
2022-02-21,416.8890686035156
2022-02-22,421.2290344238281
2022-02-23,426.36724853515625
2022-02-24,421.2789306640625
2022-02-25,438.1400451660156
2022-02-28,441.13311767578125
2022-03-01,443.9267578125
2022-03-02,451.55914306640625
2022-03-03,475.40423583984375
2022-03-04,459.59063720703125
2022-03-07,473.75799560546875
2022-03-08,475.1048889160156
2022-03-09,469.0189208984375
2022-03-10,496.8547668457031
2022-03-11,510.1241455078125
2022-03-14,480.4425354003906
2022-03-15,459.24139404296875
2022-03-16,472.0619201660156
2022-03-17,474.0074157714844
2022-03-18,478.1478576660156
2022-03-21,496.4057312011719
2022-03-22,501.0450744628906
2022-03-23,510.0244140625
2022-03-24,499.1494140625
2022-03-25,504.8363342285156
2022-03-28,498.4510192871094
2022-03-29,479.5445861816406
2022-03-30,499.54852294921875
2022-03-31,498.8501281738281
2022-04-01,506.4327087402344
2022-04-04,503.838623046875
2022-04-05,515.6114501953125
2022-04-06,517.4072875976562
2022-04-07,513.5164184570312
2022-04-08,526.7857055664062
2022-04-11,519.2031860351562
2022-04-12,523.5931396484375
2022-04-13,528.880859375
2022-04-14,525.58837890625
2022-04-19,534.3682250976562
2022-04-20,517.7067260742188
2022-04-21,488.6722412109375
2022-04-22,475.2005615234375
2022-04-25,448.4069519042969
2022-04-26,463.8244934082031
2022-04-27,478.6432800292969
2022-04-28,482.3854675292969
2022-04-29,496.25628662109375
2022-05-03,482.4852600097656
2022-05-04,481.2877502441406
2022-05-05,483.08404541015625
2022-05-06,486.5766296386719
2022-05-09,457.58758544921875
2022-05-10,454.54400634765625
2022-05-11,475.0010070800781
2022-05-12,454.0450744628906
2022-05-13,460.3817443847656
2022-05-16,475.9989013671875
2022-05-17,497.2043151855469
2022-05-18,497.1544494628906
2022-05-19,496.9049987792969
2022-05-20,496.30621337890625
2022-05-23,511.92333984375
2022-05-24,518.3099975585938
2022-05-25,519.7069091796875
2022-05-26,518.1102905273438
2022-05-27,525.0956420898438
2022-05-30,525.39501953125
2022-05-31,521.0042724609375
2022-06-01,522.6008911132812
2022-06-06,540.363525390625
2022-06-07,538.4675903320312
2022-06-08,536.8709106445312
2022-06-09,532.0808715820312
2022-06-10,504.4391174316406
2022-06-13,480.28985595703125
2022-06-14,482.28570556640625
2022-06-15,491.5661315917969
2022-06-16,463.0262145996094
2022-06-17,460.23211669921875
2022-06-20,471.7578125
2022-06-21,481.5871276855469
2022-06-22,448.4069519042969
2022-06-23,441.8706359863281
2022-06-24,445.31341552734375
2022-06-27,451.7997741699219
2022-06-28,459.2840576171875
2022-06-29,459.2840576171875
2022-06-30,444.1658630371094
2022-07-01,425.4552001953125
2022-07-04,433.8375549316406
2022-07-05,399.1605224609375
2022-07-06,407.59283447265625
2022-07-07,432.34075927734375
2022-07-08,430.4447326660156
2022-07-11,425.3055114746094
2022-07-12,421.1641845703125
2022-07-13,417.5718078613281
2022-07-14,400.457763671875
2022-07-15,405.9961853027344
2022-07-18,418.9189758300781
2022-07-19,418.5697021484375
2022-07-20,425.15582275390625
2022-07-21,418.9189758300781
2022-07-22,421.3139343261719
2022-07-25,431.89166259765625
2022-07-26,437.8790588378906
2022-07-27,446.06182861328125
2022-07-28,448.4069519042969
2022-07-29,460.88067626953125
2022-08-01,459.73309326171875
2022-08-02,447.45892333984375
2022-08-03,445.1138610839844
2022-08-04,458.7851257324219
2022-08-05,465.8203125
2022-08-08,464.37335205078125
2022-08-09,463.32550048828125
2022-08-10,468.9637451171875
2022-08-11,473.6039123535156
2022-08-12,471.40850830078125
2022-08-15,463.5251159667969
2022-08-16,481.8865051269531
2022-08-17,485.67852783203125
2022-08-18,497.2043151855469
2022-08-19,486.1275939941406
2022-08-22,491.1669921875
2022-08-23,504.9380187988281
2022-08-24,496.6554870605469
2022-08-25,503.9401550292969
2022-08-26,497.8529052734375
2022-08-30,482.9342956542969
2022-08-31,472.3066101074219
2022-09-01,441.26715087890625
2022-09-02,452.4984436035156
2022-09-05,470.71820068359375
2022-09-06,486.0427551269531
2022-09-07,467.4736022949219
2022-09-08,470.3688049316406
2022-09-09,487.5901794433594
2022-09-12,498.5220031738281
2022-09-13,496.8747863769531
2022-09-14,493.0310974121094
2022-09-15,501.1676330566406
2022-09-16,488.4886474609375
2022-09-20,480.10260009765625
2022-09-21,485.1941833496094
2022-09-22,489.1875305175781
2022-09-23,460.78466796875
2022-09-26,455.69317626953125
2022-09-27,470.618408203125
2022-09-28,479.952880859375
2022-09-29,485.9429016113281
2022-09-30,477.3572082519531
2022-10-03,485.74322509765625
2022-10-04,499.96954345703125
2022-10-05,499.4704284667969
2022-10-06,493.2807312011719
2022-10-07,493.0310974121094
2022-10-10,492.5819091796875
2022-10-11,483.39715576171875
2022-10-12,485.2940368652344
2022-10-13,487.49029541015625
2022-10-14,483.5469055175781
2022-10-17,486.491943359375
2022-10-18,482.2490539550781
2022-10-19,472.21575927734375
2022-10-20,483.8963317871094
2022-10-21,501.2674865722656
2022-10-24,501.0677490234375
2022-10-25,501.8664855957031
2022-10-26,515.0446166992188
2022-10-27,500.1693115234375
2022-10-28,495.9263610839844
2022-10-31,498.6717834472656
2022-11-01,522.9314575195312
2022-11-02,513.2474975585938
2022-11-03,518.139404296875
2022-11-04,531.1179809570312
2022-11-07,531.1179809570312
2022-11-08,523.8300170898438
2022-11-09,509.5537109375
2022-11-10,500.3689880371094
2022-11-11,501.1676330566406
2022-11-14,511.15106201171875
2022-11-15,518.6386108398438
2022-11-16,516.4421997070312
2022-11-17,511.05120849609375
2022-11-18,504.9613037109375
2022-11-21,496.0262145996094
2022-11-22,514.0462646484375
2022-11-23,529.420654296875
2022-11-24,535.1112670898438
2022-11-25,532.9148559570312
2022-11-28,537.4073486328125
2022-11-29,549.8866577148438
2022-11-30,562.5657348632812
2022-12-01,555.7769165039062
2022-12-02,557.374267578125
2022-12-05,560.6688842773438
2022-12-06,555.1779174804688
2022-12-07,539.4041137695312
2022-12-08,547.6903686523438
2022-12-09,541.6006469726562
2022-12-12,536.5089721679688
2022-12-13,544.595458984375
2022-12-14,540.1029052734375
2022-12-15,531.7169799804688
2022-12-16,530.2192993164062
2022-12-19,535.909912109375
2022-12-20,547.0913696289062
2022-12-21,559.8701171875
2022-12-22,556.0763549804688
2022-12-23,557.0747680664062
2022-12-28,558.7719116210938
2022-12-29,557.374267578125
2022-12-30,551.484130859375
2023-01-03,543.497314453125
2023-01-04,505.7599792480469
2023-01-05,513.1476440429688
2023-01-06,525.0280151367188
2023-01-09,541.7001953125
2023-01-10,533.2144165039062
2023-01-11,534.51220703125
2023-01-12,542.7985229492188
2023-01-13,557.4742431640625
2023-01-16,551.5839233398438
2023-01-17,551.9832763671875
2023-01-18,575.6439819335938
2023-01-19,563.1647338867188
2023-01-20,574.9451293945312
2023-01-23,577.1415405273438
2023-01-24,564.6622314453125
2023-01-25,557.5739135742188
2023-01-26,548.5889282226562
2023-01-27,547.2909545898438
2023-01-30,548.289306640625
2023-01-31,540.3026123046875
2023-02-01,541.6006469726562
2023-02-02,544.6953735351562
2023-02-03,553.5806274414062
2023-02-06,544.9948120117188
2023-02-07,549.8866577148438
2023-02-08,545.9932250976562
2023-02-09,525.7268676757812
2023-02-10,511.4505615234375
2023-02-13,514.9447021484375
2023-02-14,515.0446166992188
2023-02-15,506.9580078125
2023-02-16,506.5586853027344
2023-02-17,508.8548889160156
2023-02-20,518.8382568359375
2023-02-21,502.4654541015625
2023-02-22,493.2807312011719
2023-02-23,493.4803466796875
2023-02-24,487.540283203125
2023-02-27,493.5802001953125
2023-02-28,494.5286560058594
2023-03-01,512.049560546875
2023-03-02,510.1527099609375
2023-03-03,522.1328125
2023-03-06,501.66680908203125
2023-03-07,478.7049255371094
2023-03-08,486.0427551269531
2023-03-09,472.61505126953125
2023-03-10,472.21575927734375
2023-03-13,457.9394226074219
2023-03-14,460.6849060058594
2023-03-15,411.31689453125
2023-03-16,422.4982604980469
2023-03-17,431.9326477050781
2023-03-20,448.6049499511719
2023-03-21,447.8062744140625
2023-03-22,449.40362548828125
2023-03-23,450.8511962890625
2023-03-24,441.9659729003906
2023-03-27,448.8545227050781
2023-03-28,458.13909912109375
2023-03-29,464.778076171875
2023-03-30,465.82635498046875
2023-03-31,463.82965087890625
2023-04-03,451.7497253417969
2023-04-04,459.28717041015625
2023-04-05,455.99267578125
2023-04-06,456.5916748046875
2023-04-11,471.4669494628906
2023-04-12,482.79815673828125
2023-04-13,486.8414306640625
2023-04-14,490.8846740722656
2023-04-17,488.189208984375
2023-04-18,497.17425537109375
2023-04-19,493.53033447265625
2023-04-20,501.0677490234375
2023-04-21,490.0860290527344
2023-04-24,485.5435791015625
2023-04-25,468.2223815917969
2023-04-26,480.601806640625
2023-04-27,472.4153747558594
2023-04-28,468.2223815917969
2023-05-02,459.7364196777344
2023-05-03,461.5334167480469
2023-05-04,433.44580078125
2023-05-05,443.5328674316406
2023-05-09,445.6302185058594
2023-05-10,444.58154296875
2023-05-11,427.053955078125
2023-05-12,431.7478942871094
2023-05-15,436.6417236328125
2023-05-16,431.5481872558594
2023-05-17,435.8427429199219
2023-05-18,434.7440490722656
2023-05-19,434.3446350097656
2023-05-22,434.0450439453125
2023-05-23,427.253662109375
2023-05-24,418.6647033691406
2023-05-25,415.8682861328125
2023-05-26,422.060302734375
2023-05-30,416.2677307128906
2023-05-31,410.924560546875
2023-06-01,416.3675842285156
2023-06-02,433.34588623046875
2023-06-05,429.55078125
2023-06-06,430.6993103027344
2023-06-07,436.49188232421875
2023-06-08,435.8926696777344
2023-06-09,434.44451904296875
2023-06-12,436.3920593261719
2023-06-13,459.41259765625
2023-06-14,469.7493591308594
2023-06-15,474.3934326171875
2023-06-16,466.4036560058594
2023-06-19,458.41387939453125
2023-06-20,450.22430419921875
2023-06-21,451.4228210449219
2023-06-22,445.4304504394531
2023-06-23,432.0975036621094
2023-06-26,436.8414306640625
2023-06-27,439.7377014160156
2023-06-28,433.44580078125
2023-06-29,437.8401794433594
2023-06-30,443.9324035644531
2023-07-03,458.36395263671875
2023-07-04,459.31268310546875
2023-07-05,457.3652038574219
2023-07-06,432.1973876953125
2023-07-07,435.79278564453125
2023-07-10,432.5469055175781
2023-07-11,436.49188232421875
2023-07-12,457.7646789550781
2023-07-13,469.05023193359375
2023-07-14,466.203857421875
2023-07-17,453.0706787109375
2023-07-18,453.4202575683594
2023-07-19,452.8710021972656
2023-07-20,471.8966369628906
2023-07-21,471.946533203125
2023-07-24,478.03875732421875
2023-07-25,481.4344177246094
2023-07-26,468.85052490234375
2023-07-27,468.5509033203125
2023-07-28,465.9042663574219
2023-07-31,472.9452819824219
2023-08-01,470.3486022949219
2023-08-02,461.4100646972656
2023-08-03,461.60980224609375
2023-08-04,462.6085205078125
2023-08-07,456.1168212890625
2023-08-08,444.0322265625
2023-08-09,454.51885986328125
2023-08-10,454.2691650390625
2023-08-11,444.13214111328125
2023-08-14,433.2460021972656
2023-08-15,418.51483154296875
2023-08-16,418.96435546875
2023-08-17,423.0091247558594
2023-08-18,415.5186462402344
2023-08-21,419.46368408203125
2023-08-22,429.2510986328125
2023-08-23,432.59686279296875
2023-08-24,427.7530517578125
2023-08-25,425.6058044433594
2023-08-29,437.7402648925781
2023-08-30,438.0898132324219
2023-08-31,421.1427001953125
2023-09-01,426.8384704589844
2023-09-04,435.68206787109375
2023-09-05,431.88482666015625
2023-09-06,429.1368103027344
2023-09-07,423.191162109375
2023-09-08,425.6893310546875
2023-09-11,435.0325012207031
2023-09-12,434.3330383300781
2023-09-13,431.5849914550781
2023-09-14,450.42132568359375
2023-09-15,456.067138671875
2023-09-18,459.3147888183594
2023-09-19,463.3118896484375
2023-09-20,463.5616760253906
2023-09-21,451.7203063964844
2023-09-22,454.7181396484375
2023-09-25,452.6696472167969
2023-09-26,451.4205627441406
2023-09-27,453.2192077636719
2023-09-28,460.6637878417969
2023-09-29,469.55731201171875
2023-10-02,463.5616760253906
2023-10-03,452.9194641113281
2023-10-04,442.9767150878906
2023-10-05,439.5292053222656
2023-10-06,444.67547607421875
2023-10-09,450.42132568359375
2023-10-10,465.9099426269531
2023-10-11,460.9635314941406
2023-10-12,461.8629455566406
2023-10-13,455.9671936035156
2023-10-16,462.41253662109375
2023-10-17,462.5124816894531
2023-10-18,455.9671936035156
2023-10-19,449.82171630859375
2023-10-20,435.0824890136719
2023-10-23,428.43731689453125
2023-10-24,434.2330627441406
2023-10-25,439.479248046875
2023-10-26,440.1787414550781
2023-10-27,444.92529296875
2023-10-30,450.6711120605469
2023-10-31,434.8326721191406
2023-11-01,431.335205078125
2023-11-02,439.9289245605469
2023-11-03,439.2794189453125
2023-11-06,441.67767333984375
2023-11-07,431.2852478027344
2023-11-08,426.28887939453125
2023-11-09,429.3866882324219
2023-11-10,426.78851318359375
2023-11-13,430.1361083984375
2023-11-14,449.67181396484375
2023-11-15,464.3611145019531
2023-11-16,457.3162841796875
2023-11-17,467.30889892578125
2023-11-20,465.1605224609375
2023-11-21,456.666748046875
2023-11-22,448.6225891113281
2023-11-23,449.4719543457031
2023-11-24,447.82318115234375
2023-11-27,445.1751403808594
2023-11-28,446.72393798828125
2023-11-29,443.62628173828125
2023-11-30,441.477783203125
2023-12-01,457.3662109375
2023-12-04,443.3264465332031
2023-12-05,438.0802917480469
2023-12-06,446.17437744140625
2023-12-07,453.2192077636719
2023-12-08,457.0663757324219
2023-12-11,438.9795837402344
2023-12-12,435.9817810058594
2023-12-13,433.333740234375
2023-12-14,453.4190979003906
2023-12-15,460.5139465332031
2023-12-18,462.31256103515625
2023-12-19,467.4588623046875
2023-12-20,468.807861328125
2023-12-21,469.8571472167969
2023-12-22,466.0099182128906
2023-12-27,471.40594482421875
2023-12-28,469.7071533203125
2023-12-29,471.7557067871094
2024-01-02,468.35821533203125
2024-01-03,458.1656188964844
2024-01-04,458.91510009765625
2024-01-05,462.662353515625
2024-01-08,456.76666259765625
2024-01-09,451.4704895019531
2024-01-10,447.62335205078125
2024-01-11,444.8753356933594
2024-01-12,447.82318115234375
2024-01-15,444.67547607421875
2024-01-16,438.8297424316406
2024-01-17,419.1941223144531
2024-01-18,419.54376220703125
2024-01-19,411.9992980957031
2024-01-22,397.6098327636719
2024-01-23,404.8545227050781
2024-01-24,416.7958068847656
2024-01-25,415.8465270996094
2024-01-26,422.3917541503906
2024-01-29,424.6401062011719
2024-01-30,420.7428894042969
2024-01-31,420.14337158203125
2024-02-01,425.7892761230469
2024-02-02,417.2955017089844
2024-02-05,409.1014404296875
2024-02-06,410.20062255859375
2024-02-07,402.1065368652344
2024-02-08,396.5105895996094
2024-02-09,384.7691345214844
2024-02-12,393.9624938964844
2024-02-13,392.4136047363281
2024-02-14,391.1645202636719
2024-02-15,390.7647705078125
2024-02-16,399.2585754394531
2024-02-19,395.11163330078125
2024-02-20,390.11529541015625
2024-02-21,385.7684326171875
2024-02-22,379.6228942871094
2024-02-23,375.52587890625
2024-02-26,368.68096923828125
2024-02-27,371.7786560058594
2024-02-28,373.17767333984375
2024-02-29,374.8763732910156
2024-03-01,382.171142578125
2024-03-04,379.9227294921875
2024-03-05,385.0689697265625
2024-03-06,388.8662109375
2024-03-07,398.8089904785156
2024-03-08,400.457763671875
2024-03-11,398.10943603515625
2024-03-12,399.6583557128906
2024-03-13,418.8943176269531
2024-03-14,416.9457092285156
2024-03-15,424.8899230957031
2024-03-18,422.2917785644531
2024-03-19,418.2947082519531
2024-03-20,415.8965148925781
2024-03-21,427.6878662109375
2024-03-22,428.5372619628906
2024-03-25,423.29107666015625
2024-03-26,423.6408386230469
2024-03-27,428.43731689453125
2024-03-28,434.98248291015625
2024-04-02,448.0729675292969
2024-04-03,457.9656982421875
2024-04-04,463.2119140625
2024-04-05,457.76593017578125
2024-04-08,466.45953369140625
2024-04-09,472.6550598144531
2024-04-10,467.6587219238281
2024-04-11,461.81292724609375
2024-04-12,485.34576416015625
2024-04-15,481.2987365722656
2024-04-16,466.2597351074219
2024-04-17,472.5051574707031
2024-04-18,474.6535949707031
2024-04-19,473.9540710449219
2024-04-22,474.55364990234375
2024-04-23,468.1583251953125
2024-04-24,473.7542724609375
2024-04-25,468.25830078125
2024-04-26,469.1576232910156
2024-04-29,473.1047058105469
2024-04-30,467.3589172363281
2024-05-01,466.1597900390625
2024-05-02,458.4165344238281
2024-05-03,454.71881103515625
2024-05-07,467.66082763671875
2024-05-08,460.415283203125
2024-05-09,463.26348876953125
2024-05-10,475.705810546875
2024-05-13,475.106201171875
2024-05-14,492.19561767578125
2024-05-15,487.5984802246094
2024-05-16,492.6953125
2024-05-17,496.6928405761719
2024-05-20,501.1900634765625
2024-05-21,499.5910339355469
2024-05-22,482.70147705078125
2024-05-23,483.1512756347656
2024-05-24,483.6509094238281
2024-05-28,488.6977844238281
2024-05-29,482.95135498046875
2024-05-30,481.6022033691406
2024-05-31,480.452880859375
2024-06-03,481.20245361328125
2024-06-04,468.11053466796875
2024-06-05,469.75946044921875
2024-06-06,476.9051208496094
2024-06-07,469.459716796875
2024-06-10,475.50592041015625
2024-06-11,465.26226806640625
2024-06-12,462.6138916015625
2024-06-13,459.8656005859375
2024-06-14,454.2690734863281
2024-06-17,448.07293701171875
2024-06-18,453.1697998046875
2024-06-19,455.86810302734375
2024-06-20,463.663330078125
2024-06-21,454.4190368652344
2024-06-24,459.21600341796875
2024-06-25,454.2191162109375
2024-06-26,453.9193115234375
2024-06-27,452.47015380859375
2024-06-28,450.82122802734375
2024-07-01,461.4147033691406
2024-07-02,465.9618225097656
2024-07-03,476.7051696777344
2024-07-04,480.50286865234375
2024-07-05,482.7514343261719
2024-07-08,479.05377197265625
2024-07-09,475.7557678222656
2024-07-10,478.7039489746094
2024-07-11,478.50408935546875
2024-07-12,478.0543518066406
2024-07-15,471.00872802734375
2024-07-16,458.2665710449219
2024-07-17,458.21661376953125
2024-07-18,450.6213684082031
2024-07-19,441.6768798828125
2024-07-22,443.07598876953125
2024-07-23,433.1321716308594
2024-07-24,433.0821838378906
2024-07-25,432.03277587890625
2024-07-26,433.33203125
2024-07-29,427.18585205078125
2024-07-30,416.3425598144531
2024-07-31,429.53436279296875
2024-08-01,414.94342041015625
2024-08-02,404.7996826171875
2024-08-05,391.45794677734375
2024-08-06,392.90704345703125
2024-08-07,403.9502258300781
2024-08-08,402.9508361816406
2024-08-09,404.8496398925781
2024-08-12,409.9964599609375
2024-08-13,405.14947509765625
2024-08-14,402.9508361816406
2024-08-15,408.24749755859375
2024-08-16,403.6004333496094
2024-08-19,414.94342041015625
2024-08-20,409.9465026855469
2024-08-21,413.0445556640625
2024-08-22,405.04949951171875
2024-08-23,410.8459167480469
2024-08-27,410.24627685546875
2024-08-28,404.29998779296875
2024-08-29,399.901611328125
2024-08-30,400.6011962890625
2024-09-02,399.5018005371094
2024-09-03,384.5591735839844
2024-09-04,380.61114501953125
2024-09-05,379.161865234375
2024-09-06,366.9179382324219
2024-09-09,369.866455078125
2024-09-10,363.2697448730469
2024-09-11,362.6200866699219
2024-09-12,372.4651794433594
2024-09-13,377.1628723144531
2024-09-16,377.5126953125
2024-09-17,379.1118469238281
2024-09-18,379.66162109375
2024-09-20,378.5121765136719
2024-09-23,384.65911865234375
2024-09-24,399.6517333984375
2024-09-25,403.14996337890625
2024-09-26,422.8402099609375
2024-09-27,426.83819580078125
2024-09-30,427.4879150390625
2024-10-01,428.88720703125
2024-10-02,433.1850280761719
2024-10-03,429.0871276855469
2024-10-04,432.88519287109375
2024-10-07,437.2829895019531
2024-10-08,417.29296875
2024-10-09,420.69122314453125
2024-10-10,421.79071044921875
2024-10-11,424.03961181640625
2024-10-14,420.3414611816406
2024-10-15,403.349853515625
2024-10-16,406.4483337402344
2024-10-17,403.0000305175781
2024-10-18,408.4972839355469
2024-10-21,406.69818115234375
2024-10-22,407.69769287109375
2024-10-23,400.1014709472656
2024-10-24,397.902587890625
2024-10-25,403.99957275390625
2024-10-28,404.84912109375
2024-10-29,404.3993225097656
2024-10-30,409.3968505859375
2024-10-31,406.09844970703125
2024-11-01,407.4478454589844
2024-11-04,406.69818115234375
2024-11-05,407.1979675292969
2024-11-06,401.0509948730469
2024-11-07,415.1939697265625
2024-11-08,394.60418701171875
2024-11-11,388.3073425292969
2024-11-12,376.2633056640625
2024-11-13,376.31329345703125
2024-11-14,374.51422119140625
2024-11-15,379.161865234375
2024-11-18,383.2598571777344
2024-11-19,379.2618408203125
2024-11-20,380.5111999511719
2024-11-21,381.2108459472656
2024-11-22,380.61114501953125
2024-11-25,389.606689453125
2024-11-26,378.5621643066406
2024-11-27,375.7135925292969
2024-11-28,373.56463623046875
2024-11-29,379.7615966796875
2024-12-02,376.8630065917969
2024-12-03,381.810546875
2024-12-04,378.012451171875
2024-12-05,377.11285400390625
2024-12-06,377.81256103515625
2024-12-09,394.6542053222656
2024-12-10,385.7085876464844
2024-12-11,383.0599670410156
2024-12-12,377.7125549316406
2024-12-13,370.865966796875
2024-12-16,367.5676574707031
2024-12-17,362.5201416015625
2024-12-18,362.12030029296875
2024-12-19,353.92437744140625
2024-12-20,352.7249755859375
2024-12-23,353.92437744140625
2024-12-24,355.17376708984375
2024-12-27,354.42413330078125
2024-12-30,352.1252746582031
2024-12-31,353.2247314453125
2025-01-02,362.4701232910156
2025-01-03,361.4206848144531
2025-01-06,366.5181579589844
2025-01-07,361.0209045410156
2025-01-08,363.76953125
2025-01-09,365.5186462402344
2025-01-10,358.5221252441406
2025-01-13,363.76953125
2025-01-14,367.41766357421875
2025-01-15,368.5671081542969
2025-01-16,369.866455078125
2025-01-17,379.9614562988281
2025-01-20,387.00799560546875
2025-01-21,380.4112548828125
2025-01-22,377.012939453125
2025-01-23,373.3147888183594
2025-01-24,375.2138366699219
2025-01-27,361.3207092285156
2025-01-28,354.77398681640625
2025-01-29,345.3286437988281
2025-01-30,352.77496337890625
2025-01-31,350.3261413574219
2025-02-03,341.93035888671875
2025-02-04,348.4271240234375
2025-02-05,348.02734375
2025-02-06,354.27423095703125
2025-02-07,358.42218017578125
2025-02-10,359.271728515625
2025-02-11,349.4765930175781
2025-02-12,340.8309020996094
2025-02-13,345.2786865234375
2025-02-14,353.0248718261719
2025-02-17,350.2262268066406
2025-02-18,353.3746643066406
2025-02-19,327.637451171875
2025-02-20,325.3885498046875
2025-02-21,323.68939208984375
2025-02-24,317.7923278808594
2025-02-25,315.4434814453125
2025-02-26,321.7403564453125
2025-02-27,316.6928405761719
2025-02-28,318.9917297363281
2025-03-03,323.28961181640625
2025-03-04,312.6948547363281
2025-03-05,320.7408752441406
2025-03-06,327.33758544921875
2025-03-07,318.9917297363281
2025-03-10,315.1436462402344
2025-03-11,313.49444580078125
2025-03-12,312.3450012207031
2025-03-13,312.3949890136719
2025-03-14,320.5909118652344
2025-03-17,318.69189453125
2025-03-18,318.9417724609375
2025-03-19,314.8937683105469
2025-03-20,309.84625244140625
2025-03-21,299.0516357421875
2025-03-24,302.749755859375
2025-03-25,304.3489990234375
2025-03-26,303.8492736816406
2025-03-27,297.50238037109375
2025-03-28,292.4048767089844
2025-03-31,280.1609802246094
2025-04-01,284.00909423828125
2025-04-02,282.8096923828125
2025-04-03,260.6706237792969
2025-04-04,236.78250122070312
2025-04-07,229.93589782714844
2025-04-08,238.48165893554688
2025-04-09,238.0818634033203
2025-04-10,244.8784942626953
2025-04-11,253.52420043945312
2025-04-14,259.9209899902344
2025-04-15,255.8230743408203
2025-04-16,257.0224304199219
2025-04-17,255.6231689453125
2025-04-22,256.1728820800781
2025-04-23,266.31787109375
2025-04-24,267.6171875
2025-04-25,268.3169250488281
2025-04-28,265.36834716796875
2025-04-29,263.76910400390625
2025-04-30,244.27877807617188
2025-05-01,244.4163055419922
2025-05-02,246.81549072265625
2025-05-06,247.6652069091797
2025-05-07,251.91375732421875
2025-05-08,252.71347045898438
2025-05-09,252.21365356445312
2025-05-12,267.5583801269531
2025-05-13,269.6576843261719
2025-05-14,273.6562805175781
2025-05-15,270.50738525390625
2025-05-16,265.9089660644531
2025-05-19,263.6097717285156
2025-05-20,270.8572692871094
2025-05-21,267.0585632324219
2025-05-22,266.80865478515625
2025-05-23,269.057861328125
2025-05-27,274.30609130859375
2025-05-28,271.95684814453125
2025-05-29,277.80487060546875
2025-05-30,283.302978515625
2025-06-02,284.7024841308594
2025-06-03,282.603271484375
2025-06-04,288.4012756347656
2025-06-05,292.7497863769531
2025-06-06,288.00140380859375
2025-06-09,291.0003662109375
2025-06-10,289.9007263183594
2025-06-11,288.9010925292969
2025-06-12,287.5515441894531
2025-06-13,291.6001892089844
2025-06-16,291.5501708984375
2025-06-17,286.451904296875
2025-06-18,289.1510009765625
2025-06-19,283.5029296875
2025-06-20,286.25201416015625
2025-06-23,285.3523254394531
2025-06-24,275.005859375
2025-06-25,273.2064514160156
2025-06-26,288.10137939453125
2025-06-27,286.60186767578125
2025-06-30,283.5029296875
2025-07-01,291.1502990722656
2025-07-02,305.895263671875
2025-07-03,306.09521484375
2025-07-04,302.746337890625
2025-07-07,297.79803466796875
2025-07-08,306.29510498046875
2025-07-09,298.09796142578125
2025-07-10,309.84393310546875
2025-07-11,312.3930358886719
2025-07-14,310.0938415527344
2025-07-15,309.3441162109375
2025-07-16,306.64501953125
2025-07-17,303.1961669921875
2025-07-18,303.4460754394531
2025-07-21,312.6429443359375
2025-07-23,326.3382568359375
2025-07-24,322.6395263671875
2025-07-25,318.1410827636719
2025-07-28,316.5916442871094
2025-07-29,305.7953186035156
2025-07-30,311.59332275390625
2025-07-31,304.64569091796875
2025-08-01,300.2472229003906
2025-08-04,298.8976745605469
2025-08-05,300.94696044921875
2025-08-06,284.6525573730469
2025-08-07,280.35400390625
2025-08-08,288.1513671875
2025-08-11,292.99969482421875
2025-08-12,295.0989685058594
2025-08-13,296.0486145019531
2025-08-14,294.3992004394531
2025-08-15,299.64739990234375
2025-08-18,288.1513671875
2025-08-19,292.0000305175781
2025-08-20,291.6001892089844
2025-08-21,292.24993896484375
2025-08-22,294.19927978515625
2025-08-26,293.0496826171875
2025-08-27,293.2995910644531
2025-08-28,294.5865173339844
2025-08-29,292.1370849609375
2025-09-01,288.9377746582031
2025-09-02,284.23876953125
2025-09-03,286.8882141113281
2025-09-04,285.3885498046875
2025-09-05,286.8382263183594
2025-09-08,286.43829345703125
2025-09-09,301.58502197265625
2025-09-10,296.5361328125
2025-09-11,298.53570556640625
2025-09-12,303.43463134765625
2025-09-15,306.783935546875
2025-09-16,310.4831237792969
2025-09-17,306.13409423828125
2025-09-18,307.2838134765625
2025-09-19,312.88262939453125
2025-09-22,319.0312805175781
2025-09-23,320.7309265136719
2025-09-24,330.1788635253906
2025-09-25,332.2784423828125
2025-09-26,335.6777038574219
2025-09-29,341.3764953613281
2025-09-30,341.52642822265625
2025-10-01,339.8768005371094
2025-10-02,341.02655029296875
2025-10-03,347.6251220703125
2025-10-06,353.6238708496094
2025-10-07,356.5232238769531
2025-10-08,355.67340087890625
2025-10-09,357.0730895996094
2025-10-10,345.7755432128906
2025-10-13,357.1730651855469
2025-10-14,353.32391357421875
2025-10-15,353.1739196777344
2025-10-16,351.4242858886719
2025-10-17,345.72552490234375
2025-10-20,349.3247375488281
2025-10-21,344.3258361816406
2025-10-22,340.1267395019531
2025-10-23,344.92572021484375
2025-10-24,345.9754638671875
2025-10-27,347.47515869140625
2025-10-28,351.37432861328125
2025-10-29,371.1700439453125
2025-10-30,365.2713317871094
2025-10-31,364.3715515136719
2025-11-03,356.67315673828125
2025-11-04,350.5245056152344
2025-11-05,355.87335205078125
2025-11-06,359.67254638671875
2025-11-07,357.5229797363281
2025-11-10,362.72186279296875
2025-11-11,367.72076416015625
2025-11-12,371.5699462890625
2025-11-13,373.0196533203125
2025-11-14,365.7212219238281
2025-11-17,363.77166748046875
2025-11-18,355.5733947753906
2025-11-19,352.823974609375
2025-11-20,348.9748229980469
2025-11-21,334.9278564453125
2025-11-24,343.3760681152344
2025-11-25,346.475341796875
2025-11-26,349.974609375
2025-11-27,356.6231994628906
2025-11-28,360.7222900390625
2025-12-01,364.6214904785156
2025-12-02,360.27239990234375
2025-12-03,383.01751708984375
2025-12-04,382.8175354003906
2025-12-05,379.7682189941406
2025-12-08,378.8183898925781
2025-12-09,380.4180603027344
2025-12-10,380.3180847167969
2025-12-11,382.9175109863281
2025-12-12,375.4191589355469
2025-12-15,380.7179870605469
2025-12-16,373.2196044921875
2025-12-17,378.868408203125
2025-12-18,386.7167053222656
2025-12-19,389.46612548828125
2025-12-22,389.86602783203125
2025-12-23,393.815185546875
2025-12-24,394.2150573730469
2025-12-29,396.41461181640625
2025-12-30,406.4124450683594
2025-12-31,406.4624328613281
2026-01-02,408.71197509765625
2026-01-05,419.2096862792969
2026-01-06,427.8578796386719
2026-01-07,422.70892333984375
2026-01-08,412.91107177734375
2026-01-09,452.5525207519531
2026-01-12,468.3991394042969
2026-01-13,470.0987548828125
2026-01-14,484.09576416015625
2026-01-15,490.8942565917969
2026-01-16,478.4969482421875
2026-01-19,480.9463806152344
2026-01-20,481.8962097167969
2026-01-21,499.8923034667969
2026-01-22,490.04443359375
2026-01-23,500.8921203613281
2026-01-26,499.9923095703125
2026-01-27,503.6914978027344
2026-01-28,505.6910400390625
2026-01-29,507.7906188964844
2026-01-30,499.1424865722656
2026-02-02,500.8921203613281
2026-02-03,517.1885986328125
2026-02-04,511.0899353027344
2026-02-05,475.14764404296875
2026-02-06,477.9970703125
2026-02-09,500.9920959472656
2026-02-10,496.3431091308594
2026-02-11,502.79168701171875
2026-02-12,494.1435546875
2026-02-13,494.39349365234375
2026-02-16,492.7938537597656
2026-02-17,485.89532470703125
2026-02-18,507.5906982421875
2026-02-20,506.89080810546875
2026-02-23,512.8895263671875
2026-02-24,519.1881713867188
2026-02-25,534.3848876953125
2026-02-26,525.3868408203125
2026-02-27,533.885009765625
2026-03-02,534.2849731445312
2026-03-03,526.1867065429688
2026-03-04,528.2862548828125
2026-03-05,515.1890258789062
2026-03-06,502.69171142578125
2026-03-09,506.69085693359375
2026-03-10,522.4874267578125
2026-03-11,523.287353515625
2026-03-12,531.0856323242188
2026-03-13,518.2883911132812
2026-03-16,515.8888549804688
2026-03-17,524.0870971679688
2026-03-18,525.7867431640625
2026-03-19,518.08837890625
2026-03-20,519.9879760742188
2026-03-23,515.4889526367188
2026-03-24,527.786376953125
2026-03-25,537.184326171875
2026-03-26,531.8854370117188
2026-03-27,538.2841186523438
2026-03-30,553.3807983398438
2026-03-31,565.3782348632812
2026-04-01,562.3788452148438
2026-04-02,563.4786376953125
2026-04-07,557.8798217773438
2026-04-08,562.6787719726562
2026-04-09,560.3793334960938
2026-04-10,565.5781860351562
2026-04-13,563.978515625
2026-04-14,562.4788208007812
2026-04-15,555.0804443359375
2026-04-16,557.7798461914062
2026-04-17,546.982177734375
2026-04-20,549.5816040039062
2026-04-21,548.981689453125
2026-04-22,562.8787841796875
2026-04-23,562.3788452148438
2026-04-24,557.3799438476562
2026-04-27,551.3812255859375
2026-04-28,550.7813720703125
2026-04-29,553.1808471679688
2026-04-30,567.6776733398438
2026-05-01,562.8787841796875
2026-05-05,559.679443359375
2026-05-06,568.7774658203125
2026-05-07,564.3408813476562
2026-05-08,563.1409912109375
2026-05-11,575.7396240234375
2026-05-12,573.3399658203125
2026-05-13,592.0379028320312
2026-05-14,595.8375854492188
2026-05-15,574.2398071289062
2026-05-18,573.639892578125
2026-05-19,562.4410400390625
2026-05-20,566.0406494140625
2026-05-21,573.9398803710938
2026-05-22,569.0403442382812
2026-05-26,585.4386596679688
2026-05-27,574.4398193359375
2026-05-28,573.5398559570312
2026-05-29,567.740478515625
2026-06-01,588.038330078125
2026-06-02,614.935546875
2026-06-03,608.2362670898438
2026-06-04,609.9360961914062
2026-06-05,590.13818359375
2026-06-08,588.5382690429688
2026-06-09,569.140380859375
2026-06-10,563.94091796875
2026-06-11,574.1398315429688
2026-06-12,588.8383178710938
2026-06-15,582.9389038085938
2026-06-16,590.5380859375
2026-06-17,583.138916015625
2026-06-18,565.940673828125
2026-06-19,556.941650390625
2026-06-22,558.8414306640625
2026-06-23,535.243896484375
2026-06-24,521.6453247070312
2026-06-25,521.1453857421875
2026-06-26,514.6460571289062
2026-06-29,510.9464416503906
2026-06-30,513.7461547851562
2026-07-01,512.2462768554688
2026-07-02,510.7464599609375
2026-07-03,513.546142578125
2026-07-06,515.9459228515625
2026-07-07,508.44671630859375
2026-07-08,490.59857177734375
2026-07-09,511.3464050292969
2026-07-10,510.4465026855469
2026-07-13,514.4461059570312
2026-07-14,530.1444702148438
2026-07-15,517.44580078125
2026-07-16,516.6458740234375
2026-07-17,516.6458740234375
2026-07-20,511.8463439941406
2026-07-21,527.8447265625
2026-07-22,538.0435791015625
2026-07-23,537.6436767578125
2026-07-24,537.2437133789062
2026-07-27,519.0455932617188
2026-07-28,506.4469299316406
2026-07-29,520.6454467773438
2026-07-30,538.9435424804688
2026-07-31,542.943115234375
2026-08-03,538.9435424804688
2026-08-04,550.5422973632812
2026-08-05,573.2399291992188
2026-08-06,565.940673828125
2026-08-07,556.941650390625
2026-08-10,568.6404418945312
2026-08-11,574.1398315429688
2026-08-12,572.8399658203125
2026-08-13,560.8412475585938
2026-08-14,548.842529296875
2026-08-17,553.741943359375
2026-08-18,551.1422729492188
2026-08-19,580.0391845703125
2026-08-20,584.4387817382812
2026-08-21,596.7374267578125
2026-08-24,593.037841796875
2026-08-25,602.036865234375
2026-08-26,598.7372436523438
2026-08-27,595.2999877929688
2026-08-28,595.5999755859375
2026-09-01,597.0999755859375
2026-09-02,595.9000244140625
2026-09-03,605.7999877929688
2026-09-04,601.7000122070312
2026-09-07,603.7999877929688
2026-09-08,629.0
2026-09-09,625.4000244140625
2026-09-10,599.7000122070312
2026-09-11,605.5
2026-09-14,591.0
2026-09-15,576.0
2026-09-16,570.9000244140625
2026-09-17,580.2000122070312
2026-09-18,556.7999877929688
2026-09-21,542.2000122070312
2026-09-22,545.5999755859375
2026-09-23,552.5
2026-09-24,549.0
2026-09-25,561.0999755859375
2026-09-28,551.5
2026-09-29,551.7999877929688
