date,close
2006-01-03,10.788976669311523
2006-01-04,11.037115097045898
2006-01-05,11.185851097106934
2006-01-06,11.543310165405273
2006-01-09,11.574048042297363
2006-01-10,11.644946098327637
2006-01-11,11.691303253173828
2006-01-12,11.492987632751465
2006-01-13,11.557937622070312
2006-01-17,11.579253196716309
2006-01-18,11.028937339782715
2006-01-19,10.819219589233398
2006-01-20,9.902270317077637
2006-01-23,10.597357749938965
2006-01-24,10.982331275939941
2006-01-25,10.733697891235352
2006-01-26,10.765179634094238
2006-01-27,10.745842933654785
2006-01-30,10.580500602722168
2006-01-31,10.725269317626953
2006-02-01,9.9597806930542
2006-02-02,9.817490577697754
2006-02-03,9.458295822143555
2006-02-06,9.546298027038574
2006-02-07,9.1204195022583
2006-02-08,9.149175643920898
2006-02-09,8.893599510192871
2006-02-10,8.988789558410645
2006-02-13,8.56960391998291
2006-02-14,8.510607719421387
2006-02-15,8.4873046875
2006-02-16,9.084230422973633
2006-02-17,9.140995025634766
2006-02-21,9.087451934814453
2006-02-22,9.060182571411133
2006-02-23,9.372030258178711
2006-02-24,9.355419158935547
2006-02-27,9.677184104919434
2006-02-28,8.98903751373291
2006-03-01,9.043078422546387
2006-03-02,9.331872940063477
2006-03-03,9.374757766723633
2006-03-06,9.124882698059082
2006-03-07,9.034400939941406
2006-03-08,8.772380828857422
2006-03-09,8.50267505645752
2006-03-10,8.366333961486816
2006-03-13,8.355427742004395
2006-03-14,8.704955101013184
2006-03-15,8.5398588180542
2006-03-16,8.397815704345703
2006-03-17,8.423102378845215
2006-03-20,8.631328582763672
2006-03-21,8.426324844360352
2006-03-22,8.433761596679688
2006-03-23,8.475160598754883
2006-03-24,9.067866325378418
2006-03-27,9.164299011230469
2006-03-28,9.350462913513184
2006-03-29,9.791214942932129
2006-03-30,9.629094123840332
2006-03-31,9.667763710021973
2006-04-03,9.660326957702637
2006-04-04,10.02324104309082
2006-04-05,10.113719940185547
2006-04-06,10.19279956817627
2006-04-07,10.06835651397705
2006-04-10,10.321701049804688
2006-04-11,10.155118942260742
2006-04-12,10.137518882751465
2006-04-13,9.969200134277344
2006-04-17,10.084717750549316
2006-04-18,10.020760536193848
2006-04-19,10.17594051361084
2006-04-20,10.287491798400879
2006-04-21,10.835332870483398
2006-04-24,10.919617652893066
2006-04-25,10.58892822265625
2006-04-26,10.559431076049805
2006-04-27,10.41218090057373
2006-04-28,10.360372543334961
2006-05-01,9.888385772705078
2006-05-02,9.786752700805664
2006-05-03,9.771136283874512
2006-05-04,9.785512924194336
2006-05-05,9.774356842041016
2006-05-08,9.7862548828125
2006-05-09,10.133800506591797
2006-05-10,9.989527702331543
2006-05-11,9.593396186828613
2006-05-12,9.274360656738281
2006-05-15,9.325674057006836
2006-05-16,9.204206466674805
2006-05-17,9.28353214263916
2006-05-18,9.19652271270752
2006-05-19,9.172478675842285
2006-05-22,9.19553279876709
2006-05-23,9.31030559539795
2006-05-24,9.450859069824219
2006-05-25,9.493992805480957
2006-05-26,9.453337669372559
2006-05-30,9.220070838928223
2006-05-31,9.217098236083984
2006-06-01,9.484821319580078
2006-06-02,9.405989646911621
2006-06-05,9.2820463180542
2006-06-06,9.667516708374023
2006-06-07,9.58125114440918
2006-06-08,9.7495698928833
2006-06-09,9.582738876342773
2006-06-12,9.458046913146973
2006-06-13,9.581498146057129
2006-06-14,9.528695106506348
2006-06-15,9.692553520202637
2006-06-16,9.685115814208984
2006-06-19,9.621655464172363
2006-06-20,9.597612380981445
2006-06-21,9.96845817565918
2006-06-22,9.914416313171387
2006-06-23,10.036131858825684
2006-06-26,10.02026653289795
2006-06-27,9.973165512084961
2006-06-28,10.067117691040039
2006-06-29,10.357149124145508
2006-06-30,10.394829750061035
2006-07-03,10.490763664245605
2006-07-05,10.44762897491455
2006-07-06,10.49051570892334
2006-07-07,10.422595977783203
2006-07-10,10.366817474365234
2006-07-11,10.524477005004883
2006-07-12,10.343268394470215
2006-07-13,10.134543418884277
2006-07-14,10.002420425415039
2006-07-17,10.11124038696289
2006-07-18,9.991262435913086
2006-07-19,9.89086627960205
2006-07-20,9.596369743347168
2006-07-21,9.670491218566895
2006-07-24,9.69007396697998
2006-07-25,9.651898384094238
2006-07-26,9.556214332580566
2006-07-27,9.479368209838867
2006-07-28,9.621161460876465
2006-07-31,9.583480834960938
2006-08-01,9.308571815490723
2006-08-02,9.103315353393555
2006-08-03,9.305594444274902
2006-08-04,9.26741886138916
2006-08-07,9.369056701660156
2006-08-08,9.444662094116211
2006-08-09,9.34401798248291
2006-08-10,9.276094436645508
2006-08-11,9.134797096252441
2006-08-14,9.157853126525879
2006-08-15,9.443918228149414
2006-08-16,9.61124324798584
2006-08-17,9.563651084899902
2006-08-18,9.503165245056152
2006-08-21,9.35294246673584
2006-08-22,9.377482414245605
2006-08-23,9.25700855255127
2006-08-24,9.264446258544922
2006-08-25,9.252795219421387
2006-08-28,9.443422317504883
2006-08-29,9.393844604492188
2006-08-30,9.438465118408203
2006-08-31,9.383431434631348
2006-09-01,9.38516616821289
2006-09-05,9.5279541015625
2006-09-06,9.423341751098633
2006-09-07,9.382440567016602
2006-09-08,9.3665771484375
2006-09-11,9.521261215209961
2006-09-12,9.714863777160645
2006-09-13,10.078520774841309
2006-09-14,10.014315605163574
2006-09-15,10.16057300567627
2006-09-18,10.279808044433594
2006-09-19,10.010102272033691
2006-09-20,9.841287612915039
2006-09-21,10.08545970916748
2006-09-22,10.009357452392578
2006-09-25,10.014315605163574
2006-09-26,10.085957527160645
2006-09-27,9.988040924072266
2006-09-28,10.004401206970215
2006-09-29,9.962757110595703
2006-10-02,9.9513521194458
2006-10-03,10.015803337097168
2006-10-04,10.30484390258789
2006-10-05,10.208416938781738
2006-10-06,10.423832893371582
2006-10-09,10.634540557861328
2006-10-10,10.576286315917969
2006-10-11,10.572566986083984
2006-10-12,10.595870971679688
2006-10-13,10.592399597167969
2006-10-16,10.454818725585938
2006-10-17,10.427305221557617
2006-10-18,10.394333839416504
2006-10-19,10.561661720275879
2006-10-20,11.394822120666504
2006-10-23,11.918124198913574
2006-10-24,11.732949256896973
2006-10-25,12.062395095825195
2006-10-26,12.025211334228516
2006-10-27,11.779799461364746
2006-10-30,11.81375789642334
2006-10-31,11.809298515319824
2006-11-01,11.588922500610352
2006-11-02,11.648664474487305
2006-11-03,11.695515632629395
2006-11-06,11.823180198669434
2006-11-07,11.71460247039795
2006-11-08,11.77484130859375
2006-11-09,11.716089248657227
2006-11-10,11.738899230957031
2006-11-13,11.924320220947266
2006-11-14,12.129326820373535
2006-11-15,12.1945219039917
2006-11-16,12.292935371398926
2006-11-17,12.364575386047363
2006-11-20,12.271864891052246
2006-11-21,12.633784294128418
2006-11-22,12.593131065368652
2006-11-24,12.518515586853027
2006-11-27,12.016535758972168
2006-11-28,12.134283065795898
2006-11-29,12.014056205749512
2006-11-30,12.018023490905762
2006-12-01,11.918619155883789
2006-12-04,12.019011497497559
2006-12-05,12.072312355041504
2006-12-06,12.114700317382812
2006-12-07,11.964231491088867
2006-12-08,12.00067138671875
2006-12-11,11.996207237243652
2006-12-12,11.942912101745605
2006-12-13,11.873751640319824
2006-12-14,11.951339721679688
2006-12-15,11.906225204467773
2006-12-18,11.472413063049316
2006-12-19,11.616933822631836
2006-12-20,11.47489070892334
2006-12-21,11.308805465698242
2006-12-22,11.293436050415039
2006-12-26,11.341773986816406
2006-12-27,11.60206127166748
2006-12-28,11.466464042663574
2006-12-29,11.414904594421387
2007-01-03,11.591153144836426
2007-01-04,11.979598999023438
2007-01-05,12.077020645141602
2007-01-08,11.987532615661621
2007-01-09,12.035127639770508
2007-01-10,12.133291244506836
2007-01-11,12.387629508972168
2007-01-12,12.518515586853027
2007-01-16,12.5006685256958
2007-01-17,12.327141761779785
2007-01-18,12.092886924743652
2007-01-19,12.140480041503906
2007-01-22,11.919610977172852
2007-01-23,11.875237464904785
2007-01-24,12.371515274047852
2007-01-25,12.09933090209961
2007-01-26,12.2914457321167
2007-01-29,12.207906723022461
2007-01-30,12.253767967224121
2007-01-31,12.43175220489502
2007-02-01,11.942167282104492
2007-02-02,11.935972213745117
2007-02-05,11.580493927001953
2007-02-06,11.687583923339844
2007-02-07,11.651144027709961
2007-02-08,11.67642879486084
2007-02-09,11.449854850769043
2007-02-12,11.360614776611328
2007-02-13,11.380694389343262
2007-02-14,11.550005912780762
2007-02-15,11.43944263458252
2007-02-16,11.649407386779785
2007-02-20,11.70295238494873
2007-02-21,11.796158790588379
2007-02-22,11.79591178894043
2007-02-23,11.66626262664795
2007-02-26,11.525214195251465
2007-02-27,11.124621391296387
2007-02-28,11.141478538513184
2007-03-01,11.111236572265625
2007-03-02,10.874499320983887
2007-03-05,10.930771827697754
2007-03-06,11.342270851135254
2007-03-07,11.294921875
2007-03-08,11.272117614746094
2007-03-09,11.228487968444824
2007-03-12,11.272859573364258
2007-03-13,10.982331275939941
2007-03-14,11.105536460876465
2007-03-15,11.06066608428955
2007-03-16,10.928291320800781
2007-03-19,11.086447715759277
2007-03-20,11.038106918334961
2007-03-21,11.31748104095459
2007-03-22,11.453574180603027
2007-03-23,11.448368072509766
2007-03-26,11.526948928833008
2007-03-27,11.492742538452148
2007-03-28,11.449609756469727
2007-03-29,11.425811767578125
2007-03-30,11.357391357421875
2007-04-02,11.366562843322754
2007-04-03,11.715346336364746
2007-04-04,11.676177978515625
2007-04-05,11.688328742980957
2007-04-09,11.606521606445312
2007-04-10,11.564135551452637
2007-04-11,11.515298843383789
2007-04-12,11.586195945739746
2007-04-13,11.558927536010742
2007-04-16,11.756745338439941
2007-04-17,11.720305442810059
2007-04-18,11.799878120422363
2007-04-19,11.691797256469727
2007-04-20,11.9602632522583
2007-04-23,11.87597942352295
2007-04-24,11.83755874633789
2007-04-25,11.848959922790527
2007-04-26,11.928038597106934
2007-04-27,11.874242782592773
2007-04-30,11.685105323791504
2007-05-01,11.626107215881348
2007-05-02,11.546284675598145
2007-05-03,11.730963706970215
2007-05-04,11.67866039276123
2007-05-07,11.583222389221191
2007-05-08,11.571817398071289
2007-05-09,11.632302284240723
2007-05-10,11.43944263458252
2007-05-11,11.570082664489746
2007-05-14,11.447128295898438
2007-05-15,11.353424072265625
2007-05-16,11.715596199035645
2007-05-17,11.674691200256348
2007-05-18,11.658825874328613
2007-05-21,11.665770530700684
2007-05-22,11.796158790588379
2007-05-23,11.749308586120605
2007-05-24,11.758232116699219
2007-05-25,11.986044883728027
2007-05-29,12.07503890991211
2007-05-30,12.359865188598633
2007-05-31,12.34276008605957
2007-06-01,12.404485702514648
2007-06-04,12.569828033447266
2007-06-05,12.861598014831543
2007-06-06,12.84697151184082
2007-06-07,12.767892837524414
2007-06-08,12.778553009033203
2007-06-11,12.675678253173828
2007-06-12,12.51281452178955
2007-06-13,12.524465560913086
2007-06-14,12.464971542358398
2007-06-15,12.540578842163086
2007-06-18,12.771364212036133
2007-06-19,12.749303817749023
2007-06-20,12.641716003417969
2007-06-21,12.744344711303711
2007-06-22,13.013802528381348
2007-06-25,13.074287414550781
2007-06-26,13.144688606262207
2007-06-27,13.046276092529297
2007-06-28,13.014545440673828
2007-06-29,12.957283020019531
2007-07-02,13.147662162780762
2007-07-03,13.245828628540039
2007-07-05,13.426542282104492
2007-07-06,13.371261596679688
2007-07-09,13.449596405029297
2007-07-10,13.468931198120117
2007-07-11,13.496943473815918
2007-07-12,13.518261909484863
2007-07-13,13.687570571899414
2007-07-16,13.708145141601562
2007-07-17,13.757973670959473
2007-07-18,13.621630668640137
2007-07-19,13.59907341003418
2007-07-20,12.893325805664062
2007-07-23,12.704682350158691
2007-07-24,12.741618156433105
2007-07-25,12.63651180267334
2007-07-26,12.592884063720703
2007-07-27,12.689311027526855
2007-07-30,12.793923377990723
2007-07-31,12.642460823059082
2007-08-01,12.715340614318848
2007-08-02,12.667498588562012
2007-08-03,12.468937873840332
2007-08-06,12.642460823059082
2007-08-07,12.7916898727417
2007-08-08,13.0336332321167
2007-08-09,12.759713172912598
2007-08-10,12.784998893737793
2007-08-13,12.778800964355469
2007-08-14,12.607755661010742
2007-08-15,12.333836555480957
2007-08-16,12.184357643127441
2007-08-17,12.395562171936035
2007-08-20,12.34300708770752
2007-08-21,12.558426856994629
2007-08-22,12.7106294631958
2007-08-23,12.696748733520508
2007-08-24,12.766407012939453
2007-08-27,12.723272323608398
2007-08-28,12.55321979522705
2007-08-29,12.713852882385254
2007-08-30,12.677166938781738
2007-08-31,12.772604942321777
2007-09-04,13.018017768859863
2007-09-05,13.083706855773926
2007-09-06,12.977608680725098
2007-09-07,12.874238967895508
2007-09-10,12.75351619720459
2007-09-11,12.923321723937988
2007-09-12,12.956043243408203
2007-09-13,13.008845329284668
2007-09-14,13.107257843017578
2007-09-17,13.021734237670898
2007-09-18,13.268882751464844
2007-09-19,13.555938720703125
2007-09-20,13.704179763793945
2007-09-21,13.884397506713867
2007-09-24,14.080727577209473
2007-09-25,14.105019569396973
2007-09-26,14.084197044372559
2007-09-27,14.067834854125977
2007-09-28,14.062132835388184
2007-10-01,14.440914154052734
2007-10-02,14.48652458190918
2007-10-03,14.477352142333984
2007-10-04,14.353654861450195
2007-10-05,14.725988388061523
2007-10-08,15.111957550048828
2007-10-09,15.249783515930176
2007-10-10,15.502878189086914
2007-10-11,15.418845176696777
2007-10-12,15.800350189208984
2007-10-15,15.371993064880371
2007-10-16,15.270109176635742
2007-10-17,15.703423500061035
2007-10-18,15.855629920959473
2007-10-19,15.981805801391602
2007-10-22,16.13153076171875
2007-10-23,16.75175666809082
2007-10-24,16.75299644470215
2007-10-25,16.571788787841797
2007-10-26,16.72275161743164
2007-10-29,16.837526321411133
2007-10-30,17.22275161743164
2007-10-31,17.525924682617188
2007-11-01,17.431970596313477
2007-11-02,17.631275177001953
2007-11-05,17.988239288330078
2007-11-06,18.388336181640625
2007-11-07,18.168954849243164
2007-11-08,17.199695587158203
2007-11-09,16.459245681762695
2007-11-12,15.668471336364746
2007-11-13,16.37446403503418
2007-11-14,15.906693458557129
2007-11-15,15.608481407165527
2007-11-16,15.707143783569336
2007-11-19,15.5142822265625
2007-11-20,16.076749801635742
2007-11-21,16.37372398376465
2007-11-23,16.774812698364258
2007-11-26,16.50956916809082
2007-11-27,16.69721794128418
2007-11-28,17.16053009033203
2007-11-29,17.27802848815918
2007-11-30,17.17887306213379
2007-12-03,16.894540786743164
2007-12-04,16.959733963012695
2007-12-05,17.315462112426758
2007-12-06,17.730680465698242
2007-12-07,17.721012115478516
2007-12-10,17.809011459350586
2007-12-11,17.332565307617188
2007-12-12,17.33628273010254
2007-12-13,17.20490264892578
2007-12-14,17.103515625
2007-12-17,16.589635848999023
2007-12-18,16.6917667388916
2007-12-19,16.791419982910156
2007-12-20,17.096824645996094
2007-12-21,17.270343780517578
2007-12-24,17.37049102783203
2007-12-26,17.621110916137695
2007-12-27,17.370737075805664
2007-12-28,17.41511344909668
2007-12-31,17.14119529724121
2008-01-02,16.985273361206055
2008-01-03,16.988740921020508
2008-01-04,16.286462783813477
2008-01-07,16.094345092773438
2008-01-08,15.65880298614502
2008-01-09,16.192264556884766
2008-01-10,16.03188133239746
2008-01-11,15.82166576385498
2008-01-14,16.2076358795166
2008-01-15,15.806793212890625
2008-01-16,15.268869400024414
2008-01-17,14.893068313598633
2008-01-18,14.879679679870605
2008-01-22,14.485533714294434
2008-01-23,13.59981632232666
2008-01-24,14.241113662719727
2008-01-25,14.040568351745605
2008-01-28,13.782264709472656
2008-01-29,13.646918296813965
2008-01-30,13.591140747070312
2008-01-31,13.988512992858887
2008-02-01,12.788716316223145
2008-02-04,12.281282424926758
2008-02-05,12.563135147094727
2008-02-06,12.436959266662598
2008-02-07,12.517276763916016
2008-02-08,12.808300018310547
2008-02-11,12.919107437133789
2008-02-12,12.84300422668457
2008-02-13,13.252768516540527
2008-02-14,13.194019317626953
2008-02-15,13.12932014465332
2008-02-19,12.61643123626709
2008-02-20,12.617671966552734
2008-02-21,12.465465545654297
2008-02-22,12.587925910949707
2008-02-25,12.058428764343262
2008-02-26,11.506871223449707
2008-02-27,11.721790313720703
2008-02-28,11.784510612487793
2008-02-29,11.680148124694824
2008-03-03,11.329132080078125
2008-03-04,11.02125072479248
2008-03-05,11.098098754882812
2008-03-06,10.726261138916016
2008-03-07,10.7423734664917
2008-03-10,10.253283500671387
2008-03-11,10.9032564163208
2008-03-12,10.911685943603516
2008-03-13,10.981837272644043
2008-03-14,10.855657577514648
2008-03-17,10.40821647644043
2008-03-18,10.886397361755371
2008-03-19,10.708908081054688
2008-03-20,10.747330665588379
2008-03-24,11.416886329650879
2008-03-25,11.174447059631348
2008-03-26,11.358134269714355
2008-03-27,11.00836181640625
2008-03-28,10.859623908996582
2008-03-31,10.918872833251953
2008-04-01,11.544548034667969
2008-04-02,11.54430103302002
2008-04-03,11.282033920288086
2008-04-04,11.6779146194458
2008-04-07,11.819957733154297
2008-04-08,11.596606254577637
2008-04-09,11.506871223449707
2008-04-10,11.628089904785156
2008-04-11,11.33979320526123
2008-04-14,11.19626235961914
2008-04-15,11.076778411865234
2008-04-16,11.279802322387695
2008-04-17,11.143710136413574
2008-04-18,13.371508598327637
2008-04-21,13.331351280212402
2008-04-22,13.757973670959473
2008-04-23,13.547016143798828
2008-04-24,13.461493492126465
2008-04-25,13.48677921295166
2008-04-28,13.686579704284668
2008-04-29,13.843990325927734
2008-04-30,14.23615550994873
2008-05-01,14.701940536499023
2008-05-02,14.409677505493164
2008-05-05,14.74705982208252
2008-05-06,14.535359382629395
2008-05-07,14.352909088134766
2008-05-08,14.452317237854004
2008-05-09,14.209135055541992
2008-05-12,14.50015926361084
2008-05-13,14.452068328857422
2008-05-14,14.285982131958008
2008-05-15,14.402491569519043
2008-05-16,14.379434585571289
2008-05-19,14.31622314453125
2008-05-20,14.342995643615723
2008-05-21,13.63377857208252
2008-05-22,13.620638847351074
2008-05-23,13.500659942626953
2008-05-27,13.904228210449219
2008-05-28,14.086181640625
2008-05-29,14.452068328857422
2008-05-30,14.521476745605469
2008-06-02,14.253754615783691
2008-06-03,14.062877655029297
2008-06-04,14.184843063354492
2008-06-05,14.5338716506958
2008-06-06,14.055441856384277
2008-06-09,13.829117774963379
2008-06-10,13.737399101257324
2008-06-11,13.515039443969727
2008-06-12,13.70715618133545
2008-06-13,14.167241096496582
2008-06-16,14.199466705322266
2008-06-17,14.116423606872559
2008-06-18,13.94091510772705
2008-06-19,13.88687515258789
2008-06-20,13.545528411865234
2008-06-23,13.515286445617676
2008-06-24,13.443151473999023
2008-06-25,13.65881633758545
2008-06-26,13.108992576599121
2008-06-27,13.090399742126465
2008-06-30,13.04949951171875
2008-07-01,13.25549602508545
2008-07-02,13.06486701965332
2008-07-03,13.311768531799316
2008-07-07,13.483060836791992
2008-07-08,13.746321678161621
2008-07-09,13.42455768585205
2008-07-10,13.400264739990234
2008-07-11,13.232441902160645
2008-07-14,12.930511474609375
2008-07-15,12.793426513671875
2008-07-16,13.27706241607666
2008-07-17,13.223519325256348
2008-07-18,11.931507110595703
2008-07-21,11.621150016784668
2008-07-22,11.82714557647705
2008-07-23,12.127344131469727
2008-07-24,11.790210723876953
2008-07-25,12.195760726928711
2008-07-28,11.82739543914795
2008-07-29,11.97588062286377
2008-07-30,11.965719223022461
2008-07-31,11.743855476379395
2008-08-01,11.597845077514648
2008-08-04,11.477371215820312
2008-08-05,11.89506721496582
2008-08-06,12.055950164794922
2008-08-07,11.876972198486328
2008-08-08,12.270872116088867
2008-08-11,12.41539192199707
2008-08-12,12.459270477294922
2008-08-13,12.395312309265137
2008-08-14,12.53066349029541
2008-08-15,12.64617919921875
2008-08-18,12.352429389953613
2008-08-19,12.159072875976562
2008-08-20,12.022732734680176
2008-08-21,12.060659408569336
2008-08-22,12.161303520202637
2008-08-25,11.973401069641113
2008-08-26,11.754018783569336
2008-08-27,11.615694046020508
2008-08-28,11.744598388671875
2008-08-29,11.484561920166016
2008-09-02,11.533146858215332
2008-09-03,11.512324333190918
2008-09-04,11.161558151245117
2008-09-05,11.012575149536133
2008-09-08,10.410199165344238
2008-09-09,10.378220558166504
2008-09-10,10.266669273376465
2008-09-11,10.752289772033691
2008-09-12,10.849214553833008
2008-09-15,10.75501537322998
2008-09-16,10.979852676391602
2008-09-17,10.274852752685547
2008-09-18,10.884417533874512
2008-09-19,11.134041786193848
2008-09-22,10.662799835205078
2008-09-23,10.641234397888184
2008-09-24,10.786004066467285
2008-09-25,10.897306442260742
2008-09-26,10.685110092163086
2008-09-29,9.444662094116211
2008-09-30,9.928544998168945
2008-10-01,10.206185340881348
2008-10-02,9.679911613464355
2008-10-03,9.591165542602539
2008-10-06,9.201976776123047
2008-10-07,8.577291488647461
2008-10-08,8.381455421447754
2008-10-09,8.155131340026855
2008-10-10,8.229992866516113
2008-10-13,9.445159912109375
2008-10-14,8.991270065307617
2008-10-15,8.407731056213379
2008-10-16,8.75106143951416
2008-10-17,9.234946250915527
2008-10-20,9.403017044067383
2008-10-21,8.992260932922363
2008-10-22,8.816754341125488
2008-10-23,8.733709335327148
2008-10-24,8.410707473754883
2008-10-27,8.16777229309082
2008-10-28,9.140995025634766
2008-10-29,8.874512672424316
2008-10-30,8.91640567779541
2008-10-31,8.908226013183594
2008-11-03,8.589187622070312
2008-11-04,9.096126556396484
2008-11-05,8.483835220336914
2008-11-06,8.21065616607666
2008-11-07,8.208675384521484
2008-11-10,7.902281284332275
2008-11-11,7.7208251953125
2008-11-12,7.213639259338379
2008-11-13,7.736194610595703
2008-11-14,7.685128211975098
2008-11-17,7.439716339111328
2008-11-18,7.372786521911621
2008-11-19,6.945422172546387
2008-11-20,6.434267997741699
2008-11-21,6.50541353225708
2008-11-24,6.381714820861816
2008-11-25,6.991776943206787
2008-11-26,7.240660190582275
2008-11-28,7.26222562789917
2008-12-01,6.593662261962891
2008-12-02,6.819739818572998
2008-12-03,6.926829814910889
2008-12-04,6.800652503967285
2008-12-05,7.039867877960205
2008-12-08,7.489046573638916
2008-12-09,7.584733009338379
2008-12-10,7.655381202697754
2008-12-11,7.442194938659668
2008-12-12,7.827419757843018
2008-12-15,7.701242923736572
2008-12-16,8.063409805297852
2008-12-17,7.814528465270996
2008-12-18,7.691573619842529
2008-12-19,7.688846588134766
2008-12-22,7.365100860595703
2008-12-23,7.387660026550293
2008-12-24,7.5098700523376465
2008-12-26,7.445666790008545
2008-12-29,7.372786521911621
2008-12-30,7.5138349533081055
2008-12-31,7.626378059387207
2009-01-02,7.96524715423584
2009-01-05,8.132076263427734
2009-01-06,8.281060218811035
2009-01-07,7.982348918914795
2009-01-08,8.061180114746094
2009-01-09,7.810314178466797
2009-01-12,7.751316070556641
2009-01-13,7.791722774505615
2009-01-14,7.46078634262085
2009-01-15,7.4117045402526855
2009-01-16,7.428560733795166
2009-01-20,7.009130001068115
2009-01-21,7.513092994689941
2009-01-22,7.59787130355835
2009-01-23,8.04903507232666
2009-01-26,8.028458595275879
2009-01-27,8.217103958129883
2009-01-28,8.643228530883789
2009-01-29,8.510607719421387
2009-01-30,8.391866683959961
2009-02-02,8.442437171936035
2009-02-03,8.439462661743164
2009-02-04,8.50267505645752
2009-02-05,8.768415451049805
2009-02-06,9.203710556030273
2009-02-09,9.389382362365723
2009-02-10,8.887155532836914
2009-02-11,8.875503540039062
2009-02-12,8.999695777893066
2009-02-13,8.866578102111816
2009-02-17,8.494245529174805
2009-02-18,8.75329303741455
2009-02-19,8.493753433227539
2009-02-20,8.5881986618042
2009-02-23,8.181903839111328
2009-02-24,8.563406944274902
2009-02-25,8.468962669372559
2009-02-26,8.358402252197266
2009-02-27,8.3784818649292
2009-03-02,8.110014915466309
2009-03-03,8.06836986541748
2009-03-04,7.905751705169678
2009-03-05,7.5765533447265625
2009-03-06,7.649184703826904
2009-03-09,7.210913181304932
2009-03-10,7.639269828796387
2009-03-11,7.880715370178223
2009-03-12,8.020029067993164
2009-03-13,8.042092323303223
2009-03-16,7.924839496612549
2009-03-17,8.312789916992188
2009-03-18,8.257262229919434
2009-03-19,8.178927421569824
2009-03-20,8.184382438659668
2009-03-23,8.641493797302246
2009-03-24,8.606045722961426
2009-03-25,8.529199600219727
2009-03-26,8.757755279541016
2009-03-27,8.619182586669922
2009-03-30,8.494989395141602
2009-03-31,8.628106117248535
2009-04-01,8.777585983276367
2009-04-02,8.986064910888672
2009-04-03,9.166526794433594
2009-04-06,9.128350257873535
2009-04-07,8.890625
2009-04-08,8.97367000579834
2009-04-09,9.233955383300781
2009-04-13,9.373021125793457
2009-04-14,9.144962310791016
2009-04-15,9.407476425170898
2009-04-16,9.636528968811035
2009-04-17,9.723292350769043
2009-04-20,9.402519226074219
2009-04-21,9.45631217956543
2009-04-22,9.515559196472168
2009-04-23,9.5361328125
2009-04-24,9.655120849609375
2009-04-27,9.567368507385254
2009-04-28,9.511839866638184
2009-04-29,9.704204559326172
2009-04-30,9.815755844116211
2009-05-01,9.759235382080078
2009-05-04,9.964736938476562
2009-05-05,9.989776611328125
2009-05-06,10.001673698425293
2009-05-07,9.831620216369629
2009-05-08,10.097359657287598
2009-05-11,10.113473892211914
2009-05-12,9.891115188598633
2009-05-13,9.656362533569336
2009-05-14,9.605790138244629
2009-05-15,9.667763710021973
2009-05-18,9.837324142456055
2009-05-19,9.88789176940918
2009-05-20,9.845748901367188
2009-05-21,9.828893661499023
2009-05-22,9.75452709197998
2009-05-26,10.023736953735352
2009-05-27,10.053482055664062
2009-05-28,10.1734619140625
2009-05-29,10.342772483825684
2009-06-01,10.574053764343262
2009-06-02,10.619668960571289
2009-06-03,10.700230598449707
2009-06-04,10.914161682128906
2009-06-05,11.014310836791992
2009-06-08,10.876731872558594
2009-06-09,10.798643112182617
2009-06-10,10.723782539367676
2009-06-11,10.634540557861328
2009-06-12,10.531416893005371
2009-06-15,10.331369400024414
2009-06-16,10.312280654907227
2009-06-17,10.291460037231445
2009-06-18,10.264192581176758
2009-06-19,10.41366958618164
2009-06-22,10.097854614257812
2009-06-23,10.056455612182617
2009-06-24,10.14594554901123
2009-06-25,10.306580543518066
2009-06-26,10.543315887451172
2009-06-29,10.51406478881836
2009-06-30,10.45085334777832
2009-07-01,10.386402130126953
2009-07-02,10.126114845275879
2009-07-06,10.15388011932373
2009-07-07,9.83211612701416
2009-07-08,9.97737979888916
2009-07-09,10.173213958740234
2009-07-10,10.272618293762207
2009-07-13,10.518033027648926
2009-07-14,10.527700424194336
2009-07-15,10.861856460571289
2009-07-16,10.971672058105469
2009-07-17,10.665529251098633
2009-07-20,10.663543701171875
2009-07-21,10.607272148132324
2009-07-22,10.602066993713379
2009-07-23,10.841282844543457
2009-07-24,11.073805809020996
2009-07-27,11.026209831237793
2009-07-28,10.90350341796875
2009-07-29,10.814014434814453
2009-07-30,11.047029495239258
2009-07-31,10.982829093933105
2009-08-03,11.209898948669434
2009-08-04,11.247575759887695
2009-08-05,11.18337345123291
2009-08-06,11.164037704467773
2009-08-07,11.33111572265625
2009-08-10,11.318968772888184
2009-08-11,11.252782821655273
2009-08-12,11.367803573608398
2009-08-13,11.459525108337402
2009-08-14,11.40300464630127
2009-08-17,11.02843952178955
2009-08-18,11.038106918334961
2009-08-19,11.005634307861328
2009-08-20,11.413168907165527
2009-08-21,11.532898902893066
2009-08-24,11.619415283203125
2009-08-25,11.684856414794922
2009-08-26,11.601317405700684
2009-08-27,11.553226470947266
2009-08-28,11.520751953125
2009-08-31,11.444401741027832
2009-09-01,11.297898292541504
2009-09-02,11.229728698730469
2009-09-03,11.34152889251709
2009-09-04,11.435229301452637
2009-09-08,11.368796348571777
2009-09-09,11.501415252685547
2009-09-10,11.674198150634766
2009-09-11,11.703944206237793
2009-09-14,11.777815818786621
2009-09-15,11.837804794311523
2009-09-16,12.104288101196289
2009-09-17,12.189313888549805
2009-09-18,12.182870864868164
2009-09-21,12.32020092010498
2009-09-22,12.371268272399902
2009-09-23,12.35639476776123
2009-09-24,12.31450080871582
2009-09-25,12.208155632019043
2009-09-28,12.358128547668457
2009-09-29,12.358128547668457
2009-09-30,12.291694641113281
2009-10-01,12.077268600463867
2009-10-02,12.012320518493652
2009-10-05,12.109991073608398
2009-10-06,12.363334655761719
2009-10-07,12.82937240600586
2009-10-08,12.746079444885254
2009-10-09,12.797391891479492
2009-10-12,12.990499496459961
2009-10-13,13.041813850402832
2009-10-14,13.270122528076172
2009-10-15,13.136011123657227
2009-10-16,13.630308151245117
2009-10-19,13.685834884643555
2009-10-20,13.676665306091309
2009-10-21,13.661293983459473
2009-10-22,13.73541259765625
2009-10-23,13.72549819946289
2009-10-26,13.738388061523438
2009-10-27,13.591638565063477
2009-10-28,13.393570899963379
2009-10-29,13.660054206848145
2009-10-30,13.28995418548584
2009-11-02,13.237153053283691
2009-11-03,13.318958282470703
2009-11-04,13.394317626953125
2009-11-05,13.600560188293457
2009-11-06,13.661293983459473
2009-11-09,13.94413948059082
2009-11-10,14.049491882324219
2009-11-11,14.143692970275879
2009-11-12,14.076512336730957
2009-11-13,14.180627822875977
2009-11-16,14.285484313964844
2009-11-17,14.315479278564453
2009-11-18,14.294657707214355
2009-11-19,14.203929901123047
2009-11-20,14.128816604614258
2009-11-23,14.435956001281738
2009-11-24,14.45429801940918
2009-11-25,14.519990921020508
2009-11-27,14.371750831604004
2009-11-30,14.452068328857422
2009-12-01,14.622368812561035
2009-12-02,14.56386661529541
2009-12-03,14.519990921020508
2009-12-04,14.5018949508667
2009-12-07,14.532632827758789
2009-12-08,14.55246353149414
2009-12-09,14.601297378540039
2009-12-10,14.662776947021484
2009-12-11,14.63823413848877
2009-12-14,14.767633438110352
2009-12-15,14.703429222106934
2009-12-16,14.817955017089844
2009-12-17,14.723260879516602
2009-12-18,14.784736633300781
2009-12-21,14.8407621383667
2009-12-22,14.901246070861816
2009-12-23,15.163021087646484
2009-12-24,15.331586837768555
2009-12-28,15.440409660339355
2009-12-29,15.354391098022461
2009-12-30,15.436941146850586
2009-12-31,15.368770599365234
2010-01-04,15.536590576171875
2010-01-05,15.468174934387207
2010-01-06,15.078242301940918
2010-01-07,14.727227210998535
2010-01-08,14.923558235168457
2010-01-11,14.9010009765625
2010-01-12,14.637491226196289
2010-01-13,14.553455352783203
2010-01-14,14.62187385559082
2010-01-15,14.377700805664062
2010-01-19,14.566595077514648
2010-01-20,14.387864112854004
2010-01-21,14.451573371887207
2010-01-22,13.63427448272705
2010-01-25,13.386136054992676
2010-01-26,13.446124076843262
2010-01-27,13.438192367553711
2010-01-28,13.244588851928711
2010-01-29,13.13675594329834
2010-02-01,13.213107109069824
2010-02-02,13.166007041931152
2010-02-03,13.406462669372559
2010-02-04,13.058423042297363
2010-02-05,13.170222282409668
2010-02-08,13.224261283874512
2010-02-09,13.297886848449707
2010-02-10,13.248557090759277
2010-02-11,13.296893119812012
2010-02-12,13.215584754943848
2010-02-16,13.418360710144043
2010-02-17,13.341761589050293
2010-02-18,13.46595573425293
2010-02-19,13.404975891113281
2010-02-22,13.455545425415039
2010-02-23,13.263924598693848
2010-02-24,13.174684524536133
2010-02-25,13.049748420715332
2010-02-26,13.058917999267578
2010-03-01,13.204926490783691
2010-03-02,13.412410736083984
2010-03-03,13.518013000488281
2010-03-04,13.747810363769531
2010-03-05,13.98628044128418
2010-03-08,13.943392753601074
2010-03-09,13.886630058288574
2010-03-10,14.289700508117676
2010-03-11,14.405960083007812
2010-03-12,14.366297721862793
2010-03-15,13.960746765136719
2010-03-16,14.010822296142578
2010-03-17,14.019746780395508
2010-03-18,14.040568351745605
2010-03-19,13.881917953491211
2010-03-22,13.8199462890625
2010-03-23,13.609236717224121
2010-03-24,13.815732955932617
2010-03-25,13.9533109664917
2010-03-26,13.948599815368652
2010-03-29,13.94265079498291
2010-03-30,14.048254013061523
2010-03-31,14.058418273925781
2010-04-01,14.10006046295166
2010-04-05,14.154847145080566
2010-04-06,14.085685729980469
2010-04-07,13.969672203063965
2010-04-08,14.067588806152344
2010-04-09,14.036107063293457
2010-04-12,14.197484970092773
2010-04-13,14.545523643493652
2010-04-14,14.600804328918457
2010-04-15,14.756973266601562
2010-04-16,13.63774585723877
2010-04-19,13.636504173278809
2010-04-20,13.758964538574219
2010-04-21,13.740618705749512
2010-04-22,13.56114673614502
2010-04-23,13.509831428527832
2010-04-26,13.178898811340332
2010-04-27,13.114943504333496
2010-04-28,13.118165969848633
2010-04-29,13.187820434570312
2010-04-30,13.031651496887207
2010-05-03,13.153119087219238
2010-05-04,12.552475929260254
2010-05-05,12.63651180267334
2010-05-06,12.361600875854492
2010-05-07,12.224514961242676
2010-05-10,12.931254386901855
2010-05-11,12.618911743164062
2010-05-12,12.528181076049805
2010-05-13,12.664276123046875
2010-05-14,12.581231117248535
2010-05-17,12.592138290405273
2010-05-18,12.354164123535156
2010-05-19,12.25649356842041
2010-05-20,11.775090217590332
2010-05-21,11.701713562011719
2010-05-24,11.828385353088379
2010-05-25,11.826155662536621
2010-05-26,11.786492347717285
2010-05-27,12.158080101013184
2010-05-28,12.038349151611328
2010-06-01,11.957537651062012
2010-06-02,12.230216979980469
2010-06-03,12.5333890914917
2010-06-04,12.362838745117188
2010-06-07,12.035622596740723
2010-06-08,12.017280578613281
2010-06-09,11.750547409057617
2010-06-10,12.07255744934082
2010-06-11,12.10949420928955
2010-06-14,11.977864265441895
2010-06-15,12.344742774963379
2010-06-16,12.426051139831543
2010-06-17,12.396551132202148
2010-06-18,12.395312309265137
2010-06-21,12.110980987548828
2010-06-22,12.053717613220215
2010-06-23,11.949603080749512
2010-06-24,11.777318954467773
2010-06-25,11.717329978942871
2010-06-28,11.7024564743042
2010-06-29,11.26071548461914
2010-06-30,11.029926300048828
2010-07-01,10.89457893371582
2010-07-02,10.821697235107422
2010-07-06,10.809802055358887
2010-07-07,11.160070419311523
2010-07-08,11.317728042602539
2010-07-09,11.588674545288086
2010-07-12,11.795417785644531
2010-07-13,12.126845359802246
2010-07-14,12.179895401000977
2010-07-15,12.246331214904785
2010-07-16,11.393336296081543
2010-07-19,11.556200981140137
2010-07-20,11.938200950622559
2010-07-21,11.836813926696777
2010-07-22,12.018023490905762
2010-07-23,12.148165702819824
2010-07-26,12.121146202087402
2010-07-27,12.211874008178711
2010-07-28,12.006619453430176
2010-07-29,12.022485733032227
2010-07-30,12.019011497497559
2010-08-02,12.156841278076172
2010-08-03,12.142463684082031
2010-08-04,12.551238059997559
2010-08-05,12.595362663269043
2010-08-06,12.400023460388184
2010-08-09,12.527192115783691
2010-08-10,12.486536979675293
2010-08-11,12.189810752868652
2010-08-12,12.196504592895508
2010-08-13,12.056199073791504
2010-08-16,12.037360191345215
2010-08-17,12.159567832946777
2010-08-18,11.9520845413208
2010-08-19,11.600574493408203
2010-08-20,11.453080177307129
2010-08-23,11.503894805908203
2010-08-24,11.189570426940918
2010-08-25,11.269638061523438
2010-08-26,11.17940616607666
2010-08-27,11.374000549316406
2010-08-30,11.221795082092285
2010-08-31,11.155607223510742
2010-09-01,11.411182403564453
2010-09-02,11.48183536529541
2010-09-03,11.658331871032715
2010-09-07,11.512076377868652
2010-09-08,11.665273666381836
2010-09-09,11.804091453552246
2010-09-10,11.803099632263184
2010-09-13,11.955059051513672
2010-09-14,11.909446716308594
2010-09-15,11.914650917053223
2010-09-16,11.925064086914062
2010-09-17,12.150396347045898
2010-09-20,12.599823951721191
2010-09-21,12.728230476379395
2010-09-22,12.791196823120117
2010-09-23,12.728727340698242
2010-09-24,13.071064949035645
2010-09-27,13.148407936096191
2010-09-28,13.06808853149414
2010-09-29,13.080979347229004
2010-09-30,13.033882141113281
2010-10-01,13.029667854309082
2010-10-04,12.948606491088867
2010-10-05,13.34225845336914
2010-10-06,13.246076583862305
2010-10-07,13.138492584228516
2010-10-08,13.295655250549316
2010-10-11,13.357378959655762
2010-10-12,13.420591354370117
2010-10-13,13.467939376831055
2010-10-14,13.40919017791748
2010-10-15,14.909427642822266
2010-10-18,15.3125
2010-10-19,15.067583084106445
2010-10-20,15.07130241394043
2010-10-21,15.17070484161377
2010-10-22,15.184090614318848
2010-10-25,15.282503128051758
2010-10-26,15.334561347961426
2010-10-27,15.281760215759277
2010-10-28,15.334066390991211
2010-10-29,15.213095664978027
2010-11-01,15.245321273803711
2010-11-02,15.26019287109375
2010-11-03,15.37372875213623
2010-11-04,15.475117683410645
2010-11-05,15.495195388793945
2010-11-08,15.537089347839355
2010-11-09,15.488748550415039
2010-11-10,15.440659523010254
2010-11-11,15.29960823059082
2010-11-12,14.955039024353027
2010-11-15,14.761190414428711
2010-11-16,14.469916343688965
2010-11-17,14.465702056884766
2010-11-18,14.788209915161133
2010-11-19,14.64616870880127
2010-11-22,14.655834197998047
2010-11-23,14.452317237854004
2010-11-24,14.748794555664062
2010-11-26,14.625591278076172
2010-11-29,14.430005073547363
2010-11-30,13.775571823120117
2010-12-01,13.989750862121582
2010-12-02,14.174925804138184
2010-12-03,14.204174995422363
2010-12-06,14.337043762207031
2010-12-07,14.554696083068848
2010-12-08,14.6389799118042
2010-12-09,14.662776947021484
2010-12-10,14.680376052856445
2010-12-13,14.740118026733398
2010-12-14,14.747307777404785
2010-12-15,14.633028984069824
2010-12-16,14.667981147766113
2010-12-17,14.645424842834473
2010-12-20,14.751025199890137
2010-12-21,14.949585914611816
2010-12-22,15.009575843811035
2010-12-23,14.97834300994873
2010-12-27,14.932482719421387
2010-12-28,14.846713066101074
2010-12-29,14.898272514343262
2010-12-30,14.845223426818848
2010-12-31,14.724004745483398
2011-01-03,14.981315612792969
2011-01-04,14.926036834716797
2011-01-05,15.098320960998535
2011-01-06,15.208136558532715
2011-01-07,15.281015396118164
2011-01-10,15.225736618041992
2011-01-11,15.270358085632324
2011-01-12,15.291677474975586
2011-01-13,15.287215232849121
2011-01-14,15.472884178161621
2011-01-18,15.855878829956055
2011-01-19,15.660539627075195
2011-01-20,15.537089347839355
2011-01-21,15.166738510131836
2011-01-24,15.148147583007812
2011-01-25,15.367034912109375
2011-01-26,15.282503128051758
2011-01-27,15.289692878723145
2011-01-28,14.898025512695312
2011-01-31,14.882406234741211
2011-02-01,15.147154808044434
2011-02-02,15.170951843261719
2011-02-03,15.125093460083008
2011-02-04,15.14566707611084
2011-02-07,15.22772216796875
2011-02-08,15.329108238220215
2011-02-09,15.282503128051758
2011-02-10,15.281015396118164
2011-02-11,15.480817794799805
2011-02-14,15.571296691894531
2011-02-15,15.47214126586914
2011-02-16,15.473876953125
2011-02-17,15.499656677246094
2011-02-18,15.619139671325684
2011-02-22,15.126582145690918
2011-02-23,15.154096603393555
2011-02-24,15.092124938964844
2011-02-25,15.122365951538086
2011-02-28,15.205658912658691
2011-03-01,14.892324447631836
2011-03-02,14.893068313598633
2011-03-03,15.110467910766602
2011-03-04,14.888854026794434
2011-03-07,14.666740417480469
2011-03-08,14.682854652404785
2011-03-09,14.669468879699707
2011-03-10,14.385136604309082
2011-03-11,14.29614543914795
2011-03-14,14.129561424255371
2011-03-15,14.118902206420898
2011-03-16,13.810029029846191
2011-03-17,13.915631294250488
2011-03-18,13.908194541931152
2011-03-21,14.290938377380371
2011-03-22,14.311264991760254
2011-03-23,14.431243896484375
2011-03-24,14.548498153686523
2011-03-25,14.371256828308105
2011-03-28,14.262679100036621
2011-03-29,14.420586585998535
2011-03-30,14.42331314086914
2011-03-31,14.545275688171387
2011-04-01,14.670212745666504
2011-04-04,14.568082809448242
2011-04-05,14.10725212097168
2011-04-06,14.233428001403809
2011-04-07,14.377700805664062
2011-04-08,14.332087516784668
2011-04-11,14.312505722045898
2011-04-12,14.144929885864258
2011-04-13,14.285484313964844
2011-04-14,14.340765953063965
2011-04-15,13.155596733093262
2011-04-18,13.059908866882324
2011-04-19,12.928279876708984
2011-04-20,13.032394409179688
2011-04-21,13.016778945922852
2011-04-25,13.015538215637207
2011-04-26,13.208148002624512
2011-04-27,13.330607414245605
2011-04-28,13.335813522338867
2011-04-29,13.48776912689209
2011-05-02,13.35043716430664
2011-05-03,13.234672546386719
2011-05-04,13.281773567199707
2011-05-05,13.24409294128418
2011-05-06,13.269625663757324
2011-05-09,13.32862377166748
2011-05-10,13.452073097229004
2011-05-11,13.273344993591309
2011-05-12,13.263429641723633
2011-05-13,13.12708854675293
2011-05-16,12.851183891296387
2011-05-17,13.149646759033203
2011-05-18,13.13353443145752
2011-05-19,13.169229507446289
2011-05-20,12.990252494812012
2011-05-23,12.850440979003906
2011-05-24,12.847217559814453
2011-05-25,12.882173538208008
2011-05-26,12.843996047973633
2011-05-27,12.912664413452148
2011-05-31,13.113950729370117
2011-06-01,13.029170989990234
2011-06-02,13.090152740478516
2011-06-03,12.966702461242676
2011-06-06,12.916629791259766
2011-06-07,12.866307258605957
2011-06-08,12.869775772094727
2011-06-09,12.809290885925293
2011-06-10,12.630314826965332
2011-06-13,12.511822700500488
2011-06-14,12.60205364227295
2011-06-15,12.467697143554688
2011-06-16,12.403741836547852
2011-06-17,12.023228645324707
2011-06-20,12.012320518493652
2011-06-21,12.22104549407959
2011-06-22,12.07255744934082
2011-06-23,11.904239654541016
2011-06-24,11.771867752075195
2011-06-27,11.968196868896484
2011-06-28,12.237160682678223
2011-06-29,12.334331512451172
2011-06-30,12.552724838256836
2011-07-01,12.915885925292969
2011-07-05,13.198728561401367
2011-07-06,13.271112442016602
2011-07-07,13.54974365234375
2011-07-08,13.187575340270996
2011-07-11,13.070816040039062
2011-07-12,13.237648010253906
2011-07-13,13.343001365661621
2011-07-14,13.111966133117676
2011-07-15,14.814482688903809
2011-07-18,14.748050689697266
2011-07-19,14.93669605255127
2011-07-20,14.758212089538574
2011-07-21,15.046760559082031
2011-07-22,15.32538890838623
2011-07-25,15.343981742858887
2011-07-26,15.431734085083008
2011-07-27,15.052461624145508
2011-07-28,15.144676208496094
2011-07-29,14.96495532989502
2011-08-01,15.041305541992188
2011-08-02,14.685087203979492
2011-08-03,14.902487754821777
2011-08-04,14.31622314453125
2011-08-05,14.353902816772461
2011-08-08,13.535365104675293
2011-08-09,14.214340209960938
2011-08-10,13.609485626220703
2011-08-11,13.934718132019043
2011-08-12,13.975373268127441
2011-08-15,13.813253402709961
2011-08-16,13.361345291137695
2011-08-17,13.216328620910645
2011-08-18,12.515542030334473
2011-08-19,12.16948413848877
2011-08-22,12.349205017089844
2011-08-23,12.861100196838379
2011-08-24,12.971908569335938
2011-08-25,12.89134407043457
2011-08-26,13.060406684875488
2011-08-29,13.363327980041504
2011-08-30,13.403487205505371
2011-08-31,13.409933090209961
2011-09-01,13.200217247009277
2011-09-02,13.010332107543945
2011-09-06,12.944392204284668
2011-09-07,13.238142967224121
2011-09-08,13.261197090148926
2011-09-09,13.010578155517578
2011-09-12,13.141218185424805
2011-09-13,13.126344680786133
2011-09-14,13.189558029174805
2011-09-15,13.449596405029297
2011-09-16,13.551726341247559
2011-09-19,13.55147933959961
2011-09-20,13.55048656463623
2011-09-21,13.366302490234375
2011-09-22,12.906712532043457
2011-09-23,13.026939392089844
2011-09-26,13.185094833374023
2011-09-27,13.369773864746094
2011-09-28,13.10948657989502
2011-09-29,13.076271057128906
2011-09-30,12.767398834228516
2011-10-03,12.283515930175781
2011-10-04,12.441668510437012
2011-10-05,12.511077880859375
2011-10-06,12.759218215942383
2011-10-07,12.769381523132324
2011-10-10,13.3159818649292
2011-10-11,13.464963912963867
2011-10-12,13.596842765808105
2011-10-13,13.856881141662598
2011-10-14,14.667237281799316
2011-10-17,14.437443733215332
2011-10-18,14.63823413848877
2011-10-19,14.395052909851074
2011-10-20,14.468676567077637
2011-10-21,14.637739181518555
2011-10-24,14.784736633300781
2011-10-25,14.456034660339355
2011-10-26,14.534120559692383
2011-10-27,14.84051513671875
2011-10-28,14.876953125
2011-10-31,14.691036224365234
2011-11-01,14.344234466552734
2011-11-02,14.497182846069336
2011-11-03,14.811509132385254
2011-11-04,14.77779769897461
2011-11-07,15.079977035522461
2011-11-08,15.179381370544434
2011-11-09,14.897032737731934
2011-11-10,14.751521110534668
2011-11-11,15.080473899841309
2011-11-14,15.1957426071167
2011-11-15,15.283989906311035
2011-11-16,15.157814979553223
2011-11-17,14.895049095153809
2011-11-18,14.746561050415039
2011-11-21,14.401002883911133
2011-11-22,14.377700805664062
2011-11-23,14.132535934448242
2011-11-25,13.956287384033203
2011-11-28,14.580723762512207
2011-11-29,14.450332641601562
2011-11-30,14.858362197875977
2011-12-01,15.214831352233887
2011-12-02,15.378190994262695
2011-12-05,15.509322166442871
2011-12-06,15.462721824645996
2011-12-07,15.453301429748535
2011-12-08,15.271350860595703
2011-12-09,15.553201675415039
2011-12-12,15.502878189086914
2011-12-13,15.508830070495605
2011-12-14,15.32142448425293
2011-12-15,15.357863426208496
2011-12-16,15.517009735107422
2011-12-19,15.414630889892578
2011-12-20,15.62632942199707
2011-12-21,15.51353931427002
2011-12-22,15.609721183776855
2011-12-23,15.694994926452637
2011-12-27,15.871246337890625
2011-12-28,15.857612609863281
2011-12-29,15.924543380737305
2011-12-30,16.011302947998047
2012-01-03,16.49494171142578
2012-01-04,16.566085815429688
2012-01-05,16.336288452148438
2012-01-06,16.113435745239258
2012-01-09,15.430248260498047
2012-01-10,15.447104454040527
2012-01-11,15.517009735107422
2012-01-12,15.608234405517578
2012-01-13,15.492964744567871
2012-01-17,15.58195686340332
2012-01-18,15.689294815063477
2012-01-19,15.854390144348145
2012-01-20,14.526187896728516
2012-01-23,14.51453685760498
2012-01-24,14.400755882263184
2012-01-25,14.117168426513672
2012-01-26,14.082709312438965
2012-01-27,14.377204895019531
2012-01-30,14.32043743133545
2012-01-31,14.380427360534668
2012-02-01,14.398275375366211
2012-02-02,14.504372596740723
2012-02-03,14.782505989074707
2012-02-06,15.098814964294434
2012-02-07,15.041305541992188
2012-02-08,15.117655754089355
2012-02-09,15.157567024230957
2012-02-10,15.019987106323242
2012-02-13,15.175910949707031
2012-02-14,15.115425109863281
2012-02-15,15.011310577392578
2012-02-16,15.035107612609863
2012-02-17,14.988505363464355
2012-02-21,15.220532417297363
2012-02-22,15.07030963897705
2012-02-23,15.024945259094238
2012-02-24,15.118894577026367
2012-02-27,15.104269027709961
2012-02-28,15.32935619354248
2012-02-29,15.325886726379395
2012-03-01,15.428760528564453
2012-03-02,15.400253295898438
2012-03-05,15.226730346679688
2012-03-06,14.996438026428223
2012-03-07,15.042049407958984
2012-03-08,15.050477981567383
2012-03-09,14.879679679870605
2012-03-12,15.00114631652832
2012-03-13,15.314234733581543
2012-03-14,15.269862174987793
2012-03-15,15.397276878356934
2012-03-16,15.494205474853516
2012-03-19,15.715818405151367
2012-03-20,15.703672409057617
2012-03-21,15.864554405212402
2012-03-22,16.015024185180664
2012-03-23,15.929252624511719
2012-03-26,16.09633445739746
2012-03-27,16.039072036743164
2012-03-28,16.25572395324707
2012-03-29,16.07352638244629
2012-03-30,15.895787239074707
2012-04-02,16.036590576171875
2012-04-03,15.929993629455566
2012-04-04,15.744820594787598
2012-04-05,15.674668312072754
2012-04-09,15.637979507446289
2012-04-10,15.539319038391113
2012-04-11,15.764901161193848
2012-04-12,16.13797950744629
2012-04-13,15.483298301696777
2012-04-16,15.023953437805176
2012-04-17,15.110715866088867
2012-04-18,15.058162689208984
2012-04-19,14.856130599975586
2012-04-20,14.775813102722168
2012-04-23,14.813990592956543
2012-04-24,14.9049654006958
2012-04-25,15.114433288574219
2012-04-26,15.25697135925293
2012-04-27,15.24482536315918
2012-04-30,14.993709564208984
2012-05-01,14.983301162719727
2012-05-02,15.053452491760254
2012-05-03,15.146660804748535
2012-05-04,14.798373222351074
2012-05-07,15.060641288757324
2012-05-08,15.190535545349121
2012-05-09,15.10030460357666
2012-05-10,15.212100982666016
2012-05-11,15.003131866455078
2012-05-14,14.972640037536621
2012-05-15,15.148889541625977
2012-05-16,15.590633392333984
2012-05-17,15.444872856140137
2012-05-18,14.883399963378906
2012-05-21,15.223258018493652
2012-05-22,14.89331340789795
2012-05-23,15.107989311218262
2012-05-24,14.964214324951172
2012-05-25,14.663519859313965
2012-05-29,14.73317813873291
2012-05-30,14.581716537475586
2012-05-31,14.399019241333008
2012-06-01,14.15410327911377
2012-06-04,14.34274673461914
2012-06-05,14.139973640441895
2012-06-06,14.391829490661621
2012-06-07,14.333823204040527
2012-06-08,14.388855934143066
2012-06-11,14.09262466430664
2012-06-12,14.008342742919922
2012-06-13,13.90893840789795
2012-06-14,13.858366966247559
2012-06-15,13.993718147277832
2012-06-18,14.15088176727295
2012-06-19,14.415628433227539
2012-06-20,14.315975189208984
2012-06-21,14.011069297790527
2012-06-22,14.166496276855469
2012-06-25,13.899272918701172
2012-06-26,13.997931480407715
2012-06-27,14.112456321716309
2012-06-28,13.988759994506836
2012-06-29,14.379434585571289
2012-07-02,14.389350891113281
2012-07-03,14.571798324584961
2012-07-05,14.772343635559082
2012-07-06,14.52593994140625
2012-07-09,14.526683807373047
2012-07-10,14.419842720031738
2012-07-11,14.159308433532715
2012-07-12,14.141705513000488
2012-07-13,14.291434288024902
2012-07-16,14.251771926879883
2012-07-17,14.296639442443848
2012-07-18,14.396539688110352
2012-07-19,14.701446533203125
2012-07-20,15.141702651977539
2012-07-23,15.257963180541992
2012-07-24,15.061139106750488
2012-07-25,15.071547508239746
2012-07-26,15.204665184020996
2012-07-27,15.740113258361816
2012-07-30,15.674172401428223
2012-07-31,15.690781593322754
2012-08-01,15.68359375
2012-08-02,15.586172103881836
2012-08-03,15.898018836975098
2012-08-06,15.934955596923828
2012-08-07,15.878434181213379
2012-08-08,15.920327186584473
2012-08-09,15.923306465148926
2012-08-10,15.914628982543945
2012-08-13,16.3610782623291
2012-08-14,16.575504302978516
2012-08-15,16.547744750976562
2012-08-16,16.679866790771484
2012-08-17,16.785717010498047
2012-08-20,16.746051788330078
2012-08-21,16.596576690673828
2012-08-22,16.78670883178711
2012-08-23,16.77729034423828
2012-08-24,16.822654724121094
2012-08-27,16.589385986328125
2012-08-28,16.7884464263916
2012-08-29,17.05517578125
2012-08-30,16.89826011657715
2012-08-31,16.982789993286133
2012-09-04,16.882396697998047
2012-09-05,16.87446403503418
2012-09-06,17.3375244140625
2012-09-07,17.50484848022461
2012-09-10,17.37148666381836
2012-09-11,17.15879249572754
2012-09-12,17.126319885253906
2012-09-13,17.50212287902832
2012-09-14,17.592357635498047
2012-09-17,17.59979248046875
2012-09-18,17.8055419921875
2012-09-19,18.03409767150879
2012-09-20,18.049467086791992
2012-09-21,18.194984436035156
2012-09-24,18.576486587524414
2012-09-25,18.571029663085938
2012-09-26,18.67762565612793
2012-09-27,18.752986907958984
2012-09-28,18.703405380249023
2012-10-01,18.883872985839844
2012-10-02,18.765127182006836
2012-10-03,18.901718139648438
2012-10-04,19.03929901123047
2012-10-05,19.029382705688477
2012-10-08,18.78620147705078
2012-10-09,18.445350646972656
2012-10-10,18.457000732421875
2012-10-11,18.628541946411133
2012-10-12,18.461708068847656
2012-10-15,18.368257522583008
2012-10-16,18.46047019958496
2012-10-17,18.727949142456055
2012-10-18,17.228450775146484
2012-10-19,16.900985717773438
2012-10-22,16.82364273071289
2012-10-23,16.86528778076172
2012-10-24,16.789684295654297
2012-10-25,16.80108642578125
2012-10-26,16.736387252807617
2012-10-31,16.86405372619629
2012-11-01,17.04476547241211
2012-11-02,17.052946090698242
2012-11-05,16.929988861083984
2012-11-06,16.89925193786621
2012-11-07,16.537330627441406
2012-11-08,16.169706344604492
2012-11-09,16.43593978881836
2012-11-12,16.50708770751953
2012-11-13,16.337282180786133
2012-11-14,16.1761531829834
2012-11-15,16.04502296447754
2012-11-16,16.043033599853516
2012-11-19,16.564348220825195
2012-11-20,16.60797691345215
2012-11-21,16.5063419342041
2012-11-23,16.558401107788086
2012-11-26,16.38933563232422
2012-11-27,16.626325607299805
2012-11-28,16.947593688964844
2012-11-29,17.15135955810547
2012-11-30,17.311992645263672
2012-12-03,17.234643936157227
2012-12-04,17.130041122436523
2012-12-05,17.05046844482422
2012-12-06,17.132516860961914
2012-12-07,16.96097755432129
2012-12-10,16.99097442626953
2012-12-11,17.275053024291992
2012-12-12,17.291912078857422
2012-12-13,17.419326782226562
2012-12-14,17.400985717773438
2012-12-17,17.867517471313477
2012-12-18,17.874704360961914
2012-12-19,17.850906372070312
2012-12-20,17.906681060791016
2012-12-21,17.739850997924805
2012-12-24,17.587892532348633
2012-12-26,17.572277069091797
2012-12-27,17.508319854736328
2012-12-28,17.35264778137207
2012-12-31,17.53533935546875
2013-01-02,17.92874526977539
2013-01-03,17.93915557861328
2013-01-04,18.293642044067383
2013-01-07,18.21381950378418
2013-01-08,18.17787742614746
2013-01-09,18.2973575592041
2013-01-10,18.380647659301758
2013-01-11,18.343717575073242
2013-01-14,17.92874526977539
2013-01-15,17.97039031982422
2013-01-16,17.728944778442383
2013-01-17,17.633010864257812
2013-01-18,17.464195251464844
2013-01-22,17.423542022705078
2013-01-23,18.381145477294922
2013-01-24,18.696216583251953
2013-01-25,18.682832717895508
2013-01-28,18.60995101928711
2013-01-29,18.68307876586914
2013-01-30,18.68680191040039
2013-01-31,18.732906341552734
2013-02-01,19.226455688476562
2013-02-04,18.815452575683594
2013-02-05,18.982036590576172
2013-02-06,19.09185218811035
2013-02-07,19.185556411743164
2013-02-08,19.468643188476562
2013-02-11,19.395519256591797
2013-02-12,19.352880477905273
2013-02-13,19.406423568725586
2013-02-14,19.529380798339844
2013-02-15,19.655059814453125
2013-02-19,20.001115798950195
2013-02-20,19.64440155029297
2013-02-21,19.720502853393555
2013-02-22,19.824121475219727
2013-02-25,19.602506637573242
2013-02-26,19.58664321899414
2013-02-27,19.825857162475586
2013-02-28,19.86106300354004
2013-03-01,19.984758377075195
2013-03-04,20.364274978637695
2013-03-05,20.788171768188477
2013-03-06,20.60919761657715
2013-03-07,20.639440536499023
2013-03-08,20.612667083740234
2013-03-11,20.694469451904297
2013-03-12,20.51573944091797
2013-03-13,20.458724975585938
2013-03-14,20.36526870727539
2013-03-15,20.18579864501953
2013-03-18,20.024417877197266
2013-03-19,20.11192512512207
2013-03-20,20.19595718383789
2013-03-21,20.110437393188477
2013-03-22,20.08688735961914
2013-03-25,20.07027816772461
2013-03-26,20.13919448852539
2013-03-27,19.897247314453125
2013-03-28,19.687286376953125
2013-04-01,19.86081314086914
2013-04-02,20.154558181762695
2013-04-03,19.98500633239746
2013-04-04,19.709102630615234
2013-04-05,19.411134719848633
2013-04-08,19.207862854003906
2013-04-09,19.277273178100586
2013-04-10,19.587881088256836
2013-04-11,19.59308624267578
2013-04-12,19.584657669067383
2013-04-15,19.38336753845215
2013-04-16,19.66695785522461
2013-04-17,19.398990631103516
2013-04-18,18.986249923706055
2013-04-19,19.82809066772461
2013-04-22,19.834041595458984
2013-04-23,20.027143478393555
2013-04-24,20.164724349975586
2013-04-25,20.056888580322266
2013-04-26,19.866512298583984
2013-04-29,20.30379295349121
2013-04-30,20.44038200378418
2013-05-01,20.337753295898438
2013-05-02,20.5653133392334
2013-05-03,20.96466636657715
2013-05-06,21.357084274291992
2013-05-07,21.2499942779541
2013-05-08,21.656532287597656
2013-05-09,21.603240966796875
2013-05-10,21.820146560668945
2013-05-13,21.753217697143555
2013-05-14,21.990447998046875
2013-05-15,22.70412254333496
2013-05-16,22.406158447265625
2013-05-17,22.537790298461914
2013-05-20,22.521677017211914
2013-05-21,22.483007431030273
2013-05-22,22.047956466674805
2013-05-23,21.883604049682617
2013-05-24,21.648849487304688
2013-05-28,21.84592628479004
2013-05-29,21.524656295776367
2013-05-30,21.585391998291016
2013-05-31,21.596792221069336
2013-06-03,21.50779914855957
2013-06-04,21.296350479125977
2013-06-05,21.311222076416016
2013-06-06,21.433679580688477
2013-06-07,21.807748794555664
2013-06-10,22.067787170410156
2013-06-11,21.80973243713379
2013-06-12,21.615633010864258
2013-06-13,21.740074157714844
2013-06-14,21.691486358642578
2013-06-17,21.969375610351562
2013-06-18,22.325593948364258
2013-06-19,22.32707977294922
2013-06-20,21.93194007873535
2013-06-21,21.837495803833008
2013-06-24,21.56134605407715
2013-06-25,21.47235107421875
2013-06-26,21.65703010559082
2013-06-27,21.74181365966797
2013-06-28,21.82361602783203
2013-07-01,22.00977897644043
2013-07-02,21.8717041015625
2013-07-03,21.97383689880371
2013-07-05,22.14884376525879
2013-07-08,22.436403274536133
2013-07-09,22.440120697021484
2013-07-10,22.458711624145508
2013-07-11,22.81195831298828
2013-07-12,22.8803768157959
2013-07-15,22.922271728515625
2013-07-16,22.79633903503418
2013-07-17,22.770063400268555
2013-07-18,22.57497215270996
2013-07-19,22.2259464263916
2013-07-22,22.575468063354492
2013-07-23,22.40442657470703
2013-07-24,22.38211441040039
2013-07-25,22.00531768798828
2013-07-26,21.947065353393555
2013-07-29,21.870712280273438
2013-07-30,22.085142135620117
2013-07-31,22.006553649902344
2013-08-01,22.414833068847656
2013-08-02,22.473087310791016
2013-08-05,22.434171676635742
2013-08-06,22.22519874572754
2013-08-07,22.078447341918945
2013-08-08,22.128276824951172
2013-08-09,22.072494506835938
2013-08-12,21.951030731201172
2013-08-13,21.845428466796875
2013-08-14,21.56184196472168
2013-08-15,21.31022834777832
2013-08-16,21.2420654296875
2013-08-19,21.45871925354004
2013-08-20,21.453018188476562
2013-08-21,21.549943923950195
2013-08-22,21.658519744873047
2013-08-23,21.571758270263672
2013-08-26,21.477062225341797
2013-08-27,21.074487686157227
2013-08-28,21.034822463989258
2013-08-29,21.205371856689453
2013-08-30,20.993925094604492
2013-09-03,21.328081130981445
2013-09-04,21.606956481933594
2013-09-05,21.803537368774414
2013-09-06,21.804031372070312
2013-09-09,22.01399803161621
2013-09-10,22.02936363220215
2013-09-11,22.21578025817871
2013-09-12,22.13819122314453
2013-09-13,22.039281845092773
2013-09-16,22.006803512573242
2013-09-17,21.965904235839844
2013-09-18,22.39252471923828
2013-09-19,22.270315170288086
2013-09-20,22.387317657470703
2013-09-23,21.97557258605957
2013-09-24,21.98400115966797
2013-09-25,21.745771408081055
2013-09-26,21.769075393676758
2013-09-27,21.72495460510254
2013-09-30,21.71305274963379
2013-10-01,21.987964630126953
2013-10-02,22.012508392333984
2013-10-03,21.71751594543457
2013-10-04,21.624805450439453
2013-10-07,21.460948944091797
2013-10-08,21.1617431640625
2013-10-09,21.21603012084961
2013-10-10,21.52292251586914
2013-10-11,21.615877151489258
2013-10-14,21.7180118560791
2013-10-15,21.864269256591797
2013-10-16,22.261388778686523
2013-10-17,22.032337188720703
2013-10-18,25.071983337402344
2013-10-21,24.870943069458008
2013-10-22,24.962661743164062
2013-10-23,25.567766189575195
2013-10-24,25.422500610351562
2013-10-25,25.16593360900879
2013-10-28,25.160974502563477
2013-10-29,25.6875
2013-10-30,25.543224334716797
2013-10-31,25.54719352722168
2013-11-01,25.459434509277344
2013-11-04,25.436382293701172
2013-11-05,25.322601318359375
2013-11-06,25.353092193603516
2013-11-07,24.98621368408203
2013-11-08,25.186508178710938
2013-11-11,25.051652908325195
2013-11-12,25.081157684326172
2013-11-13,25.594045639038086
2013-11-14,25.662458419799805
2013-11-15,25.621061325073242
2013-11-18,25.571239471435547
2013-11-19,25.413827896118164
2013-11-20,25.34218406677246
2013-11-21,25.633705139160156
2013-11-22,25.579662322998047
2013-11-25,25.927701950073242
2013-11-26,26.237071990966797
2013-11-27,26.353586196899414
2013-11-29,26.26632308959961
2013-12-02,26.139650344848633
2013-12-03,26.109413146972656
2013-12-04,26.231372833251953
2013-12-05,26.210548400878906
2013-12-06,26.521156311035156
2013-12-09,26.726160049438477
2013-12-10,26.88779067993164
2013-12-11,26.705093383789062
2013-12-12,26.52338981628418
2013-12-13,26.296072006225586
2013-12-16,26.598251342773438
2013-12-17,26.520906448364258
2013-12-18,26.8900203704834
2013-12-19,26.926462173461914
2013-12-20,27.283422470092773
2013-12-23,27.642370223999023
2013-12-24,27.561555862426758
2013-12-26,27.700870513916016
2013-12-27,27.724172592163086
2013-12-30,27.502553939819336
2013-12-31,27.781436920166016
2014-01-02,27.59328842163086
2014-01-03,27.391998291015625
2014-01-06,27.697399139404297
2014-01-07,28.231359481811523
2014-01-08,28.290109634399414
2014-01-09,28.01767921447754
2014-01-10,28.016189575195312
2014-01-13,27.83770751953125
2014-01-14,28.492637634277344
2014-01-15,28.47330093383789
2014-01-16,28.661701202392578
2014-01-17,28.520648956298828
2014-01-21,28.847126007080078
2014-01-22,28.879844665527344
2014-01-23,28.75788116455078
2014-01-24,27.85877799987793
2014-01-27,27.298542022705078
2014-01-28,27.838449478149414
2014-01-29,27.439592361450195
2014-01-30,28.145339965820312
2014-01-31,29.275232315063477
2014-02-03,28.096755981445312
2014-02-04,28.214008331298828
2014-02-05,28.33894157409668
2014-02-06,28.754409790039062
2014-02-07,29.187725067138672
2014-02-10,29.0759220123291
2014-02-11,29.503538131713867
2014-02-12,29.417022705078125
2014-02-13,29.744489669799805
2014-02-14,29.816375732421875
2014-02-18,30.01667022705078
2014-02-19,29.804975509643555
2014-02-20,29.848852157592773
2014-02-21,29.840917587280273
2014-02-24,30.057077407836914
2014-02-25,30.242752075195312
2014-02-26,30.246963500976562
2014-02-27,30.22316551208496
2014-02-28,30.134920120239258
2014-03-03,29.813650131225586
2014-03-04,30.11656951904297
2014-03-05,30.199613571166992
2014-03-06,30.23308563232422
2014-03-07,30.113597869873047
2014-03-10,30.03377342224121
2014-03-11,29.74671745300293
2014-03-12,29.927927017211914
2014-03-13,29.475770950317383
2014-03-14,29.07269859313965
2014-03-17,29.551130294799805
2014-03-18,30.026094436645508
2014-03-19,29.728376388549805
2014-03-20,29.67656707763672
2014-03-21,29.32654571533203
2014-03-24,28.704084396362305
2014-03-25,28.72367286682129
2014-03-26,28.060562133789062
2014-03-27,27.62204360961914
2014-03-28,27.767553329467773
2014-03-31,27.627742767333984
2014-04-01,28.132946014404297
2014-04-02,28.138154983520508
2014-04-03,28.305654525756836
2014-04-04,27.005525588989258
2014-04-07,26.776700973510742
2014-04-08,27.612747192382812
2014-04-09,28.084753036499023
2014-04-10,27.076845169067383
2014-04-11,26.634557723999023
2014-04-14,27.0030460357666
2014-04-15,27.1763973236084
2014-04-16,27.92923355102539
2014-04-17,26.91092300415039
2014-04-21,26.714296340942383
2014-04-22,27.01790428161621
2014-04-23,26.62217140197754
2014-04-24,26.470117568969727
2014-04-25,25.908464431762695
2014-04-28,25.90251922607422
2014-04-29,26.56372833251953
2014-04-30,26.491910934448242
2014-05-01,26.67268943786621
2014-05-02,26.4418888092041
2014-05-05,26.514198303222656
2014-05-06,25.882211685180664
2014-05-07,25.655864715576172
2014-05-08,25.763343811035156
2014-05-09,26.08280372619629
2014-05-12,26.667736053466797
2014-05-13,26.82176971435547
2014-05-14,26.4686336517334
2014-05-15,26.206626892089844
2014-05-16,26.166011810302734
2014-05-19,26.687551498413086
2014-05-20,26.764814376831055
2014-05-21,27.225927352905273
2014-05-22,27.510711669921875
2014-05-23,27.92428207397461
2014-05-27,28.472562789916992
2014-05-28,28.253646850585938
2014-05-29,28.25909423828125
2014-05-30,28.313079833984375
2014-06-02,27.951026916503906
2014-06-03,27.46415901184082
2014-06-04,27.42701530456543
2014-06-05,27.980249404907227
2014-06-06,28.034730911254883
2014-06-09,28.267520904541016
2014-06-10,28.147159576416016
2014-06-11,28.10753631591797
2014-06-12,27.711307525634766
2014-06-13,27.753408432006836
2014-06-16,27.354698181152344
2014-06-17,27.27149200439453
2014-06-18,27.76876449584961
2014-06-19,27.98322296142578
2014-06-20,28.058998107910156
2014-06-23,28.443838119506836
2014-06-24,28.357162475585938
2014-06-25,29.020353317260742
2014-06-26,28.96289825439453
2014-06-27,29.00846290588379
2014-06-30,28.957942962646484
2014-07-01,29.295730590820312
2014-07-02,29.26056671142578
2014-07-03,29.374479293823242
2014-07-07,29.259572982788086
2014-07-08,28.647403717041016
2014-07-09,28.893062591552734
2014-07-10,28.728628158569336
2014-07-11,29.05600929260254
2014-07-14,29.43292808532715
2014-07-15,29.373493194580078
2014-07-16,29.252641677856445
2014-07-17,28.767257690429688
2014-07-18,29.97031021118164
2014-07-21,29.63995933532715
2014-07-22,29.894039154052734
2014-07-23,29.974273681640625
2014-07-24,29.866296768188477
2014-07-25,29.62212562561035
2014-07-28,29.668682098388672
2014-07-29,29.417573928833008
2014-07-30,29.49136734008789
2014-07-31,28.70435905456543
2014-08-01,28.40966796875
2014-08-04,28.839073181152344
2014-08-05,28.386877059936523
2014-08-06,28.4537410736084
2014-08-07,28.321002960205078
2014-08-08,28.624614715576172
2014-08-11,28.590442657470703
2014-08-12,28.336360931396484
2014-08-13,28.952497482299805
2014-08-14,28.956953048706055
2014-08-15,28.910396575927734
2014-08-18,29.355661392211914
2014-08-19,29.574081420898438
2014-08-20,29.489879608154297
2014-08-21,29.341793060302734
2014-08-22,29.347736358642578
2014-08-25,29.25016212463379
2014-08-26,29.12881851196289
2014-08-27,28.875232696533203
2014-08-28,28.74249839782715
2014-08-29,28.84353256225586
2014-09-02,29.154077529907227
2014-09-03,29.198158264160156
2014-09-04,29.37744903564453
2014-09-05,29.607267379760742
2014-09-08,29.79795265197754
2014-09-09,29.319501876831055
2014-09-10,29.391321182250977
2014-09-11,29.27691078186035
2014-09-12,28.969337463378906
2014-09-15,28.807872772216797
2014-09-16,29.161508560180664
2014-09-17,29.384883880615234
2014-09-18,29.582008361816406
2014-09-19,29.984678268432617
2014-09-22,29.582008361816406
2014-09-23,29.280376434326172
2014-09-24,29.638961791992188
2014-09-25,28.986669540405273
2014-09-26,29.117923736572266
2014-09-29,29.113462448120117
2014-09-30,29.1431827545166
2014-10-01,28.708324432373047
2014-10-02,28.77022933959961
2014-10-03,29.03620147705078
2014-10-06,29.11197853088379
2014-10-07,28.43442726135254
2014-10-08,28.911882400512695
2014-10-09,28.27147674560547
2014-10-10,27.497840881347656
2014-10-13,26.980756759643555
2014-10-14,27.1759033203125
2014-10-15,26.781654357910156
2014-10-16,26.59295082092285
2014-10-17,25.902023315429688
2014-10-20,26.368087768554688
2014-10-21,26.647926330566406
2014-10-22,26.87872886657715
2014-10-23,27.42156410217285
2014-10-24,27.18630027770996
2014-10-27,27.23484230041504
2014-10-28,27.683570861816406
2014-10-29,27.6593017578125
2014-10-30,27.74944305419922
2014-10-31,28.1258602142334
2014-11-03,27.922794342041016
2014-11-04,27.94359588623047
2014-11-05,27.535480499267578
2014-11-06,27.324485778808594
2014-11-07,27.3309268951416
2014-11-10,27.648408889770508
2014-11-11,27.799964904785156
2014-11-12,27.649398803710938
2014-11-13,27.559751510620117
2014-11-14,27.497840881347656
2014-11-17,27.074369430541992
2014-11-18,26.968875885009766
2014-11-19,27.10210609436035
2014-11-20,26.931726455688477
2014-11-21,27.037221908569336
2014-11-24,27.11597442626953
2014-11-25,27.20265007019043
2014-11-26,27.12835693359375
2014-11-28,27.19521713256836
2014-12-01,26.728164672851562
2014-12-02,26.675662994384766
2014-12-03,26.595426559448242
2014-12-04,26.87328338623047
2014-12-05,26.15511703491211
2014-12-08,26.286365509033203
2014-12-09,26.552831649780273
2014-12-10,26.153133392333984
2014-12-11,26.35471534729004
2014-12-12,25.829713821411133
2014-12-15,25.54888153076172
2014-12-16,24.673219680786133
2014-12-17,25.083810806274414
2014-12-18,25.488460540771484
2014-12-19,25.75690269470215
2014-12-22,26.36412811279297
2014-12-23,26.6845760345459
2014-12-24,26.59344482421875
2014-12-26,26.820785522460938
2014-12-29,26.61226463317871
2014-12-30,26.511722564697266
2014-12-31,26.28290557861328
2015-01-02,26.227924346923828
2015-01-05,25.72817611694336
2015-01-06,25.09322166442871
2015-01-07,25.01942253112793
2015-01-08,25.106592178344727
2015-01-09,24.800010681152344
2015-01-12,24.618736267089844
2015-01-13,24.853504180908203
2015-01-14,25.058055877685547
2015-01-15,24.962961196899414
2015-01-16,25.282421112060547
2015-01-20,25.256664276123047
2015-01-21,25.774240493774414
2015-01-22,26.611766815185547
2015-01-23,26.842077255249023
2015-01-26,26.58304786682129
2015-01-27,25.813865661621094
2015-01-28,25.379993438720703
2015-01-29,25.419612884521484
2015-01-30,26.6241512298584
2015-02-02,26.359174728393555
2015-02-03,26.413654327392578
2015-02-04,26.05704689025879
2015-02-05,26.241790771484375
2015-02-06,26.4423885345459
2015-02-09,26.214548110961914
2015-02-10,26.7534236907959
2015-02-11,26.646438598632812
2015-02-12,27.043163299560547
2015-02-13,27.298240661621094
2015-02-17,26.993637084960938
2015-02-18,26.87674903869629
2015-02-19,27.064958572387695
2015-02-20,26.834651947021484
2015-02-23,26.497852325439453
2015-02-24,26.678634643554688
2015-02-25,27.108543395996094
2015-02-26,27.70090675354004
2015-02-27,27.8663330078125
2015-03-02,28.479995727539062
2015-03-03,28.666719436645508
2015-03-04,28.643932342529297
2015-03-05,28.79747200012207
2015-03-06,28.374996185302734
2015-03-09,28.43442726135254
2015-03-10,27.728647232055664
2015-03-11,27.522600173950195
2015-03-12,27.79401969909668
2015-03-13,27.389368057250977
2015-03-16,27.817298889160156
2015-03-17,27.617700576782227
2015-03-18,28.041166305541992
2015-03-19,27.917844772338867
2015-03-20,27.981237411499023
2015-03-23,28.00204086303711
2015-03-24,28.604808807373047
2015-03-25,28.082773208618164
2015-03-26,27.916351318359375
2015-03-27,27.614723205566406
2015-03-30,27.792531967163086
2015-03-31,27.47357177734375
2015-04-01,27.215526580810547
2015-04-02,26.81037712097168
2015-04-06,26.94113540649414
2015-04-07,26.986209869384766
2015-04-08,27.183330535888672
2015-04-09,27.142719268798828
2015-04-10,27.168474197387695
2015-04-13,27.173423767089844
2015-04-14,26.734603881835938
2015-04-15,26.797008514404297
2015-04-16,26.91983985900879
2015-04-17,26.385923385620117
2015-04-20,26.969858169555664
2015-04-21,26.890121459960938
2015-04-22,27.200170516967773
2015-04-23,27.61026954650879
2015-04-24,28.412635803222656
2015-04-27,28.039188385009766
2015-04-28,27.952512741088867
2015-04-29,27.804922103881836
2015-04-30,27.17986297607422
2015-05-01,27.298240661621094
2015-05-04,27.381446838378906
2015-05-05,26.896066665649414
2015-05-06,26.50181770324707
2015-05-07,26.846534729003906
2015-05-08,27.188779830932617
2015-05-11,27.03177261352539
2015-05-12,26.682598114013672
2015-05-13,26.72024154663086
2015-05-14,27.20115852355957
2015-05-15,27.066940307617188
2015-05-18,27.075851440429688
2015-05-19,27.205123901367188
2015-05-20,27.365100860595703
2015-05-21,27.57807731628418
2015-05-22,27.46465301513672
2015-05-26,27.101613998413086
2015-05-27,27.45128059387207
2015-05-28,27.447813034057617
2015-05-29,27.008991241455078
2015-06-01,27.20166015625
2015-06-02,27.436424255371094
2015-06-03,27.502790451049805
2015-06-04,27.324485778808594
2015-06-05,27.217512130737305
2015-06-08,26.917858123779297
2015-06-09,26.852481842041016
2015-06-10,27.369558334350586
2015-06-11,27.242767333984375
2015-06-12,27.115480422973633
2015-06-15,26.89408302307129
2015-06-16,26.9867000579834
2015-06-17,27.0723876953125
2015-06-18,27.546871185302734
2015-06-19,27.613239288330078
2015-06-22,27.720224380493164
2015-06-23,27.903972625732422
2015-06-24,27.665245056152344
2015-06-25,27.634538650512695
2015-06-26,27.39234161376953
2015-06-29,26.807409286499023
2015-06-30,26.747478485107422
2015-07-01,26.90894317626953
2015-07-02,27.109037399291992
2015-07-06,27.023853302001953
2015-07-07,27.242273330688477
2015-07-08,26.829696655273438
2015-07-09,26.975805282592773
2015-07-10,27.54340362548828
2015-07-13,28.317045211791992
2015-07-14,28.93367576599121
2015-07-15,28.92277717590332
2015-07-16,29.805377960205078
2015-07-17,34.651268005371094
2015-07-20,34.31546401977539
2015-07-21,34.43977737426758
2015-07-22,34.427406311035156
2015-07-23,33.41850662231445
2015-07-24,32.429908752441406
2015-07-27,32.6032600402832
2015-07-28,32.67210388183594
2015-07-29,32.759765625
2015-07-30,32.914791107177734
2015-07-31,32.565120697021484
2015-08-03,32.922725677490234
2015-08-04,32.752342224121094
2015-08-05,33.34717559814453
2015-08-06,33.191654205322266
2015-08-07,32.9063720703125
2015-08-10,32.844459533691406
2015-08-11,34.18966293334961
2015-08-12,34.24760437011719
2015-08-13,34.00194549560547
2015-08-14,34.14360427856445
2015-08-17,34.37836837768555
2015-08-18,34.111900329589844
2015-08-19,34.374900817871094
2015-08-20,33.65375518798828
2015-08-21,31.897968292236328
2015-08-24,30.614185333251953
2015-08-25,30.33484649658203
2015-08-26,32.676063537597656
2015-08-27,33.08319091796875
2015-08-28,32.67359161376953
2015-08-31,32.08567810058594
2015-09-01,31.18128776550293
2015-09-02,31.94155502319336
2015-09-03,31.55225944519043
2015-09-04,31.15157127380371
2015-09-08,31.890541076660156
2015-09-09,31.86726188659668
2015-09-10,32.24714279174805
2015-09-11,32.45615768432617
2015-09-14,32.315982818603516
2015-09-15,32.94005584716797
2015-09-16,32.96234130859375
2015-09-17,33.26694107055664
2015-09-18,32.7345085144043
2015-09-21,33.03465270996094
2015-09-22,32.35214614868164
2015-09-23,32.356605529785156
2015-09-24,32.43684005737305
2015-09-25,31.705795288085938
2015-09-28,30.918291091918945
2015-09-29,30.837064743041992
2015-09-30,31.617639541625977
2015-10-01,31.797420501708984
2015-10-02,32.53986358642578
2015-10-05,33.26743698120117
2015-10-06,33.26546096801758
2015-10-07,33.18423080444336
2015-10-08,33.035640716552734
2015-10-09,33.245643615722656
2015-10-12,33.5026969909668
2015-10-13,33.836517333984375
2015-10-14,33.699825286865234
2015-10-15,34.32437515258789
2015-10-16,34.438297271728516
2015-10-19,34.66761779785156
2015-10-20,33.67951965332031
2015-10-21,33.27337646484375
2015-10-22,33.73597717285156
2015-10-23,35.62748336791992
2015-10-26,36.211421966552734
2015-10-27,36.295623779296875
2015-10-28,36.49869155883789
2015-10-29,36.891448974609375
2015-10-30,36.521968841552734
2015-11-02,37.03459548950195
2015-11-03,37.08808517456055
2015-11-04,37.40951919555664
2015-11-05,37.67500305175781
2015-11-06,37.7210693359375
2015-11-09,37.382774353027344
2015-11-10,37.555633544921875
2015-11-11,37.90183639526367
2015-11-12,37.46994400024414
2015-11-13,36.65470886230469
2015-11-16,37.167320251464844
2015-11-17,36.947418212890625
2015-11-18,37.642303466796875
2015-11-19,37.63884353637695
2015-11-20,38.483802795410156
2015-11-23,38.468936920166016
2015-11-24,38.1187744140625
2015-11-25,38.10044479370117
2015-11-27,38.23467254638672
2015-11-30,37.78296661376953
2015-12-01,38.82010269165039
2015-12-02,38.52589797973633
2015-12-03,38.047950744628906
2015-12-04,38.593257904052734
2015-12-07,38.285186767578125
2015-12-08,38.39167785644531
2015-12-09,37.76810836791992
2015-12-10,37.64379119873047
2015-12-11,37.167320251464844
2015-12-14,37.767616271972656
2015-12-15,37.646270751953125
2015-12-16,38.46348571777344
2015-12-17,38.12868118286133
2015-12-18,37.48579406738281
2015-12-21,37.681434631347656
2015-12-22,37.99494552612305
2015-12-23,38.063297271728516
2015-12-24,37.931053161621094
2015-12-28,38.74333190917969
2015-12-29,39.32380676269531
2015-12-30,39.14253234863281
2015-12-31,38.5338249206543
2016-01-04,37.614078521728516
2016-01-05,37.717594146728516
2016-01-06,37.60863494873047
2016-01-07,36.700767517089844
2016-01-08,36.20102310180664
2016-01-11,36.30801010131836
2016-01-12,36.91572952270508
2016-01-13,35.63936996459961
2016-01-14,36.22480010986328
2016-01-15,35.18964767456055
2016-01-19,35.61509323120117
2016-01-20,35.5893440246582
2016-01-21,35.99102020263672
2016-01-22,36.921669006347656
2016-01-25,36.33523941040039
2016-01-26,36.343666076660156
2016-01-27,35.540802001953125
2016-01-28,37.06232833862305
2016-01-29,37.708675384521484
2016-02-01,38.175235748291016
2016-02-02,38.67745590209961
2016-02-03,37.11581039428711
2016-02-04,36.157432556152344
2016-02-05,34.856319427490234
2016-02-08,34.876129150390625
2016-02-09,34.720611572265625
2016-02-10,35.009361267089844
2016-02-11,34.98509216308594
2016-02-12,35.01134490966797
2016-02-16,35.54378128051758
2016-02-17,36.25352096557617
2016-02-18,35.53733825683594
2016-02-19,35.76517105102539
2016-02-22,36.1088981628418
2016-02-23,35.52644348144531
2016-02-24,35.70524215698242
2016-02-25,36.11236572265625
2016-02-26,35.90137481689453
2016-02-29,35.52296829223633
2016-03-01,36.75872039794922
2016-03-02,36.62548065185547
2016-03-03,36.23469543457031
2016-03-04,36.166847229003906
2016-03-07,35.304054260253906
2016-03-08,35.340213775634766
2016-03-09,35.92860794067383
2016-03-10,36.263423919677734
2016-03-11,36.8924446105957
2016-03-14,37.158416748046875
2016-03-15,37.17476272583008
2016-03-16,37.51105499267578
2016-03-17,37.5665168762207
2016-03-18,37.41447448730469
2016-03-21,37.74879455566406
2016-03-22,37.644287109375
2016-03-23,37.52096176147461
2016-03-24,37.38624572753906
2016-03-28,37.30897903442383
2016-03-29,37.93354034423828
2016-03-30,38.05487823486328
2016-03-31,37.78544235229492
2016-04-01,38.12075424194336
2016-04-04,37.89540100097656
2016-04-05,37.570987701416016
2016-04-06,38.04151153564453
2016-04-07,37.64775466918945
2016-04-08,37.61556625366211
2016-04-11,37.51996994018555
2016-04-12,37.855777740478516
2016-04-13,38.23169708251953
2016-04-14,38.404056549072266
2016-04-15,38.63238525390625
2016-04-18,39.01277160644531
2016-04-19,38.446659088134766
2016-04-20,38.38077926635742
2016-04-21,38.63238525390625
2016-04-22,36.54078674316406
2016-04-25,36.76069259643555
2016-04-26,35.9266357421875
2016-04-27,35.73297882080078
2016-04-28,34.92070388793945
2016-04-29,35.06037521362305
2016-05-02,35.3838005065918
2016-05-03,35.088111877441406
2016-05-04,35.23323059082031
2016-05-05,35.39865493774414
2016-05-06,35.9172248840332
2016-05-09,36.11286163330078
2016-05-10,36.62053298950195
2016-05-11,36.183189392089844
2016-05-12,36.06036376953125
2016-05-13,35.8998908996582
2016-05-16,36.170806884765625
2016-05-17,35.67007064819336
2016-05-18,35.74882888793945
2016-05-19,35.42837142944336
2016-05-20,35.745357513427734
2016-05-23,35.52445983886719
2016-05-24,36.306026458740234
2016-05-25,36.557132720947266
2016-05-26,36.49918746948242
2016-05-27,37.02765655517578
2016-05-31,37.089569091796875
2016-06-01,37.070247650146484
2016-06-02,36.862728118896484
2016-06-03,36.44619369506836
2016-06-06,36.1589241027832
2016-06-07,36.20993423461914
2016-06-08,36.796363830566406
2016-06-09,36.776058197021484
2016-06-10,36.31394958496094
2016-06-13,36.24906921386719
2016-06-14,36.31692123413086
2016-06-15,36.2644157409668
2016-06-16,35.87116241455078
2016-06-17,34.880584716796875
2016-06-20,34.973697662353516
2016-06-21,35.109901428222656
2016-06-22,35.188655853271484
2016-06-23,35.40658187866211
2016-06-24,33.93706130981445
2016-06-27,33.73597717285156
2016-06-28,34.23720932006836
2016-06-29,34.43185806274414
2016-06-30,34.84492492675781
2016-07-01,35.17776107788086
2016-07-05,34.912288665771484
2016-07-06,35.11436462402344
2016-07-07,35.02967071533203
2016-07-08,35.55070877075195
2016-07-11,36.01727294921875
2016-07-12,36.2802619934082
2016-07-13,36.13019943237305
2016-07-14,36.44321823120117
2016-07-15,36.43479919433594
2016-07-18,37.305015563964844
2016-07-19,37.31542205810547
2016-07-20,37.49718475341797
2016-07-21,37.364952087402344
2016-07-22,37.60614776611328
2016-07-25,37.51898193359375
2016-07-26,37.525421142578125
2016-07-27,37.7393798828125
2016-07-28,37.931053161621094
2016-07-29,39.19404602050781
2016-08-01,39.66951370239258
2016-08-02,39.628902435302734
2016-08-03,39.56946563720703
2016-08-04,39.48675537109375
2016-08-05,39.9661979675293
2016-08-08,39.881996154785156
2016-08-09,39.99343490600586
2016-08-10,40.043453216552734
2016-08-11,40.02909851074219
2016-08-12,39.972137451171875
2016-08-15,39.91814422607422
2016-08-16,39.68190002441406
2016-08-17,39.89139938354492
2016-08-18,39.7591667175293
2016-08-19,39.605621337890625
2016-08-22,39.471900939941406
2016-08-23,39.454063415527344
2016-08-24,39.30598068237305
2016-08-25,39.192054748535156
2016-08-26,39.28715133666992
2016-08-29,39.41592788696289
2016-08-30,39.2227668762207
2016-08-31,39.120243072509766
2016-09-01,39.197021484375
2016-09-02,39.46793746948242
2016-09-06,40.020179748535156
2016-09-07,40.01869583129883
2016-09-08,39.76362228393555
2016-09-09,39.052391052246094
2016-09-12,39.56452178955078
2016-09-13,39.064273834228516
2016-09-14,39.150455474853516
2016-09-15,39.68387985229492
2016-09-16,39.52240753173828
2016-09-19,39.394630432128906
2016-09-20,39.612060546875
2016-09-21,39.87208557128906
2016-09-22,40.41294479370117
2016-09-23,40.36391067504883
2016-09-26,39.754215240478516
2016-09-27,40.15440368652344
2016-09-28,40.121219635009766
2016-09-29,39.75371551513672
2016-09-30,39.82404708862305
2016-10-03,39.641780853271484
2016-10-04,39.76114273071289
2016-10-05,39.68387985229492
2016-10-06,39.775508880615234
2016-10-07,39.65812301635742
2016-10-10,40.32478713989258
2016-10-11,40.096946716308594
2016-10-12,40.205909729003906
2016-10-13,39.82503890991211
2016-10-14,39.85079574584961
2016-10-17,39.96173095703125
2016-10-18,40.68733215332031
2016-10-19,40.952308654785156
2016-10-20,40.69426345825195
2016-10-21,40.81462478637695
2016-10-24,41.39311981201172
2016-10-25,41.03701400756836
2016-10-26,40.71754455566406
2016-10-27,40.48228073120117
2016-10-28,40.59174346923828
2016-10-31,40.11328125
2016-11-01,39.89437484741211
2016-11-02,39.04941940307617
2016-11-03,38.74085235595703
2016-11-04,38.686866760253906
2016-11-07,39.72350311279297
2016-11-08,40.21630859375
2016-11-09,39.89983367919922
2016-11-10,38.646751403808594
2016-11-11,38.22377395629883
2016-11-14,37.306007385253906
2016-11-15,38.39266586303711
2016-11-16,38.63139724731445
2016-11-17,38.937477111816406
2016-11-18,38.43278503417969
2016-11-21,38.87012481689453
2016-11-22,38.880027770996094
2016-11-23,38.582855224609375
2016-11-25,38.643775939941406
2016-11-28,38.91915512084961
2016-11-29,39.099937438964844
2016-11-30,38.42832565307617
2016-12-01,37.85627365112305
2016-12-02,37.86271667480469
2016-12-05,38.54422378540039
2016-12-06,38.44318771362305
2016-12-07,39.20048141479492
2016-12-08,39.38373565673828
2016-12-09,40.090999603271484
2016-12-12,40.01423645019531
2016-12-13,40.38273239135742
2016-12-14,40.509033203125
2016-12-15,40.39807891845703
2016-12-16,40.110321044921875
2016-12-19,40.242069244384766
2016-12-20,40.37579345703125
2016-12-21,40.227210998535156
2016-12-22,40.10240173339844
2016-12-23,40.00929260253906
2016-12-27,40.11478042602539
2016-12-28,39.84930419921875
2016-12-29,39.76560592651367
2016-12-30,39.249019622802734
2017-01-03,40.01968765258789
2017-01-04,40.00779342651367
2017-01-05,40.267826080322266
2017-01-06,40.87158203125
2017-01-09,40.969146728515625
2017-01-10,40.91120910644531
2017-01-11,41.10188293457031
2017-01-12,41.085540771484375
2017-01-13,41.1553840637207
2017-01-17,40.98301696777344
2017-01-18,41.06028366088867
2017-01-19,40.8299674987793
2017-01-20,41.01818084716797
2017-01-23,41.82352066040039
2017-01-24,42.07611846923828
2017-01-25,42.51791000366211
2017-01-26,42.445098876953125
2017-01-27,41.85323715209961
2017-01-30,40.8032341003418
2017-01-31,40.62294387817383
2017-02-01,40.37778091430664
2017-02-02,40.52735137939453
2017-02-03,40.619972229003906
2017-02-06,40.69377136230469
2017-02-07,41.070682525634766
2017-02-08,41.10287857055664
2017-02-09,41.11179733276367
2017-02-10,41.34904098510742
2017-02-13,41.5526008605957
2017-02-14,41.6055908203125
2017-02-15,41.47137451171875
2017-02-16,41.711585998535156
2017-02-17,41.92852020263672
2017-02-21,42.06324005126953
2017-02-22,42.166744232177734
2017-02-23,42.14892578125
2017-02-24,41.99093246459961
2017-02-27,42.08304977416992
2017-02-28,41.8482780456543
2017-03-01,42.433712005615234
2017-03-02,42.09196472167969
2017-03-03,42.053829193115234
2017-03-06,41.96418380737305
2017-03-07,42.15635299682617
2017-03-08,42.27967834472656
2017-03-09,42.487701416015625
2017-03-10,42.664512634277344
2017-03-13,42.82152557373047
2017-03-14,42.88739776611328
2017-03-15,43.010231018066406
2017-03-16,43.08997344970703
2017-03-17,43.20734786987305
2017-03-20,42.98645782470703
2017-03-21,42.1063346862793
2017-03-22,42.08949279785156
2017-03-23,41.58677291870117
2017-03-24,41.36339569091797
2017-03-27,41.53030776977539
2017-03-28,41.635311126708984
2017-03-29,42.09295654296875
2017-03-30,42.073638916015625
2017-03-31,41.99043655395508
2017-04-03,42.433712005615234
2017-04-04,42.22667694091797
2017-04-05,42.04541015625
2017-04-06,41.8567008972168
2017-04-07,41.70811462402344
2017-04-10,41.68830108642578
2017-04-11,41.59815979003906
2017-04-12,41.67641830444336
2017-04-13,41.61302185058594
2017-04-17,42.353477478027344
2017-04-18,42.29701614379883
2017-04-19,42.42182540893555
2017-04-20,42.59865188598633
2017-04-21,42.54267883300781
2017-04-24,43.532257080078125
2017-04-25,44.02309036254883
2017-04-26,44.0379524230957
2017-04-27,44.151859283447266
2017-04-28,45.7902717590332
2017-05-01,46.20135498046875
2017-05-02,46.41285705566406
2017-05-03,46.97549819946289
2017-05-04,47.286041259765625
2017-05-05,47.066131591796875
2017-05-08,47.4826774597168
2017-05-09,47.38459777832031
2017-05-10,47.2919807434082
2017-05-11,47.34398651123047
2017-05-12,47.30684280395508
2017-05-15,47.50891876220703
2017-05-16,47.775875091552734
2017-05-17,46.664459228515625
2017-05-18,47.0770263671875
2017-05-19,47.282569885253906
2017-05-22,47.7491340637207
2017-05-23,48.070072174072266
2017-05-24,48.41975402832031
2017-05-25,49.12553787231445
2017-05-26,49.195369720458984
2017-05-30,49.33900451660156
2017-05-31,48.889286041259766
2017-06-01,48.94872283935547
2017-06-02,49.33652877807617
2017-06-05,49.72087097167969
2017-06-06,49.364261627197266
2017-06-07,49.602996826171875
2017-06-08,49.74068832397461
2017-06-09,48.04877853393555
2017-06-12,47.6371955871582
2017-06-13,48.067604064941406
2017-06-14,47.940311431884766
2017-06-15,47.556461334228516
2017-06-16,47.47920608520508
2017-06-19,48.3013801574707
2017-06-20,47.99281692504883
2017-06-21,48.46829605102539
2017-06-22,48.370723724365234
2017-06-23,48.839752197265625
2017-06-26,48.14635467529297
2017-06-27,46.95766067504883
2017-06-28,47.597572326660156
2017-06-29,46.449005126953125
2017-06-30,46.045841217041016
2017-07-03,45.5396614074707
2017-07-05,46.17362594604492
2017-07-06,45.94728088378906
2017-07-07,46.59709548950195
2017-07-10,47.10179901123047
2017-07-11,47.22710037231445
2017-07-12,47.92694091796875
2017-07-13,47.98588180541992
2017-07-14,48.38508224487305
2017-07-17,48.33803176879883
2017-07-18,48.88235092163086
2017-07-19,49.17060852050781
2017-07-20,49.141876220703125
2017-07-21,49.22360610961914
2017-07-24,49.44499588012695
2017-07-25,47.99479293823242
2017-07-26,47.810546875
2017-07-27,47.17658233642578
2017-07-28,47.46483612060547
2017-07-31,46.82939147949219
2017-08-01,46.88188552856445
2017-08-02,46.93537521362305
2017-08-03,46.57183837890625
2017-08-04,46.843746185302734
2017-08-07,46.841766357421875
2017-08-08,46.76449966430664
2017-08-09,46.56094741821289
2017-08-10,45.74420928955078
2017-08-11,46.06615447998047
2017-08-14,46.50397872924805
2017-08-15,46.461883544921875
2017-08-16,46.768463134765625
2017-08-17,45.94579315185547
2017-08-18,45.87248611450195
2017-08-21,45.6094970703125
2017-08-22,46.57678985595703
2017-08-23,46.68476486206055
2017-08-24,46.4029426574707
2017-08-25,46.086456298828125
2017-08-28,45.96907043457031
2017-08-29,46.34648132324219
2017-08-30,46.73677444458008
2017-08-31,47.31179428100586
2017-09-01,47.15082550048828
2017-09-05,46.630287170410156
2017-09-06,46.65703201293945
2017-09-07,47.04681396484375
2017-09-08,46.626808166503906
2017-09-11,46.71993637084961
2017-09-12,46.88634490966797
2017-09-13,47.074058532714844
2017-09-14,46.563411712646484
2017-09-15,46.32369613647461
2017-09-18,46.04930877685547
2017-09-19,46.401458740234375
2017-09-20,46.930419921875
2017-09-21,46.93091583251953
2017-09-22,46.71843719482422
2017-09-25,46.273677825927734
2017-09-26,46.4296875
2017-09-27,47.5426025390625
2017-09-28,47.78578186035156
2017-09-29,48.227081298828125
2017-10-02,47.91753387451172
2017-10-03,48.14585876464844
2017-10-04,47.883358001708984
2017-10-05,48.7951774597168
2017-10-06,49.21369934082031
2017-10-09,49.147823333740234
2017-10-10,48.92444610595703
2017-10-11,49.808536529541016
2017-10-12,49.808536529541016
2017-10-13,49.91849136352539
2017-10-16,49.991790771484375
2017-10-17,50.073509216308594
2017-10-18,50.15969467163086
2017-10-19,49.61983108520508
2017-10-20,49.77981185913086
2017-10-23,48.81251525878906
2017-10-24,48.95862579345703
2017-10-25,49.1057243347168
2017-10-26,49.1037483215332
2017-10-27,51.19633102416992
2017-10-30,51.16958999633789
2017-10-31,51.16513442993164
2017-11-01,51.63862228393555
2017-11-02,51.65694808959961
2017-11-03,52.00463104248047
2017-11-06,51.642581939697266
2017-11-07,52.12350082397461
2017-11-08,52.41572952270508
2017-11-09,51.892208099365234
2017-11-10,51.71539306640625
2017-11-13,51.56928634643555
2017-11-14,51.5910758972168
2017-11-15,51.3320426940918
2017-11-16,51.929351806640625
2017-11-17,51.30628204345703
2017-11-20,51.24536895751953
2017-11-21,52.019996643066406
2017-11-22,52.1002311706543
2017-11-24,52.328067779541016
2017-11-27,53.09525680541992
2017-11-28,52.66337585449219
2017-11-29,51.38008499145508
2017-11-30,51.320152282714844
2017-12-01,50.7703857421875
2017-12-04,50.11660385131836
2017-12-05,50.49946212768555
2017-12-06,51.1492805480957
2017-12-07,51.73619842529297
2017-12-08,51.97442626953125
2017-12-11,52.10270690917969
2017-12-12,51.94422149658203
2017-12-13,52.073978424072266
2017-12-14,52.37511444091797
2017-12-15,53.09476089477539
2017-12-18,53.743099212646484
2017-12-19,53.4801025390625
2017-12-20,53.172035217285156
2017-12-21,53.03780746459961
2017-12-22,52.93924331665039
2017-12-26,52.79016876220703
2017-12-27,52.51032257080078
2017-12-28,52.29983139038086
2017-12-29,52.17352294921875
2018-01-02,53.154693603515625
2018-01-03,54.06156921386719
2018-01-04,54.27156448364258
2018-01-05,54.99122619628906
2018-01-08,55.18537521362305
2018-01-09,55.11503982543945
2018-01-10,54.98379135131836
2018-01-11,55.07839584350586
2018-01-12,55.9996223449707
2018-01-16,56.002098083496094
2018-01-17,56.41814041137695
2018-01-18,56.263126373291016
2018-01-19,56.63606262207031
2018-01-22,57.65933609008789
2018-01-23,58.25416946411133
2018-01-24,58.01247024536133
2018-01-25,58.54985427856445
2018-01-26,58.81829833984375
2018-01-29,58.76481246948242
2018-01-30,58.3136100769043
2018-01-31,58.5538215637207
2018-02-01,58.522613525390625
2018-02-02,55.43251419067383
2018-02-05,52.618797302246094
2018-02-06,53.71040725708008
2018-02-07,52.2730827331543
2018-02-08,49.91057205200195
2018-02-09,51.82039260864258
2018-02-12,52.230987548828125
2018-02-13,52.21018600463867
2018-02-14,53.129432678222656
2018-02-15,54.053646087646484
2018-02-16,54.25868606567383
2018-02-20,54.65938186645508
2018-02-21,55.162593841552734
2018-02-22,54.97190475463867
2018-02-23,55.872825622558594
2018-02-26,56.64597702026367
2018-02-27,55.348819732666016
2018-02-28,54.675724029541016
2018-03-01,53.0655403137207
2018-03-02,53.696044921875
2018-03-05,54.22203826904297
2018-03-06,54.52614212036133
2018-03-07,55.226478576660156
2018-03-08,55.93672561645508
2018-03-09,57.494895935058594
2018-03-12,57.74699783325195
2018-03-13,56.4582633972168
2018-03-14,56.90302276611328
2018-03-15,56.98822021484375
2018-03-16,56.18635177612305
2018-03-19,54.48503875732422
2018-03-20,54.27355194091797
2018-03-21,54.18439865112305
2018-03-22,52.161155700683594
2018-03-23,50.84368896484375
2018-03-26,52.207706451416016
2018-03-27,49.872432708740234
2018-03-28,49.785255432128906
2018-03-29,51.368194580078125
2018-04-02,50.15424728393555
2018-04-03,50.453895568847656
2018-04-04,51.00020217895508
2018-04-05,51.145320892333984
2018-04-06,50.021514892578125
2018-04-09,50.52373123168945
2018-04-10,51.33649826049805
2018-04-11,50.76988220214844
2018-04-12,51.3756217956543
2018-04-13,51.3137092590332
2018-04-16,51.811973571777344
2018-04-17,53.459293365478516
2018-04-18,53.262672424316406
2018-04-19,53.959049224853516
2018-04-20,53.3582649230957
2018-04-23,53.184410095214844
2018-04-24,50.65003204345703
2018-04-25,50.667362213134766
2018-04-26,51.67378616333008
2018-04-27,51.08638000488281
2018-04-30,50.44894027709961
2018-05-01,51.546993255615234
2018-05-02,50.81892776489258
2018-05-03,50.8313102722168
2018-05-04,52.054656982421875
2018-05-07,52.47367858886719
2018-05-08,52.43058776855469
2018-05-09,53.93427276611328
2018-05-10,54.75249099731445
2018-05-11,54.64897155761719
2018-05-14,54.8084602355957
2018-05-15,53.732200622558594
2018-05-16,53.693565368652344
2018-05-17,53.553401947021484
2018-05-18,52.97787094116211
2018-05-21,53.689605712890625
2018-05-22,53.25870895385742
2018-05-23,53.786190032958984
2018-05-24,53.76092529296875
2018-05-25,53.69306945800781
2018-05-29,52.900115966796875
2018-05-30,53.36568832397461
2018-05-31,54.481571197509766
2018-06-01,56.21507263183594
2018-06-04,57.10857391357422
2018-06-05,57.00852584838867
2018-06-06,56.80694580078125
2018-06-07,56.18635177612305
2018-06-08,56.101654052734375
2018-06-11,56.507293701171875
2018-06-12,56.86835479736328
2018-06-13,56.672218322753906
2018-06-14,57.458736419677734
2018-06-15,57.41712951660156
2018-06-18,58.621177673339844
2018-06-19,58.37898254394531
2018-06-20,58.64544677734375
2018-06-21,57.920841217041016
2018-06-22,57.91341781616211
2018-06-25,56.42705154418945
2018-06-26,56.097198486328125
2018-06-27,55.32058334350586
2018-06-28,55.807945251464844
2018-06-29,55.92731475830078
2018-07-02,56.56721878051758
2018-07-03,55.28789520263672
2018-07-05,56.52660369873047
2018-07-06,57.209617614746094
2018-07-09,57.81385040283203
2018-07-10,57.80692672729492
2018-07-11,58.02089309692383
2018-07-12,59.49684143066406
2018-07-13,59.653358459472656
2018-07-16,59.26158142089844
2018-07-17,60.082275390625
2018-07-18,60.073848724365234
2018-07-19,59.38986587524414
2018-07-20,59.32943344116211
2018-07-23,59.97925567626953
2018-07-24,62.31454086303711
2018-07-25,63.19565200805664
2018-07-26,63.66914749145508
2018-07-27,62.054012298583984
2018-07-30,60.92228698730469
2018-07-31,60.78261184692383
2018-08-01,61.068397521972656
2018-08-02,61.471553802490234
2018-08-03,61.3244514465332
2018-08-06,61.30018997192383
2018-08-07,62.20012283325195
2018-08-08,62.47203826904297
2018-08-09,62.627052307128906
2018-08-10,62.03519821166992
2018-08-13,61.8435173034668
2018-08-14,62.31404113769531
2018-08-15,61.03025436401367
2018-08-16,60.626102447509766
2018-08-17,60.2194709777832
2018-08-20,60.52159118652344
2018-08-21,60.29673385620117
2018-08-22,60.511688232421875
2018-08-23,60.48246765136719
2018-08-24,61.254615783691406
2018-08-27,62.22141647338867
2018-08-28,61.7058219909668
2018-08-29,62.636470794677734
2018-08-30,62.13077926635742
2018-08-31,61.009456634521484
2018-09-04,59.99460983276367
2018-09-05,59.38986587524414
2018-09-06,58.64148712158203
2018-09-07,58.324501037597656
2018-09-10,58.199195861816406
2018-09-11,58.93865966796875
2018-09-12,58.027828216552734
2018-09-13,58.54985427856445
2018-09-14,58.34381866455078
2018-09-17,57.44487762451172
2018-09-18,57.80543899536133
2018-09-19,58.16007614135742
2018-09-20,59.01690673828125
2018-09-21,58.05358123779297
2018-09-24,58.42207717895508
2018-09-25,59.1318244934082
2018-09-26,59.140235900878906
2018-09-27,59.798973083496094
2018-09-28,59.785099029541016
2018-10-01,59.85692596435547
2018-10-02,59.812835693359375
2018-10-03,60.0055046081543
2018-10-04,58.298744201660156
2018-10-05,57.841102600097656
2018-10-08,57.251216888427734
2018-10-09,56.71878433227539
2018-10-10,54.093265533447266
2018-10-11,54.022926330566406
2018-10-12,55.49888610839844
2018-10-15,54.60242462158203
2018-10-16,56.11997985839844
2018-10-17,55.84807205200195
2018-10-18,54.37805938720703
2018-10-19,54.738128662109375
2018-10-22,55.04471206665039
2018-10-23,55.22004318237305
2018-10-24,52.35778045654297
2018-10-25,54.65938186645508
2018-10-26,53.676727294921875
2018-10-29,51.24882125854492
2018-10-30,51.980865478515625
2018-10-31,54.0150146484375
2018-11-01,53.78717803955078
2018-11-02,53.06950759887695
2018-11-05,52.28892517089844
2018-11-06,52.97441864013672
2018-11-07,54.889686584472656
2018-11-08,54.215599060058594
2018-11-09,53.34339904785156
2018-11-12,51.97343444824219
2018-11-13,51.90458679199219
2018-11-14,52.23197937011719
2018-11-15,53.0477180480957
2018-11-16,52.91002655029297
2018-11-19,50.886775970458984
2018-11-20,51.03684997558594
2018-11-21,51.67973327636719
2018-11-23,51.0195198059082
2018-11-26,52.299339294433594
2018-11-27,52.11805725097656
2018-11-28,54.07493591308594
2018-11-29,54.213130950927734
2018-11-30,54.95952224731445
2018-12-03,55.29186248779297
2018-12-04,52.622764587402344
2018-12-06,53.39589309692383
2018-12-07,51.83574676513672
2018-12-10,52.162635803222656
2018-12-11,52.582149505615234
2018-12-12,53.18044662475586
2018-12-13,53.17103576660156
2018-12-14,52.0898323059082
2018-12-17,50.799110412597656
2018-12-18,51.67874526977539
2018-12-19,51.28499221801758
2018-12-20,50.69658279418945
2018-12-21,49.09532165527344
2018-12-24,48.769432067871094
2018-12-26,51.89864730834961
2018-12-27,52.148773193359375
2018-12-28,51.8406982421875
2018-12-31,51.755516052246094
2019-01-02,52.2369270324707
2019-01-03,50.790191650390625
2019-01-04,53.39540100097656
2019-01-07,53.28892517089844
2019-01-08,53.75696563720703
2019-01-09,53.57271957397461
2019-01-10,53.433048248291016
2019-01-11,52.72181701660156
2019-01-14,52.07992935180664
2019-01-15,53.81342697143555
2019-01-16,53.96200942993164
2019-01-17,54.43798828125
2019-01-18,54.8431282043457
2019-01-22,53.42314147949219
2019-01-23,53.70942306518555
2019-01-24,53.68911361694336
2019-01-25,54.556358337402344
2019-01-28,53.48406219482422
2019-01-29,52.99867630004883
2019-01-30,54.382022857666016
2019-01-31,55.76386260986328
2019-02-01,55.4037971496582
2019-02-04,56.533042907714844
2019-02-05,57.050621032714844
2019-02-06,55.61528778076172
2019-02-07,54.774288177490234
2019-02-08,54.599449157714844
2019-02-11,54.586570739746094
2019-02-12,55.84757995605469
2019-02-13,55.89957809448242
2019-02-14,55.92780685424805
2019-02-15,55.453819274902344
2019-02-19,55.79457473754883
2019-02-20,55.501365661621094
2019-02-21,54.690086364746094
2019-02-22,55.30176544189453
2019-02-25,55.339900970458984
2019-02-26,55.571693420410156
2019-02-27,55.61528778076172
2019-02-28,55.79655075073242
2019-03-01,56.884700775146484
2019-03-04,57.12739181518555
2019-03-05,57.9084587097168
2019-03-06,57.697967529296875
2019-03-07,57.00010299682617
2019-03-08,56.95651626586914
2019-03-11,58.40721893310547
2019-03-12,59.2982292175293
2019-03-13,59.387882232666016
2019-03-14,59.06446075439453
2019-03-15,58.95401382446289
2019-03-18,58.86732864379883
2019-03-19,59.55628204345703
2019-03-20,60.74348068237305
2019-03-21,61.223915100097656
2019-03-22,59.813331604003906
2019-03-25,59.30466842651367
2019-03-26,58.93122863769531
2019-03-27,58.34530258178711
2019-03-28,58.061004638671875
2019-03-29,58.28982925415039
2019-04-01,59.38391876220703
2019-04-02,59.708824157714844
2019-04-03,59.9698486328125
2019-04-04,60.39777374267578
2019-04-05,60.00154113769531
2019-04-08,59.844539642333984
2019-04-09,59.567665100097656
2019-04-10,59.753902435302734
2019-04-11,59.909420013427734
2019-04-12,60.56023025512695
2019-04-15,60.74843215942383
2019-04-16,61.01490020751953
2019-04-17,61.42251968383789
2019-04-18,61.4884033203125
2019-04-22,62.09709930419922
2019-04-23,62.93067169189453
2019-04-24,62.40863800048828
2019-04-25,62.76970672607422
2019-04-26,63.26894760131836
2019-04-29,64.1990966796875
2019-04-30,59.3829345703125
2019-05-01,58.113014221191406
2019-05-02,57.77572250366211
2019-05-03,58.91686248779297
2019-05-06,59.11052703857422
2019-05-07,58.38740158081055
2019-05-08,57.98721694946289
2019-05-09,57.8480339050293
2019-05-10,57.83169174194336
2019-05-13,56.293827056884766
2019-05-14,55.712860107421875
2019-05-15,57.98820495605469
2019-05-16,58.666748046875
2019-05-17,57.88815689086914
2019-05-20,56.69352340698242
2019-05-21,57.177913665771484
2019-05-22,57.24775314331055
2019-05-23,56.72720718383789
2019-05-24,56.39386749267578
2019-05-28,56.44092559814453
2019-05-29,55.46917724609375
2019-05-30,55.541969299316406
2019-05-31,54.80351257324219
2019-06-03,51.44744873046875
2019-06-04,52.22751998901367
2019-06-05,51.73965835571289
2019-06-06,51.894195556640625
2019-06-07,52.91497039794922
2019-06-10,53.62769317626953
2019-06-11,53.542503356933594
2019-06-12,53.4464225769043
2019-06-13,54.03630828857422
2019-06-14,53.80302810668945
2019-06-17,54.178951263427734
2019-06-18,54.7411003112793
2019-06-19,54.7049446105957
2019-06-20,55.13534927368164
2019-06-21,55.73811721801758
2019-06-24,55.3087043762207
2019-06-25,53.866432189941406
2019-06-26,53.5068473815918
2019-06-27,53.3240852355957
2019-06-28,53.62967300415039
2019-07-01,54.481571197509766
2019-07-02,55.10563278198242
2019-07-03,55.6202392578125
2019-07-05,56.099666595458984
2019-07-08,55.31315612792969
2019-07-09,55.68462371826172
2019-07-10,56.507789611816406
2019-07-11,56.66478729248047
2019-07-12,56.72720718383789
2019-07-15,56.98325729370117
2019-07-16,57.129371643066406
2019-07-17,56.79654312133789
2019-07-18,56.8213005065918
2019-07-19,56.0442008972168
2019-07-22,56.423580169677734
2019-07-23,56.861419677734375
2019-07-24,56.449344635009766
2019-07-25,56.26163101196289
2019-07-26,61.674129486083984
2019-07-29,61.50672149658203
2019-07-30,60.82124328613281
2019-07-31,60.33585739135742
2019-08-01,60.017887115478516
2019-08-02,59.252174377441406
2019-08-05,57.19326400756836
2019-08-06,58.002071380615234
2019-08-07,58.241294860839844
2019-08-08,59.74102783203125
2019-08-09,58.88467025756836
2019-08-12,58.17145538330078
2019-08-13,59.272483825683594
2019-08-14,57.66379165649414
2019-08-15,57.91489791870117
2019-08-16,58.40473175048828
2019-08-19,59.456233978271484
2019-08-20,58.61870193481445
2019-08-21,59.01740646362305
2019-08-22,59.014434814453125
2019-08-23,57.13531494140625
2019-08-26,58.007022857666016
2019-08-27,57.98918914794922
2019-08-28,58.134315490722656
2019-08-29,59.14915466308594
2019-08-30,58.96540832519531
2019-09-03,57.92628479003906
2019-09-04,58.556297302246094
2019-09-05,60.0381965637207
2019-09-06,59.74747085571289
2019-09-09,59.695457458496094
2019-09-10,59.716758728027344
2019-09-11,60.425018310546875
2019-09-12,61.166465759277344
2019-09-13,61.41706466674805
2019-09-16,61.00102996826172
2019-09-17,60.91435241699219
2019-09-18,61.051551818847656
2019-09-19,61.35367202758789
2019-09-20,60.91238021850586
2019-09-23,61.152587890625
2019-09-24,60.34230041503906
2019-09-25,61.70978927612305
2019-09-26,61.52900695800781
2019-09-27,60.71971130371094
2019-09-30,60.48147201538086
2019-10-01,59.73161315917969
2019-10-02,58.340843200683594
2019-10-03,58.910919189453125
2019-10-04,59.97727966308594
2019-10-07,59.843048095703125
2019-10-08,58.94559097290039
2019-10-09,59.55330276489258
2019-10-10,59.90347671508789
2019-10-11,60.2125358581543
2019-10-14,60.3145637512207
2019-10-15,61.52653121948242
2019-10-16,61.56417465209961
2019-10-17,62.04955291748047
2019-10-18,61.63401412963867
2019-10-21,61.6275749206543
2019-10-22,61.47502899169922
2019-10-23,62.288780212402344
2019-10-24,62.36207962036133
2019-10-25,62.619140625
2019-10-28,63.84151077270508
2019-10-29,62.43885803222656
2019-10-30,62.440834045410156
2019-10-31,62.34672546386719
2019-11-01,63.01289367675781
2019-11-04,63.872703552246094
2019-11-05,63.96334457397461
2019-11-06,63.94205856323242
2019-11-07,64.73104858398438
2019-11-08,64.83306121826172
2019-11-11,64.30210876464844
2019-11-12,64.2491226196289
2019-11-13,64.19810485839844
2019-11-14,64.84049224853516
2019-11-15,66.04851531982422
2019-11-18,65.36995697021484
2019-11-19,65.01087951660156
2019-11-20,64.47943115234375
2019-11-21,64.39424133300781
2019-11-22,64.07379913330078
2019-11-25,64.66665649414062
2019-11-26,65.03118896484375
2019-11-27,64.98809051513672
2019-11-29,64.58988189697266
2019-12-02,63.8355598449707
2019-12-03,64.12678527832031
2019-12-04,65.32538604736328
2019-12-05,65.72259521484375
2019-12-06,66.33824157714844
2019-12-09,66.51654815673828
2019-12-10,66.51160430908203
2019-12-11,66.57896423339844
2019-12-12,66.78894805908203
2019-12-13,66.70872497558594
2019-12-16,67.39370727539062
2019-12-17,67.10594177246094
2019-12-18,66.95833587646484
2019-12-19,67.18270111083984
2019-12-20,66.92416381835938
2019-12-23,66.89495086669922
2019-12-24,66.58785247802734
2019-12-26,67.48136138916016
2019-12-27,67.09355926513672
2019-12-30,66.3541030883789
2019-12-31,66.33824157714844
2020-01-02,67.78894805908203
2020-01-03,67.43431091308594
2020-01-06,69.2317123413086
2020-01-07,69.09798431396484
2020-01-08,69.58979797363281
2020-01-09,70.32035064697266
2020-01-10,70.7745361328125
2020-01-13,71.32280731201172
2020-01-14,70.85525512695312
2020-01-15,71.28170776367188
2020-01-16,71.82453918457031
2020-01-17,73.27869415283203
2020-01-21,73.41392517089844
2020-01-22,73.49414825439453
2020-01-23,73.53475952148438
2020-01-24,72.61750030517578
2020-01-27,70.9117431640625
2020-01-28,71.84139251708984
2020-01-29,72.14844512939453
2020-01-30,72.02711486816406
2020-01-31,70.96372985839844
2020-02-03,73.4312515258789
2020-02-04,71.58926391601562
2020-02-05,71.6209716796875
2020-02-06,73.1028823852539
2020-02-07,73.25838470458984
2020-02-10,74.72196960449219
2020-02-11,74.79131317138672
2020-02-12,75.21578216552734
2020-02-13,74.95623779296875
2020-02-14,75.22071838378906
2020-02-18,75.25590515136719
2020-02-19,75.52481842041016
2020-02-20,75.13453674316406
2020-02-21,73.4738540649414
2020-02-24,70.32382202148438
2020-02-25,68.66262817382812
2020-02-26,68.8681640625
2020-02-27,65.12776947021484
2020-02-28,66.33131408691406
2020-03-02,68.66262817382812
2020-03-03,66.25553131103516
2020-03-04,68.4288558959961
2020-03-05,65.11835479736328
2020-03-06,64.17631530761719
2020-03-09,60.216495513916016
2020-03-10,63.157508850097656
2020-03-11,59.97429656982422
2020-03-12,55.05362319946289
2020-03-13,60.14122009277344
2020-03-16,53.1442985534668
2020-03-17,55.37605285644531
2020-03-18,54.045223236083984
2020-03-19,55.059566497802734
2020-03-20,52.90705871582031
2020-03-23,52.20969009399414
2020-03-24,55.96792221069336
2020-03-25,54.56180953979492
2020-03-26,57.59791564941406
2020-03-27,54.98973846435547
2020-03-30,56.77524185180664
2020-03-31,57.54987335205078
2020-04-01,54.58557891845703
2020-04-02,55.32504653930664
2020-04-03,54.12001037597656
2020-04-06,58.601863861083984
2020-04-07,58.570655822753906
2020-04-08,59.78114318847656
2020-04-09,59.75984573364258
2020-04-13,59.950035095214844
2020-04-14,62.66519546508789
2020-04-15,62.27243423461914
2020-04-16,62.278865814208984
2020-04-17,63.34720993041992
2020-04-20,62.46312713623047
2020-04-21,60.036712646484375
2020-04-22,62.327415466308594
2020-04-23,62.95939636230469
2020-04-24,63.22834396362305
2020-04-27,62.94404602050781
2020-04-28,61.048580169677734
2020-04-29,66.47643280029297
2020-04-30,66.7002944946289
2020-05-01,65.2451400756836
2020-05-04,65.52151489257812
2020-05-05,66.8152084350586
2020-05-06,66.63739776611328
2020-05-07,67.81864929199219
2020-05-08,68.56456756591797
2020-05-11,69.51799011230469
2020-05-12,68.11087799072266
2020-05-13,66.78103637695312
2020-05-14,67.2035140991211
2020-05-15,68.0058822631836
2020-05-18,68.6061782836914
2020-05-19,68.07225036621094
2020-05-20,69.79385375976562
2020-05-21,69.67449188232422
2020-05-22,69.9959487915039
2020-05-26,70.39859771728516
2020-05-27,70.3446044921875
2020-05-28,70.24359130859375
2020-05-29,71.00038146972656
2020-06-01,71.06724548339844
2020-06-02,71.43572998046875
2020-06-03,71.2841796875
2020-06-04,70.0484390258789
2020-06-05,71.32231140136719
2020-06-08,71.71952819824219
2020-06-09,71.91963195800781
2020-06-10,72.54468536376953
2020-06-11,69.4343032836914
2020-06-12,69.98008728027344
2020-06-15,70.36741638183594
2020-06-16,71.64177703857422
2020-06-17,71.94242858886719
2020-06-18,71.03011322021484
2020-06-19,70.5605697631836
2020-06-22,71.84930419921875
2020-06-23,72.50901794433594
2020-06-24,70.95977020263672
2020-06-25,71.37580108642578
2020-06-26,67.48483276367188
2020-06-29,69.20001220703125
2020-06-30,70.23416137695312
2020-07-01,71.42039489746094
2020-07-02,72.80372619628906
2020-07-06,74.27571105957031
2020-07-07,73.7938003540039
2020-07-08,74.47135162353516
2020-07-09,75.21726989746094
2020-07-10,76.22516632080078
2020-07-13,74.89879608154297
2020-07-14,75.32622528076172
2020-07-15,75.12910461425781
2020-07-16,75.03202056884766
2020-07-17,75.12760162353516
2020-07-20,77.45497131347656
2020-07-21,77.06269073486328
2020-07-22,77.5049819946289
2020-07-23,75.1226577758789
2020-07-24,74.69969177246094
2020-07-27,75.75067901611328
2020-07-28,74.47383117675781
2020-07-29,75.45745086669922
2020-07-30,76.19346618652344
2020-07-31,73.69622039794922
2020-08-03,73.43917846679688
2020-08-04,72.97063446044922
2020-08-05,73.25738525390625
2020-08-06,74.5382080078125
2020-08-07,74.21233367919922
2020-08-10,74.13555145263672
2020-08-11,73.32921600341797
2020-08-12,74.6516342163086
2020-08-13,75.11771392822266
2020-08-14,74.5223617553711
2020-08-17,75.09739685058594
2020-08-18,77.0557632446289
2020-08-19,76.50252532958984
2020-08-20,78.06961822509766
2020-08-21,78.03594207763672
2020-08-24,78.5103988647461
2020-08-25,79.53567504882812
2020-08-26,81.43162536621094
2020-08-27,80.6584701538086
2020-08-28,81.19883728027344
2020-08-31,80.70851135253906
2020-09-01,81.97396850585938
2020-09-02,85.06009674072266
2020-09-03,80.70751953125
2020-09-04,78.31527709960938
2020-09-08,75.4619369506836
2020-09-09,76.63228607177734
2020-09-10,75.58325958251953
2020-09-11,75.07361602783203
2020-09-14,74.73038482666016
2020-09-15,76.0324935913086
2020-09-16,74.89185333251953
2020-09-17,73.6511459350586
2020-09-18,71.87059020996094
2020-09-21,70.83297729492188
2020-09-22,72.30298614501953
2020-09-23,69.80525207519531
2020-09-24,70.47240447998047
2020-09-25,71.2747802734375
2020-09-28,72.24553680419922
2020-09-29,72.61006927490234
2020-09-30,72.58926391601562
2020-10-01,73.69376373291016
2020-10-02,72.093994140625
2020-10-05,73.44263458251953
2020-10-06,71.86714172363281
2020-10-07,72.2693099975586
2020-10-08,73.47236633300781
2020-10-09,74.81062316894531
2020-10-12,77.49211120605469
2020-10-13,77.61494445800781
2020-10-14,77.43514251708984
2020-10-15,77.0404052734375
2020-10-16,77.6461410522461
2020-10-19,75.77642822265625
2020-10-20,76.8229751586914
2020-10-21,78.55201721191406
2020-10-22,79.57576751708984
2020-10-23,80.87937927246094
2020-10-26,78.46783447265625
2020-10-27,79.1904525756836
2020-10-28,74.82795715332031
2020-10-29,77.11024475097656
2020-10-30,80.04383087158203
2020-11-02,80.45047760009766
2020-11-03,81.50738525390625
2020-11-04,86.46969604492188
2020-11-05,87.29434967041016
2020-11-06,87.15714263916016
2020-11-09,87.2408447265625
2020-11-10,86.0670166015625
2020-11-11,86.53804779052734
2020-11-12,86.31961059570312
2020-11-13,87.77774810791016
2020-11-16,87.86539459228516
2020-11-17,87.25272369384766
2020-11-18,86.21163940429688
2020-11-19,87.09969329833984
2020-11-20,86.00064849853516
2020-11-23,85.56378936767578
2020-11-24,87.3636703491211
2020-11-25,87.37506103515625
2020-11-27,88.50875854492188
2020-11-30,86.89315795898438
2020-12-01,88.92184448242188
2020-12-02,90.38838958740234
2020-12-03,90.23336791992188
2020-12-04,90.32846069335938
2020-12-07,89.99512481689453
2020-12-08,89.71282958984375
2020-12-09,88.05509948730469
2020-12-10,87.5494155883789
2020-12-11,87.90354919433594
2020-12-14,86.78715515136719
2020-12-15,87.22400665283203
2020-12-16,87.03133392333984
2020-12-17,86.20519256591797
2020-12-18,85.49742889404297
2020-12-21,85.91050720214844
2020-12-22,85.20026397705078
2020-12-23,85.59698486328125
2020-12-24,85.89068603515625
2020-12-28,87.8619384765625
2020-12-29,87.0595703125
2020-12-30,85.99421691894531
2020-12-31,86.80598449707031
2021-01-04,85.49296569824219
2021-01-05,86.18241119384766
2021-01-06,85.33200073242188
2021-01-07,87.88075256347656
2021-01-08,89.04418182373047
2021-01-11,86.98676300048828
2021-01-12,86.05264282226562
2021-01-13,86.53902435302734
2021-01-14,85.73021697998047
2021-01-15,85.5667724609375
2021-01-19,88.3824691772461
2021-01-20,93.11742401123047
2021-01-21,93.31950378417969
2021-01-22,93.73603820800781
2021-01-25,93.82122039794922
2021-01-26,94.4982681274414
2021-01-27,90.08973693847656
2021-01-28,91.78659057617188
2021-01-29,90.50676727294922
2021-02-01,93.76129150390625
2021-02-02,95.05152130126953
2021-02-03,101.9736557006836
2021-02-04,101.71363067626953
2021-02-05,103.45703125
2021-02-08,103.24356079101562
2021-02-09,102.79136657714844
2021-02-10,103.34063720703125
2021-02-11,103.45307159423828
2021-02-12,103.76412200927734
2021-02-16,104.54022979736328
2021-02-17,104.93251037597656
2021-02-18,104.29803466796875
2021-02-19,103.45603942871094
2021-02-22,101.74482727050781
2021-02-23,102.0350570678711
2021-02-24,103.20840454101562
2021-02-25,99.8473892211914
2021-02-26,100.142578125
2021-03-01,102.507568359375
2021-03-02,102.25100708007812
2021-03-03,99.62252044677734
2021-03-04,100.7379150390625
2021-03-05,103.86515045166016
2021-03-08,99.42886352539062
2021-03-09,101.05638122558594
2021-03-10,100.84984588623047
2021-03-11,104.0370101928711
2021-03-12,101.53382110595703
2021-03-15,101.75373840332031
2021-03-16,103.21236419677734
2021-03-17,103.1296615600586
2021-03-18,100.11433410644531
2021-03-19,100.39268493652344
2021-03-22,100.57743072509766
2021-03-23,101.10442352294922
2021-03-24,100.66857147216797
2021-03-25,100.66510772705078
2021-03-26,100.2822494506836
2021-03-29,101.3253173828125
2021-03-30,101.3590087890625
2021-03-31,102.15392303466797
2021-04-01,105.48522186279297
2021-04-05,109.90219116210938
2021-04-06,109.4217758178711
2021-04-07,110.896240234375
2021-04-08,111.46086883544922
2021-04-09,112.46332550048828
2021-04-12,111.1731185913086
2021-04-13,111.65898132324219
2021-04-14,111.03887939453125
2021-04-15,113.18545532226562
2021-04-16,113.06163787841797
2021-04-19,113.4088363647461
2021-04-20,112.87641143798828
2021-04-21,112.84371948242188
2021-04-22,111.56439971923828
2021-04-23,113.91253662109375
2021-04-26,114.40782928466797
2021-04-27,113.46925354003906
2021-04-28,116.8401870727539
2021-04-29,118.51028442382812
2021-04-30,116.56580352783203
2021-05-03,116.0497055053711
2021-05-04,114.25428771972656
2021-05-05,114.64755249023438
2021-05-06,115.76590728759766
2021-05-07,116.488037109375
2021-05-10,113.50740051269531
2021-05-11,112.43312072753906
2021-05-12,108.97553253173828
2021-05-13,110.40145111083984
2021-05-14,112.84520721435547
2021-05-17,113.36723327636719
2021-05-18,112.05718994140625
2021-05-19,112.50443267822266
2021-05-20,114.2602310180664
2021-05-21,113.62528228759766
2021-05-24,116.93924713134766
2021-05-25,117.0298843383789
2021-05-26,117.89366149902344
2021-05-27,117.02047729492188
2021-05-28,116.7317123413086
2021-06-01,117.9367446899414
2021-06-02,117.41224670410156
2021-06-03,116.2725830078125
2021-06-04,118.5503921508789
2021-06-07,118.9827880859375
2021-06-08,118.79161071777344
2021-06-09,119.26213836669922
2021-06-10,120.60882568359375
2021-06-11,120.3646469116211
2021-06-14,121.29132843017578
2021-06-15,120.2750015258789
2021-06-16,119.63410186767578
2021-06-17,120.59593963623047
2021-06-18,118.97884368896484
2021-06-21,120.664306640625
2021-06-22,121.17740631103516
2021-06-23,120.975830078125
2021-06-24,121.34532165527344
2021-06-25,121.35372161865234
2021-06-28,121.38097381591797
2021-06-29,121.11995697021484
2021-06-30,120.93869018554688
2021-07-01,121.29033660888672
2021-07-02,124.07682037353516
2021-07-06,125.00053405761719
2021-07-07,125.28185272216797
2021-07-08,123.8653335571289
2021-07-09,124.33536529541016
2021-07-12,125.77862548828125
2021-07-13,126.14118194580078
2021-07-14,127.02822875976562
2021-07-15,125.80785369873047
2021-07-16,125.7731704711914
2021-07-19,123.40372467041016
2021-07-20,125.01985931396484
2021-07-21,126.34671783447266
2021-07-22,127.21099090576172
2021-07-23,131.76119995117188
2021-07-26,132.77159118652344
2021-07-27,130.6566925048828
2021-07-28,134.81118774414062
2021-07-29,134.4976348876953
2021-07-30,133.45655822753906
2021-08-02,133.58335876464844
2021-08-03,134.35153198242188
2021-08-04,133.851806640625
2021-08-05,134.96719360351562
2021-08-06,134.45901489257812
2021-08-09,135.62246704101562
2021-08-10,135.51744079589844
2021-08-11,134.9944610595703
2021-08-12,135.90081787109375
2021-08-13,136.4292755126953
2021-08-16,137.00576782226562
2021-08-17,135.3733367919922
2021-08-18,134.17227172851562
2021-08-19,134.4010772705078
2021-08-20,136.1341094970703
2021-08-23,138.72146606445312
2021-08-24,139.92996215820312
2021-08-25,140.73974609375
2021-08-26,140.10728454589844
2021-08-27,142.6466064453125
2021-08-30,143.22756958007812
2021-08-31,143.33358764648438
2021-09-01,143.8466796875
2021-09-02,141.93638610839844
2021-09-03,142.3846435546875
2021-09-07,142.9205322265625
2021-09-08,142.33657836914062
2021-09-09,142.18795776367188
2021-09-10,139.54811096191406
2021-09-13,140.9908905029297
2021-09-14,141.2008819580078
2021-09-15,143.06809997558594
2021-09-16,142.25633239746094
2021-09-17,139.4728240966797
2021-09-20,137.4119110107422
2021-09-21,137.72247314453125
2021-09-22,138.96119689941406
2021-09-23,139.88491821289062
2021-09-24,140.87448120117188
2021-09-27,139.74227905273438
2021-09-28,134.54966735839844
2021-09-29,133.08709716796875
2021-09-30,132.41595458984375
2021-10-01,135.2559356689453
2021-10-04,132.39964294433594
2021-10-05,134.7408447265625
2021-10-06,136.268310546875
2021-10-07,137.91270446777344
2021-10-08,138.4678955078125
2021-10-11,137.60459899902344
2021-10-12,135.16282653808594
2021-10-13,136.28517150878906
2021-10-14,139.82052612304688
2021-10-15,140.03546142578125
2021-10-18,141.43215942382812
2021-10-19,141.88685607910156
2021-10-20,140.4326934814453
2021-10-21,140.54859924316406
2021-10-22,136.26980590820312
2021-10-25,136.15142822265625
2021-10-26,137.995361328125
2021-10-27,144.83924865722656
2021-10-28,144.47421264648438
2021-10-29,146.65052795410156
2021-11-01,142.14437866210938
2021-11-02,144.06166076660156
2021-11-03,145.21615600585938
2021-11-04,146.8699188232422
2021-11-05,147.44894409179688
2021-11-08,147.626220703125
2021-11-09,147.51480102539062
2021-11-10,144.51832580566406
2021-11-11,144.3925018310547
2021-11-12,147.27655029296875
2021-11-15,147.05270385742188
2021-11-16,146.4821319580078
2021-11-17,146.65150451660156
2021-11-18,148.4261474609375
2021-11-19,147.522705078125
2021-11-22,144.92298889160156
2021-11-23,144.40782165527344
2021-11-24,144.74267578125
2021-11-26,140.8427734375
2021-11-29,144.1587371826172
2021-11-30,140.55996704101562
2021-12-01,139.72193908691406
2021-12-02,141.61839294433594
2021-12-03,140.6629638671875
2021-12-06,141.8056182861328
2021-12-07,145.88133239746094
2021-12-08,146.7896728515625
2021-12-09,146.2468719482422
2021-12-10,146.6064453125
2021-12-13,144.4519500732422
2021-12-14,142.550537109375
2021-12-15,145.06065368652344
2021-12-16,143.0834503173828
2021-12-17,140.3890838623047
2021-12-20,140.272216796875
2021-12-21,142.12013244628906
2021-12-22,145.0348663330078
2021-12-23,145.53167724609375
2021-12-27,146.5123291015625
2021-12-28,145.30433654785156
2021-12-29,145.27261352539062
2021-12-30,144.82241821289062
2021-12-31,143.4866485595703
2022-01-03,143.62484741210938
2022-01-04,143.03839111328125
2022-01-05,136.476318359375
2022-01-06,136.44906616210938
2022-01-07,135.7254638671875
2022-01-10,137.3623809814453
2022-01-11,138.41883850097656
2022-01-12,140.09738159179688
2022-01-13,137.28067016601562
2022-01-14,138.16575622558594
2022-01-18,134.71609497070312
2022-01-19,133.84291076660156
2022-01-20,132.05093383789062
2022-01-21,129.12281799316406
2022-01-24,129.57102966308594
2022-01-25,125.73851013183594
2022-01-26,128.0148468017578
2022-01-27,127.78899383544922
2022-01-28,132.09402465820312
2022-01-31,134.02813720703125
2022-02-01,136.34654235839844
2022-02-02,146.60494995117188
2022-02-03,141.74122619628906
2022-02-04,141.9423370361328
2022-02-07,137.88888549804688
2022-02-08,138.08505249023438
2022-02-09,140.25735473632812
2022-02-10,137.31333923339844
2022-02-11,133.01673889160156
2022-02-14,134.24853515625
2022-02-15,135.3208465576172
2022-02-16,136.43968200683594
2022-02-17,131.28970336914062
2022-02-18,129.173828125
2022-02-22,128.5898895263672
2022-02-23,126.38536071777344
2022-02-24,131.4402313232422
2022-02-25,133.1920928955078
2022-02-28,133.783935546875
2022-03-01,132.79782104492188
2022-03-02,133.30303955078125
2022-03-03,132.63739013671875
2022-03-04,130.66311645507812
2022-03-07,125.187255859375
2022-03-08,125.90641784667969
2022-03-09,132.1623992919922
2022-03-10,131.1812286376953
2022-03-11,128.64634704589844
2022-03-14,124.76377868652344
2022-03-15,127.9802017211914
2022-03-16,132.0242156982422
2022-03-17,132.57742309570312
2022-03-18,134.84237670898438
2022-03-21,134.818603515625
2022-03-22,138.54959106445312
2022-03-23,136.9721221923828
2022-03-24,140.23753356933594
2022-03-25,140.3376007080078
2022-03-28,140.12216186523438
2022-03-29,141.16224670410156
2022-03-30,140.6005859375
2022-03-31,137.75665283203125
2022-04-01,138.82943725585938
2022-04-04,141.62387084960938
2022-04-05,139.26577758789062
2022-04-06,135.26089477539062
2022-04-07,134.60765075683594
2022-04-08,132.03114318847656
2022-04-11,127.60922241210938
2022-04-12,126.51066589355469
2022-04-13,128.66961669921875
2022-04-14,125.53543853759766
2022-04-18,126.4730224609375
2022-04-19,128.78355407714844
2022-04-20,126.83308410644531
2022-04-21,123.63800048828125
2022-04-22,118.50782012939453
2022-04-25,121.91390228271484
2022-04-26,117.53160095214844
2022-04-27,113.21715545654297
2022-04-28,117.4052963256836
2022-04-29,113.03390502929688
2022-05-02,115.48408508300781
2022-05-03,116.2280044555664
2022-05-04,121.10858154296875
2022-05-05,115.4073257446289
2022-05-06,114.65547943115234
2022-05-09,111.45047760009766
2022-05-10,113.31671142578125
2022-05-11,112.53167724609375
2022-05-12,111.78033447265625
2022-05-13,114.95661163330078
2022-05-16,113.36624145507812
2022-05-17,115.37512969970703
2022-05-18,110.84473419189453
2022-05-19,109.3435287475586
2022-05-20,107.88142395019531
2022-05-23,110.4371109008789
2022-05-24,104.97113037109375
2022-05-25,104.80769348144531
2022-05-26,106.77645111083984
2022-05-27,111.25780487060547
2022-05-31,112.689697265625
2022-06-01,112.8184585571289
2022-06-02,116.5137939453125
2022-06-03,113.4613265991211
2022-06-06,115.71935272216797
2022-06-07,116.04524230957031
2022-06-08,116.08932495117188
2022-06-09,113.75305938720703
2022-06-10,110.11368560791016
2022-06-13,105.3896484375
2022-06-14,105.70960235595703
2022-06-15,108.72986602783203
2022-06-16,105.0340347290039
2022-06-17,106.1335678100586
2022-06-21,110.49258422851562
2022-06-22,110.43661499023438
2022-06-23,111.18399810791016
2022-06-24,116.86296844482422
2022-06-27,114.74165344238281
2022-06-28,110.95171356201172
2022-06-29,110.64859771728516
2022-06-30,107.9359130859375
2022-07-01,107.7125473022461
2022-07-05,112.19538879394531
2022-07-06,113.4920425415039
2022-07-07,117.6633529663086
2022-07-08,118.22847747802734
2022-07-11,114.58612823486328
2022-07-12,112.94573974609375
2022-07-13,110.30387878417969
2022-07-14,109.32717895507812
2022-07-15,110.72388458251953
2022-07-18,108.00228881835938
2022-07-19,112.73723602294922
2022-07-20,112.82638549804688
2022-07-21,113.26223754882812
2022-07-22,106.8829345703125
2022-07-25,106.4966049194336
2022-07-26,104.03009033203125
2022-07-27,111.99430084228516
2022-07-28,113.14336395263672
2022-07-29,115.22357177734375
2022-08-01,113.77732849121094
2022-08-02,114.04478454589844
2022-08-03,116.96697998046875
2022-08-04,117.0759506225586
2022-08-05,116.36272430419922
2022-08-08,116.19435119628906
2022-08-09,115.53064727783203
2022-08-10,118.57171630859375
2022-08-11,117.7198257446289
2022-08-12,120.53305053710938
2022-08-15,120.92927551269531
2022-08-16,120.55284881591797
2022-08-17,118.42310333251953
2022-08-18,119.03727722167969
2022-08-19,116.10517883300781
2022-08-22,113.16317749023438
2022-08-23,112.78675842285156
2022-08-24,112.61836242675781
2022-08-25,115.55046844482422
2022-08-26,109.29993438720703
2022-08-29,108.38859558105469
2022-08-30,107.91312408447266
2022-08-31,107.19992065429688
2022-09-01,108.7055892944336
2022-09-02,106.83341217041016
2022-09-06,105.80320739746094
2022-09-07,108.4183349609375
2022-09-08,107.35840606689453
2022-09-09,109.60702514648438
2022-09-12,109.81502532958984
2022-09-13,103.33667755126953
2022-09-14,104.01026153564453
2022-09-15,101.93997192382812
2022-09-16,101.83100891113281
2022-09-19,102.09846496582031
2022-09-20,100.1866455078125
2022-09-21,98.34417724609375
2022-09-22,99.1960678100586
2022-09-23,97.80927276611328
2022-09-26,97.24464416503906
2022-09-27,96.58096313476562
2022-09-28,99.10693359375
2022-09-29,96.50172424316406
2022-09-30,94.74840545654297
2022-10-03,97.71021270751953
2022-10-04,100.68194580078125
2022-10-05,100.47392272949219
2022-10-06,100.46401977539062
2022-10-07,97.74983215332031
2022-10-10,96.93757629394531
2022-10-11,96.26397705078125
2022-10-12,96.64038848876953
2022-10-13,98.12626647949219
2022-10-14,95.64983367919922
2022-10-17,99.02767944335938
2022-10-18,99.82014465332031
2022-10-19,98.69087982177734
2022-10-20,99.02767944335938
2022-10-21,100.17675018310547
2022-10-24,101.55364990234375
2022-10-25,103.49518585205078
2022-10-26,94.03518676757812
2022-10-27,91.3507308959961
2022-10-28,95.38237762451172
2022-10-31,93.6191635131836
2022-11-01,89.61723327636719
2022-11-02,86.15021514892578
2022-11-03,82.64359283447266
2022-11-04,85.7638931274414
2022-11-07,87.65589141845703
2022-11-08,88.0620346069336
2022-11-09,86.49691009521484
2022-11-10,93.05452728271484
2022-11-11,95.50125122070312
2022-11-14,94.79792785644531
2022-11-15,97.5121078491211
2022-11-16,97.91824340820312
2022-11-17,97.43285369873047
2022-11-18,96.51163482666016
2022-11-21,94.6988754272461
2022-11-22,96.13520812988281
2022-11-23,97.53191375732422
2022-11-25,96.54134368896484
2022-11-28,95.14463806152344
2022-11-29,94.2927474975586
2022-11-30,100.03807830810547
2022-12-01,100.03807830810547
2022-12-02,99.49325561523438
2022-12-05,98.54229736328125
2022-12-06,96.06586456298828
2022-12-07,94.04508972167969
2022-12-08,92.8266830444336
2022-12-09,91.95498657226562
2022-12-12,92.43045043945312
2022-12-13,94.72858428955078
2022-12-14,94.17387390136719
2022-12-15,90.00355529785156
2022-12-16,89.40921020507812
2022-12-19,87.60636901855469
2022-12-20,88.18090057373047
2022-12-21,88.7356185913086
2022-12-22,86.93277740478516
2022-12-23,88.38890838623047
2022-12-27,86.5662612915039
2022-12-28,85.20916748046875
2022-12-29,87.61627197265625
2022-12-30,87.39834594726562
2023-01-03,88.27995300292969
2023-01-04,87.24976348876953
2023-01-05,85.3874740600586
2023-01-06,86.51673126220703
2023-01-09,87.19032287597656
2023-01-10,87.5865478515625
2023-01-11,90.6573257446289
2023-01-12,90.27099609375
2023-01-13,91.2516860961914
2023-01-17,90.42951202392578
2023-01-18,90.26110076904297
2023-01-19,92.17291259765625
2023-01-20,97.09606170654297
2023-01-23,98.84938049316406
2023-01-24,96.77906799316406
2023-01-25,94.32245635986328
2023-01-26,96.60078430175781
2023-01-27,98.43333435058594
2023-01-30,96.0262451171875
2023-01-31,97.90833282470703
2023-02-01,99.48334503173828
2023-02-02,106.72443389892578
2023-02-03,103.79234313964844
2023-02-06,101.93006134033203
2023-02-07,106.62538146972656
2023-02-08,98.43333435058594
2023-02-09,94.11444091796875
2023-02-10,93.67858123779297
2023-02-13,93.71821594238281
2023-02-14,93.78754425048828
2023-02-15,96.0262451171875
2023-02-16,94.60973358154297
2023-02-17,93.46066284179688
2023-02-21,90.92479705810547
2023-02-22,90.78611755371094
2023-02-23,90.03326416015625
2023-02-24,88.28984069824219
2023-02-27,89.02289581298828
2023-02-28,89.21109008789062
2023-03-01,89.50826263427734
2023-03-02,91.13280487060547
2023-03-03,92.76726531982422
2023-03-06,94.23330688476562
2023-03-07,92.97528076171875
2023-03-08,93.36160278320312
2023-03-09,91.44979095458984
2023-03-10,89.77571105957031
2023-03-13,90.2511978149414
2023-03-14,93.08423614501953
2023-03-15,95.20407104492188
2023-03-16,99.37437438964844
2023-03-17,100.66213989257812
2023-03-20,100.2658920288086
2023-03-21,103.9310302734375
2023-03-22,102.3956298828125
2023-03-23,104.60459899902344
2023-03-24,104.44611358642578
2023-03-27,101.49420928955078
2023-03-28,100.07769012451172
2023-03-29,100.43429565429688
2023-03-30,99.93901824951172
2023-03-31,102.75224304199219
2023-04-03,103.37629699707031
2023-04-04,103.73291015625
2023-04-05,103.48527526855469
2023-04-06,107.39802551269531
2023-04-10,105.43669891357422
2023-04-11,104.35697937011719
2023-04-12,103.65364837646484
2023-04-13,106.4173812866211
2023-04-14,107.84379577636719
2023-04-17,104.97113037109375
2023-04-18,103.51497650146484
2023-04-19,103.19800567626953
2023-04-20,104.29754638671875
2023-04-21,104.4164047241211
2023-04-24,104.97113037109375
2023-04-25,102.87110900878906
2023-04-26,102.7324447631836
2023-04-27,106.57585144042969
2023-04-28,106.32819366455078
2023-05-01,106.18952178955078
2023-05-02,104.32723999023438
2023-05-03,104.4164047241211
2023-05-04,103.70318603515625
2023-05-05,104.57491302490234
2023-05-08,106.754150390625
2023-05-09,106.33812713623047
2023-05-10,110.69664764404297
2023-05-11,115.47120666503906
2023-05-12,116.40234375
2023-05-15,115.41178894042969
2023-05-16,118.38349151611328
2023-05-17,119.70097351074219
2023-05-18,121.67221069335938
2023-05-19,121.60286712646484
2023-05-22,123.87128448486328
2023-05-23,121.40473937988281
2023-05-24,119.76041412353516
2023-05-25,122.31607818603516
2023-05-26,123.43544006347656
2023-05-30,122.50428009033203
2023-05-31,121.71183013916016
2023-06-01,122.55381774902344
2023-06-02,123.49485778808594
2023-06-05,124.82221984863281
2023-06-06,126.1099624633789
2023-06-07,121.34532165527344
2023-06-08,120.98871612548828
2023-06-09,121.0778579711914
2023-06-12,122.47457122802734
2023-06-13,122.66277313232422
2023-06-14,122.50428009033203
2023-06-15,123.91089630126953
2023-06-16,122.36560821533203
2023-06-20,121.93966674804688
2023-06-21,119.4136962890625
2023-06-22,121.98918151855469
2023-06-23,121.18683624267578
2023-06-26,117.22451782226562
2023-06-27,117.21463012695312
2023-06-28,119.04718017578125
2023-06-29,117.97737121582031
2023-06-30,118.57171630859375
2023-07-03,118.76982116699219
2023-07-05,120.60238647460938
2023-07-06,118.97784423828125
2023-07-07,118.35379028320312
2023-07-10,115.35234069824219
2023-07-11,116.03583526611328
2023-07-12,117.80895233154297
2023-07-13,123.36608123779297
2023-07-14,124.23779296875
2023-07-17,123.47505187988281
2023-07-18,122.59344482421875
2023-07-19,120.87975311279297
2023-07-20,118.07642364501953
2023-07-21,118.88868713378906
2023-07-24,120.38445281982422
2023-07-25,121.05805969238281
2023-07-26,128.05149841308594
2023-07-27,128.1802520751953
2023-07-28,131.33030700683594
2023-07-31,131.46897888183594
2023-08-01,130.3100128173828
2023-08-02,127.1698989868164
2023-08-03,127.23922729492188
2023-08-04,126.90243530273438
2023-08-07,130.29019165039062
2023-08-08,130.16143798828125
2023-08-09,128.4378204345703
2023-08-10,128.46755981445312
2023-08-11,128.33876037597656
2023-08-14,130.0920867919922
2023-08-15,128.55667114257812
2023-08-16,127.48686981201172
2023-08-17,128.6953582763672
2023-08-18,126.25856018066406
2023-08-21,127.15998077392578
2023-08-22,127.86328125
2023-08-23,131.12228393554688
2023-08-24,128.55667114257812
2023-08-25,128.65574645996094
2023-08-28,129.7750701904297
2023-08-29,133.30154418945312
2023-08-30,134.5991973876953
2023-08-31,134.886474609375
2023-09-01,134.38125610351562
2023-09-05,134.49024963378906
2023-09-06,133.19259643554688
2023-09-07,133.98501586914062
2023-09-08,135.094482421875
2023-09-11,135.62937927246094
2023-09-12,134.0642852783203
2023-09-13,135.42138671875
2023-09-14,136.7982940673828
2023-09-15,136.10484313964844
2023-09-18,136.9072265625
2023-09-19,136.73883056640625
2023-09-20,132.47938537597656
2023-09-21,129.2104949951172
2023-09-22,129.0222930908203
2023-09-25,129.87417602539062
2023-09-26,127.35811614990234
2023-09-27,129.3095245361328
2023-09-28,131.06283569335938
2023-09-29,129.6265106201172
2023-10-02,132.9053192138672
2023-10-03,131.18170166015625
2023-10-04,133.96522521972656
2023-10-05,133.7968292236328
2023-10-06,136.28318786621094
2023-10-09,137.11524963378906
2023-10-10,136.75865173339844
2023-10-11,139.22518920898438
2023-10-12,137.66009521484375
2023-10-13,136.06524658203125
2023-10-16,137.78883361816406
2023-10-17,138.4029998779297
2023-10-18,136.65960693359375
2023-10-19,136.45155334472656
2023-10-20,134.32186889648438
2023-10-23,135.2133331298828
2023-10-24,137.5015869140625
2023-10-25,124.4260025024414
2023-10-26,121.12740325927734
2023-10-27,121.01842498779297
2023-10-30,123.28683471679688
2023-10-31,122.9104232788086
2023-11-01,125.2580795288086
2023-11-02,126.28827667236328
2023-11-03,127.88312530517578
2023-11-06,129.0222930908203
2023-11-07,129.73550415039062
2023-11-08,130.59727478027344
2023-11-09,129.0123291015625
2023-11-10,131.3402099609375
2023-11-13,130.8449249267578
2023-11-14,132.36050415039062
2023-11-15,133.35107421875
2023-11-16,135.6392822265625
2023-11-17,134.0345458984375
2023-11-20,134.9656982421875
2023-11-21,135.6789093017578
2023-11-22,137.18460083007812
2023-11-24,135.4015655517578
2023-11-27,135.1242218017578
2023-11-28,135.90676879882812
2023-11-29,133.7175750732422
2023-11-30,131.28076171875
2023-12-01,130.61708068847656
2023-12-04,128.05149841308594
2023-12-05,129.7552947998047
2023-12-06,128.79443359375
2023-12-07,135.6392822265625
2023-12-08,133.7175750732422
2023-12-11,132.03359985351562
2023-12-12,131.2708740234375
2023-12-13,131.32041931152344
2023-12-14,130.6963348388672
2023-12-15,131.35009765625
2023-12-18,134.5199432373047
2023-12-19,135.3619384765625
2023-12-20,137.0360107421875
2023-12-21,139.09640502929688
2023-12-22,140.1563262939453
2023-12-26,140.18605041503906
2023-12-27,139.04685974121094
2023-12-28,138.908203125
2023-12-29,138.373291015625
2024-01-02,136.8676300048828
2024-01-03,137.61058044433594
2024-01-04,135.10438537597656
2024-01-05,134.45059204101562
2024-01-08,137.53128051757812
2024-01-09,139.62139892578125
2024-01-10,140.93887329101562
2024-01-11,140.74075317382812
2024-01-12,141.30538940429688
2024-01-16,141.14688110351562
2024-01-17,140.13650512695312
2024-01-18,142.12757873535156
2024-01-19,145.00022888183594
2024-01-22,144.6138916015625
2024-01-23,145.65399169921875
2024-01-24,147.29833984375
2024-01-25,150.43844604492188
2024-01-26,150.75543212890625
2024-01-29,152.06301879882812
2024-01-30,150.0323486328125
2024-01-31,138.77940368652344
2024-02-01,139.8294219970703
2024-02-02,141.03793334960938
2024-02-05,142.32566833496094
2024-02-06,142.74171447753906
2024-02-07,144.1681365966797
2024-02-08,144.53463745117188
2024-02-09,147.59555053710938
2024-02-12,146.13937377929688
2024-02-13,143.77191162109375
2024-02-14,144.5643768310547
2024-02-15,141.42425537109375
2024-02-16,139.19544982910156
2024-02-20,139.789794921875
2024-02-21,141.20631408691406
2024-02-22,142.73179626464844
2024-02-23,142.60305786132812
2024-02-26,136.27328491210938
2024-02-27,137.57093811035156
2024-02-28,135.094482421875
2024-02-29,137.1549072265625
2024-03-01,135.8473358154297
2024-03-04,132.0930633544922
2024-03-05,131.41941833496094
2024-03-06,130.16143798828125
2024-03-07,133.1133575439453
2024-03-08,134.1336669921875
2024-03-11,136.372314453125
2024-03-12,137.19448852539062
2024-03-13,138.4723358154297
2024-03-14,141.7511444091797
2024-03-15,139.84922790527344
2024-03-18,146.28797912597656
2024-03-19,145.6440887451172
2024-03-20,147.33799743652344
2024-03-21,146.20872497558594
2024-03-22,149.34886169433594
2024-03-25,148.65545654296875
2024-03-26,149.24977111816406
2024-03-27,149.44789123535156
2024-03-28,149.50733947753906
2024-04-01,154.0243682861328
2024-04-02,153.1031036376953
2024-04-03,153.45973205566406
2024-04-04,149.11109924316406
2024-04-05,151.06253051757812
2024-04-08,153.39036560058594
2024-04-09,155.1239013671875
2024-04-10,154.668212890625
2024-04-11,157.9073944091797
2024-04-12,156.24322509765625
2024-04-15,153.40029907226562
2024-04-16,152.94464111328125
2024-04-17,154.00453186035156
2024-04-18,154.53944396972656
2024-04-19,152.6375732421875
2024-04-22,154.80691528320312
2024-04-23,156.76821899414062
2024-04-24,157.63003540039062
2024-04-25,154.529541015625
2024-04-26,170.32920837402344
2024-04-29,164.58389282226562
2024-04-30,161.2456512451172
2024-05-01,162.31546020507812
2024-05-02,165.04942321777344
2024-05-03,165.66358947753906
2024-05-06,166.51548767089844
2024-05-07,169.63580322265625
2024-05-08,167.78343200683594
2024-05-09,168.35797119140625
2024-05-10,167.060302734375
2024-05-13,167.54568481445312
2024-05-14,168.7343292236328
2024-05-15,170.88394165039062
2024-05-16,172.53814697265625
2024-05-17,174.4004669189453
2024-05-20,175.25233459472656
2024-05-21,176.173583984375
2024-05-22,174.71746826171875
2024-05-23,171.91412353515625
2024-05-24,173.34056091308594
2024-05-28,174.7372589111328
2024-05-29,174.24197387695312
2024-05-30,170.48770141601562
2024-05-31,170.87400817871094
2024-06-03,171.53770446777344
2024-06-04,172.15185546875
2024-06-05,173.75657653808594
2024-06-06,175.0641632080078
2024-06-07,172.81552124023438
2024-06-10,173.55931091308594
2024-06-11,175.1559600830078
2024-06-12,176.3162841796875
2024-06-13,173.7080535888672
2024-06-14,175.3245849609375
2024-06-17,175.7708282470703
2024-06-18,173.63861083984375
2024-06-20,174.83865356445312
2024-06-21,178.14102172851562
2024-06-24,177.7344207763672
2024-06-25,182.5045623779297
2024-06-26,182.35580444335938
2024-06-27,183.8731231689453
2024-06-28,180.64012145996094
2024-07-01,181.47315979003906
2024-07-02,183.70452880859375
2024-07-03,184.27972412109375
2024-07-05,189.0200653076172
2024-07-08,187.46311950683594
2024-07-09,187.4135284423828
2024-07-10,189.5952911376953
2024-07-11,184.0318145751953
2024-07-12,183.5359344482422
2024-07-15,184.9838409423828
2024-07-16,182.39544677734375
2024-07-17,179.51951599121094
2024-07-18,176.2171173095703
2024-07-19,176.1873779296875
2024-07-22,180.1641082763672
2024-07-23,180.28311157226562
2024-07-24,171.1990203857422
2024-07-25,165.89340209960938
2024-07-26,165.61572265625
2024-07-29,168.12472534179688
2024-07-30,168.87843322753906
2024-07-31,170.1180877685547
2024-08-01,169.34454345703125
2024-08-02,165.2785186767578
2024-08-05,157.9299774169922
2024-08-06,156.9779052734375
2024-08-07,157.62252807617188
2024-08-08,160.68690490722656
2024-08-09,162.31332397460938
2024-08-12,160.94476318359375
2024-08-13,162.79925537109375
2024-08-14,159.04066467285156
2024-08-15,159.96295166015625
2024-08-16,161.60922241210938
2024-08-19,165.2884521484375
2024-08-20,165.79421997070312
2024-08-21,164.47525024414062
2024-08-22,162.4422149658203
2024-08-23,164.2471466064453
2024-08-26,164.78268432617188
2024-08-27,163.31494140625
2024-08-28,161.50010681152344
2024-08-29,160.43898010253906
2024-08-30,162.02574157714844
2024-09-03,156.05560302734375
2024-09-04,155.1531524658203
2024-09-05,155.93661499023438
2024-09-06,149.66897583007812
2024-09-09,147.67303466796875
2024-09-10,147.6233673095703
2024-09-11,150.1059112548828
2024-09-12,153.61131286621094
2024-09-13,156.36199951171875
2024-09-16,156.95782470703125
2024-09-17,158.20904541015625
2024-09-18,158.69561767578125
2024-09-19,161.0093536376953
2024-09-20,162.44924926757812
2024-09-23,160.72140502929688
2024-09-24,161.1583251953125
2024-09-25,160.3638916015625
2024-09-26,161.59524536132812
2024-09-27,162.80673217773438
2024-09-30,164.69349670410156
2024-10-01,165.8255615234375
2024-10-02,164.70343017578125
2024-10-03,164.70343017578125
2024-10-04,165.8950958251953
2024-10-07,161.843505859375
2024-10-08,163.2337646484375
2024-10-09,160.73130798339844
2024-10-10,160.9497833251953
2024-10-11,162.10171508789062
2024-10-14,163.80972290039062
2024-10-15,164.3062286376953
2024-10-16,164.00831604003906
2024-10-17,161.79385375976562
2024-10-18,162.2804412841797
2024-10-21,162.92591857910156
2024-10-22,163.98846435546875
2024-10-23,161.64491271972656
2024-10-24,161.58534240722656
2024-10-25,164.11753845214844
2024-10-28,165.5574188232422
2024-10-29,168.49679565429688
2024-10-30,173.2434539794922
2024-10-31,169.9168243408203
2024-11-01,170.09555053710938
2024-11-04,168.0598602294922
2024-11-05,168.55636596679688
2024-11-06,175.27915954589844
2024-11-07,179.48960876464844
2024-11-08,177.10633850097656
2024-11-11,179.0924072265625
2024-11-12,180.35353088378906
2024-11-13,177.6326446533203
2024-11-14,174.3556671142578
2024-11-15,171.28721618652344
2024-11-18,174.0775909423828
2024-11-19,176.87794494628906
2024-11-20,174.75286865234375
2024-11-21,166.46109008789062
2024-11-22,163.611083984375
2024-11-25,166.48094177246094
2024-11-26,167.94068908691406
2024-11-27,168.0499267578125
2024-11-29,167.77188110351562
2024-12-02,170.294189453125
2024-12-03,170.1452178955078
2024-12-04,173.1540985107422
2024-12-05,171.4361572265625
2024-12-06,173.4917449951172
2024-12-09,174.3466796875
2024-12-10,184.08950805664062
2024-12-11,194.25982666015625
2024-12-12,190.83990478515625
2024-12-13,188.71238708496094
2024-12-16,195.51246643066406
2024-12-17,194.27969360351562
2024-12-18,187.3006591796875
2024-12-19,187.4100341796875
2024-12-20,190.29310607910156
2024-12-23,193.49432373046875
2024-12-24,194.96568298339844
2024-12-26,194.4586639404297
2024-12-27,191.6352081298828
2024-12-30,190.1240997314453
2024-12-31,188.19540405273438
2025-01-02,188.3246612548828
2025-01-03,190.67088317871094
2025-01-06,195.7212371826172
2025-01-07,194.34930419921875
2025-01-08,192.81829833984375
2025-01-10,190.91941833496094
2025-01-13,189.89541625976562
2025-01-14,188.5532989501953
2025-01-15,194.40895080566406
2025-01-16,191.7843475341797
2025-01-17,194.85633850097656
2025-01-21,196.89434814453125
2025-01-22,197.21249389648438
2025-01-23,196.8247528076172
2025-01-24,199.04176330566406
2025-01-27,190.69078063964844
2025-01-28,194.160400390625
2025-01-29,194.26976013183594
2025-01-30,199.69789123535156
2025-01-31,202.8295135498047
2025-02-03,200.0557861328125
2025-02-04,205.17576599121094
2025-02-05,190.2135772705078
2025-02-06,190.48199462890625
2025-02-07,184.258544921875
2025-02-10,185.38194274902344
2025-02-11,184.23867797851562
2025-02-12,182.53860473632812
2025-02-13,185.05386352539062
2025-02-14,184.14915466308594
2025-02-18,182.69769287109375
2025-02-19,184.18896484375
2025-02-20,183.48304748535156
2025-02-21,178.61167907714844
2025-02-24,178.2040557861328
2025-02-25,174.39639282226562
2025-02-26,171.7220916748047
2025-02-27,167.5167694091797
2025-02-28,169.28640747070312
2025-03-03,166.03549194335938
2025-03-04,169.9226837158203
2025-03-05,172.0104217529297
2025-03-06,171.34432983398438
2025-03-07,172.8455047607422
2025-03-10,165.09205627441406
2025-03-11,163.2706298828125
2025-03-12,166.32626342773438
2025-03-13,161.99664306640625
2025-03-14,164.71383666992188
2025-03-17,163.51943969726562
2025-03-18,159.9164276123047
2025-03-19,163.121337890625
2025-03-20,162.03643798828125
2025-03-21,163.2208709716797
2025-03-24,166.8935546875
2025-03-25,169.76004028320312
2025-03-26,164.2858428955078
2025-03-27,161.4790802001953
2025-03-28,153.606201171875
2025-03-31,153.9147186279297
2025-04-01,156.3333282470703
2025-04-02,156.303466796875
2025-04-03,150.0131072998047
2025-04-04,144.9171142578125
2025-04-07,146.06173706054688
2025-04-08,144.0213623046875
2025-04-09,157.9656219482422
2025-04-10,152.10325622558594
2025-04-11,156.4029998779297
2025-04-14,158.32395935058594
2025-04-15,155.576904296875
2025-04-16,152.61087036132812
2025-04-17,150.45103454589844
2025-04-21,146.97738647460938
2025-04-22,150.75958251953125
2025-04-23,154.6214141845703
2025-04-24,158.53294372558594
2025-04-25,161.20040893554688
2025-04-28,159.85670471191406
2025-04-29,159.40884399414062
2025-04-30,158.05519104003906
2025-05-01,160.54347229003906
2025-05-02,163.26068115234375
2025-05-05,163.43984985351562
2025-05-06,162.46441650390625
2025-05-07,150.67002868652344
2025-05-08,153.55642700195312
2025-05-09,152.03358459472656
2025-05-12,157.71681213378906
2025-05-13,158.7817840576172
2025-05-14,164.5944061279297
2025-05-15,163.19100952148438
2025-05-16,165.41055297851562
2025-05-19,165.7589111328125
2025-05-20,163.21092224121094
2025-05-21,167.76943969726562
2025-05-22,170.068603515625
2025-05-23,167.6798553466797
2025-05-27,172.08908081054688
2025-05-28,171.55162048339844
2025-05-29,171.05393981933594
2025-05-30,170.9345245361328
2025-06-02,168.2372589111328
2025-06-03,165.4005889892578
2025-06-04,167.26182556152344
2025-06-05,167.42108154296875
2025-06-06,172.86541748046875
2025-06-09,175.47630310058594
2025-06-10,177.97755432128906
2025-06-11,176.73190307617188
2025-06-12,175.087646484375
2025-06-13,174.06124877929688
2025-06-16,176.15391540527344
2025-06-17,175.33677673339844
2025-06-18,172.71595764160156
2025-06-20,166.05921936035156
2025-06-23,164.61428833007812
2025-06-24,166.18878173828125
2025-06-25,170.0851287841797
2025-06-26,172.9351806640625
2025-06-27,177.90777587890625
2025-06-30,175.61578369140625
2025-07-01,175.22714233398438
2025-07-02,178.01739501953125
2025-07-03,178.90428161621094
2025-07-07,176.17384338378906
2025-07-08,173.7523193359375
2025-07-09,176.00445556640625
2025-07-10,177.00096130371094
2025-07-11,179.56201171875
2025-07-14,180.92723083496094
2025-07-15,181.36570739746094
2025-07-16,182.3323211669922
2025-07-17,182.940185546875
2025-07-18,184.41502380371094
2025-07-21,189.4374542236328
2025-07-22,190.67312622070312
2025-07-23,189.56703186035156
2025-07-24,191.50022888183594
2025-07-25,192.50672912597656
2025-07-28,191.9088134765625
2025-07-29,195.06777954101562
2025-07-30,195.84506225585938
2025-07-31,191.231201171875
2025-08-01,188.47085571289062
2025-08-04,194.36024475097656
2025-08-05,193.99151611328125
2025-08-06,195.40660095214844
2025-08-07,195.83509826660156
2025-08-08,200.71800231933594
2025-08-11,200.2994842529297
2025-08-12,202.63131713867188
2025-08-13,201.25613403320312
2025-08-14,202.2327117919922
2025-08-15,203.18936157226562
2025-08-18,202.79074096679688
2025-08-19,200.8675079345703
2025-08-20,198.62533569335938
2025-08-21,199.05384826660156
2025-08-22,205.37173461914062
2025-08-25,207.7633819580078
2025-08-26,206.4180908203125
2025-08-27,206.7568817138672
2025-08-28,210.9023895263672
2025-08-29,212.16796875
2025-09-02,210.61341857910156
2025-09-03,229.8561248779297
2025-09-04,231.49038696289062
2025-09-05,234.1809844970703
2025-09-08,233.43292236328125
2025-09-09,239.00843811035156
2025-09-10,238.54962158203125
2025-09-11,239.74652099609375
2025-09-12,240.17539978027344
2025-09-15,250.95733642578125
2025-09-16,250.50851440429688
2025-09-17,248.8827362060547
2025-09-18,251.37625122070312
2025-09-19,254.0592803955078
2025-09-22,251.8749542236328
2025-09-23,251.00721740722656
2025-09-24,246.4989471435547
2025-09-25,245.15243530273438
2025-09-26,245.90048217773438
2025-09-29,243.41696166992188
2025-09-30,242.4694366455078
2025-10-01,244.26475524902344
2025-10-02,245.05271911621094
2025-10-03,244.7135772705078
2025-10-06,249.78041076660156
2025-10-07,245.12252807617188
2025-10-08,243.9854736328125
2025-10-09,240.9034881591797
2025-10-10,235.9563446044922
2025-10-13,243.51670837402344
2025-10-14,244.81332397460938
2025-10-15,250.37884521484375
2025-10-16,250.80772399902344
2025-10-17,252.64297485351562
2025-10-20,255.88453674316406
2025-10-21,249.81031799316406
2025-10-22,251.0371551513672
2025-10-23,252.4235382080078
2025-10-24,259.2458190917969
2025-10-27,268.5715026855469
2025-10-28,266.7762145996094
2025-10-29,273.8578186035156
2025-10-30,280.7499084472656
2025-10-31,280.46063232421875
2025-11-03,282.9840393066406
2025-11-04,276.8200988769531
2025-11-05,283.572509765625
2025-11-06,284.01141357421875
2025-11-07,278.106689453125
2025-11-10,289.3475036621094
2025-11-11,290.55438232421875
2025-11-12,285.96630859375
2025-11-13,277.8474426269531
2025-11-14,275.6930236816406
2025-11-17,284.2806396484375
2025-11-18,283.5426330566406
2025-11-19,292.0504455566406
2025-11-20,288.69921875
2025-11-21,298.8826904296875
2025-11-24,317.75360107421875
2025-11-25,322.60101318359375
2025-11-26,319.1201171875
2025-11-28,319.3494873046875
2025-12-01,314.0732116699219
2025-12-02,314.9908142089844
2025-12-03,318.8009338378906
2025-12-04,316.7961120605469
2025-12-05,320.4366149902344
2025-12-08,313.11090087890625
2025-12-09,316.4643859863281
2025-12-10,319.58831787109375
2025-12-11,311.82342529296875
2025-12-12,308.68951416015625
2025-12-15,307.62158203125
2025-12-16,305.97479248046875
2025-12-17,296.1439208984375
2025-12-18,301.8727722167969
2025-12-19,306.56365966796875
2025-12-22,309.1785583496094
2025-12-23,313.73968505859375
2025-12-24,313.4801940917969
2025-12-26,312.9013366699219
2025-12-29,312.95123291015625
2025-12-30,313.24066162109375
2025-12-31,312.392333984375
2026-01-02,314.5381164550781
2026-01-05,315.9254455566406
2026-01-06,313.72967529296875
2026-01-07,321.3548889160156
2026-01-08,324.80816650390625
2026-01-09,327.9320983886719
2026-01-12,331.2156982421875
2026-01-13,335.31768798828125
2026-01-14,335.1879577636719
2026-01-15,332.1339416503906
2026-01-16,329.35931396484375
2026-01-20,321.3748474121094
2026-01-21,327.7424621582031
2026-01-22,329.89825439453125
2026-01-23,327.2933349609375
2026-01-26,332.61297607421875
2026-01-27,333.90045166015625
2026-01-28,335.3576354980469
2026-01-29,337.5932922363281
2026-01-30,337.3437805175781
2026-02-02,343.022705078125
2026-02-03,339.0504455566406
2026-02-04,332.3934326171875
2026-02-05,330.6069030761719
2026-02-06,322.233154296875
2026-02-09,323.6903381347656
2026-02-10,317.9614562988281
2026-02-11,310.35626220703125
2026-02-12,308.40008544921875
2026-02-13,305.12646484375
2026-02-17,301.4336242675781
2026-02-18,302.7410888671875
2026-02-19,302.26202392578125
2026-02-20,314.36846923828125
2026-02-23,310.8852233886719
2026-02-24,310.29638671875
2026-02-25,312.2925109863281
2026-02-26,306.783203125
2026-02-27,311.1547546386719
2026-03-02,305.92486572265625
2026-03-03,302.9906005859375
2026-03-04,302.5414733886719
2026-03-05,300.2958679199219
2026-03-06,297.9403991699219
2026-03-09,305.98040771484375
2026-03-10,306.65960693359375
2026-03-11,308.31756591796875
2026-03-12,303.17388916015625
2026-03-13,301.9054870605469
2026-03-16,305.1814270019531
2026-03-17,310.5347900390625
2026-03-18,307.30877685546875
2026-03-19,306.7494812011719
2026-03-20,300.6270751953125
2026-03-23,301.685791015625
2026-03-24,290.0801696777344
2026-03-25,290.5695495605469
2026-03-26,280.57196044921875
2026-03-27,274.0001220703125
2026-03-30,273.1611633300781
2026-03-31,287.2037353515625
2026-04-01,297.0215759277344
2026-04-02,295.403564453125
2026-04-06,299.6183166503906
2026-04-07,305.08154296875
2026-04-08,316.9268798828125
2026-04-09,318.09539794921875
2026-04-10,316.8469543457031
2026-04-13,320.91192626953125
2026-04-14,332.49755859375
2026-04-15,336.70233154296875
2026-04-16,335.6036682128906
2026-04-17,341.2566833496094
2026-04-20,337.0019836425781
2026-04-21,331.8783264160156
2026-04-22,338.8996276855469
2026-04-23,338.47015380859375
2026-04-24,343.9732971191406
2026-04-27,349.90594482421875
2026-04-28,349.3466491699219
2026-04-29,349.5064697265625
2026-04-30,384.3232421875
2026-05-01,385.2121887207031
2026-05-04,382.7751770019531
2026-05-05,387.9487609863281
2026-05-06,397.546875
2026-05-07,397.4969177246094
2026-05-08,400.3034362792969
2026-05-11,388.15850830078125
2026-05-12,386.8701171875
2026-05-13,402.1211853027344
2026-05-14,400.5731201171875
2026-05-15,396.2884216308594
2026-05-18,396.4482421875
2026-05-19,387.1797180175781
2026-05-20,388.4281921386719
2026-05-21,387.1797180175781
2026-05-22,382.49554443359375
2026-05-26,388.398193359375
2026-05-27,388.3482360839844
2026-05-28,389.64666748046875
2026-05-29,379.8687744140625
2026-06-01,375.9037170410156
2026-06-02,361.4017028808594
2026-06-03,358.54522705078125
2026-06-04,371.7289123535156
2026-06-05,368.07342529296875
2026-06-08,363.0766296386719
2026-06-09,364.0260314941406
2026-06-10,356.1510925292969
2026-06-11,357.5401611328125
2026-06-12,359.4489440917969
2026-06-15,369.1127624511719
2026-06-16,373.01025390625
2026-06-17,363.55633544921875
2026-06-18,367.7935791015625
2026-06-22,349.45538330078125
2026-06-23,345.90765380859375
2026-06-24,345.0682067871094
2026-06-25,343.48919677734375
2026-06-26,337.17327880859375
2026-06-29,353.4228210449219
2026-06-30,357.14044189453125
2026-07-01,360.97796630859375
2026-07-02,359.6788024902344
2026-07-06,366.2245788574219
2026-07-07,366.7942199707031
2026-07-08,361.6875305175781
2026-07-09,358.65948486328125
2026-07-10,356.9505615234375
2026-07-13,352.2835693359375
2026-07-14,359.2790832519531
2026-07-15,370.6817626953125
2026-07-16,354.2322998046875
2026-07-17,346.5472412109375
2026-07-20,351.7638854980469
2026-07-21,346.927001953125
2026-07-22,341.8702392578125
2026-07-23,317.4859313964844
2026-07-24,319.53460693359375
2026-07-27,326.3502197265625
2026-07-28,333.4956359863281
2026-07-29,336.49371337890625
2026-07-30,333.4456787109375
2026-07-31,355.9012451171875
2026-08-03,373.27008056640625
2026-08-04,377.40740966796875
2026-08-05,362.1971740722656
2026-08-06,357.52020263671875
2026-08-07,354.0723876953125
2026-08-10,357.29034423828125
2026-08-11,343.5791320800781
2026-08-12,343.3193359375
2026-08-13,346.13751220703125
2026-08-14,345.67779541015625
2026-08-17,343.7790222167969
2026-08-18,343.9789123535156
2026-08-19,344.4985656738281
2026-08-20,340.451171875
2026-08-21,344.5985107421875
2026-08-24,347.83642578125
2026-08-25,346.73712158203125
2026-08-26,341.7803039550781
2026-08-27,340.4311828613281
2026-08-28,346.36737060546875
2026-08-31,339.13201904296875
2026-09-01,334.8047790527344
2026-09-02,336.9034423828125
2026-09-03,342.260009765625
2026-09-04,338.4599914550781
2026-09-08,338.3599853515625
2026-09-09,330.6499938964844
2026-09-10,332.6000061035156
2026-09-11,338.5
2026-09-14,349.3900146484375
2026-09-15,344.9800109863281
2026-09-16,342.8699951171875
2026-09-17,347.3299865722656
2026-09-18,349.5400085449219
2026-09-21,354.9700012207031
2026-09-22,351.1600036621094
2026-09-23,337.8299865722656
2026-09-24,342.3599853515625
2026-09-25,343.9200134277344
2026-09-28,342.75
2026-09-29,340.9200134277344
