date,close
2006-01-03,10.918529510498047
2006-01-04,10.89716911315918
2006-01-05,10.95055866241455
2006-01-06,11.054677963256836
2006-01-09,11.108064651489258
2006-01-10,11.118744850158691
2006-01-11,11.124085426330566
2006-01-12,11.062684059143066
2006-01-13,11.02797794342041
2006-01-17,10.953230857849121
2006-01-18,10.89716911315918
2006-01-19,10.926535606384277
2006-01-20,10.702289581298828
2006-01-23,10.811747550964355
2006-01-24,10.918529510498047
2006-01-25,10.982598304748535
2006-01-26,11.073362350463867
2006-01-27,11.204174995422363
2006-01-30,11.145444869995117
2006-01-31,11.046662330627441
2006-02-01,11.07870101928711
2006-02-02,11.006624221801758
2006-02-03,10.913189888000488
2006-02-06,10.929210662841797
2006-02-07,10.953230857849121
2006-02-08,11.006624221801758
2006-02-09,10.945222854614258
2006-02-10,10.987945556640625
2006-02-13,10.875818252563477
2006-02-14,11.035991668701172
2006-02-15,11.035991668701172
2006-02-16,11.102729797363281
2006-02-17,11.156121253967285
2006-02-21,11.172137260437012
2006-02-22,11.233539581298828
2006-02-23,11.220189094543457
2006-02-24,11.273580551147461
2006-02-27,11.35366153717041
2006-02-28,11.204174995422363
2006-03-01,11.294937133789062
2006-03-02,11.188151359558105
2006-03-03,11.158791542053223
2006-03-06,11.198830604553223
2006-03-07,11.158791542053223
2006-03-08,11.273580551147461
2006-03-09,11.318965911865234
2006-03-10,11.41773509979248
2006-03-13,11.425804138183594
2006-03-14,11.506476402282715
2006-03-15,11.490340232849121
2006-03-16,11.479582786560059
2006-03-17,11.506476402282715
2006-03-20,11.533370018005371
2006-03-21,11.495720863342285
2006-03-22,11.501103401184082
2006-03-23,11.404291152954102
2006-03-24,11.471519470214844
2006-03-27,11.398916244506836
2006-03-28,11.33706283569336
2006-03-29,11.33706283569336
2006-03-30,11.32630729675293
2006-03-31,11.259079933166504
2006-04-03,11.259079933166504
2006-04-04,11.315556526184082
2006-04-05,11.280592918395996
2006-04-06,11.210678100585938
2006-04-07,11.119246482849121
2006-04-10,11.154208183288574
2006-04-11,11.10311508178711
2006-04-12,11.065471649169922
2006-04-13,11.095048904418945
2006-04-17,11.035890579223633
2006-04-18,11.105807304382324
2006-04-19,11.210678100585938
2006-04-20,11.242948532104492
2006-04-21,11.253700256347656
2006-04-24,11.175727844238281
2006-04-25,11.119246482849121
2006-04-26,11.21874713897705
2006-04-27,11.307486534118652
2006-04-28,11.283284187316895
2006-05-01,11.28597354888916
2006-05-02,11.3585786819458
2006-05-03,11.27253532409668
2006-05-04,11.315556526184082
2006-05-05,11.484964370727539
2006-05-08,11.662445068359375
2006-05-09,11.743118286132812
2006-05-10,11.71890926361084
2006-05-11,11.665131568908691
2006-05-12,11.611348152160645
2006-05-15,11.815711975097656
2006-05-16,11.788825035095215
2006-05-17,11.710838317871094
2006-05-18,11.710838317871094
2006-05-19,11.737733840942383
2006-05-22,11.724289894104004
2006-05-23,11.71890926361084
2006-05-24,11.839920043945312
2006-05-25,11.93134593963623
2006-05-26,11.963616371154785
2006-05-30,11.743118286132812
2006-05-31,11.839920043945312
2006-06-01,11.810338973999023
2006-06-02,11.80227279663086
2006-06-05,11.678573608398438
2006-06-06,11.697400093078613
2006-06-07,11.665131568908691
2006-06-08,11.667819023132324
2006-06-09,11.710838317871094
2006-06-12,11.646307945251465
2006-06-13,11.621933937072754
2006-06-14,11.594847679138184
2006-06-15,11.657136917114258
2006-06-16,11.703189849853516
2006-06-19,11.627345085144043
2006-06-20,11.59213638305664
2006-06-21,11.649015426635742
2006-06-22,11.61109733581543
2006-06-23,11.578594207763672
2006-06-26,11.600262641906738
2006-06-27,11.513589859008789
2006-06-28,11.489212989807129
2006-06-29,11.662559509277344
2006-06-30,11.65172004699707
2006-07-03,11.746519088745117
2006-07-05,11.65172004699707
2006-07-06,11.73568344116211
2006-07-07,11.695061683654785
2006-07-10,11.816939353942871
2006-07-11,11.865691184997559
2006-07-12,11.80068588256836
2006-07-13,11.67339038848877
2006-07-14,11.551507949829102
2006-07-17,11.565053939819336
2006-07-18,11.795263290405273
2006-07-19,11.868403434753418
2006-07-20,11.87381649017334
2006-07-21,11.89006519317627
2006-07-24,11.91715145111084
2006-07-25,11.98486042022705
2006-07-26,12.039032936096191
2006-07-27,12.001116752624512
2006-07-28,12.057991027832031
2006-07-31,12.052574157714844
2006-08-01,12.001116752624512
2006-08-02,12.001116752624512
2006-08-03,11.922565460205078
2006-08-04,11.876527786254883
2006-08-07,11.811521530151367
2006-08-08,11.865691184997559
2006-08-09,11.849435806274414
2006-08-10,11.89006519317627
2006-08-11,11.85214900970459
2006-08-14,11.914443969726562
2006-08-15,12.003817558288574
2006-08-16,12.006529808044434
2006-08-17,11.96590518951416
2006-08-18,12.001116752624512
2006-08-21,11.968609809875488
2006-08-22,12.028197288513184
2006-08-23,12.003817558288574
2006-08-24,12.05528450012207
2006-08-25,12.057991027832031
2006-08-28,12.10944938659668
2006-08-29,12.225914001464844
2006-08-30,12.177162170410156
2006-08-31,12.136533737182617
2006-09-01,12.206953048706055
2006-09-05,12.182577133178711
2006-09-06,12.10673999786377
2006-09-07,12.049863815307617
2006-09-08,12.079656600952148
2006-09-11,12.066113471984863
2006-09-12,12.12840747833252
2006-09-13,12.166595458984375
2006-09-14,12.15841293334961
2006-09-15,12.16386604309082
2006-09-18,12.120223045349121
2006-09-19,12.103866577148438
2006-09-20,12.122952461242676
2006-09-21,12.05477523803711
2006-09-22,11.997501373291016
2006-09-25,12.109317779541016
2006-09-26,12.174772262573242
2006-09-27,12.193866729736328
2006-09-28,12.259321212768555
2006-09-29,12.185681343078613
2006-10-02,12.13659381866455
2006-10-03,12.1529541015625
2006-10-04,12.218414306640625
2006-10-05,12.226593017578125
2006-10-06,12.207498550415039
2006-10-09,12.114773750305176
2006-10-10,12.016586303710938
2006-10-11,12.032951354980469
2006-10-12,12.013855934143066
2006-10-13,12.005677223205566
2006-10-16,12.068406105041504
2006-10-17,11.94295597076416
2006-10-18,11.989315032958984
2006-10-19,12.248414993286133
2006-10-20,12.750237464904785
2006-10-23,12.894780158996582
2006-10-24,12.826602935791016
2006-10-25,12.870247840881348
2006-10-26,12.856607437133789
2006-10-27,12.782967567443848
2006-10-30,12.752968788146973
2006-10-31,12.742055892944336
2006-11-01,12.720235824584961
2006-11-02,12.739334106445312
2006-11-03,12.682055473327637
2006-11-06,12.766603469848633
2006-11-07,12.796601295471191
2006-11-08,12.785694122314453
2006-11-09,12.7229585647583
2006-11-10,12.673871994018555
2006-11-13,12.657508850097656
2006-11-14,12.695697784423828
2006-11-15,12.7229585647583
2006-11-16,12.856607437133789
2006-11-17,12.88933277130127
2006-11-20,12.829325675964355
2006-11-21,12.815691947937012
2006-11-22,12.84569263458252
2006-11-24,12.796601295471191
2006-11-27,12.695697784423828
2006-11-28,12.731149673461914
2006-11-29,12.805275917053223
2006-11-30,12.857440948486328
2006-12-01,12.786060333251953
2006-12-04,12.857440948486328
2006-12-05,13.178672790527344
2006-12-06,13.283004760742188
2006-12-07,13.376355171203613
2006-12-08,13.428522109985352
2006-12-11,13.401062965393066
2006-12-12,13.425776481628418
2006-12-13,13.409296035766602
2006-12-14,13.453228950500488
2006-12-15,13.43401050567627
2006-12-18,13.425776481628418
2006-12-19,13.390076637268066
2006-12-20,13.384589195251465
2006-12-21,13.35987663269043
2006-12-22,13.283004760742188
2006-12-26,13.329678535461426
2006-12-27,13.368119239807129
2006-12-28,13.326937675476074
2006-12-29,13.247306823730469
2007-01-03,13.337918281555176
2007-01-04,13.34341049194336
2007-01-05,13.250055313110352
2007-01-08,13.335173606872559
2007-01-09,13.346152305603027
2007-01-10,13.365373611450195
2007-01-11,13.381842613220215
2007-01-12,13.329678535461426
2007-01-16,13.315954208374023
2007-01-17,13.34341049194336
2007-01-18,13.274760246276855
2007-01-19,13.250055313110352
2007-01-22,13.186907768249512
2007-01-23,13.211617469787598
2007-01-24,13.214366912841797
2007-01-25,13.162198066711426
2007-01-26,13.131991386413574
2007-01-29,13.099051475524902
2007-01-30,13.126504898071289
2007-01-31,13.145734786987305
2007-02-01,13.206130027770996
2007-02-02,13.2445707321167
2007-02-05,13.151219367980957
2007-02-06,13.192401885986328
2007-02-07,13.186907768249512
2007-02-08,13.140237808227539
2007-02-09,13.112778663635254
2007-02-12,13.156709671020508
2007-02-13,13.236330032348633
2007-02-14,13.145734786987305
2007-02-15,13.137490272521973
2007-02-16,13.142979621887207
2007-02-20,13.118271827697754
2007-02-21,13.060614585876465
2007-02-22,12.986485481262207
2007-02-23,12.975502014160156
2007-02-26,13.101799011230469
2007-02-27,12.736639976501465
2007-02-28,12.816262245178223
2007-03-01,12.772333145141602
2007-03-02,12.599359512329102
2007-03-05,12.709187507629395
2007-03-06,12.88489818572998
2007-03-07,12.835476875305176
2007-03-08,12.945302963256836
2007-03-09,13.060614585876465
2007-03-12,13.164950370788574
2007-03-13,13.012861251831055
2007-03-14,13.007331848144531
2007-03-15,13.018394470214844
2007-03-16,13.054341316223145
2007-03-19,13.08752155303955
2007-03-20,13.167708396911621
2007-03-21,13.344680786132812
2007-03-22,13.341917037963867
2007-03-23,13.28661060333252
2007-03-26,13.314262390136719
2007-03-27,13.278318405151367
2007-03-28,13.247897148132324
2007-03-29,13.303205490112305
2007-03-30,13.272785186767578
2007-04-02,13.416583061218262
2007-04-03,13.546537399291992
2007-04-04,13.676499366760254
2007-04-05,13.693085670471191
2007-04-09,13.723516464233398
2007-04-10,13.847942352294922
2007-04-11,13.726277351379395
2007-04-12,13.73456859588623
2007-04-13,13.792640686035156
2007-04-16,13.900480270385742
2007-04-17,14.259957313537598
2007-04-18,14.28483772277832
2007-04-19,14.309720993041992
2007-04-20,14.403735160827637
2007-04-23,14.282072067260742
2007-04-24,14.298659324645996
2007-04-25,14.306961059570312
2007-04-26,14.400976181030273
2007-04-27,14.395441055297852
2007-04-30,14.431392669677734
2007-05-01,14.553053855895996
2007-05-02,14.575182914733887
2007-05-03,14.630481719970703
2007-05-04,14.7134370803833
2007-05-07,14.824042320251465
2007-05-08,14.674726486206055
2007-05-09,14.685786247253418
2007-05-10,14.511582374572754
2007-05-11,14.569649696350098
2007-05-14,14.544760704040527
2007-05-15,14.506057739257812
2007-05-16,14.583475112915039
2007-05-17,14.434162139892578
2007-05-18,14.553053855895996
2007-05-21,14.353962898254395
2007-05-22,14.235064506530762
2007-05-23,14.193585395812988
2007-05-24,14.168693542480469
2007-05-25,14.348433494567871
2007-05-29,14.428625106811523
2007-05-30,14.669198036193848
2007-05-31,14.65259838104248
2007-06-01,14.600065231323242
2007-06-04,14.564117431640625
2007-06-05,14.46733570098877
2007-06-06,14.378852844238281
2007-06-07,14.207414627075195
2007-06-08,14.287603378295898
2007-06-11,14.276546478271484
2007-06-12,14.141050338745117
2007-06-13,14.296939849853516
2007-06-14,14.283019065856934
2007-06-15,14.358176231384277
2007-06-18,14.408283233642578
2007-06-19,14.305281639099121
2007-06-20,14.333125114440918
2007-06-21,14.50014591217041
2007-06-22,14.369311332702637
2007-06-25,14.411064147949219
2007-06-26,14.461166381835938
2007-06-27,14.597576141357422
2007-06-28,14.650459289550781
2007-06-29,14.561385154724121
2007-07-02,14.63097858428955
2007-07-03,14.725617408752441
2007-07-05,14.661598205566406
2007-07-06,14.642110824584961
2007-07-09,14.669944763183594
2007-07-10,14.502923965454102
2007-07-11,14.50014591217041
2007-07-12,14.650459289550781
2007-07-13,14.784076690673828
2007-07-16,14.990066528320312
2007-07-17,14.800782203674316
2007-07-18,14.873146057128906
2007-07-19,14.948315620422363
2007-07-20,14.811912536621094
2007-07-23,14.931611061096191
2007-07-24,14.814703941345215
2007-07-25,15.045740127563477
2007-07-26,14.747885704040527
2007-07-27,14.5530366897583
2007-07-30,14.583649635314941
2007-07-31,14.505712509155273
2007-08-01,14.828618049621582
2007-08-02,14.937182426452637
2007-08-03,14.831398010253906
2007-08-06,15.095852851867676
2007-08-07,15.159866333007812
2007-08-08,15.549585342407227
2007-08-09,15.546806335449219
2007-08-10,15.304619789123535
2007-08-13,15.176569938659668
2007-08-14,15.07079792022705
2007-08-15,14.984506607055664
2007-08-16,14.914911270141602
2007-08-17,15.157087326049805
2007-08-20,15.176569938659668
2007-08-21,15.04017448425293
2007-08-22,15.017903327941895
2007-08-23,15.026261329650879
2007-08-24,15.031828880310059
2007-08-27,15.034605979919434
2007-08-28,14.82583236694336
2007-08-29,14.895427703857422
2007-08-30,14.864799499511719
2007-08-31,14.970586776733398
2007-09-04,15.134821891784668
2007-09-05,14.945530891418457
2007-09-06,15.215550422668457
2007-09-07,15.196059226989746
2007-09-10,15.190492630004883
2007-09-11,15.493915557861328
2007-09-12,15.639544486999512
2007-09-13,15.647944450378418
2007-09-14,15.796401977539062
2007-09-17,15.482711791992188
2007-09-18,15.799195289611816
2007-09-19,15.858015060424805
2007-09-20,15.771193504333496
2007-09-21,15.83841323852539
2007-09-24,15.880423545837402
2007-09-25,15.970056533813477
2007-09-26,16.062467575073242
2007-09-27,16.056869506835938
2007-09-28,16.096078872680664
2007-10-01,16.21651268005371
2007-10-02,16.222122192382812
2007-10-03,16.124080657958984
2007-10-04,16.208114624023438
2007-10-05,16.264129638671875
2007-10-08,16.188501358032227
2007-10-09,16.21091651916504
2007-10-10,16.208114624023438
2007-10-11,16.01765251159668
2007-10-12,16.188501358032227
2007-10-15,16.14369010925293
2007-10-16,16.17730140686035
2007-10-17,16.549806594848633
2007-10-18,16.625431060791016
2007-10-19,16.457386016845703
2007-10-22,16.594619750976562
2007-10-23,16.734661102294922
2007-10-24,16.8550968170166
2007-10-25,17.168777465820312
2007-10-26,17.244401931762695
2007-10-29,17.320024490356445
2007-10-30,17.289216995239258
2007-10-31,17.297611236572266
2007-11-01,17.056751251220703
2007-11-02,16.947513580322266
2007-11-05,16.89990234375
2007-11-06,17.08756446838379
2007-11-07,16.793472290039062
2007-11-08,17.21639060974121
2007-11-09,17.037151336669922
2007-11-12,16.765459060668945
2007-11-13,17.095962524414062
2007-11-14,17.18558692932129
2007-11-15,17.3508358001709
2007-11-16,17.538476943969727
2007-11-19,17.4488582611084
2007-11-20,17.586097717285156
2007-11-21,17.434852600097656
2007-11-23,17.4488582611084
2007-11-26,17.289216995239258
2007-11-27,17.639310836791992
2007-11-28,17.737869262695312
2007-11-29,17.681549072265625
2007-11-30,17.48724937438965
2007-12-03,17.515409469604492
2007-12-04,17.670284271240234
2007-12-05,17.754770278930664
2007-12-06,17.76039695739746
2007-12-07,17.78291893005371
2007-12-10,17.816722869873047
2007-12-11,17.732236862182617
2007-12-12,17.95751190185547
2007-12-13,18.047618865966797
2007-12-14,17.968782424926758
2007-12-17,17.591442108154297
2007-12-18,17.52103614807129
2007-12-19,17.698440551757812
2007-12-20,17.53792381286621
2007-12-21,17.76039695739746
2007-12-24,17.79981803894043
2007-12-26,17.743501663208008
2007-12-27,17.543567657470703
2007-12-28,17.53511619567871
2007-12-31,17.281679153442383
2008-01-02,17.202831268310547
2008-01-03,17.383060455322266
2008-01-04,17.41684913635254
2008-01-07,17.827983856201172
2008-01-08,17.901199340820312
2008-01-09,18.379911422729492
2008-01-10,18.461578369140625
2008-01-11,17.95751190185547
2008-01-14,18.106760025024414
2008-01-15,17.91246223449707
2008-01-16,17.642133712768555
2008-01-17,17.47035026550293
2008-01-18,17.104278564453125
2008-01-22,16.555160522460938
2008-01-23,16.57769012451172
2008-01-24,16.86210060119629
2008-01-25,16.448148727416992
2008-01-28,16.729751586914062
2008-01-29,16.48757553100586
2008-01-30,16.26793098449707
2008-01-31,16.614294052124023
2008-02-01,16.687509536743164
2008-02-04,16.510099411010742
2008-02-05,16.163740158081055
2008-02-06,16.251035690307617
2008-02-07,16.45941925048828
2008-02-08,16.6846923828125
2008-02-11,16.75508689880371
2008-02-12,16.873361587524414
2008-02-13,16.724117279052734
2008-02-14,16.48757553100586
2008-02-15,16.546701431274414
2008-02-19,16.36085319519043
2008-02-20,16.39745330810547
2008-02-21,16.329877853393555
2008-02-22,16.405916213989258
2008-02-25,16.549530029296875
2008-02-26,16.760723114013672
2008-02-27,16.90997314453125
2008-02-28,16.74382972717285
2008-02-29,16.462228775024414
2008-03-03,16.619924545288086
2008-03-04,16.71848487854004
2008-03-05,16.805782318115234
2008-03-06,16.64244842529297
2008-03-07,16.572053909301758
2008-03-10,16.518543243408203
2008-03-11,16.74665069580078
2008-03-12,16.774986267089844
2008-03-13,16.701295852661133
2008-03-14,16.304523468017578
2008-03-17,16.34987449645996
2008-03-18,16.83733558654785
2008-03-19,16.993215560913086
2008-03-20,17.29929542541504
2008-03-24,17.338972091674805
2008-03-25,17.404150009155273
2008-03-26,17.330469131469727
2008-03-27,17.375816345214844
2008-03-28,17.27094841003418
2008-03-31,17.251113891601562
2008-04-01,17.412656784057617
2008-04-02,17.134912490844727
2008-04-03,17.16325569152832
2008-04-04,17.075397491455078
2008-04-07,17.109407424926758
2008-04-08,17.149085998535156
2008-04-09,17.22561264038086
2008-04-10,17.381484985351562
2008-04-11,17.086740493774414
2008-04-14,17.28795051574707
2008-04-15,17.27094841003418
2008-04-16,17.330469131469727
2008-04-17,17.197263717651367
2008-04-18,17.035720825195312
2008-04-21,17.10373878479004
2008-04-22,16.97336769104004
2008-04-23,17.09522819519043
2008-04-24,17.075397491455078
2008-04-25,16.814661026000977
2008-04-28,16.715469360351562
2008-04-29,16.64178466796875
2008-04-30,16.68429946899414
2008-05-01,16.74664306640625
2008-05-02,16.65595817565918
2008-05-05,16.545425415039062
2008-05-06,16.514253616333008
2008-05-07,16.162822723388672
2008-05-08,15.95310115814209
2008-05-09,15.913421630859375
2008-05-12,15.984272956848145
2008-05-13,16.012617111206055
2008-05-14,16.023958206176758
2008-05-15,16.15714454650879
2008-05-16,16.17416000366211
2008-05-19,16.301687240600586
2008-05-20,16.179821014404297
2008-05-21,16.055130004882812
2008-05-22,16.514253616333008
2008-05-23,16.616273880004883
2008-05-27,16.604942321777344
2008-05-28,16.279022216796875
2008-05-29,16.40087890625
2008-05-30,16.228004455566406
2008-06-02,16.154312133789062
2008-06-03,15.984272956848145
2008-06-04,16.069297790527344
2008-06-05,16.208168029785156
2008-06-06,15.814226150512695
2008-06-09,15.831233024597168
2008-06-10,16.44056510925293
2008-06-11,16.300779342651367
2008-06-12,16.300779342651367
2008-06-13,15.810103416442871
2008-06-16,15.456355094909668
2008-06-17,15.393596649169922
2008-06-18,15.165376663208008
2008-06-19,15.222424507141113
2008-06-20,15.308011054992676
2008-06-23,15.193892478942871
2008-06-24,15.225278854370117
2008-06-25,15.433533668518066
2008-06-26,15.182489395141602
2008-06-27,14.788803100585938
2008-06-30,14.828743934631348
2008-07-01,14.549163818359375
2008-07-02,14.654725074768066
2008-07-03,14.686102867126465
2008-07-07,14.631901741027832
2008-07-08,14.683246612548828
2008-07-09,14.517786026000977
2008-07-10,14.275307655334473
2008-07-11,14.340919494628906
2008-07-14,14.537763595581055
2008-07-15,14.7745361328125
2008-07-16,14.93144416809082
2008-07-17,14.360886573791504
2008-07-18,14.272442817687988
2008-07-21,14.1497802734375
2008-07-22,14.649012565612793
2008-07-23,14.977084159851074
2008-07-24,14.794508934020996
2008-07-25,14.851566314697266
2008-07-28,14.591961860656738
2008-07-29,14.711773872375488
2008-07-30,14.637602806091309
2008-07-31,14.691811561584473
2008-08-01,15.159658432006836
2008-08-04,15.376477241516113
2008-08-05,15.664610862731934
2008-08-06,15.792993545532227
2008-08-07,15.407864570617676
2008-08-08,15.807254791259766
2008-08-11,15.790129661560059
2008-08-12,15.630375862121582
2008-08-13,15.75019359588623
2008-08-14,15.695988655090332
2008-08-15,15.70740032196045
2008-08-18,15.499144554138184
2008-08-19,15.499144554138184
2008-08-20,15.50484848022461
2008-08-21,15.265212059020996
2008-08-22,15.5105562210083
2008-08-25,15.28233814239502
2008-08-26,15.268068313598633
2008-08-27,15.34510326385498
2008-08-28,15.153960227966309
2008-08-29,14.854422569274902
2008-09-02,14.82303524017334
2008-09-03,14.737447738647461
2008-09-04,14.75172233581543
2008-09-05,14.814478874206543
2008-09-08,15.228129386901855
2008-09-09,15.370774269104004
2008-09-10,15.350796699523926
2008-09-11,15.557661056518555
2008-09-12,15.658218383789062
2008-09-15,15.7300386428833
2008-09-16,15.758777618408203
2008-09-17,15.12957763671875
2008-09-18,15.339313507080078
2008-09-19,15.146809577941895
2008-09-22,14.761825561523438
2008-09-23,14.560705184936523
2008-09-24,14.419927597045898
2008-09-25,14.784809112548828
2008-09-26,15.077857971191406
2008-09-29,14.661272048950195
2008-09-30,15.192781448364258
2008-10-01,15.560534477233887
2008-10-02,15.399640083312988
2008-10-03,15.103716850280762
2008-10-06,14.629657745361328
2008-10-07,14.164222717285156
2008-10-08,13.621216773986816
2008-10-09,12.440387725830078
2008-10-10,11.923232078552246
2008-10-13,13.57811450958252
2008-10-14,12.563920974731445
2008-10-15,12.701831817626953
2008-10-16,13.152904510498047
2008-10-17,12.698962211608887
2008-10-20,13.348274230957031
2008-10-21,13.224730491638184
2008-10-22,13.037982940673828
2008-10-23,12.371431350708008
2008-10-24,11.954833030700684
2008-10-27,11.782452583312988
2008-10-28,13.000630378723145
2008-10-29,12.598402976989746
2008-10-30,12.831122398376465
2008-10-31,12.658732414245605
2008-11-03,13.058094024658203
2008-11-04,13.224730491638184
2008-11-05,12.851232528686523
2008-11-06,12.782281875610352
2008-11-07,13.287939071655273
2008-11-10,13.187381744384766
2008-11-11,12.767910957336426
2008-11-12,12.592659950256348
2008-11-13,13.296557426452637
2008-11-14,12.934557914733887
2008-11-17,12.632878303527832
2008-11-18,12.494972229003906
2008-11-19,12.144455909729004
2008-11-20,11.799689292907715
2008-11-21,12.641501426696777
2008-11-24,12.994889259338379
2008-11-25,12.948914527893066
2008-11-26,13.148847579956055
2008-11-28,13.580570220947266
2008-12-01,12.844606399536133
2008-12-02,12.728710174560547
2008-12-03,13.369059562683105
2008-12-04,12.966302871704102
2008-12-05,13.3226957321167
2008-12-08,13.3226957321167
2008-12-09,12.989481925964355
2008-12-10,13.128561973571777
2008-12-11,12.812731742858887
2008-12-12,12.91414737701416
2008-12-15,13.030040740966797
2008-12-16,13.461776733398438
2008-12-17,13.177814483642578
2008-12-18,13.090902328491211
2008-12-19,12.87358283996582
2008-12-22,12.940224647521973
2008-12-23,12.740297317504883
2008-12-24,12.777960777282715
2008-12-26,12.917046546936035
2008-12-29,12.86778450012207
2008-12-30,13.018457412719727
2008-12-31,13.116974830627441
2009-01-02,13.299509048461914
2009-01-05,13.166228294372559
2009-01-06,12.954712867736816
2009-01-07,13.018457412719727
2009-01-08,13.108283996582031
2009-01-09,12.922833442687988
2009-01-12,12.670750617980957
2009-01-13,12.754777908325195
2009-01-14,12.34913444519043
2009-01-15,12.563547134399414
2009-01-16,12.702630043029785
2009-01-20,12.424471855163574
2009-01-21,12.543267250061035
2009-01-22,12.494010925292969
2009-01-23,12.227439880371094
2009-01-26,12.467926979064941
2009-01-27,12.554859161376953
2009-01-28,12.708429336547852
2009-01-29,12.61860179901123
2009-01-30,12.37811279296875
2009-02-02,12.239030838012695
2009-02-03,12.551961898803711
2009-02-04,12.285391807556152
2009-02-05,12.369416236877441
2009-02-06,12.61860179901123
2009-02-09,12.259309768676758
2009-02-10,11.784122467041016
2009-02-11,11.957975387573242
2009-02-12,12.861992835998535
2009-02-13,12.705527305603027
2009-02-17,12.343338966369629
2009-02-18,12.366517066955566
2009-02-19,12.546167373657227
2009-02-20,12.41287899017334
2009-02-23,12.195572853088379
2009-02-24,12.4766263961792
2009-02-25,12.276697158813477
2009-02-26,11.900023460388184
2009-02-27,11.836275100708008
2009-03-02,11.500166893005371
2009-03-03,11.250984191894531
2009-03-04,11.511758804321289
2009-03-05,10.96702766418457
2009-03-06,11.329215049743652
2009-03-09,11.227797508239746
2009-03-10,11.346601486206055
2009-03-11,11.586708068847656
2009-03-12,11.958584785461426
2009-03-13,12.069857597351074
2009-03-16,12.084498405456543
2009-03-17,12.13720417022705
2009-03-18,12.195769309997559
2009-03-19,12.350957870483398
2009-03-20,12.4856538772583
2009-03-23,12.92487621307373
2009-03-24,12.88973617553711
2009-03-25,13.103493690490723
2009-03-26,13.132779121398926
2009-03-27,13.20598316192627
2009-03-30,12.860455513000488
2009-03-31,12.869240760803223
2009-04-01,13.135700225830078
2009-04-02,13.276257514953613
2009-04-03,13.167909622192383
2009-04-06,13.173768043518066
2009-04-07,13.065427780151367
2009-04-08,13.173768043518066
2009-04-09,13.173768043518066
2009-04-13,13.097637176513672
2009-04-14,12.94537353515625
2009-04-15,13.1854829788208
2009-04-16,13.20598316192627
2009-04-17,13.182551383972168
2009-04-20,12.980510711669922
2009-04-21,12.61742115020752
2009-04-22,12.57056713104248
2009-04-23,12.56763744354248
2009-04-24,12.529576301574707
2009-04-27,12.368524551391602
2009-04-28,12.380241394042969
2009-04-29,12.506143569946289
2009-04-30,12.605704307556152
2009-05-01,12.435872077941895
2009-05-04,12.640844345092773
2009-05-05,12.632055282592773
2009-05-06,12.573494911193848
2009-05-07,12.532503128051758
2009-05-08,12.56763744354248
2009-05-11,12.517861366271973
2009-05-12,13.001006126403809
2009-05-13,12.77553939819336
2009-05-14,13.147414207458496
2009-05-15,13.164981842041016
2009-05-18,13.490015029907227
2009-05-19,13.656913757324219
2009-05-20,13.76232624053955
2009-05-21,13.66862964630127
2009-05-22,13.850175857543945
2009-05-26,13.823820114135742
2009-05-27,13.653980255126953
2009-05-28,13.73304557800293
2009-05-29,14.394810676574707
2009-06-01,14.353813171386719
2009-06-02,14.541213989257812
2009-06-03,14.37431812286377
2009-06-04,14.570499420166016
2009-06-05,14.476795196533203
2009-06-08,14.459227561950684
2009-06-09,14.37431812286377
2009-06-10,14.175189971923828
2009-06-11,14.346484184265137
2009-06-12,14.438033103942871
2009-06-15,14.207686424255371
2009-06-16,14.124992370605469
2009-06-17,14.15452766418457
2009-06-18,14.632933616638184
2009-06-19,14.414409637451172
2009-06-22,14.172247886657715
2009-06-23,14.116129875183105
2009-06-24,14.027534484863281
2009-06-25,14.130899429321289
2009-06-26,14.21358585357666
2009-06-29,14.260838508605957
2009-06-30,14.172247886657715
2009-07-01,14.523670196533203
2009-07-02,14.435075759887695
2009-07-06,14.470515251159668
2009-07-07,14.364205360412598
2009-07-08,14.325813293457031
2009-07-09,14.384870529174805
2009-07-10,14.266744613647461
2009-07-13,14.485280990600586
2009-07-14,14.556159019470215
2009-07-15,14.922347068786621
2009-07-16,14.999135971069336
2009-07-17,14.860329627990723
2009-07-20,15.070008277893066
2009-07-21,14.869195938110352
2009-07-22,14.50890827178955
2009-07-23,14.523670196533203
2009-07-24,14.576828002929688
2009-07-27,14.62408447265625
2009-07-28,14.585686683654785
2009-07-29,14.553202629089355
2009-07-30,14.668377876281738
2009-07-31,14.718582153320312
2009-08-03,14.64770221710205
2009-08-04,14.618172645568848
2009-08-05,14.52071762084961
2009-08-06,14.585686683654785
2009-08-07,14.570920944213867
2009-08-10,14.60045051574707
2009-08-11,14.482322692871094
2009-08-12,14.311047554016113
2009-08-13,14.2106351852417
2009-08-14,14.314001083374023
2009-08-17,14.381921768188477
2009-08-18,14.355339050292969
2009-08-19,14.576828002929688
2009-08-20,14.594550132751465
2009-08-21,14.739253044128418
2009-08-24,14.488232612609863
2009-08-25,14.393728256225586
2009-08-26,14.523670196533203
2009-08-27,14.60045051574707
2009-08-28,14.488232612609863
2009-08-31,14.402589797973633
2009-09-01,14.331720352172852
2009-09-02,14.706762313842773
2009-09-03,14.641805648803711
2009-09-04,14.751063346862793
2009-09-08,14.886909484863281
2009-09-09,14.951878547668457
2009-09-10,14.937116622924805
2009-09-11,15.336068153381348
2009-09-14,15.529600143432617
2009-09-15,15.615941047668457
2009-09-16,15.681440353393555
2009-09-17,15.90473461151123
2009-09-18,16.00596809387207
2009-09-21,15.779690742492676
2009-09-22,15.735028266906738
2009-09-23,15.654646873474121
2009-09-24,15.583189010620117
2009-09-25,15.770757675170898
2009-09-28,15.818395614624023
2009-09-29,15.871988296508789
2009-09-30,15.9881010055542
2009-10-01,15.815420150756836
2009-10-02,16.038721084594727
2009-10-05,16.017873764038086
2009-10-06,16.17269515991211
2009-10-07,16.318586349487305
2009-10-08,16.253076553344727
2009-10-09,16.27094268798828
2009-10-12,16.31262969970703
2009-10-13,16.315608978271484
2009-10-14,16.327518463134766
2009-10-15,16.35133171081543
2009-10-16,16.378128051757812
2009-10-19,16.31262969970703
2009-10-20,16.098264694213867
2009-10-21,16.098264694213867
2009-10-22,16.122081756591797
2009-10-23,15.851142883300781
2009-10-26,15.84817123413086
2009-10-27,15.916646003723145
2009-10-28,15.931532859802246
2009-10-29,16.104217529296875
2009-10-30,15.871988296508789
2009-11-02,15.994060516357422
2009-11-03,15.815420150756836
2009-11-04,15.925580978393555
2009-11-05,16.19651222229004
2009-11-06,16.22331428527832
2009-11-09,16.518064498901367
2009-11-10,16.616310119628906
2009-11-11,16.711585998535156
2009-11-12,16.655019760131836
2009-11-13,16.809844970703125
2009-11-16,16.89320182800293
2009-11-17,16.931907653808594
2009-11-18,16.845563888549805
2009-11-19,16.934885025024414
2009-11-20,17.1135196685791
2009-11-23,17.339794158935547
2009-11-24,17.32491111755371
2009-11-25,17.301088333129883
2009-11-27,17.145170211791992
2009-11-30,17.151165008544922
2009-12-01,17.415027618408203
2009-12-02,17.379053115844727
2009-12-03,17.172163009643555
2009-12-04,17.23812484741211
2009-12-07,17.352066040039062
2009-12-08,17.295095443725586
2009-12-09,17.340068817138672
2009-12-10,17.564958572387695
2009-12-11,17.7238712310791
2009-12-14,17.702878952026367
2009-12-15,17.708879470825195
2009-12-16,17.516983032226562
2009-12-17,17.08521270751953
2009-12-18,17.06721305847168
2009-12-21,17.145170211791992
2009-12-22,17.172163009643555
2009-12-23,17.178157806396484
2009-12-24,17.223133087158203
2009-12-28,17.223133087158203
2009-12-29,17.31308364868164
2009-12-30,17.295095443725586
2009-12-31,17.09119987487793
2010-01-04,17.10319709777832
2010-01-05,16.896303176879883
2010-01-06,16.890296936035156
2010-01-07,16.84832000732422
2010-01-08,16.536479949951172
2010-01-11,16.872316360473633
2010-01-12,17.055219650268555
2010-01-13,17.100189208984375
2010-01-14,17.13018226623535
2010-01-15,16.878311157226562
2010-01-19,16.917285919189453
2010-01-20,16.641435623168945
2010-01-21,16.30260467529297
2010-01-22,16.263629913330078
2010-01-25,16.29660987854004
2010-01-26,16.233644485473633
2010-01-27,16.34458351135254
2010-01-28,16.245634078979492
2010-01-29,16.266624450683594
2010-02-01,16.30560302734375
2010-02-02,16.506498336791992
2010-02-03,16.452529907226562
2010-02-04,16.0207462310791
2010-02-05,15.918805122375488
2010-02-08,15.786870956420898
2010-02-09,16.19466209411621
2010-02-10,16.128698348999023
2010-02-11,16.257627487182617
2010-02-12,16.1856746673584
2010-02-16,16.43754005432129
2010-02-17,16.590457916259766
2010-02-18,16.764362335205078
2010-02-19,16.7073917388916
2010-02-22,16.605451583862305
2010-02-23,16.440534591674805
2010-02-24,16.539485931396484
2010-02-25,15.927799224853516
2010-02-26,15.80786418914795
2010-03-01,15.972770690917969
2010-03-02,15.981776237487793
2010-03-03,16.170669555664062
2010-03-04,16.33258819580078
2010-03-05,16.40155792236328
2010-03-08,16.329587936401367
2010-03-09,16.245634078979492
2010-03-10,16.251628875732422
2010-03-11,16.20326042175293
2010-03-12,16.12769317626953
2010-03-15,16.218379974365234
2010-03-16,16.233489990234375
2010-03-17,16.275815963745117
2010-03-18,16.309072494506836
2010-03-19,16.5509090423584
2010-03-22,16.487430572509766
2010-03-23,16.717172622680664
2010-03-24,16.5116024017334
2010-03-25,16.56602668762207
2010-03-26,16.520681381225586
2010-03-29,16.556955337524414
2010-03-30,16.587186813354492
2010-03-31,16.626483917236328
2010-04-01,16.717172622680664
2010-04-05,16.584165573120117
2010-04-06,16.411855697631836
2010-04-07,16.2697696685791
2010-04-08,16.251632690429688
2010-04-09,16.502538681030273
2010-04-12,16.553924560546875
2010-04-13,16.632532119750977
2010-04-14,16.611360549926758
2010-04-15,16.402782440185547
2010-04-16,16.617414474487305
2010-04-19,16.723228454589844
2010-04-20,16.46626853942871
2010-04-21,16.381624221801758
2010-04-22,16.41789436340332
2010-04-23,16.287904739379883
2010-04-26,16.2425594329834
2010-04-27,15.982584953308105
2010-04-28,16.13071632385254
2010-04-29,16.245586395263672
2010-04-30,16.157915115356445
2010-05-03,16.251632690429688
2010-05-04,16.076295852661133
2010-05-05,16.221406936645508
2010-05-06,15.810276985168457
2010-05-07,15.922127723693848
2010-05-10,16.336271286010742
2010-05-11,16.206287384033203
2010-05-12,16.33022689819336
2010-05-13,16.17000961303711
2010-05-14,16.124666213989258
2010-05-17,16.145822525024414
2010-05-18,16.052122116088867
2010-05-19,16.05816078186035
2010-05-20,15.580521583557129
2010-05-21,15.595643997192383
2010-05-24,15.556343078613281
2010-05-25,15.302410125732422
2010-05-26,15.139165878295898
2010-05-27,15.486808776855469
2010-05-28,15.538206100463867
2010-06-01,15.504950523376465
2010-06-02,15.84353256225586
2010-06-03,15.946308135986328
2010-06-04,15.498907089233398
2010-06-07,15.356832504272461
2010-06-08,15.586577415466309
2010-06-09,15.52309513092041
2010-06-10,15.85561466217041
2010-06-11,15.745870590209961
2010-06-14,15.7031888961792
2010-06-15,15.907442092895508
2010-06-16,15.97451400756836
2010-06-17,15.962320327758789
2010-06-18,15.94708251953125
2010-06-21,15.998908042907715
2010-06-22,15.992802619934082
2010-06-23,15.925732612609863
2010-06-24,15.791594505310059
2010-06-25,15.322113037109375
2010-06-28,15.572097778320312
2010-06-29,15.343461990356445
2010-06-30,15.27944278717041
2010-07-01,15.252002716064453
2010-07-02,15.258097648620605
2010-07-06,15.373941421508789
2010-07-07,15.690993309020996
2010-07-08,15.980608940124512
2010-07-09,15.97451400756836
2010-07-12,15.989760398864746
2010-07-13,16.072067260742188
2010-07-14,16.102550506591797
2010-07-15,16.111698150634766
2010-07-16,15.965368270874023
2010-07-19,15.9348783493042
2010-07-20,16.23059844970703
2010-07-21,16.48668098449707
2010-07-22,16.54155158996582
2010-07-23,16.69093132019043
2010-07-26,16.74884605407715
2010-07-27,16.782381057739258
2010-07-28,16.73056411743164
2010-07-29,16.76409912109375
2010-07-30,16.80068016052246
2010-08-02,17.19698715209961
2010-08-03,17.187847137451172
2010-08-04,17.239667892456055
2010-08-05,17.184799194335938
2010-08-06,17.300643920898438
2010-08-09,17.410398483276367
2010-08-10,17.370759963989258
2010-08-11,17.08418846130371
2010-08-12,16.97749137878418
2010-08-13,16.98969078063965
2010-08-16,17.035409927368164
2010-08-17,17.108583450317383
2010-08-18,17.023225784301758
2010-08-19,16.852506637573242
2010-08-20,16.858598709106445
2010-08-23,16.95005226135254
2010-08-24,16.968353271484375
2010-08-25,16.88603401184082
2010-08-26,16.815921783447266
2010-08-27,17.120779037475586
2010-08-30,16.934810638427734
2010-08-31,17.035409927368164
2010-09-01,17.471363067626953
2010-09-02,17.492704391479492
2010-09-03,17.547574996948242
2010-09-07,17.56891441345215
2010-09-08,17.6298885345459
2010-09-09,17.77012062072754
2010-09-10,17.84024429321289
2010-09-13,17.82488250732422
2010-09-14,17.68972396850586
2010-09-15,17.637510299682617
2010-09-16,17.665149688720703
2010-09-17,17.680511474609375
2010-09-20,17.806447982788086
2010-09-21,17.849456787109375
2010-09-22,17.886316299438477
2010-09-23,17.775732040405273
2010-09-24,18.006103515625
2010-09-27,17.999971389770508
2010-09-28,18.153547286987305
2010-09-29,18.049116134643555
2010-09-30,17.97539520263672
2010-10-01,18.15968894958496
2010-10-04,18.08597755432129
2010-10-05,18.3255615234375
2010-10-06,18.368566513061523
2010-10-07,18.25798797607422
2010-10-08,18.24876594543457
2010-10-11,18.294843673706055
2010-10-12,18.307130813598633
2010-10-13,18.41157341003418
2010-10-14,18.40235137939453
2010-10-15,18.41157341003418
2010-10-18,18.42999839782715
2010-10-19,18.534425735473633
2010-10-20,18.783241271972656
2010-10-21,18.88153076171875
2010-10-22,18.924535751342773
2010-10-25,18.7402400970459
2010-10-26,18.810882568359375
2010-10-27,18.795528411865234
2010-10-28,18.801668167114258
2010-10-29,18.835458755493164
2010-11-01,18.95525360107422
2010-11-02,19.001331329345703
2010-11-03,19.02898406982422
2010-11-04,19.18255043029785
2010-11-05,19.222490310668945
2010-11-08,19.185630798339844
2010-11-09,19.24091339111328
2010-11-10,19.213279724121094
2010-11-11,19.290058135986328
2010-11-12,19.32692527770996
2010-11-15,19.339214324951172
2010-11-16,19.068906784057617
2010-11-17,19.204055786132812
2010-11-18,19.609521865844727
2010-11-19,19.756956100463867
2010-11-22,19.741601943969727
2010-11-23,19.541940689086914
2010-11-24,19.84604263305664
2010-11-26,19.69245147705078
2010-11-29,19.60585594177246
2010-11-30,19.537803649902344
2010-12-01,20.01102638244629
2010-12-02,20.0728816986084
2010-12-03,19.94916343688965
2010-12-06,19.791425704956055
2010-12-07,19.83782196044922
2010-12-08,19.915136337280273
2010-12-09,20.051227569580078
2010-12-10,19.995559692382812
2010-12-13,20.057409286499023
2010-12-14,19.763586044311523
2010-12-15,20.023393630981445
2010-12-16,20.208965301513672
2010-12-17,20.3203067779541
2010-12-20,20.199684143066406
2010-12-21,20.25535774230957
2010-12-22,20.286285400390625
2010-12-23,20.283193588256836
2010-12-27,20.12546157836914
2010-12-28,20.21514892578125
2010-12-29,20.242984771728516
2010-12-30,20.25844955444336
2010-12-31,20.341962814331055
2011-01-03,20.171846389770508
2011-01-04,19.75430679321289
2011-01-05,19.636781692504883
2011-01-06,19.494508743286133
2011-01-07,19.460487365722656
2011-01-10,19.503793716430664
2011-01-11,19.389352798461914
2011-01-12,19.497600555419922
2011-01-13,19.608945846557617
2011-01-14,19.52543830871582
2011-01-18,19.63368034362793
2011-01-19,19.61513328552246
2011-01-20,19.463586807250977
2011-01-21,19.414094924926758
2011-01-24,19.56255531311035
2011-01-25,19.472862243652344
2011-01-26,19.472862243652344
2011-01-27,19.392436981201172
2011-01-28,19.240888595581055
2011-01-31,19.438840866088867
2011-02-01,19.500690460205078
2011-02-02,19.441923141479492
2011-02-03,19.352235794067383
2011-02-04,19.349143981933594
2011-02-07,19.336772918701172
2011-02-08,19.445024490356445
2011-02-09,19.5316219329834
2011-02-10,19.65224838256836
2011-02-11,19.66152572631836
2011-02-14,19.52853012084961
2011-02-15,19.543996810913086
2011-02-16,19.608945846557617
2011-02-17,19.964635848999023
2011-02-18,19.964635848999023
2011-02-22,19.720287322998047
2011-02-23,19.76668357849121
2011-02-24,19.757402420043945
2011-02-25,19.890392303466797
2011-02-28,19.76978302001953
2011-03-01,20.075969696044922
2011-03-02,19.927513122558594
2011-03-03,20.280107498168945
2011-03-04,20.168764114379883
2011-03-07,20.171846389770508
2011-03-08,20.301748275756836
2011-03-09,20.29557228088379
2011-03-10,20.19350242614746
2011-03-11,20.190383911132812
2011-03-14,19.919361114501953
2011-03-15,19.6358585357666
2011-03-16,19.19036293029785
2011-03-17,19.402212142944336
2011-03-18,19.533052444458008
2011-03-21,19.80409049987793
2011-03-22,19.785396575927734
2011-03-23,20.02216148376465
2011-03-24,20.153003692626953
2011-03-25,20.318115234375
2011-03-28,20.258920669555664
2011-03-29,20.47388458251953
2011-03-30,20.573566436767578
2011-03-31,20.667020797729492
2011-04-01,20.941179275512695
2011-04-04,21.0782527923584
2011-04-05,21.01906394958496
2011-04-06,21.068904876708984
2011-04-07,21.00971794128418
2011-04-08,20.956758499145508
2011-04-11,20.99725914001465
2011-04-12,20.84149169921875
2011-04-13,20.95986557006836
2011-04-14,21.28074836730957
2011-04-15,21.187292098999023
2011-04-18,20.969215393066406
2011-04-19,20.90068244934082
2011-04-20,21.137447357177734
2011-04-21,21.14679527282715
2011-04-25,21.10317611694336
2011-04-26,20.8508358001709
2011-04-27,20.87264060974121
2011-04-28,21.0003719329834
2011-04-29,21.01595115661621
2011-05-02,21.096940994262695
2011-05-03,21.14679527282715
2011-05-04,21.01595115661621
2011-05-05,20.7791805267334
2011-05-06,20.84149169921875
2011-05-09,20.857057571411133
2011-05-10,20.978561401367188
2011-05-11,20.972333908081055
2011-05-12,21.28074836730957
2011-05-13,21.24025535583496
2011-05-16,21.131216049194336
2011-05-17,21.181047439575195
2011-05-18,21.27763557434082
2011-05-19,21.327478408813477
2011-05-20,21.27763557434082
2011-05-23,21.025293350219727
2011-05-24,21.01906394958496
2011-05-25,20.844600677490234
2011-05-26,20.7791805267334
2011-05-27,20.719993591308594
2011-05-31,20.813446044921875
2011-06-01,20.79787826538086
2011-06-02,20.573566436767578
2011-06-03,20.414690017700195
2011-06-06,20.380422592163086
2011-06-07,20.3118896484375
2011-06-08,20.37419319152832
2011-06-09,20.526844024658203
2011-06-10,20.371068954467773
2011-06-13,20.433834075927734
2011-06-14,20.58759117126465
2011-06-15,20.386768341064453
2011-06-16,20.5499324798584
2011-06-17,20.590736389160156
2011-06-20,20.6566162109375
2011-06-21,20.791555404663086
2011-06-22,20.835481643676758
2011-06-23,20.38990592956543
2011-06-24,20.37421226501465
2011-06-27,20.462074279785156
2011-06-28,20.719377517700195
2011-06-29,20.93275260925293
2011-06-30,21.1147518157959
2011-07-01,21.36577796936035
2011-07-05,21.431676864624023
2011-07-06,21.50385284423828
2011-07-07,21.57288360595703
2011-07-08,21.550914764404297
2011-07-11,21.368915557861328
2011-07-12,21.29047393798828
2011-07-13,21.35636329650879
2011-07-14,21.233989715576172
2011-07-15,21.190061569213867
2011-07-18,21.06141471862793
2011-07-19,21.751739501953125
2011-07-20,21.610536575317383
2011-07-21,21.758012771606445
2011-07-22,21.880393981933594
2011-07-25,21.732912063598633
2011-07-26,21.710939407348633
2011-07-27,21.55405044555664
2011-07-28,21.59170913696289
2011-07-29,21.340681076049805
2011-08-01,21.252822875976562
2011-08-02,21.045717239379883
2011-08-03,21.46305274963379
2011-08-04,20.653488159179688
2011-08-05,20.951574325561523
2011-08-08,20.433834075927734
2011-08-09,20.923343658447266
2011-08-10,20.06983757019043
2011-08-11,20.85744857788086
2011-08-12,21.067684173583984
2011-08-15,21.40029525756836
2011-08-16,21.39087677001953
2011-08-17,21.73919105529785
2011-08-18,21.262235641479492
2011-08-19,21.055131912231445
2011-08-22,21.108482360839844
2011-08-23,21.67015838623047
2011-08-24,21.864702224731445
2011-08-25,21.328121185302734
2011-08-26,21.494434356689453
2011-08-29,21.880393981933594
2011-08-30,21.921188354492188
2011-08-31,22.10631561279297
2011-09-01,22.10631561279297
2011-09-02,21.883535385131836
2011-09-06,21.7862548828125
2011-09-07,22.216150283813477
2011-09-08,22.332250595092773
2011-09-09,21.767427444458008
2011-09-12,21.770565032958984
2011-09-13,21.83059310913086
2011-09-14,22.04226303100586
2011-09-15,22.437158584594727
2011-09-16,22.50352668762207
2011-09-19,22.269733428955078
2011-09-20,22.32028579711914
2011-09-21,21.887462615966797
2011-09-22,21.426206588745117
2011-09-23,21.29983139038086
2011-09-26,21.72317886352539
2011-09-27,21.979074478149414
2011-09-28,21.502025604248047
2011-09-29,21.814800262451172
2011-09-30,21.344058990478516
2011-10-03,20.66798210144043
2011-10-04,20.607952117919922
2011-10-05,20.702735900878906
2011-10-06,20.658496856689453
2011-10-07,20.81962776184082
2011-10-10,21.13555145263672
2011-10-11,21.10396957397461
2011-10-12,21.318796157836914
2011-10-13,21.293521881103516
2011-10-14,21.435688018798828
2011-10-17,21.167139053344727
2011-10-18,21.085006713867188
2011-10-19,21.17662239074707
2011-10-20,21.205060958862305
2011-10-21,21.543102264404297
2011-10-24,21.442001342773438
2011-10-25,21.151344299316406
2011-10-26,21.315629959106445
2011-10-27,21.66315269470215
2011-10-28,21.77688980102539
2011-10-31,21.58416748046875
2011-11-01,21.179779052734375
2011-11-02,21.410411834716797
2011-11-03,21.688432693481445
2011-11-04,21.413570404052734
2011-11-07,21.549419403076172
2011-11-08,21.688432693481445
2011-11-09,21.17662239074707
2011-11-10,21.29035186767578
2011-11-11,21.520984649658203
2011-11-14,21.416723251342773
2011-11-15,21.483076095581055
2011-11-16,21.170303344726562
2011-11-17,21.047096252441406
2011-11-18,21.29035186767578
2011-11-21,20.835418701171875
2011-11-22,20.841739654541016
2011-11-23,20.494218826293945
2011-11-25,20.45315170288086
2011-11-28,20.58899688720703
2011-11-29,21.06315040588379
2011-11-30,21.394107818603516
2011-12-01,21.266809463500977
2011-12-02,21.123611450195312
2011-12-05,21.101337432861328
2011-12-06,21.219078063964844
2011-12-07,21.25090217590332
2011-12-08,21.234989166259766
2011-12-09,21.502304077148438
2011-12-12,21.285903930664062
2011-12-13,21.15542984008789
2011-12-14,21.085426330566406
2011-12-15,21.285903930664062
2011-12-16,21.4609317779541
2011-12-19,21.43865966796875
2011-12-20,21.76641845703125
2011-12-21,22.138736724853516
2011-12-22,22.017810821533203
2011-12-23,22.256481170654297
2011-12-27,22.237390518188477
2011-12-28,22.119644165039062
2011-12-29,22.32649040222168
2011-12-30,22.266033172607422
2012-01-03,22.32012176513672
2012-01-04,22.18010139465332
2012-01-05,22.075098037719727
2012-01-06,21.935083389282227
2012-01-09,21.935083389282227
2012-01-10,22.065549850463867
2012-01-11,21.658226013183594
2012-01-12,21.502304077148438
2012-01-13,21.31772232055664
2012-01-17,21.432292938232422
2012-01-18,21.508665084838867
2012-01-19,21.464109420776367
2012-01-20,21.667774200439453
2012-01-23,21.80779457092285
2012-01-24,21.607309341430664
2012-01-25,21.775978088378906
2012-01-26,21.642314910888672
2012-01-27,21.4609317779541
2012-01-30,21.467294692993164
2012-01-31,21.489566802978516
2012-02-01,21.591402053833008
2012-02-02,21.58503532409668
2012-02-03,21.66459083557129
2012-02-06,21.6486759185791
2012-02-07,21.814151763916016
2012-02-08,21.744140625
2012-02-09,21.62957763671875
2012-02-10,21.62004852294922
2012-02-13,21.779151916503906
2012-02-14,21.925537109375
2012-02-15,21.76641845703125
2012-02-16,21.912803649902344
2012-02-17,21.973270416259766
2012-02-21,21.900066375732422
2012-02-22,22.036911010742188
2012-02-23,22.01463508605957
2012-02-24,21.957353591918945
2012-02-27,21.903261184692383
2012-02-28,21.909626007080078
2012-02-29,22.231027603149414
2012-03-01,22.148284912109375
2012-03-02,22.01463508605957
2012-03-05,22.030550003051758
2012-03-06,21.880979537963867
2012-03-07,21.89053726196289
2012-03-08,22.04327392578125
2012-03-09,22.119644165039062
2012-03-12,22.323318481445312
2012-03-13,22.51885414123535
2012-03-14,22.509239196777344
2012-03-15,22.544492721557617
2012-03-16,22.490001678466797
2012-03-19,22.566925048828125
2012-03-20,22.627832412719727
2012-03-21,22.797731399536133
2012-03-22,22.893896102905273
2012-03-23,22.916332244873047
2012-03-26,23.047761917114258
2012-03-27,23.038143157958984
2012-03-28,23.291379928588867
2012-03-29,23.660018920898438
2012-03-30,23.7241268157959
2012-04-02,23.76580047607422
2012-04-03,23.643991470336914
2012-04-04,23.54782485961914
2012-04-05,23.5510311126709
2012-04-09,23.35869789123535
2012-04-10,23.086227416992188
2012-04-11,23.11827850341797
2012-04-12,23.150339126586914
2012-04-13,23.06058120727539
2012-04-16,23.22084617614746
2012-04-17,23.70489501953125
2012-04-18,23.77541160583496
2012-04-19,23.6632137298584
2012-04-20,23.762592315673828
2012-04-23,23.621559143066406
2012-04-24,23.7593994140625
2012-04-25,24.019039154052734
2012-04-26,24.269065856933594
2012-04-27,24.563982009887695
2012-04-30,24.4646053314209
2012-05-01,24.660139083862305
2012-05-02,24.733869552612305
2012-05-03,24.823631286621094
2012-05-04,24.682575225830078
2012-05-07,24.772340774536133
2012-05-08,24.727458953857422
2012-05-09,24.6120662689209
2012-05-10,24.814016342163086
2012-05-11,24.833240509033203
2012-05-14,24.640911102294922
2012-05-15,24.54474639892578
2012-05-16,24.467811584472656
2012-05-17,24.07993507385254
2012-05-18,23.736953735351562
2012-05-21,23.884403228759766
2012-05-22,23.78182601928711
2012-05-23,23.897233963012695
2012-05-24,24.220985412597656
2012-05-25,24.115196228027344
2012-05-29,24.18892478942871
2012-05-30,24.060714721679688
2012-05-31,23.95492935180664
2012-06-01,23.42922019958496
2012-06-04,23.60551643371582
2012-06-05,23.477298736572266
2012-06-06,23.916467666625977
2012-06-07,23.810672760009766
2012-06-08,24.118410110473633
2012-06-11,23.932485580444336
2012-06-12,24.105587005615234
2012-06-13,24.10557746887207
2012-06-14,24.44446563720703
2012-06-15,24.55742645263672
2012-06-18,24.521923065185547
2012-06-19,24.44446563720703
2012-06-20,24.386367797851562
2012-06-21,24.099136352539062
2012-06-22,24.186281204223633
2012-06-25,24.131404876708984
2012-06-26,24.23145866394043
2012-06-27,24.638107299804688
2012-06-28,24.712345123291016
2012-06-29,25.235179901123047
2012-07-02,25.470796585083008
2012-07-03,25.548246383666992
2012-07-05,25.319091796875
2012-07-06,25.22226905822754
2012-07-09,25.167407989501953
2012-07-10,25.167407989501953
2012-07-11,24.999584197998047
2012-07-12,24.73493003845215
2012-07-13,24.941495895385742
2012-07-16,24.683284759521484
2012-07-17,25.073814392089844
2012-07-18,24.993133544921875
2012-07-19,25.028635025024414
2012-07-20,24.860801696777344
2012-07-23,24.81239128112793
2012-07-24,24.741392135620117
2012-07-25,24.857574462890625
2012-07-26,25.44818115234375
2012-07-27,25.822572708129883
2012-07-30,26.18082046508789
2012-07-31,26.077545166015625
2012-08-01,26.145313262939453
2012-08-02,25.73866081237793
2012-08-03,26.08721923828125
2012-08-06,26.025903701782227
2012-08-07,25.7451171875
2012-08-08,25.677337646484375
2012-08-09,25.57405662536621
2012-08-10,25.428823471069336
2012-08-13,25.36750602722168
2012-08-14,25.419145584106445
2012-08-15,25.3997745513916
2012-08-16,25.528871536254883
2012-08-17,25.51597023010254
2012-08-20,25.477235794067383
2012-08-21,25.34168243408203
2012-08-22,25.025407791137695
2012-08-23,24.59938621520996
2012-08-24,24.831762313842773
2012-08-27,24.638107299804688
2012-08-28,24.528385162353516
2012-08-29,24.1798095703125
2012-08-30,23.97325897216797
2012-08-31,24.141088485717773
2012-09-04,24.063631057739258
2012-09-05,24.21208953857422
2012-09-06,24.62519645690918
2012-09-07,24.463823318481445
2012-09-10,24.30891227722168
2012-09-11,24.37992286682129
2012-09-12,24.402660369873047
2012-09-13,24.92255210876465
2012-09-14,24.77309226989746
2012-09-17,24.92255210876465
2012-09-18,25.098024368286133
2012-09-19,25.03304100036621
2012-09-20,25.11103057861328
2012-09-21,24.714603424072266
2012-09-24,24.77309226989746
2012-09-25,24.487150192260742
2012-09-26,24.53913116455078
2012-09-27,24.896568298339844
2012-09-28,24.649616241455078
2012-10-01,24.942060470581055
2012-10-02,24.91606903076172
2012-10-03,24.85106658935547
2012-10-04,24.90956687927246
2012-10-05,25.072032928466797
2012-10-08,25.072032928466797
2012-10-09,25.05903434753418
2012-10-10,24.75360107421875
2012-10-11,24.766597747802734
2012-10-12,24.84457778930664
2012-10-15,24.779590606689453
2012-10-16,24.63011360168457
2012-10-17,24.526142120361328
2012-10-18,24.591123580932617
2012-10-19,24.3051815032959
2012-10-22,24.194700241088867
2012-10-23,23.791784286499023
2012-10-24,23.967254638671875
2012-10-25,24.103717803955078
2012-10-26,24.07122230529785
2012-10-31,24.162206649780273
2012-11-01,24.25969123840332
2012-11-02,24.097225189208984
2012-11-05,23.895767211914062
2012-11-06,24.318185806274414
2012-11-07,23.863279342651367
2012-11-08,23.629318237304688
2012-11-09,23.583831787109375
2012-11-12,23.44735336303711
2012-11-13,23.49933624267578
2012-11-14,23.401865005493164
2012-11-15,23.674800872802734
2012-11-16,23.759294509887695
2012-11-19,24.201208114624023
2012-11-20,24.207704544067383
2012-11-21,24.298686981201172
2012-11-23,24.649616241455078
2012-11-26,24.279186248779297
2012-11-27,24.318185806274414
2012-11-28,24.57663917541504
2012-11-29,24.844928741455078
2012-11-30,24.812192916870117
2012-12-03,24.4588623046875
2012-12-04,24.308366775512695
2012-12-05,24.413063049316406
2012-12-06,24.4588623046875
2012-12-07,24.674793243408203
2012-12-10,24.628986358642578
2012-12-11,24.772933959960938
2012-12-12,24.628986358642578
2012-12-13,24.60282325744629
2012-12-14,24.642074584960938
2012-12-17,24.53738021850586
2012-12-18,24.3934268951416
2012-12-19,24.066255569458008
2012-12-20,24.242929458618164
2012-12-21,24.13823890686035
2012-12-24,24.03354263305664
2012-12-26,23.83069610595703
2012-12-27,23.83069610595703
2012-12-28,23.536252975463867
2012-12-31,23.719465255737305
2013-01-02,24.60282325744629
2013-01-03,24.60282325744629
2013-01-04,24.642074584960938
2013-01-07,24.406518936157227
2013-01-08,24.236385345458984
2013-01-09,24.229843139648438
2013-01-10,24.184049606323242
2013-01-11,24.15131950378418
2013-01-14,24.20367431640625
2013-01-15,24.419597625732422
2013-01-16,24.419597625732422
2013-01-17,24.543930053710938
2013-01-18,24.668241500854492
2013-01-22,24.295284271240234
2013-01-23,24.295284271240234
2013-01-24,24.28219985961914
2013-01-25,24.242929458618164
2013-01-28,24.216758728027344
2013-01-29,24.485036849975586
2013-01-30,24.53738021850586
2013-01-31,24.36725616455078
2013-02-01,24.563556671142578
2013-02-04,24.439231872558594
2013-02-05,24.956153869628906
2013-02-06,25.06739044189453
2013-02-07,25.45998191833496
2013-02-08,25.36838722229004
2013-02-11,25.263675689697266
2013-02-12,24.57663917541504
2013-02-13,24.34762191772461
2013-02-14,24.10552215576172
2013-02-15,24.485036849975586
2013-02-19,24.64861488342285
2013-02-20,24.687877655029297
2013-02-21,24.674793243408203
2013-02-22,25.204792022705078
2013-02-25,24.681337356567383
2013-02-26,24.936527252197266
2013-02-27,25.158994674682617
2013-02-28,25.335662841796875
2013-03-01,25.32257843017578
2013-03-04,25.401103973388672
2013-03-05,25.30948829650879
2013-03-06,25.531967163085938
2013-03-07,25.597396850585938
2013-03-08,25.66282844543457
2013-03-11,25.721715927124023
2013-03-12,25.492708206176758
2013-03-13,25.433382034301758
2013-03-14,25.71678924560547
2013-03-15,25.591567993164062
2013-03-18,25.54542350769043
2013-03-19,25.92109489440918
2013-03-20,26.276988983154297
2013-03-21,26.40880584716797
2013-03-22,26.389034271240234
2013-03-25,26.441762924194336
2013-03-26,26.817432403564453
2013-03-27,26.507675170898438
2013-03-28,26.652660369873047
2013-04-01,26.659257888793945
2013-04-02,26.837196350097656
2013-04-03,26.474716186523438
2013-04-04,26.718568801879883
2013-04-05,26.415403366088867
2013-04-08,26.92947006225586
2013-04-09,26.83060646057129
2013-04-10,27.06787872314453
2013-04-11,27.140369415283203
2013-04-12,27.074466705322266
2013-04-15,26.421979904174805
2013-04-16,27.924652099609375
2013-04-17,28.043291091918945
2013-04-18,27.746719360351562
2013-04-19,28.11578941345215
2013-04-22,28.155336380004883
2013-04-23,28.142148971557617
2013-04-24,27.77967071533203
2013-04-25,27.91147232055664
2013-04-26,27.746719360351562
2013-04-29,27.83897590637207
2013-04-30,27.898290634155273
2013-05-01,27.81922149658203
2013-05-02,27.654443740844727
2013-05-03,27.83897590637207
2013-05-06,27.73353385925293
2013-05-07,28.142148971557617
2013-05-08,27.983966827392578
2013-05-09,27.7598934173584
2013-05-10,27.77967071533203
2013-05-13,27.806026458740234
2013-05-14,28.02351188659668
2013-05-15,28.28714370727539
2013-05-16,28.39919090270996
2013-05-17,28.320104598999023
2013-05-20,27.93124771118164
2013-05-21,27.904891967773438
2013-05-22,27.8455753326416
2013-05-23,27.634675979614258
2013-05-24,27.83897590637207
2013-05-28,28.043291091918945
2013-05-29,27.285367965698242
2013-05-30,26.870155334472656
2013-05-31,26.356077194213867
2013-06-03,26.89651107788086
2013-06-04,27.29853630065918
2013-06-05,26.791057586669922
2013-06-06,26.883342742919922
2013-06-07,27.291955947875977
2013-06-10,27.140369415283203
2013-06-11,26.883342742919922
2013-06-12,26.803695678710938
2013-06-13,26.816980361938477
2013-06-14,26.77052116394043
2013-06-17,26.996143341064453
2013-06-18,27.16205406188965
2013-06-19,26.816980361938477
2013-06-20,25.9675350189209
2013-06-21,26.3856143951416
2013-06-24,26.232986450195312
2013-06-25,26.35907554626465
2013-06-26,26.763893127441406
2013-06-27,26.717432022094727
2013-06-28,26.617887496948242
2013-07-01,26.85015106201172
2013-07-02,26.79043197631836
2013-07-03,26.870073318481445
2013-07-05,26.889968872070312
2013-07-08,26.90324592590332
2013-07-09,27.095687866210938
2013-07-10,26.996143341064453
2013-07-11,27.228431701660156
2013-07-12,27.228431701660156
2013-07-15,27.21514129638672
2013-07-16,26.69752311706543
2013-07-17,27.102327346801758
2013-07-18,27.082414627075195
2013-07-19,27.26824188232422
2013-07-22,27.102327346801758
2013-07-23,27.181961059570312
2013-07-24,27.1156005859375
2013-07-25,27.102327346801758
2013-07-26,26.969602584838867
2013-07-29,26.730693817138672
2013-07-30,26.757251739501953
2013-07-31,26.59798240661621
2013-08-01,26.923141479492188
2013-08-02,26.690889358520508
2013-08-05,26.737335205078125
2013-08-06,26.79043197631836
2013-08-07,26.644432067871094
2013-08-08,26.677608489990234
2013-08-09,26.651063919067383
2013-08-12,26.432071685791016
2013-08-13,26.3126163482666
2013-08-14,26.232986450195312
2013-08-15,25.940994262695312
2013-08-16,25.914440155029297
2013-08-19,25.73526954650879
2013-08-20,25.648990631103516
2013-08-21,25.403457641601562
2013-08-22,25.42336654663086
2013-08-23,25.56272315979004
2013-08-26,25.29728126525879
2013-08-27,25.31718635559082
2013-08-28,25.449899673461914
2013-08-29,25.28400230407715
2013-08-30,25.33709144592285
2013-09-03,25.15127182006836
2013-09-04,25.57599639892578
2013-09-05,25.376911163330078
2013-09-06,25.449899673461914
2013-09-09,25.56272315979004
2013-09-10,25.63571548461914
2013-09-11,25.73526954650879
2013-09-12,25.695154190063477
2013-09-13,25.86227035522461
2013-09-16,25.97591209411621
2013-09-17,25.929121017456055
2013-09-18,26.463871002197266
2013-09-19,26.276700973510742
2013-09-20,26.336868286132812
2013-09-23,25.822154998779297
2013-09-24,25.755319595336914
2013-09-25,25.621633529663086
2013-09-26,25.895700454711914
2013-09-27,25.668439865112305
2013-09-30,25.320825576782227
2013-10-01,25.36761474609375
2013-10-02,25.0200252532959
2013-10-03,24.83954620361328
2013-10-04,24.86627960205078
2013-10-07,24.76601791381836
2013-10-08,24.919761657714844
2013-10-09,24.786069869995117
2013-10-10,25.25398826599121
2013-10-11,25.247304916381836
2013-10-14,25.340883255004883
2013-10-15,25.173765182495117
2013-10-16,25.401046752929688
2013-10-17,25.768692016601562
2013-10-18,25.922439575195312
2013-10-21,25.949172973632812
2013-10-22,26.12965965270996
2013-10-23,26.12965965270996
2013-10-24,25.935806274414062
2013-10-25,26.089536666870117
2013-10-28,26.477245330810547
2013-10-29,26.60425567626953
2013-10-30,26.483924865722656
2013-10-31,26.450502395629883
2013-11-01,26.477245330810547
2013-11-04,26.410398483276367
2013-11-05,26.403717041015625
2013-11-06,26.771358489990234
2013-11-07,26.624303817749023
2013-11-08,26.771358489990234
2013-11-11,26.651037216186523
2013-11-12,26.657733917236328
2013-11-13,26.818151473999023
2013-11-14,26.878320693969727
2013-11-15,26.885007858276367
2013-11-18,26.851573944091797
2013-11-19,26.831514358520508
2013-11-20,26.77804946899414
2013-11-21,27.025373458862305
2013-11-22,27.025373458862305
2013-11-25,26.985273361206055
2013-11-26,26.90505027770996
2013-11-27,27.053136825561523
2013-11-29,27.053136825561523
2013-12-02,26.97909927368164
2013-12-03,27.160850524902344
2013-12-04,27.1743106842041
2013-12-05,26.81081199645996
2013-12-06,27.23488426208496
2013-12-09,27.194501876831055
2013-12-10,26.824270248413086
2013-12-11,27.01275062561035
2013-12-12,26.393474578857422
2013-12-13,26.406932830810547
2013-12-16,26.433862686157227
2013-12-17,26.319425582885742
2013-12-18,26.9387149810791
2013-12-19,26.831005096435547
2013-12-20,26.95216941833496
2013-12-23,27.032941818237305
2013-12-24,27.053136825561523
2013-12-26,27.25508689880371
2013-12-27,27.369503021240234
2013-12-30,27.658966064453125
2013-12-31,27.80704689025879
2014-01-02,27.369503021240234
2014-01-03,27.23488426208496
2014-01-06,27.106979370117188
2014-01-07,27.187761306762695
2014-01-08,26.88485336303711
2014-01-09,26.743505477905273
2014-01-10,27.01275062561035
2014-01-13,26.608871459960938
2014-01-14,26.716569900512695
2014-01-15,26.763694763183594
2014-01-16,26.730031967163086
2014-01-17,26.440584182739258
2014-01-21,26.87139320373535
2014-01-22,26.857938766479492
2014-01-23,26.413663864135742
2014-01-24,26.144411087036133
2014-01-27,26.070371627807617
2014-01-28,26.16460609436035
2014-01-29,25.51166343688965
2014-01-30,25.693418502807617
2014-01-31,25.45781898498535
2014-02-03,25.040475845336914
2014-02-04,25.22895050048828
2014-02-05,25.31645965576172
2014-02-06,25.59918212890625
2014-02-07,25.545324325561523
2014-02-10,25.962665557861328
2014-02-11,26.009788513183594
2014-02-12,25.92228126525879
2014-02-13,26.016515731811523
2014-02-14,26.204992294311523
2014-02-18,25.22222328186035
2014-02-19,24.973159790039062
2014-02-20,25.107797622680664
2014-02-21,25.027008056640625
2014-02-24,25.242422103881836
2014-02-25,25.424169540405273
2014-02-26,25.491479873657227
2014-02-27,25.6261043548584
2014-02-28,25.713607788085938
2014-03-03,25.65976333618164
2014-03-04,25.78765869140625
2014-03-05,25.8145751953125
2014-03-06,25.895357131958008
2014-03-07,25.94921112060547
2014-03-10,26.016515731811523
2014-03-11,26.117488861083984
2014-03-12,26.100526809692383
2014-03-13,25.761302947998047
2014-03-14,25.896997451782227
2014-03-17,25.964839935302734
2014-03-18,26.053049087524414
2014-03-19,25.876636505126953
2014-03-20,26.086957931518555
2014-03-21,26.08016586303711
2014-03-24,26.053049087524414
2014-03-25,26.20229721069336
2014-03-26,26.195507049560547
2014-03-27,26.337993621826172
2014-03-28,26.426185607910156
2014-03-31,26.22943878173828
2014-04-01,26.05982208251953
2014-04-02,26.005542755126953
2014-04-03,25.82913589477539
2014-04-04,25.930898666381836
2014-04-07,26.20229721069336
2014-04-08,26.392274856567383
2014-04-09,26.453332901000977
2014-04-10,26.38548469543457
2014-04-11,26.20907974243164
2014-04-14,26.276926040649414
2014-04-15,27.260698318481445
2014-04-16,27.53887176513672
2014-04-17,27.6270694732666
2014-04-21,27.647430419921875
2014-04-22,27.62029457092285
2014-04-23,27.63386344909668
2014-04-24,27.613506317138672
2014-04-25,27.823823928833008
2014-04-28,27.83740234375
2014-04-29,27.525297164916992
2014-04-30,27.674558639526367
2014-05-01,27.667789459228516
2014-05-02,27.783117294311523
2014-05-05,27.654216766357422
2014-05-06,27.471033096313477
2014-05-07,27.755983352661133
2014-05-08,27.63386344909668
2014-05-09,27.728845596313477
2014-05-12,27.694913864135742
2014-05-13,27.891666412353516
2014-05-14,27.74241065979004
2014-05-15,27.491376876831055
2014-05-16,27.74241065979004
2014-05-19,27.62029457092285
2014-05-20,27.532085418701172
2014-05-21,27.728845596313477
2014-05-22,27.532085418701172
2014-05-23,27.532085418701172
2014-05-27,27.660999298095703
2014-05-28,27.532085418701172
2014-05-29,27.586368560791016
2014-05-30,27.755983352661133
2014-06-02,27.722061157226562
2014-06-03,27.73562240600586
2014-06-04,27.674558639526367
2014-06-05,27.74241065979004
2014-06-06,27.81026268005371
2014-06-09,27.755983352661133
2014-06-10,27.864543914794922
2014-06-11,27.722061157226562
2014-06-12,27.62978172302246
2014-06-13,27.595605850219727
2014-06-16,27.7938289642334
2014-06-17,27.9715576171875
2014-06-18,28.40904426574707
2014-06-19,28.566259384155273
2014-06-20,28.497907638549805
2014-06-23,28.525251388549805
2014-06-24,28.607275009155273
2014-06-25,28.68247413635254
2014-06-26,28.73031234741211
2014-06-27,28.83968734741211
2014-06-30,28.95589828491211
2014-07-01,28.908058166503906
2014-07-02,28.908058166503906
2014-07-03,28.867036819458008
2014-07-07,28.805509567260742
2014-07-08,28.668792724609375
2014-07-09,28.67563247680664
2014-07-10,28.887544631958008
2014-07-11,28.689306259155273
2014-07-14,28.96957015991211
2014-07-15,28.778179168701172
2014-07-16,28.791837692260742
2014-07-17,28.723491668701172
2014-07-18,29.003746032714844
2014-07-21,28.98324203491211
2014-07-22,28.15612030029297
2014-07-23,27.896366119384766
2014-07-24,28.005741119384766
2014-07-25,28.0262393951416
2014-07-28,27.80750846862793
2014-07-29,27.58192253112793
2014-07-30,27.082916259765625
2014-07-31,26.857351303100586
2014-08-01,26.857351303100586
2014-08-04,26.932538986206055
2014-08-05,26.782154083251953
2014-08-06,27.287996292114258
2014-08-07,26.898357391357422
2014-08-08,26.966712951660156
2014-08-11,27.048748016357422
2014-08-12,27.123937606811523
2014-08-13,27.301660537719727
2014-08-14,27.465715408325195
2014-08-15,27.944217681884766
2014-08-18,28.265493392944336
2014-08-19,28.2039737701416
2014-08-20,28.197139739990234
2014-08-21,28.30651092529297
2014-08-22,28.1082706451416
2014-08-25,28.30651092529297
2014-08-26,28.436384201049805
2014-08-27,28.436384201049805
2014-08-28,28.456892013549805
2014-08-29,28.518413543701172
2014-09-02,28.463720321655273
2014-09-03,28.559431076049805
2014-09-04,28.62095069885254
2014-09-05,28.600435256958008
2014-09-08,28.559431076049805
2014-09-09,28.668792724609375
2014-09-10,28.826019287109375
2014-09-11,28.884538650512695
2014-09-12,28.54715347290039
2014-09-15,28.57469940185547
2014-09-16,28.67108726501465
2014-09-17,28.65044593811035
2014-09-18,28.774375915527344
2014-09-19,28.953407287597656
2014-09-22,29.07044792175293
2014-09-23,28.843229293823242
2014-09-24,29.104875564575195
2014-09-25,28.76749038696289
2014-09-26,29.056682586669922
2014-09-29,29.091108322143555
2014-09-30,29.373414993286133
2014-10-01,29.428497314453125
2014-10-02,29.373414993286133
2014-10-03,29.607515335083008
2014-10-06,30.02064323425293
2014-10-07,30.24098014831543
2014-10-08,30.674762725830078
2014-10-09,30.20655632019043
2014-10-10,30.619686126708984
2014-10-13,30.344261169433594
2014-10-14,30.048189163208008
2014-10-15,29.765884399414062
2014-10-16,29.304569244384766
2014-10-17,29.524887084960938
2014-10-20,29.807207107543945
2014-10-21,28.010089874267578
2014-10-22,27.968788146972656
2014-10-23,28.134023666381836
2014-10-24,28.25109100341797
2014-10-27,28.0651798248291
2014-10-28,27.927467346191406
2014-10-29,28.2028865814209
2014-10-30,28.505844116210938
2014-10-31,28.83634376525879
2014-11-03,28.788150787353516
2014-11-04,28.795032501220703
2014-11-05,29.132423400878906
2014-11-06,29.118650436401367
2014-11-07,29.139312744140625
2014-11-10,29.187511444091797
2014-11-11,29.270137786865234
2014-11-12,29.407838821411133
2014-11-13,29.46293067932129
2014-11-14,29.421619415283203
2014-11-17,29.55243682861328
2014-11-18,29.972440719604492
2014-11-19,30.447542190551758
2014-11-20,30.468191146850586
2014-11-21,30.640338897705078
2014-11-24,30.481971740722656
2014-11-25,30.59214210510254
2014-11-26,30.706527709960938
2014-11-28,31.0809268951416
2014-12-01,30.886791229248047
2014-12-02,30.879867553710938
2014-12-03,30.366817474365234
2014-12-04,30.158824920654297
2014-12-05,30.179615020751953
2014-12-08,29.90923500061035
2014-12-09,29.146581649780273
2014-12-10,28.84154510498047
2014-12-11,28.79301643371582
2014-12-12,28.363157272338867
2014-12-15,28.127437591552734
2014-12-16,28.002647399902344
2014-12-17,28.80687713623047
2014-12-18,29.38926124572754
2014-12-19,29.08419418334961
2014-12-22,29.36151695251465
2014-12-23,29.791379928588867
2014-12-24,29.770566940307617
2014-12-26,29.78444480895996
2014-12-29,29.715118408203125
2014-12-30,29.64577865600586
2014-12-31,29.271387100219727
2015-01-02,29.21592140197754
2015-01-05,29.21592140197754
2015-01-06,29.43778419494629
2015-01-07,29.80524253845215
2015-01-08,30.16576385498047
2015-01-09,29.83296012878418
2015-01-12,29.56258773803711
2015-01-13,29.555652618408203
2015-01-14,29.50712776184082
2015-01-15,29.382326126098633
2015-01-16,29.48631477355957
2015-01-20,29.923095703125
2015-01-21,30.061771392822266
2015-01-22,30.352956771850586
2015-01-23,30.02709197998047
2015-01-26,29.81216812133789
2015-01-27,29.38926124572754
2015-01-28,29.063396453857422
2015-01-29,29.188203811645508
2015-01-30,28.543418884277344
2015-02-02,28.834611892700195
2015-02-03,28.862350463867188
2015-02-04,28.89701271057129
2015-02-05,28.973270416259766
2015-02-06,28.7375431060791
2015-02-09,28.58501434326172
2015-02-10,29.39618492126465
2015-02-11,29.375383377075195
2015-02-12,29.23673439025879
2015-02-13,29.1119327545166
2015-02-17,28.987138748168945
2015-02-18,28.931676864624023
2015-02-19,29.19512176513672
2015-02-20,29.09806251525879
2015-02-23,29.014867782592773
2015-02-24,29.208999633789062
2015-02-25,29.15353775024414
2015-02-26,29.43778419494629
2015-02-27,30.020158767700195
2015-03-02,29.950828552246094
2015-03-03,29.777503967285156
2015-03-04,29.465513229370117
2015-03-05,29.39618492126465
2015-03-06,28.786073684692383
2015-03-09,28.69594383239746
2015-03-10,28.21063804626465
2015-03-11,27.80158042907715
2015-03-12,28.360830307006836
2015-03-13,27.899446487426758
2015-03-16,28.16509246826172
2015-03-17,28.318891525268555
2015-03-18,28.381799697875977
2015-03-19,27.976348876953125
2015-03-20,28.416757583618164
2015-03-23,28.395793914794922
2015-03-24,28.290925979614258
2015-03-25,28.276931762695312
2015-03-26,28.20703887939453
2015-03-27,28.018291473388672
2015-03-30,28.318891525268555
2015-03-31,28.34685516357422
2015-04-01,28.437732696533203
2015-04-02,28.437732696533203
2015-04-06,28.780261993408203
2015-04-07,28.66840362548828
2015-04-08,28.58452606201172
2015-04-09,28.69637680053711
2015-04-10,28.57753562927246
2015-04-13,28.45170783996582
2015-04-14,28.318891525268555
2015-04-15,28.241994857788086
2015-04-16,28.381799697875977
2015-04-17,28.17208480834961
2015-04-20,28.42374610900879
2015-04-21,28.507633209228516
2015-04-22,28.878135681152344
2015-04-23,28.626462936401367
2015-04-24,28.58452606201172
2015-04-27,28.542593002319336
2015-04-28,28.50065040588379
2015-04-29,28.304912567138672
2015-04-30,28.353845596313477
2015-05-01,28.598508834838867
2015-05-04,28.633464813232422
2015-05-05,28.486658096313477
2015-05-06,28.42374610900879
2015-05-07,28.45170783996582
2015-05-08,28.647441864013672
2015-05-11,28.61948013305664
2015-05-12,28.444721221923828
2015-05-13,28.69637680053711
2015-05-14,29.01095962524414
2015-05-15,29.024934768676758
2015-05-18,28.88511848449707
2015-05-19,28.878135681152344
2015-05-20,28.906091690063477
2015-05-21,28.82220458984375
2015-05-22,28.808225631713867
2015-05-26,28.65443992614746
2015-05-27,28.74530792236328
2015-05-28,28.759300231933594
2015-05-29,28.633464813232422
2015-06-01,28.61948013305664
2015-06-02,28.65443992614746
2015-06-03,28.57054328918457
2015-06-04,28.374801635742188
2015-06-05,28.032268524169922
2015-06-08,28.07421112060547
2015-06-09,28.1021785736084
2015-06-10,28.193052291870117
2015-06-11,28.263538360595703
2015-06-12,28.164865493774414
2015-06-15,27.904067993164062
2015-06-16,28.249439239501953
2015-06-17,28.38335609436035
2015-06-18,28.651193618774414
2015-06-19,28.474992752075195
2015-06-22,28.531368255615234
2015-06-23,28.46088409423828
2015-06-24,28.326976776123047
2015-06-25,28.207157135009766
2015-06-26,28.193050384521484
2015-06-29,27.770153045654297
2015-06-30,27.65033721923828
2015-07-01,27.840648651123047
2015-07-02,27.833595275878906
2015-07-06,27.784257888793945
2015-07-07,28.369253158569336
2015-07-08,28.094383239746094
2015-07-09,28.136669158935547
2015-07-10,28.467937469482422
2015-07-13,28.658231735229492
2015-07-14,29.0177059173584
2015-07-15,28.98951530456543
2015-07-16,29.236188888549805
2015-07-17,29.07407569885254
2015-07-20,29.165725708007812
2015-07-21,29.031801223754883
2015-07-22,28.827390670776367
2015-07-23,28.78510856628418
2015-07-24,28.503171920776367
2015-07-27,28.573650360107422
2015-07-28,28.580705642700195
2015-07-29,28.608901977539062
2015-07-30,28.587757110595703
2015-07-31,28.954261779785156
2015-08-03,29.278488159179688
2015-08-04,29.49698829650879
2015-08-05,29.68729019165039
2015-08-06,29.54631233215332
2015-08-07,29.440584182739258
2015-08-10,29.377159118652344
2015-08-11,29.236188888549805
2015-08-12,29.081138610839844
2015-08-13,28.968358993530273
2015-08-14,29.07407569885254
2015-08-17,29.144563674926758
2015-08-18,29.109323501586914
2015-08-19,28.742822647094727
2015-08-20,28.580705642700195
2015-08-21,27.861785888671875
2015-08-24,27.051244735717773
2015-08-25,26.776357650756836
2015-08-26,27.297929763793945
2015-08-27,27.678537368774414
2015-08-28,27.805404663085938
2015-08-31,27.713787078857422
2015-09-01,27.312021255493164
2015-09-02,27.417753219604492
2015-09-03,27.601001739501953
2015-09-04,27.1499080657959
2015-09-08,27.417753219604492
2015-09-09,26.99485206604004
2015-09-10,27.079431533813477
2015-09-11,27.107866287231445
2015-09-14,27.086536407470703
2015-09-15,27.37090492248535
2015-09-16,27.833019256591797
2015-09-17,27.99653434753418
2015-09-18,27.712160110473633
2015-09-21,27.861461639404297
2015-09-22,27.577085494995117
2015-09-23,27.555755615234375
2015-09-24,27.833019256591797
2015-09-25,28.167158126831055
2015-09-28,28.103178024291992
2015-09-29,28.195594787597656
2015-09-30,28.522624969482422
2015-10-01,28.295133590698242
2015-10-02,28.71457862854004
2015-10-05,29.155353546142578
2015-10-06,29.11980628967285
2015-10-07,29.517927169799805
2015-10-08,29.844961166381836
2015-10-09,29.873401641845703
2015-10-12,29.859176635742188
2015-10-13,29.610349655151367
2015-10-14,29.631671905517578
2015-10-15,29.802297592163086
2015-10-16,29.873401641845703
2015-10-19,29.852062225341797
2015-10-20,30.06534767150879
2015-10-21,29.994253158569336
2015-10-22,30.740732192993164
2015-10-23,30.420814514160156
2015-10-26,30.278627395629883
2015-10-27,30.292844772338867
2015-10-28,30.378164291381836
2015-10-29,30.420814514160156
2015-10-30,30.108007431030273
2015-11-02,30.029808044433594
2015-11-03,29.972930908203125
2015-11-04,29.837852478027344
2015-11-05,30.09377670288086
2015-11-06,29.83074188232422
2015-11-09,29.53215217590332
2015-11-10,29.695661544799805
2015-11-11,29.887615203857422
2015-11-12,29.560583114624023
2015-11-13,29.418407440185547
2015-11-16,29.83074188232422
2015-11-17,29.62456512451172
2015-11-18,30.058237075805664
2015-11-19,30.64829444885254
2015-11-20,30.164880752563477
2015-11-23,30.541667938232422
2015-11-24,30.826038360595703
2015-11-25,30.826038360595703
2015-11-27,30.912012100219727
2015-11-30,30.532331466674805
2015-12-01,30.725744247436523
2015-12-02,30.639780044555664
2015-12-03,30.417705535888672
2015-12-04,31.012317657470703
2015-12-07,30.947837829589844
2015-12-08,30.81171226501465
2015-12-09,30.560977935791016
2015-12-10,30.632617950439453
2015-12-11,30.28159523010254
2015-12-14,30.410551071166992
2015-12-15,30.854707717895508
2015-12-16,31.40631103515625
2015-12-17,31.155576705932617
2015-12-18,30.446359634399414
2015-12-21,30.646947860717773
2015-12-22,31.012317657470703
2015-12-23,31.284526824951172
2015-12-24,31.191396713256836
2015-12-28,31.155576705932617
2015-12-29,31.313175201416016
2015-12-30,31.21289825439453
2015-12-31,30.775897979736328
2016-01-04,30.374725341796875
2016-01-05,30.482181549072266
2016-01-06,30.317415237426758
2016-01-07,29.815946578979492
2016-01-08,29.737150192260742
2016-01-11,29.78728675842285
2016-01-12,30.174123764038086
2016-01-13,29.98069953918457
2016-01-14,30.002197265625
2016-01-15,29.7299747467041
2016-01-19,30.030855178833008
2016-01-20,29.644014358520508
2016-01-21,29.651182174682617
2016-01-22,30.131149291992188
2016-01-25,30.202795028686523
2016-01-26,30.145490646362305
2016-01-27,30.15265464782715
2016-01-28,30.496501922607422
2016-01-29,30.747234344482422
2016-02-01,30.804555892944336
2016-02-02,30.40338134765625
2016-02-03,30.603973388671875
2016-02-04,30.46784210205078
2016-02-05,30.40338134765625
2016-02-08,30.55382537841797
2016-02-09,31.019468307495117
2016-02-10,30.482181549072266
2016-02-11,30.38188934326172
2016-02-12,30.883344650268555
2016-02-16,31.062448501586914
2016-02-17,31.155576705932617
2016-02-18,31.241548538208008
2016-02-19,31.35616683959961
2016-02-22,31.47795295715332
2016-02-23,31.298860549926758
2016-02-24,31.456470489501953
2016-02-25,31.635549545288086
2016-02-26,30.904842376708984
2016-02-29,30.897686004638672
2016-03-01,31.298860549926758
2016-03-02,31.35616683959961
2016-03-03,31.492284774780273
2016-03-04,31.5997257232666
2016-03-07,31.52810287475586
2016-03-08,31.75018882751465
2016-03-09,32.1012077331543
2016-03-10,32.40209197998047
2016-03-11,32.633121490478516
2016-03-14,32.698097229003906
2016-03-15,32.66200256347656
2016-03-16,32.52482986450195
2016-03-17,33.044654846191406
2016-03-18,32.921897888183594
2016-03-21,32.97243881225586
2016-03-22,32.8497200012207
2016-03-23,32.820831298828125
2016-03-24,32.907470703125
2016-03-28,33.06630325317383
2016-03-29,33.5572395324707
2016-03-30,33.62944412231445
2016-03-31,33.49226760864258
2016-04-01,33.809932708740234
2016-04-04,33.853248596191406
2016-04-05,33.59333801269531
2016-04-06,33.72329330444336
2016-04-07,33.470619201660156
2016-04-08,33.83882522583008
2016-04-11,33.52836990356445
2016-04-12,33.67998504638672
2016-04-13,33.23957824707031
2016-04-14,33.08797073364258
2016-04-15,33.282901763916016
2016-04-18,33.36953353881836
2016-04-19,33.64387512207031
2016-04-20,32.03387451171875
2016-04-21,31.521286010742188
2016-04-22,32.1566276550293
2016-04-25,32.27935791015625
2016-04-26,32.14940643310547
2016-04-27,32.2576904296875
2016-04-28,32.22161102294922
2016-04-29,32.34434127807617
2016-05-02,32.47429656982422
2016-05-03,32.37321090698242
2016-05-04,32.47429656982422
2016-05-05,32.53205108642578
2016-05-06,32.719757080078125
2016-05-09,32.66200256347656
2016-05-10,33.030216217041016
2016-05-11,32.820831298828125
2016-05-12,33.08797073364258
2016-05-13,32.741424560546875
2016-05-16,32.93634033203125
2016-05-17,32.308223724365234
2016-05-18,32.113285064697266
2016-05-19,31.9977970123291
2016-05-20,31.730655670166016
2016-05-23,31.745088577270508
2016-05-24,32.03387451171875
2016-05-25,32.041107177734375
2016-05-26,32.26491928100586
2016-05-27,32.32988739013672
2016-05-31,32.19993591308594
2016-06-01,32.272125244140625
2016-06-02,32.28657531738281
2016-06-03,32.517608642578125
2016-06-06,32.755863189697266
2016-06-07,32.719757080078125
2016-06-08,32.88581085205078
2016-06-09,33.03743362426758
2016-06-10,33.2034797668457
2016-06-13,32.825172424316406
2016-06-14,32.76697540283203
2016-06-15,32.745155334472656
2016-06-16,32.96339797973633
2016-06-17,32.58510208129883
2016-06-20,32.72332763671875
2016-06-21,32.83243942260742
2016-06-22,32.636009216308594
2016-06-23,32.79607391357422
2016-06-24,31.959442138671875
2016-06-27,31.850322723388672
2016-06-28,32.14132308959961
2016-06-29,32.330474853515625
2016-06-30,32.977943420410156
2016-07-01,32.825172424316406
2016-07-05,33.05070495605469
2016-07-06,32.934295654296875
2016-07-07,32.803348541259766
2016-07-08,33.01432418823242
2016-07-11,33.152557373046875
2016-07-12,33.15982437133789
2016-07-13,33.2762336730957
2016-07-14,33.2398567199707
2016-07-15,33.19621276855469
2016-07-18,33.19621276855469
2016-07-19,33.19621276855469
2016-07-20,33.10889434814453
2016-07-21,33.06525802612305
2016-07-22,33.34170913696289
2016-07-25,33.152557373046875
2016-07-26,32.650569915771484
2016-07-27,31.57386016845703
2016-07-28,31.7557430267334
2016-07-29,31.74118995666504
2016-08-01,31.610239028930664
2016-08-02,31.668426513671875
2016-08-03,31.748464584350586
2016-08-04,31.653892517089844
2016-08-05,31.632055282592773
2016-08-08,31.602956771850586
2016-08-09,31.624784469604492
2016-08-10,31.726634979248047
2016-08-11,31.828479766845703
2016-08-12,32.032188415527344
2016-08-15,32.18496322631836
2016-08-16,31.886699676513672
2016-08-17,32.05401611328125
2016-08-18,32.08311080932617
2016-08-19,31.952165603637695
2016-08-22,31.82122230529785
2016-08-23,31.9012451171875
2016-08-24,31.9012451171875
2016-08-25,31.770278930664062
2016-08-26,31.51565933227539
2016-08-29,31.675708770751953
2016-08-30,31.45745849609375
2016-08-31,31.59568977355957
2016-09-01,31.537477493286133
2016-09-02,31.763010025024414
2016-09-06,31.85758399963379
2016-09-07,31.748464584350586
2016-09-08,31.74118995666504
2016-09-09,30.751773834228516
2016-09-12,31.421083450317383
2016-09-13,31.01034927368164
2016-09-14,30.88566017150879
2016-09-15,31.06903648376465
2016-09-16,30.907670974731445
2016-09-19,30.878328323364258
2016-09-20,31.05435562133789
2016-09-21,31.193702697753906
2016-09-22,31.50910186767578
2016-09-23,31.347736358642578
2016-09-26,30.84166145324707
2016-09-27,31.23772430419922
2016-09-28,30.91500473022461
2016-09-29,30.826984405517578
2016-09-30,31.039688110351562
2016-10-03,30.826984405517578
2016-10-04,30.687623977661133
2016-10-05,30.665634155273438
2016-10-06,30.59227752685547
2016-10-07,30.606958389282227
2016-10-10,30.606958389282227
2016-10-11,30.46760368347168
2016-10-12,30.64362335205078
2016-10-13,30.62896156311035
2016-10-14,30.562938690185547
2016-10-17,30.511592864990234
2016-10-18,30.782976150512695
2016-10-19,30.84166145324707
2016-10-20,30.75364112854004
2016-10-21,30.900325775146484
2016-10-24,31.215715408325195
2016-10-25,31.201045989990234
2016-10-26,31.127700805664062
2016-10-27,30.892988204956055
2016-10-28,30.973674774169922
2016-10-31,31.098358154296875
2016-11-01,30.892988204956055
2016-11-02,30.84166145324707
2016-11-03,30.826984405517578
2016-11-04,30.577606201171875
2016-11-07,31.142370223999023
2016-11-08,31.450416564941406
2016-11-09,31.003013610839844
2016-11-10,30.027530670166016
2016-11-11,30.09354019165039
2016-11-14,30.196208953857422
2016-11-15,30.39424705505371
2016-11-16,30.262226104736328
2016-11-17,30.1595458984375
2016-11-18,30.005521774291992
2016-11-21,30.3355770111084
2016-11-22,30.342912673950195
2016-11-23,30.1595458984375
2016-11-25,30.460264205932617
2016-11-28,30.62162971496582
2016-11-29,30.436708450317383
2016-11-30,29.844989776611328
2016-12-01,29.71184730529785
2016-12-02,29.852380752563477
2016-12-05,30.044692993164062
2016-12-06,30.007705688476562
2016-12-07,30.54025650024414
2016-12-08,30.310970306396484
2016-12-09,31.065412521362305
2016-12-12,30.991443634033203
2016-12-13,30.887901306152344
2016-12-14,30.481088638305664
2016-12-15,30.732561111450195
2016-12-16,30.87310028076172
2016-12-19,30.821319580078125
2016-12-20,30.81393051147461
2016-12-21,30.74735450744629
2016-12-22,30.732561111450195
2016-12-23,30.76955223083496
2016-12-27,30.77695655822754
2016-12-28,30.614225387573242
2016-12-29,30.76955223083496
2016-12-30,30.666000366210938
2017-01-03,30.917491912841797
2017-01-04,30.80653953552246
2017-01-05,30.88051414489746
2017-01-06,30.87310028076172
2017-01-09,30.562450408935547
2017-01-10,30.3553466796875
2017-01-11,30.362747192382812
2017-01-12,30.288772583007812
2017-01-13,30.23699951171875
2017-01-17,30.488481521606445
2017-01-18,30.54025650024414
2017-01-19,30.429319381713867
2017-01-20,30.562450408935547
2017-01-23,30.643815994262695
2017-01-24,30.991443634033203
2017-01-25,31.154155731201172
2017-01-26,30.924880981445312
2017-01-27,30.658594131469727
2017-01-30,30.606834411621094
2017-01-31,30.74735450744629
2017-02-01,30.518070220947266
2017-02-02,30.62162208557129
2017-02-03,30.72518539428711
2017-02-06,30.739967346191406
2017-02-07,30.991443634033203
2017-02-08,31.080209732055664
2017-02-09,30.51066780090332
2017-02-10,30.015113830566406
2017-02-13,30.044692993164062
2017-02-14,29.978118896484375
2017-02-15,29.911544799804688
2017-02-16,30.473697662353516
2017-02-17,30.49587631225586
2017-02-21,30.666000366210938
2017-02-22,30.76955223083496
2017-02-23,30.81393051147461
2017-02-24,30.90268325805664
2017-02-27,30.821319580078125
2017-02-28,31.035829544067383
2017-03-01,31.183759689331055
2017-03-02,31.413055419921875
2017-03-03,31.420440673828125
2017-03-06,31.198551177978516
2017-03-07,31.05801773071289
2017-03-08,31.05801773071289
2017-03-09,31.087594985961914
2017-03-10,31.279903411865234
2017-03-13,31.36199378967285
2017-03-14,31.317216873168945
2017-03-15,31.42914390563965
2017-03-16,31.52614974975586
2017-03-17,31.36199378967285
2017-03-20,31.473913192749023
2017-03-21,31.712696075439453
2017-03-22,31.623146057128906
2017-03-23,31.466463088989258
2017-03-24,31.42914390563965
2017-03-27,31.578388214111328
2017-03-28,31.66047477722168
2017-03-29,31.653005599975586
2017-03-30,31.787303924560547
2017-03-31,31.667926788330078
2017-04-03,31.64554786682129
2017-04-04,31.847000122070312
2017-04-05,31.764934539794922
2017-04-06,31.839534759521484
2017-04-07,31.794776916503906
2017-04-10,31.854469299316406
2017-04-11,31.832096099853516
2017-04-12,32.041015625
2017-04-13,31.929096221923828
2017-04-17,32.138023376464844
2017-04-18,32.44395065307617
2017-04-19,32.25741958618164
2017-04-20,32.15294647216797
2017-04-21,32.138023376464844
2017-04-24,32.29471969604492
2017-04-25,32.16788101196289
2017-04-26,32.264869689941406
2017-04-27,32.09324264526367
2017-04-28,32.19771194458008
2017-05-01,32.24995803833008
2017-05-02,32.376800537109375
2017-05-03,32.32455825805664
2017-05-04,32.5782585144043
2017-05-05,32.60064697265625
2017-05-08,32.7498893737793
2017-05-09,32.46634292602539
2017-05-10,32.5111198425293
2017-05-11,32.585716247558594
2017-05-12,32.526031494140625
2017-05-15,32.63048553466797
2017-05-16,32.72004318237305
2017-05-17,32.77973556518555
2017-05-18,32.682735443115234
2017-05-19,32.757347106933594
2017-05-22,32.96628189086914
2017-05-23,33.122982025146484
2017-05-24,33.60054016113281
2017-05-25,33.88407897949219
2017-05-26,33.86915588378906
2017-05-30,33.89901351928711
2017-05-31,33.928855895996094
2017-06-01,34.16763687133789
2017-06-02,34.242252349853516
2017-06-05,34.31686782836914
2017-06-06,34.30940628051758
2017-06-07,33.958709716796875
2017-06-08,33.675148010253906
2017-06-09,33.816932678222656
2017-06-12,33.82439422607422
2017-06-13,33.87705612182617
2017-06-14,34.08017349243164
2017-06-15,34.04256057739258
2017-06-16,34.08770751953125
2017-06-19,34.140357971191406
2017-06-20,34.31340408325195
2017-06-21,34.019996643066406
2017-06-22,33.907135009765625
2017-06-23,34.04256057739258
2017-06-26,34.17799377441406
2017-06-27,33.8921012878418
2017-06-28,34.09523391723633
2017-06-29,33.72658157348633
2017-06-30,33.741634368896484
2017-07-03,33.67392349243164
2017-07-05,33.71906280517578
2017-07-06,33.40309524536133
2017-07-07,33.395572662353516
2017-07-10,33.388038635253906
2017-07-11,33.350433349609375
2017-07-12,33.485843658447266
2017-07-13,33.425662994384766
2017-07-14,33.61373519897461
2017-07-17,33.65134811401367
2017-07-18,33.6062126159668
2017-07-19,33.72658157348633
2017-07-20,33.71906280517578
2017-07-21,33.87705612182617
2017-07-24,33.73410415649414
2017-07-25,34.0350456237793
2017-07-26,34.41120910644531
2017-07-27,34.69708251953125
2017-07-28,34.61431884765625
2017-07-31,34.4864387512207
2017-08-01,34.381103515625
2017-08-02,34.29834747314453
2017-08-03,34.35853576660156
2017-08-04,34.23064041137695
2017-08-07,34.33596420288086
2017-08-08,34.305877685546875
2017-08-09,34.29834747314453
2017-08-10,34.41120910644531
2017-08-11,34.29834747314453
2017-08-14,34.45634460449219
2017-08-15,34.74974822998047
2017-08-16,34.75727081298828
2017-08-17,34.50148010253906
2017-08-18,34.35853576660156
2017-08-21,34.36605453491211
2017-08-22,34.305877685546875
2017-08-23,34.2607421875
2017-08-24,34.162933349609375
2017-08-25,34.28330612182617
2017-08-28,34.17045593261719
2017-08-29,34.19303894042969
2017-08-30,34.14788055419922
2017-08-31,34.26825714111328
2017-09-01,34.44129180908203
2017-09-05,34.5466194152832
2017-09-06,34.57670974731445
2017-09-07,34.81745147705078
2017-09-08,34.832496643066406
2017-09-11,34.998008728027344
2017-09-12,35.14847183227539
2017-09-13,35.26133728027344
2017-09-14,34.965579986572266
2017-09-15,35.01866149902344
2017-09-18,34.965579986572266
2017-09-19,34.867008209228516
2017-09-20,34.7153434753418
2017-09-21,34.42717742919922
2017-09-22,34.495426177978516
2017-09-25,34.647090911865234
2017-09-26,34.55610275268555
2017-09-27,33.850868225097656
2017-09-28,34.055606842041016
2017-09-29,34.13144302368164
2017-10-02,33.972198486328125
2017-10-03,34.2679443359375
2017-10-04,34.50300979614258
2017-10-05,34.5181770324707
2017-10-06,34.495426177978516
2017-10-09,34.43476867675781
2017-10-10,34.78357696533203
2017-10-11,34.9579963684082
2017-10-12,34.965579986572266
2017-10-13,35.01866149902344
2017-10-16,35.35232162475586
2017-10-17,35.2764892578125
2017-10-18,35.185482025146484
2017-10-19,35.32957458496094
2017-10-20,35.17033004760742
2017-10-23,35.12482833862305
2017-10-24,35.01866149902344
2017-10-25,34.92008972167969
2017-10-26,35.056575775146484
2017-10-27,34.93525695800781
2017-10-30,34.776004791259766
2017-10-31,34.867008209228516
2017-11-01,34.730506896972656
2017-11-02,34.791175842285156
2017-11-03,34.85942840576172
2017-11-06,34.48027038574219
2017-11-07,34.836669921875
2017-11-08,35.01866149902344
2017-11-09,35.056575775146484
2017-11-10,35.291648864746094
2017-11-13,35.42815399169922
2017-11-14,35.966548919677734
2017-11-15,35.49639892578125
2017-11-16,35.29923629760742
2017-11-17,34.662254333496094
2017-11-20,34.47267150878906
2017-11-21,34.7153434753418
2017-11-22,34.760841369628906
2017-11-24,34.791175842285156
2017-11-27,34.806331634521484
2017-11-28,34.753257751464844
2017-11-29,34.50300979614258
2017-11-30,34.99231719970703
2017-12-01,35.145225524902344
2017-12-04,35.343990325927734
2017-12-05,35.36693572998047
2017-12-06,35.51219177246094
2017-12-07,34.99995803833008
2017-12-08,34.64063262939453
2017-12-11,34.65592575073242
2017-12-12,34.62533187866211
2017-12-13,35.09169387817383
2017-12-14,35.19108963012695
2017-12-15,35.31341552734375
2017-12-18,35.11463165283203
2017-12-19,35.267539978027344
2017-12-20,35.22932052612305
2017-12-21,34.86233901977539
2017-12-22,34.854698181152344
2017-12-26,35.02290344238281
2017-12-27,35.11463165283203
2017-12-28,34.9540901184082
2017-12-29,35.076419830322266
2018-01-02,34.81647872924805
2018-01-03,34.740013122558594
2018-01-04,35.22932052612305
2018-01-05,35.22166442871094
2018-01-08,35.16814422607422
2018-01-09,35.343990325927734
2018-01-10,35.22166442871094
2018-01-11,35.19873046875
2018-01-12,35.28282928466797
2018-01-16,35.57335662841797
2018-01-17,35.7950553894043
2018-01-18,35.8409423828125
2018-01-19,36.05500030517578
2018-01-22,36.22319793701172
2018-01-23,36.27671813964844
2018-01-24,36.567230224609375
2018-01-25,36.57487869262695
2018-01-26,37.10240173339844
2018-01-29,36.467838287353516
2018-01-30,36.246131896972656
2018-01-31,36.38374328613281
2018-02-01,36.27671813964844
2018-02-02,35.72626876831055
2018-02-05,34.319522857666016
2018-02-06,34.151336669921875
2018-02-07,34.06724548339844
2018-02-08,32.95103073120117
2018-02-09,32.973968505859375
2018-02-12,33.61615753173828
2018-02-13,33.784358978271484
2018-02-14,33.715545654296875
2018-02-15,34.23542785644531
2018-02-16,34.388328552246094
2018-02-20,33.63146209716797
2018-02-21,33.134525299072266
2018-02-22,33.272132873535156
2018-02-23,33.66969299316406
2018-02-26,33.66203308105469
2018-02-27,33.34857940673828
2018-02-28,33.04277038574219
2018-03-01,33.203311920166016
2018-03-02,33.4250373840332
2018-03-05,33.55500030517578
2018-03-06,33.58557891845703
2018-03-07,33.501487731933594
2018-03-08,33.98313903808594
2018-03-09,34.266014099121094
2018-03-12,34.044288635253906
2018-03-13,34.07487869262695
2018-03-14,33.76637268066406
2018-03-15,33.681522369384766
2018-03-16,33.51955795288086
2018-03-19,33.36531066894531
2018-03-20,33.28818130493164
2018-03-21,33.164772033691406
2018-03-22,32.97967529296875
2018-03-23,32.64802551269531
2018-03-26,32.92567825317383
2018-03-27,33.07994079589844
2018-03-28,33.411598205566406
2018-03-29,33.49641036987305
2018-04-02,32.910247802734375
2018-04-03,33.4578742980957
2018-04-04,34.121158599853516
2018-04-05,34.244564056396484
2018-04-06,33.874359130859375
2018-04-09,33.804931640625
2018-04-10,33.928348541259766
2018-04-11,33.928348541259766
2018-04-12,33.95918655395508
2018-04-13,34.32940673828125
2018-04-16,34.46051788330078
2018-04-17,34.61476516723633
2018-04-18,34.32940673828125
2018-04-19,34.17515182495117
2018-04-20,33.73551559448242
2018-04-23,33.920623779296875
2018-04-24,33.21876907348633
2018-04-25,32.72515106201172
2018-04-26,32.97195816040039
2018-04-27,33.40387725830078
2018-04-30,33.32674789428711
2018-05-01,32.84856033325195
2018-05-02,32.43977737426758
2018-05-03,32.308658599853516
2018-05-04,32.67116928100586
2018-05-07,32.501487731933594
2018-05-08,32.24695587158203
2018-05-09,32.22382736206055
2018-05-10,32.5323371887207
2018-05-11,32.501487731933594
2018-05-14,32.424346923828125
2018-05-15,32.17755126953125
2018-05-16,32.046424865722656
2018-05-17,32.6248893737793
2018-05-18,32.5323371887207
2018-05-21,32.70972442626953
2018-05-22,32.58632278442383
2018-05-23,32.70201110839844
2018-05-24,32.64030838012695
2018-05-25,32.70201110839844
2018-05-29,32.917972564697266
2018-05-30,33.26504135131836
2018-05-31,33.164772033691406
2018-06-01,33.257320404052734
2018-06-04,33.5427131652832
2018-06-05,33.2496223449707
2018-06-06,33.51955795288086
2018-06-07,33.50413513183594
2018-06-08,33.89748764038086
2018-06-11,34.036319732666016
2018-06-12,34.25227737426758
2018-06-13,34.07487487792969
2018-06-14,33.911468505859375
2018-06-15,34.33167266845703
2018-06-18,33.88813400268555
2018-06-19,33.92702865600586
2018-06-20,33.66246032714844
2018-06-21,33.53017044067383
2018-06-22,33.6546745300293
2018-06-25,33.911468505859375
2018-06-26,33.71693420410156
2018-06-27,33.51461410522461
2018-06-28,33.82587432861328
2018-06-29,34.129364013671875
2018-07-02,34.043758392333984
2018-07-03,34.23051452636719
2018-07-05,34.751869201660156
2018-07-06,34.736305236816406
2018-07-09,34.54954528808594
2018-07-10,34.99309539794922
2018-07-11,34.853031158447266
2018-07-12,34.75965118408203
2018-07-13,34.814117431640625
2018-07-16,34.80632400512695
2018-07-17,35.210968017578125
2018-07-18,35.10980987548828
2018-07-19,35.10203552246094
2018-07-20,35.23431396484375
2018-07-23,34.97753143310547
2018-07-24,35.21875
2018-07-25,35.86460494995117
2018-07-26,35.98134231567383
2018-07-27,35.957984924316406
2018-07-30,35.97353744506836
2018-07-31,36.28480529785156
2018-08-01,36.09805679321289
2018-08-02,35.93464279174805
2018-08-03,36.27702331542969
2018-08-06,36.30036163330078
2018-08-07,36.18364715576172
2018-08-08,35.91128921508789
2018-08-09,36.06692123413086
2018-08-10,35.85683059692383
2018-08-13,35.66230392456055
2018-08-14,35.708984375
2018-08-15,35.85683059692383
2018-08-16,35.96577835083008
2018-08-17,36.2614631652832
2018-08-20,36.36262130737305
2018-08-21,35.96577835083008
2018-08-22,35.740108489990234
2018-08-23,35.56113815307617
2018-08-24,35.50666427612305
2018-08-27,35.553348541259766
2018-08-28,35.30434799194336
2018-08-29,35.27322006225586
2018-08-30,34.97753143310547
2018-08-31,34.68182373046875
2018-09-04,34.829673767089844
2018-09-05,35.31212615966797
2018-09-06,35.6156005859375
2018-09-07,35.576698303222656
2018-09-10,35.84126663208008
2018-09-11,35.81013870239258
2018-09-12,35.98134231567383
2018-09-13,35.965641021728516
2018-09-14,36.09120178222656
2018-09-17,36.35016632080078
2018-09-18,36.04411315917969
2018-09-19,36.06765365600586
2018-09-20,36.60130310058594
2018-09-21,36.55420684814453
2018-09-24,36.153968811035156
2018-09-25,35.84791946411133
2018-09-26,35.9813346862793
2018-09-27,36.10688781738281
2018-09-28,36.24814987182617
2018-10-01,36.27953338623047
2018-10-02,36.49927520751953
2018-10-03,35.99701690673828
2018-10-04,35.9813346862793
2018-10-05,36.004878997802734
2018-10-08,36.475730895996094
2018-10-09,36.40510177612305
2018-10-10,35.84791946411133
2018-10-11,35.03177261352539
2018-10-12,35.06315612792969
2018-10-15,35.243656158447266
2018-10-16,35.69881820678711
2018-10-17,35.98917770385742
2018-10-18,35.79299545288086
2018-10-19,36.3580207824707
2018-10-22,36.075496673583984
2018-10-23,36.381561279296875
2018-10-24,36.67191696166992
2018-10-25,36.49927520751953
2018-10-26,36.036258697509766
2018-10-29,36.46004104614258
2018-10-30,37.37820816040039
2018-10-31,37.57439422607422
2018-11-01,37.46453094482422
2018-11-02,37.66857147216797
2018-11-05,38.210052490234375
2018-11-06,38.53965759277344
2018-11-07,38.74367904663086
2018-11-08,38.71230697631836
2018-11-09,38.98696517944336
2018-11-12,39.13606643676758
2018-11-13,39.12822341918945
2018-11-14,39.049747467041016
2018-11-15,39.03404998779297
2018-11-16,39.37149429321289
2018-11-19,39.63832473754883
2018-11-20,38.75154495239258
2018-11-21,38.24143981933594
2018-11-23,38.469024658203125
2018-11-26,38.3513069152832
2018-11-27,38.74367904663086
2018-11-28,39.0105094909668
2018-11-29,38.74158477783203
2018-11-30,39.86476135253906
2018-12-03,39.30316925048828
2018-12-04,39.21616744995117
2018-12-06,39.05797576904297
2018-12-07,38.828582763671875
2018-12-10,38.947235107421875
2018-12-11,39.18452835083008
2018-12-12,38.9314079284668
2018-12-13,39.129150390625
2018-12-14,39.02632522583008
2018-12-17,38.227455139160156
2018-12-18,38.219539642333984
2018-12-19,37.88733673095703
2018-12-20,37.60259246826172
2018-12-21,37.62632369995117
2018-12-24,36.35285949707031
2018-12-26,37.12800216674805
2018-12-27,37.594688415527344
2018-12-28,37.33366394042969
2018-12-31,37.45231628417969
2019-01-02,37.12010192871094
2019-01-03,36.890724182128906
2019-01-04,37.62632369995117
2019-01-07,37.13591766357422
2019-01-08,37.55513000488281
2019-01-09,36.835357666015625
2019-01-10,37.230831146240234
2019-01-11,37.44439697265625
2019-01-14,37.29412078857422
2019-01-15,37.62632369995117
2019-01-16,37.11219024658203
2019-01-17,37.22293472290039
2019-01-18,37.657955169677734
2019-01-22,37.744964599609375
2019-01-23,38.17999267578125
2019-01-24,37.72123336791992
2019-01-25,37.468116760253906
2019-01-28,37.309913635253906
2019-01-29,37.491859436035156
2019-01-30,37.85570526123047
2019-01-31,38.06925964355469
2019-02-01,38.52011489868164
2019-02-04,38.95514678955078
2019-02-05,38.963050842285156
2019-02-06,38.963050842285156
2019-02-07,39.08960723876953
2019-02-08,39.15288162231445
2019-02-11,39.23989486694336
2019-02-12,39.279441833496094
2019-02-13,39.38227081298828
2019-02-14,36.06019592285156
2019-02-15,35.78337097167969
2019-02-19,35.45907211303711
2019-02-20,35.672630310058594
2019-02-21,36.273765563964844
2019-02-22,35.815006256103516
2019-02-25,35.546077728271484
2019-02-26,35.34832000732422
2019-02-27,35.546077728271484
2019-02-28,35.86246871948242
2019-03-01,35.89409637451172
2019-03-04,36.107662200927734
2019-03-05,36.06810760498047
2019-03-06,35.94947052001953
2019-03-07,35.815006256103516
2019-03-08,35.466976165771484
2019-03-11,36.526878356933594
2019-03-12,36.42404556274414
2019-03-13,36.55853271484375
2019-03-14,36.462772369384766
2019-03-15,36.143611907958984
2019-03-18,36.23138427734375
2019-03-19,36.351070404052734
2019-03-20,36.327125549316406
2019-03-21,36.3111686706543
2019-03-22,36.64627456665039
2019-03-25,36.72605514526367
2019-03-26,37.212764739990234
2019-03-27,37.1888313293457
2019-03-28,37.16490173339844
2019-03-29,37.388301849365234
2019-04-01,37.27659225463867
2019-04-02,37.156925201416016
2019-04-03,36.84574890136719
2019-04-04,37.08510971069336
2019-04-05,37.07713317871094
2019-04-08,37.140953063964844
2019-04-09,37.23670196533203
2019-04-10,37.212764739990234
2019-04-11,37.26862716674805
2019-04-12,37.29255676269531
2019-04-15,37.5
2019-04-16,37.46010971069336
2019-04-17,37.72340393066406
2019-04-18,37.88297653198242
2019-04-22,37.819149017333984
2019-04-23,38.465431213378906
2019-04-24,38.28191375732422
2019-04-25,38.17021560668945
2019-04-26,38.50532150268555
2019-04-29,38.63297653198242
2019-04-30,39.14360809326172
2019-05-01,38.76862335205078
2019-05-02,38.609046936035156
2019-05-03,38.87234115600586
2019-05-06,38.67287063598633
2019-05-07,38.29787826538086
2019-05-08,38.178192138671875
2019-05-09,37.819149017333984
2019-05-10,38.44947052001953
2019-05-13,38.337764739990234
2019-05-14,38.84840774536133
2019-05-15,39.23936080932617
2019-05-16,39.55850601196289
2019-05-17,39.25532913208008
2019-05-20,38.976078033447266
2019-05-21,38.77659606933594
2019-05-22,39.61436462402344
2019-05-23,39.77393341064453
2019-05-24,39.58245086669922
2019-05-28,39.1755485534668
2019-05-29,38.78458786010742
2019-05-30,39.29520797729492
2019-05-31,39.199466705322266
2019-06-03,39.87765884399414
2019-06-04,39.89361572265625
2019-06-05,40.51596450805664
2019-06-06,41.01062774658203
2019-06-07,41.08243942260742
2019-06-10,40.994686126708984
2019-06-11,40.95479202270508
2019-06-12,41.2021369934082
2019-06-13,41.113677978515625
2019-06-14,41.258419036865234
2019-06-17,40.90460205078125
2019-06-18,40.71967697143555
2019-06-19,41.10564041137695
2019-06-20,41.539852142333984
2019-06-21,41.45140075683594
2019-06-24,41.74892044067383
2019-06-25,41.620262145996094
2019-06-26,41.10564041137695
2019-06-27,41.07347106933594
2019-06-28,40.944820404052734
2019-07-01,41.491600036621094
2019-07-02,41.797149658203125
2019-07-03,41.893653869628906
2019-07-05,41.90169906616211
2019-07-08,41.8132438659668
2019-07-09,41.48357009887695
2019-07-10,41.66851043701172
2019-07-11,41.84540939331055
2019-07-12,41.90974044799805
2019-07-15,41.91779327392578
2019-07-16,41.92581558227539
2019-07-17,41.95798873901367
2019-07-18,41.83736038208008
2019-07-19,41.3227424621582
2019-07-22,41.1860466003418
2019-07-23,43.68678665161133
2019-07-24,43.244544982910156
2019-07-25,42.67362594604492
2019-07-26,43.55814743041992
2019-07-29,43.41341018676758
2019-07-30,43.19629669189453
2019-07-31,42.31983184814453
2019-08-01,41.83736038208008
2019-08-02,42.07859802246094
2019-08-05,41.531822204589844
2019-08-06,42.03034591674805
2019-08-07,42.76207733154297
2019-08-08,43.17217254638672
2019-08-09,42.95506286621094
2019-08-12,42.778167724609375
2019-08-13,43.0193977355957
2019-08-14,42.60930633544922
2019-08-15,43.316917419433594
2019-08-16,43.751129150390625
2019-08-19,43.97627639770508
2019-08-20,43.324954986572266
2019-08-21,43.501853942871094
2019-08-22,43.815460205078125
2019-08-23,43.21237564086914
2019-08-26,43.85566329956055
2019-08-27,44.00040054321289
2019-08-28,44.314002990722656
2019-08-29,44.2657470703125
2019-08-30,44.25770568847656
2019-09-03,44.46677780151367
2019-09-04,44.844703674316406
2019-09-05,44.32204055786133
2019-09-06,44.410484313964844
2019-09-09,43.83958053588867
2019-09-10,43.74308776855469
2019-09-11,44.04060363769531
2019-09-12,44.314002990722656
2019-09-13,43.94951629638672
2019-09-16,43.70650863647461
2019-09-17,43.93330764770508
2019-09-18,43.92520523071289
2019-09-19,44.16011047363281
2019-09-20,43.66600799560547
2019-09-23,43.8523063659668
2019-09-24,43.981903076171875
2019-09-25,43.87660598754883
2019-09-26,44.054805755615234
2019-09-27,43.990013122558594
2019-09-30,44.095298767089844
2019-10-01,44.26539993286133
2019-10-02,42.993736267089844
2019-10-03,43.60931396484375
2019-10-04,44.17631149291992
2019-10-07,43.63361358642578
2019-10-08,43.39872741699219
2019-10-09,43.601219177246094
2019-10-10,43.46351623535156
2019-10-11,43.17192459106445
2019-10-14,43.17192459106445
2019-10-15,43.34202575683594
2019-10-16,43.32582473754883
2019-10-17,43.56882095336914
2019-10-18,44.37069320678711
2019-10-21,43.92520523071289
2019-10-22,43.61741256713867
2019-10-23,44.257301330566406
2019-10-24,44.233009338378906
2019-10-25,43.536415100097656
2019-10-28,43.390628814697266
2019-10-29,43.261024475097656
2019-10-30,43.69031524658203
2019-10-31,44.08720779418945
2019-11-01,43.657920837402344
2019-11-04,43.042327880859375
2019-11-05,42.45914840698242
2019-11-06,42.766937255859375
2019-11-07,42.353843688964844
2019-11-08,42.28905487060547
2019-11-11,41.989349365234375
2019-11-12,41.884063720703125
2019-11-13,42.451045989990234
2019-11-14,42.62924575805664
2019-11-15,42.661643981933594
2019-11-18,42.95322799682617
2019-11-19,42.993736267089844
2019-11-20,43.10713195800781
2019-11-21,42.89653778076172
2019-11-22,42.95322799682617
2019-11-25,43.10713195800781
2019-11-26,43.657920837402344
2019-11-27,43.69841384887695
2019-11-29,43.57600784301758
2019-12-02,43.86161422729492
2019-12-03,43.90241622924805
2019-12-04,44.30228042602539
2019-12-05,44.22067642211914
2019-12-06,44.408355712890625
2019-12-09,44.12274932861328
2019-12-10,43.877952575683594
2019-12-11,44.02482986450195
2019-12-12,44.179866790771484
2019-12-13,44.408355712890625
2019-12-16,44.408355712890625
2019-12-17,44.408355712890625
2019-12-18,43.992183685302734
2019-12-19,44.32676315307617
2019-12-20,44.85718536376953
2019-12-23,44.8082160949707
2019-12-24,44.64501190185547
2019-12-26,44.897979736328125
2019-12-27,45.167274475097656
2019-12-30,45.101993560791016
2019-12-31,45.167274475097656
2020-01-02,44.87349319458008
2020-01-03,44.62868881225586
2020-01-06,44.612369537353516
2020-01-07,44.26963806152344
2020-01-08,44.351234436035156
2020-01-09,45.15909957885742
2020-01-10,45.31414794921875
2020-01-13,45.80377960205078
2020-01-14,45.697689056396484
2020-01-15,46.2689094543457
2020-01-16,46.3668327331543
2020-01-17,46.464752197265625
2020-01-21,46.65244674682617
2020-01-22,47.01150131225586
2020-01-23,47.191017150878906
2020-01-24,47.068626403808594
2020-01-27,46.9054069519043
2020-01-28,46.52187728881836
2020-01-29,46.52187728881836
2020-01-30,48.03153991699219
2020-01-31,47.656166076660156
2020-02-03,47.80305099487305
2020-02-04,48.01520538330078
2020-02-05,48.023380279541016
2020-02-06,48.13762283325195
2020-02-07,48.30083465576172
2020-02-10,48.7578010559082
2020-02-11,48.62723922729492
2020-02-12,48.480342864990234
2020-02-13,48.6435546875
2020-02-14,48.921016693115234
2020-02-18,48.578277587890625
2020-02-19,48.77412414550781
2020-02-20,48.73331832885742
2020-02-21,49.067893981933594
2020-02-24,47.860172271728516
2020-02-25,47.182861328125
2020-02-26,47.00333786010742
2020-02-27,44.82453918457031
2020-02-28,43.649452209472656
2020-03-02,45.63240432739258
2020-03-03,45.74665451049805
2020-03-04,48.08049774169922
2020-03-05,46.301551818847656
2020-03-06,45.09381866455078
2020-03-09,42.3193244934082
2020-03-10,43.78817367553711
2020-03-11,42.60494613647461
2020-03-12,38.48398208618164
2020-03-13,39.89986038208008
2020-03-16,37.25743865966797
2020-03-17,38.837955474853516
2020-03-18,36.919921875
2020-03-19,34.43390655517578
2020-03-20,31.528059005737305
2020-03-23,30.91889190673828
2020-03-24,32.474727630615234
2020-03-25,34.2527961730957
2020-03-26,36.458946228027344
2020-03-27,35.24062728881836
2020-03-30,37.04341125488281
2020-03-31,36.42600631713867
2020-04-01,34.6726188659668
2020-04-02,36.17905807495117
2020-04-03,36.080284118652344
2020-04-06,38.41812515258789
2020-04-07,38.28642272949219
2020-04-08,39.36478805541992
2020-04-09,40.336151123046875
2020-04-13,38.63215255737305
2020-04-14,40.270294189453125
2020-04-15,39.191925048828125
2020-04-16,38.772098541259766
2020-04-17,39.5623664855957
2020-04-20,38.30288314819336
2020-04-21,37.35621643066406
2020-04-22,37.603172302246094
2020-04-23,37.10102081298828
2020-04-24,37.39737319946289
2020-04-27,38.5086784362793
2020-04-28,38.47576141357422
2020-04-29,38.7885627746582
2020-04-30,37.776039123535156
2020-05-01,37.53730392456055
2020-05-04,37.158653259277344
2020-05-05,37.372676849365234
2020-05-06,36.837608337402344
2020-05-07,36.71412658691406
2020-05-08,37.9571418762207
2020-05-11,37.48793029785156
2020-05-12,36.89522933959961
2020-05-13,36.170814514160156
2020-05-14,35.973262786865234
2020-05-15,35.61105728149414
2020-05-18,37.018714904785156
2020-05-19,36.664737701416016
2020-05-20,37.776039123535156
2020-05-21,37.183345794677734
2020-05-22,37.06809616088867
2020-05-26,37.940673828125
2020-05-27,38.46751022338867
2020-05-28,38.76387023925781
2020-05-29,38.42636489868164
2020-06-01,38.68155288696289
2020-06-02,38.60745620727539
2020-06-03,39.4306526184082
2020-06-04,39.447113037109375
2020-06-05,40.410240173339844
2020-06-08,41.03586196899414
2020-06-09,40.336151123046875
2020-06-10,40.023345947265625
2020-06-11,37.48793029785156
2020-06-12,37.87833023071289
2020-06-15,38.45981216430664
2020-06-16,38.850223541259766
2020-06-17,38.6923828125
2020-06-18,39.0329704284668
2020-06-19,38.22722625732422
2020-06-22,37.99463653564453
2020-06-23,37.91157150268555
2020-06-24,37.089210510253906
2020-06-25,37.32179260253906
2020-06-26,36.19209671020508
2020-06-29,36.84831619262695
2020-06-30,37.1141242980957
2020-07-01,37.23041915893555
2020-07-02,37.28025817871094
2020-07-06,37.57099151611328
2020-07-07,37.554378509521484
2020-07-08,37.43808364868164
2020-07-09,36.474517822265625
2020-07-10,37.50454330444336
2020-07-13,37.587608337402344
2020-07-14,38.10261917114258
2020-07-15,38.54287338256836
2020-07-16,38.335201263427734
2020-07-17,38.89175033569336
2020-07-20,38.31029510498047
2020-07-21,39.20740509033203
2020-07-22,40.270652770996094
2020-07-23,40.10452651977539
2020-07-24,40.27895736694336
2020-07-27,40.270652770996094
2020-07-28,40.021461486816406
2020-07-29,39.888553619384766
2020-07-30,39.61442947387695
2020-07-31,39.24063491821289
2020-08-03,38.45981216430664
2020-08-04,38.78376007080078
2020-08-05,39.22401428222656
2020-08-06,39.43999481201172
2020-08-07,39.70580291748047
2020-08-10,39.63934326171875
2020-08-11,39.81378936767578
2020-08-12,40.2291259765625
2020-08-13,40.18759536743164
2020-08-14,40.24573516845703
2020-08-17,40.04637145996094
2020-08-18,40.22080993652344
2020-08-19,39.3486213684082
2020-08-20,39.33199691772461
2020-08-21,39.27385330200195
2020-08-24,39.84701919555664
2020-08-25,39.79718017578125
2020-08-26,40.00483703613281
2020-08-27,40.06298065185547
2020-08-28,41.392051696777344
2020-08-31,41.142852783203125
2020-09-01,40.802276611328125
2020-09-02,42.521759033203125
2020-09-03,41.93199157714844
2020-09-04,42.397159576416016
2020-09-08,41.37544250488281
2020-09-09,41.69110107421875
2020-09-10,41.533260345458984
2020-09-11,42.41376495361328
2020-09-14,42.46402359008789
2020-09-15,42.74873352050781
2020-09-16,42.531005859375
2020-09-17,42.330039978027344
2020-09-18,42.24629592895508
2020-09-21,41.107452392578125
2020-09-22,41.584754943847656
2020-09-23,40.37053680419922
2020-09-24,40.780860900878906
2020-09-25,40.79761505126953
2020-09-28,41.26654052734375
2020-09-29,40.965091705322266
2020-09-30,41.3419189453125
2020-10-01,41.18281555175781
2020-10-02,41.33353805541992
2020-10-05,41.35028076171875
2020-10-06,40.981849670410156
2020-10-07,41.501014709472656
2020-10-08,42.25467300415039
2020-10-09,42.547752380371094
2020-10-12,42.7822265625
2020-10-13,42.05369567871094
2020-10-14,41.96996307373047
2020-10-15,41.86109924316406
2020-10-16,41.894596099853516
2020-10-19,41.5512580871582
2020-10-20,42.07881164550781
2020-10-21,41.86109924316406
2020-10-22,42.43889236450195
2020-10-23,42.3049201965332
2020-10-26,41.70199203491211
2020-10-27,41.78573989868164
2020-10-28,40.16120529174805
2020-10-29,40.21144104003906
2020-10-30,40.24494171142578
2020-11-02,40.71387481689453
2020-11-03,41.325164794921875
2020-11-04,41.1744270324707
2020-11-05,41.4005241394043
2020-11-06,41.40890121459961
2020-11-09,44.02156448364258
2020-11-10,45.2022819519043
2020-11-11,44.867332458496094
2020-11-12,44.3900146484375
2020-11-13,44.75845718383789
2020-11-16,45.093421936035156
2020-11-17,44.95106887817383
2020-11-18,44.05506134033203
2020-11-19,44.49050521850586
2020-11-20,44.105289459228516
2020-11-23,44.113670349121094
2020-11-24,44.56586837768555
2020-11-25,44.32301712036133
2020-11-27,44.13041687011719
2020-11-30,43.548091888427734
2020-12-01,43.91942596435547
2020-12-02,43.978511810302734
2020-12-03,44.5439567565918
2020-12-04,45.44698715209961
2020-12-07,44.721195220947266
2020-12-08,44.88154220581055
2020-12-09,45.00813674926758
2020-12-10,44.77183151245117
2020-12-11,45.02500915527344
2020-12-14,44.95750045776367
2020-12-15,45.43855285644531
2020-12-16,44.78026580810547
2020-12-17,44.95750045776367
2020-12-18,45.35416793823242
2020-12-21,44.569278717041016
2020-12-22,44.5270881652832
2020-12-23,44.797149658203125
2020-12-24,45.10097122192383
2020-12-28,45.7086181640625
2020-12-29,45.68330764770508
2020-12-30,45.94491958618164
2020-12-31,46.28251266479492
2021-01-04,44.5270881652832
2021-01-05,44.0375862121582
2021-01-06,42.63662338256836
2021-01-07,42.16400146484375
2021-01-08,43.10924530029297
2021-01-11,42.366554260253906
2021-01-12,42.29060745239258
2021-01-13,42.332794189453125
2021-01-14,41.54791259765625
2021-01-15,41.10062026977539
2021-01-19,40.940269470214844
2021-01-20,41.0837516784668
2021-01-21,41.31161117553711
2021-01-22,40.92338943481445
2021-01-25,41.16815185546875
2021-01-26,41.59856414794922
2021-01-27,40.957149505615234
2021-01-28,41.48039627075195
2021-01-29,40.636451721191406
2021-02-01,40.914947509765625
2021-02-02,41.32005310058594
2021-02-03,41.15970230102539
2021-02-04,41.362239837646484
2021-02-05,41.90238952636719
2021-02-08,42.130245208740234
2021-02-09,41.944576263427734
2021-02-10,41.86018371582031
2021-02-11,42.45095443725586
2021-02-12,42.780086517333984
2021-02-16,42.425628662109375
2021-02-17,42.30747604370117
2021-02-18,42.84760665893555
2021-02-19,42.29060745239258
2021-02-22,42.729454040527344
2021-02-23,42.653499603271484
2021-02-24,42.79697799682617
2021-02-25,42.34122848510742
2021-02-26,41.345367431640625
2021-03-01,42.11336898803711
2021-03-02,42.282161712646484
2021-03-03,42.180877685546875
2021-03-04,42.14712905883789
2021-03-05,42.8644905090332
2021-03-08,43.581851959228516
2021-03-09,42.9235725402832
2021-03-10,43.41305160522461
2021-03-11,42.94043731689453
2021-03-12,42.8553466796875
2021-03-15,43.425506591796875
2021-03-16,43.58719253540039
2021-03-17,43.604209899902344
2021-03-18,43.03404998779297
2021-03-19,43.23828887939453
2021-03-22,43.399967193603516
2021-03-23,43.73185729980469
2021-03-24,43.84247589111328
2021-03-25,44.26797103881836
2021-03-26,45.1359748840332
2021-03-29,45.825260162353516
2021-03-30,45.229583740234375
2021-03-31,44.85515213012695
2021-04-01,44.6849479675293
2021-04-05,44.940250396728516
2021-04-06,45.26361083984375
2021-04-07,45.340206146240234
2021-04-08,45.20405197143555
2021-04-09,45.25510787963867
2021-04-12,45.39976501464844
2021-04-13,45.17852020263672
2021-04-14,45.170013427734375
2021-04-15,45.382755279541016
2021-04-16,45.68059158325195
2021-04-19,45.952903747558594
2021-04-20,46.09757995605469
2021-04-21,46.472015380859375
2021-04-22,46.32734298706055
2021-04-23,46.35287094116211
2021-04-26,45.663578033447266
2021-04-27,45.59550476074219
2021-04-28,45.60401153564453
2021-04-29,46.174163818359375
2021-04-30,45.93589401245117
2021-05-03,46.36138153076172
2021-05-04,46.07204818725586
2021-05-05,45.952903747558594
2021-05-06,46.41244125366211
2021-05-07,46.38691329956055
2021-05-10,46.72731018066406
2021-05-11,46.225223541259766
2021-05-12,45.9869499206543
2021-05-13,46.38691329956055
2021-05-14,46.57412338256836
2021-05-17,46.4975471496582
2021-05-18,46.242244720458984
2021-05-19,46.09757995605469
2021-05-20,46.50605773925781
2021-05-21,46.48052215576172
2021-05-24,46.63369369506836
2021-05-25,46.625186920166016
2021-05-26,46.82941818237305
2021-05-27,47.22087860107422
2021-05-28,47.050682067871094
2021-06-01,47.04216766357422
2021-06-02,47.22937774658203
2021-06-03,47.3485221862793
2021-06-04,47.85911178588867
2021-06-07,47.68892288208008
2021-06-08,47.357032775878906
2021-06-09,47.212364196777344
2021-06-10,47.57828903198242
2021-06-11,47.79103088378906
2021-06-14,47.62812423706055
2021-06-15,47.508094787597656
2021-06-16,46.873619079589844
2021-06-17,47.11369705200195
2021-06-18,46.101959228515625
2021-06-21,46.60783004760742
2021-06-22,46.7793083190918
2021-06-23,46.40205383300781
2021-06-24,46.63355255126953
2021-06-25,46.57353210449219
2021-06-28,46.52208709716797
2021-06-29,46.17912673950195
2021-06-30,46.39347839355469
2021-07-01,46.26486587524414
2021-07-02,46.4535026550293
2021-07-06,46.196285247802734
2021-07-07,46.57353210449219
2021-07-08,46.4106330871582
2021-07-09,46.69356918334961
2021-07-12,46.71071243286133
2021-07-13,47.1737174987793
2021-07-14,48.236873626708984
2021-07-15,48.391204833984375
2021-07-16,48.35691452026367
2021-07-19,47.78246307373047
2021-07-20,47.868194580078125
2021-07-21,48.485511779785156
2021-07-22,48.416927337646484
2021-07-23,48.87990951538086
2021-07-26,48.922786712646484
2021-07-27,49.09425735473633
2021-07-28,48.6484260559082
2021-07-29,48.91421890258789
2021-07-30,48.89706802368164
2021-08-02,48.768463134765625
2021-08-03,48.80275344848633
2021-08-04,48.09968948364258
2021-08-05,48.442649841308594
2021-08-06,48.56268310546875
2021-08-09,48.57126235961914
2021-08-10,48.699859619140625
2021-08-11,48.639854431152344
2021-08-12,48.734169006347656
2021-08-13,49.06855010986328
2021-08-16,49.28289031982422
2021-08-17,49.11141586303711
2021-08-18,48.442649841308594
2021-08-19,48.751312255859375
2021-08-20,48.56268310546875
2021-08-23,48.391204833984375
2021-08-24,48.02252960205078
2021-08-25,48.0739631652832
2021-08-26,47.61955642700195
2021-08-27,47.7138671875
2021-08-30,48.16828536987305
2021-08-31,48.27974319458008
2021-09-01,48.60554885864258
2021-09-02,48.67414093017578
2021-09-03,48.639854431152344
2021-09-07,47.731014251708984
2021-09-08,48.37406539916992
2021-09-09,47.893917083740234
2021-09-10,47.6795768737793
2021-09-13,48.0739631652832
2021-09-14,48.108516693115234
2021-09-15,48.27265930175781
2021-09-16,47.8148078918457
2021-09-17,47.02869415283203
2021-09-20,46.7004280090332
2021-09-21,46.69179153442383
2021-09-22,46.760902404785156
2021-09-23,46.68315124511719
2021-09-24,46.55356979370117
2021-09-27,46.31169128417969
2021-09-28,45.47373962402344
2021-09-29,45.75017547607422
2021-09-30,45.32688903808594
2021-10-01,45.802001953125
2021-10-04,45.776100158691406
2021-10-05,45.85384750366211
2021-10-06,46.398075103759766
2021-10-07,46.54494094848633
2021-10-08,46.752254486083984
2021-10-11,46.847293853759766
2021-10-12,46.847293853759766
2021-10-13,46.85592269897461
2021-10-14,47.17555236816406
2021-10-15,47.06324768066406
2021-10-18,46.59675216674805
2021-10-19,46.77817916870117
2021-10-20,47.19282913208008
2021-10-21,46.950950622558594
2021-10-22,47.03733444213867
2021-10-25,46.847293853759766
2021-10-26,47.05461120605469
2021-10-27,47.961669921875
2021-10-28,48.41088104248047
2021-10-29,48.695945739746094
2021-11-01,48.52317428588867
2021-11-02,48.46270751953125
2021-11-03,48.6268310546875
2021-11-04,48.894630432128906
2021-11-05,49.10197448730469
2021-11-08,48.66139602661133
2021-11-09,48.79961395263672
2021-11-10,48.99830627441406
2021-11-11,49.01559066772461
2021-11-12,48.90327835083008
2021-11-15,48.91191482543945
2021-11-16,48.566375732421875
2021-11-17,48.29857635498047
2021-11-18,47.866641998291016
2021-11-19,47.62476348876953
2021-11-22,47.91847610473633
2021-11-23,48.27265930175781
2021-11-24,47.883914947509766
2021-11-26,46.415348052978516
2021-11-29,47.14964294433594
2021-11-30,45.660980224609375
2021-12-01,45.5303955078125
2021-12-02,46.20073699951172
2021-12-03,46.60988998413086
2021-12-06,47.80255889892578
2021-12-07,48.063720703125
2021-12-08,47.88091278076172
2021-12-09,47.759033203125
2021-12-10,48.99522399902344
2021-12-13,50.283660888671875
2021-12-14,50.31848907470703
2021-12-15,50.544830322265625
2021-12-16,51.05846405029297
2021-12-17,50.25753402709961
2021-12-20,50.092140197753906
2021-12-21,50.292362213134766
2021-12-22,50.649295806884766
2021-12-23,50.68411636352539
2021-12-27,51.05846405029297
2021-12-28,51.25868606567383
2021-12-29,51.31962966918945
2021-12-30,51.171634674072266
2021-12-31,51.54597854614258
2022-01-03,51.624324798583984
2022-01-04,52.486183166503906
2022-01-05,52.92147445678711
2022-01-06,52.64288330078125
2022-01-07,52.52100372314453
2022-01-10,52.608062744140625
2022-01-11,52.6254768371582
2022-01-12,52.703826904296875
2022-01-13,53.0172233581543
2022-01-14,53.44379425048828
2022-01-18,53.0172233581543
2022-01-19,53.104286193847656
2022-01-20,52.88663864135742
2022-01-21,52.6254768371582
2022-01-24,52.198890686035156
2022-01-25,52.07701873779297
2022-01-26,51.88549041748047
2022-01-27,51.929019927978516
2022-01-28,52.96498489379883
2022-01-31,53.11299133300781
2022-02-01,52.72123336791992
2022-02-02,53.260982513427734
2022-02-03,53.63532638549805
2022-02-04,53.0694580078125
2022-02-07,53.62661361694336
2022-02-08,53.9748420715332
2022-02-09,53.13910675048828
2022-02-10,53.435089111328125
2022-02-11,52.486183166503906
2022-02-14,52.825706481933594
2022-02-15,53.02592849731445
2022-02-16,53.0172233581543
2022-02-17,54.07931137084961
2022-02-18,54.444950103759766
2022-02-22,54.218605041503906
2022-02-23,53.61791229248047
2022-02-24,52.677703857421875
2022-02-25,54.71482467651367
2022-02-28,54.18378448486328
2022-03-01,53.948726654052734
2022-03-02,54.349178314208984
2022-03-03,54.38400650024414
2022-03-04,54.471065521240234
2022-03-07,53.173919677734375
2022-03-08,51.067161560058594
2022-03-09,51.32832336425781
2022-03-10,50.38813018798828
2022-03-11,50.422950744628906
2022-03-14,51.352813720703125
2022-03-15,52.30020523071289
2022-03-16,52.15985870361328
2022-03-17,52.71250915527344
2022-03-18,52.72127914428711
2022-03-21,53.142356872558594
2022-03-22,53.335350036621094
2022-03-23,52.98444747924805
2022-03-24,53.49324417114258
2022-03-25,53.97571563720703
2022-03-28,54.31782913208008
2022-03-29,54.52836990356445
2022-03-30,54.572227478027344
2022-03-31,54.388004302978516
2022-04-01,55.15119934082031
2022-04-04,54.86172103881836
2022-04-05,54.8003044128418
2022-04-06,55.35295104980469
2022-04-07,55.651214599609375
2022-04-08,55.99333190917969
2022-04-11,55.975791931152344
2022-04-12,56.633705139160156
2022-04-13,56.78285217285156
2022-04-14,57.03722381591797
2022-04-18,56.528446197509766
2022-04-19,57.081092834472656
2022-04-20,57.86183166503906
2022-04-21,58.08113479614258
2022-04-22,57.23899459838867
2022-04-25,57.84429168701172
2022-04-26,57.06355667114258
2022-04-27,57.51094055175781
2022-04-28,58.06357955932617
2022-04-29,56.677574157714844
2022-05-02,55.651214599609375
2022-05-03,55.33541488647461
2022-05-04,57.04600143432617
2022-05-05,56.5898551940918
2022-05-06,56.7916145324707
2022-05-09,56.677574157714844
2022-05-10,56.1512336730957
2022-05-11,56.414405822753906
2022-05-12,56.5898551940918
2022-05-13,57.65129089355469
2022-05-16,57.86183166503906
2022-05-17,57.70392990112305
2022-05-18,53.68622970581055
2022-05-19,52.6335563659668
2022-05-20,53.49324417114258
2022-05-23,55.14242935180664
2022-05-24,56.16000747680664
2022-05-25,56.2038688659668
2022-05-26,56.405635833740234
2022-05-27,56.73896789550781
2022-05-31,55.59857940673828
2022-06-01,55.32664108276367
2022-06-02,55.90560531616211
2022-06-03,55.238922119140625
2022-06-06,55.15119934082031
2022-06-07,55.48454666137695
2022-06-08,55.16874313354492
2022-06-09,54.212562561035156
2022-06-10,53.870445251464844
2022-06-13,53.80904006958008
2022-06-14,52.33348846435547
2022-06-15,52.72225570678711
2022-06-16,52.192115783691406
2022-06-17,52.51020050048828
2022-06-21,53.63232421875
2022-06-22,54.02993392944336
2022-06-23,54.674930572509766
2022-06-24,55.69986343383789
2022-06-27,55.58500289916992
2022-06-28,55.028358459472656
2022-06-29,55.42596435546875
2022-06-30,55.58500289916992
2022-07-01,56.88383865356445
2022-07-05,55.911922454833984
2022-07-06,56.02678680419922
2022-07-07,55.58500289916992
2022-07-08,55.7882194519043
2022-07-11,55.611515045166016
2022-07-12,55.372947692871094
2022-07-13,55.11671447753906
2022-07-14,54.940006256103516
2022-07-15,55.22274398803711
2022-07-18,54.471717834472656
2022-07-19,55.24925231933594
2022-07-20,54.33917999267578
2022-07-21,54.215476989746094
2022-07-22,54.418701171875
2022-07-25,54.94883728027344
2022-07-26,55.85008239746094
2022-07-27,55.67335891723633
2022-07-28,56.60110092163086
2022-07-29,56.69829559326172
2022-08-01,57.00754165649414
2022-08-02,56.230010986328125
2022-08-03,56.47740173339844
2022-08-04,56.25651168823242
2022-08-05,56.000274658203125
2022-08-08,55.63801956176758
2022-08-09,55.70870590209961
2022-08-10,56.23884201049805
2022-08-11,55.85891342163086
2022-08-12,56.283016204833984
2022-08-15,56.989864349365234
2022-08-16,57.458160400390625
2022-08-17,57.32561492919922
2022-08-18,57.62603759765625
2022-08-19,57.58186721801758
2022-08-22,56.724796295166016
2022-08-23,56.78664779663086
2022-08-24,56.866172790527344
2022-08-25,57.140071868896484
2022-08-26,55.76171112060547
2022-08-29,55.42596435546875
2022-08-30,54.91349792480469
2022-08-31,54.52473831176758
2022-09-01,54.78095626831055
2022-09-02,54.02993392944336
2022-09-06,54.05644226074219
2022-09-07,55.05487060546875
2022-09-08,54.886993408203125
2022-09-09,55.06370162963867
2022-09-12,55.22274398803711
2022-09-13,53.42911148071289
2022-09-14,53.71185302734375
2022-09-15,52.98204040527344
2022-09-16,52.99094772338867
2022-09-19,53.39144515991211
2022-09-20,53.31135559082031
2022-09-21,52.8663444519043
2022-09-22,52.74174118041992
2022-09-23,52.154335021972656
2022-09-26,51.50463104248047
2022-09-27,50.17852020263672
2022-09-28,50.7125244140625
2022-09-29,50.34762191772461
2022-09-30,49.85811996459961
2022-10-03,50.41883087158203
2022-10-04,50.534523010253906
2022-10-05,50.053932189941406
2022-10-06,48.97700881958008
2022-10-07,48.51421356201172
2022-10-10,48.40742111206055
2022-10-11,48.48751449584961
2022-10-12,49.07491683959961
2022-10-13,49.72462463378906
2022-10-14,48.932518005371094
2022-10-17,49.564414978027344
2022-10-18,50.23193359375
2022-10-19,49.804725646972656
2022-10-20,49.02151870727539
2022-10-21,49.804725646972656
2022-10-24,51.23763656616211
2022-10-25,52.465843200683594
2022-10-26,52.85744094848633
2022-10-27,52.98204040527344
2022-10-28,54.07674789428711
2022-10-31,53.266845703125
2022-11-01,53.07993698120117
2022-11-02,52.341243743896484
2022-11-03,52.314537048339844
2022-11-04,52.74174118041992
2022-11-07,52.946449279785156
2022-11-08,53.04433822631836
2022-11-09,52.305641174316406
2022-11-10,54.18354797363281
2022-11-11,54.57514953613281
2022-11-14,54.050048828125
2022-11-15,53.9610481262207
2022-11-16,53.863155364990234
2022-11-17,54.03224182128906
2022-11-18,54.41495895385742
2022-11-21,55.25156021118164
2022-11-22,55.491859436035156
2022-11-23,55.741050720214844
2022-11-25,55.79446029663086
2022-11-28,55.80336380004883
2022-11-29,55.60756301879883
2022-11-30,57.01477813720703
2022-12-01,57.176116943359375
2022-12-02,57.67804718017578
2022-12-05,56.8892936706543
2022-12-06,56.862403869628906
2022-12-07,56.95204162597656
2022-12-08,57.19404602050781
2022-12-09,56.593505859375
2022-12-12,57.33745193481445
2022-12-13,57.35537338256836
2022-12-14,57.35537338256836
2022-12-15,56.56662368774414
2022-12-16,56.24394607543945
2022-12-19,56.32461929321289
2022-12-20,56.2797966003418
2022-12-21,57.185081481933594
2022-12-22,56.77277374267578
2022-12-23,57.203006744384766
2022-12-27,57.55256652832031
2022-12-28,56.978919982910156
2022-12-29,57.31952667236328
2022-12-30,57.01477813720703
2023-01-03,56.4232177734375
2023-01-04,56.396324157714844
2023-01-05,55.75096893310547
2023-01-06,56.8265495300293
2023-01-09,56.11845779418945
2023-01-10,55.688228607177734
2023-01-11,55.58066940307617
2023-01-12,54.86361312866211
2023-01-13,55.06081008911133
2023-01-17,55.28489303588867
2023-01-18,53.608768463134766
2023-01-19,53.528106689453125
2023-01-20,53.850772857666016
2023-01-23,53.985225677490234
2023-01-24,54.27205276489258
2023-01-25,54.61264419555664
2023-01-26,54.50509262084961
2023-01-27,54.218265533447266
2023-01-30,54.35271453857422
2023-01-31,54.962215423583984
2023-02-01,54.97117233276367
2023-02-02,54.030033111572266
2023-02-03,53.6266975402832
2023-02-06,53.93144607543945
2023-02-07,53.8418083190918
2023-02-08,53.528106689453125
2023-02-09,53.438472747802734
2023-02-10,53.438472747802734
2023-02-13,54.316856384277344
2023-02-14,53.41157913208008
2023-02-15,53.41157913208008
2023-02-16,53.07994079589844
2023-02-17,53.88663101196289
2023-02-21,53.59981155395508
2023-02-22,53.761138916015625
2023-02-23,53.859737396240234
2023-02-24,53.63566207885742
2023-02-27,53.61773681640625
2023-02-28,53.33987808227539
2023-03-01,52.757266998291016
2023-03-02,53.528106689453125
2023-03-03,53.277130126953125
2023-03-06,54.101749420166016
2023-03-07,53.78803253173828
2023-03-08,53.814918518066406
2023-03-09,53.2950553894043
2023-03-10,53.070980072021484
2023-03-13,53.608768463134766
2023-03-14,53.80595397949219
2023-03-15,54.164485931396484
2023-03-16,54.46254348754883
2023-03-17,54.20964431762695
2023-03-20,54.73349380493164
2023-03-21,54.48060607910156
2023-03-22,54.23674011230469
2023-03-23,54.119327545166016
2023-03-24,55.00446319580078
2023-03-27,55.410892486572266
2023-03-28,55.47411346435547
2023-03-29,55.87151336669922
2023-03-30,55.862483978271484
2023-03-31,56.02506637573242
2023-04-03,56.35924530029297
2023-04-04,56.18764114379883
2023-04-05,56.72052001953125
2023-04-06,56.756656646728516
2023-04-10,56.62117004394531
2023-04-11,56.52182388305664
2023-04-12,56.62117004394531
2023-04-13,57.03664016723633
2023-04-14,56.94632339477539
2023-04-17,57.31663513183594
2023-04-18,57.40695571899414
2023-04-19,57.51533126831055
2023-04-20,57.768226623535156
2023-04-21,57.84952163696289
2023-04-24,57.75919723510742
2023-04-25,57.668880462646484
2023-04-26,57.39791488647461
2023-04-27,57.51533126831055
2023-04-28,57.93983840942383
2023-05-01,58.075313568115234
2023-05-02,57.813385009765625
2023-05-03,57.48823928833008
2023-05-04,57.55146026611328
2023-05-05,57.822418212890625
2023-05-08,57.73209762573242
2023-05-09,57.25341033935547
2023-05-10,57.352760314941406
2023-05-11,57.67790603637695
2023-05-12,57.90370178222656
2023-05-15,57.750160217285156
2023-05-16,57.0998649597168
2023-05-17,57.03664016723633
2023-05-18,56.72052001953125
2023-05-19,56.74763107299805
2023-05-22,55.5554084777832
2023-05-23,55.456050872802734
2023-05-24,54.98640060424805
2023-05-25,54.561893463134766
2023-05-26,54.426414489746094
2023-05-30,53.992881774902344
2023-05-31,53.884490966796875
2023-06-01,54.19158172607422
2023-06-02,55.23929214477539
2023-06-05,54.86897659301758
2023-06-06,54.47157287597656
2023-06-07,54.390289306640625
2023-06-08,54.52576446533203
2023-06-09,54.616085052490234
2023-06-12,54.381256103515625
2023-06-13,54.598018646240234
2023-06-14,54.96833038330078
2023-06-15,55.72368240356445
2023-06-16,56.12411880493164
2023-06-20,55.7509880065918
2023-06-21,55.90570831298828
2023-06-22,56.287933349609375
2023-06-23,55.696388244628906
2023-06-26,55.71459197998047
2023-06-27,55.596282958984375
2023-06-28,55.077545166015625
2023-06-29,54.62249755859375
2023-06-30,54.80451583862305
2023-07-03,55.13214111328125
2023-07-05,55.54167556762695
2023-07-06,55.11394500732422
2023-07-07,54.385887145996094
2023-07-10,53.976356506347656
2023-07-11,54.16746520996094
2023-07-12,54.45869064331055
2023-07-13,54.92282485961914
2023-07-14,55.42336654663086
2023-07-17,55.341461181640625
2023-07-18,55.123046875
2023-07-19,56.09681701660156
2023-07-20,56.77937316894531
2023-07-21,56.82487106323242
2023-07-24,56.84307861328125
2023-07-25,56.65195846557617
2023-07-26,57.38002014160156
2023-07-27,56.82487106323242
2023-07-28,56.86127471923828
2023-07-31,56.36074447631836
2023-08-01,56.21513366699219
2023-08-02,56.388031005859375
2023-08-03,56.09681701660156
2023-08-04,55.250450134277344
2023-08-07,55.68728256225586
2023-08-08,55.44157028198242
2023-08-09,55.5689811706543
2023-08-10,55.44157028198242
2023-08-11,55.66908645629883
2023-08-14,55.40517044067383
2023-08-15,55.03203582763672
2023-08-16,55.041133880615234
2023-08-17,55.15945053100586
2023-08-18,55.468868255615234
2023-08-21,54.99563217163086
2023-08-22,54.65890884399414
2023-08-23,54.85002136230469
2023-08-24,54.70441436767578
2023-08-25,54.959228515625
2023-08-28,55.11394500732422
2023-08-29,55.0593376159668
2023-08-30,55.03203582763672
2023-08-31,54.449588775634766
2023-09-01,53.976356506347656
2023-09-05,53.53041458129883
2023-09-06,53.4940071105957
2023-09-07,53.08448791503906
2023-09-08,53.08448791503906
2023-09-11,53.58502197265625
2023-09-12,53.05717468261719
2023-09-13,53.18458938598633
2023-09-14,53.62488555908203
2023-09-15,53.14789962768555
2023-09-18,53.47812271118164
2023-09-19,53.3680534362793
2023-09-20,53.60654067993164
2023-09-21,52.78098678588867
2023-09-22,52.836021423339844
2023-09-25,52.285648345947266
2023-09-26,51.854515075683594
2023-09-27,51.322486877441406
2023-09-28,51.194068908691406
2023-09-29,51.35000991821289
2023-10-02,50.891357421875
2023-10-03,50.34098815917969
2023-10-04,50.487754821777344
2023-10-05,48.047752380371094
2023-10-06,48.74489974975586
2023-10-09,48.506404876708984
2023-10-10,49.561283111572266
2023-10-11,49.26775360107422
2023-10-12,48.44219207763672
2023-10-13,48.51557159423828
2023-10-16,49.01091384887695
2023-10-17,49.59797668457031
2023-10-18,49.57963180541992
2023-10-19,49.854820251464844
2023-10-20,50.056617736816406
2023-10-23,49.607154846191406
2023-10-24,51.038124084472656
2023-10-25,51.478431701660156
2023-10-26,51.16654968261719
2023-10-27,50.67121505737305
2023-10-30,51.50594711303711
2023-10-31,51.81782531738281
2023-11-01,51.771949768066406
2023-11-02,52.36819839477539
2023-11-03,52.047149658203125
2023-11-06,52.258121490478516
2023-11-07,52.45075988769531
2023-11-08,52.36819839477539
2023-11-09,51.9737663269043
2023-11-10,52.02880096435547
2023-11-13,52.221435546875
2023-11-14,52.37736511230469
2023-11-15,52.478267669677734
2023-11-16,52.42323684692383
2023-11-17,52.52413558959961
2023-11-20,52.652557373046875
2023-11-21,53.23044967651367
2023-11-22,53.588191986083984
2023-11-24,53.72579574584961
2023-11-27,53.62488555908203
2023-11-28,53.73497009277344
2023-11-29,53.413902282714844
2023-11-30,54.03338623046875
2023-12-01,54.21830749511719
2023-12-04,54.15359115600586
2023-12-05,54.2368049621582
2023-12-06,54.18132400512695
2023-12-07,54.310768127441406
2023-12-08,54.19057846069336
2023-12-11,54.58815002441406
2023-12-12,54.939491271972656
2023-12-13,55.411041259765625
2023-12-14,54.58815002441406
2023-12-15,54.18132400512695
2023-12-18,54.56966018676758
2023-12-19,54.39398193359375
2023-12-20,53.2659797668457
2023-12-21,53.61732482910156
2023-12-22,53.92243957519531
2023-12-26,54.14434814453125
2023-12-27,54.28303146362305
2023-12-28,54.32001495361328
2023-12-29,54.486446380615234
2024-01-02,55.30933380126953
2024-01-03,55.438777923583984
2024-01-04,55.25385665893555
2024-01-05,55.1706428527832
2024-01-08,55.57746505737305
2024-01-09,55.47576141357422
2024-01-10,55.660682678222656
2024-01-11,55.30009460449219
2024-01-12,55.83635711669922
2024-01-16,55.466522216796875
2024-01-17,55.466522216796875
2024-01-18,55.62369918823242
2024-01-19,55.31858825683594
2024-01-22,55.07818603515625
2024-01-23,55.337066650390625
2024-01-24,54.467960357666016
2024-01-25,54.699100494384766
2024-01-26,54.89326858520508
2024-01-29,55.226112365722656
2024-01-30,55.38330841064453
2024-01-31,55.00422286987305
2024-02-01,56.38186264038086
2024-02-02,55.97504806518555
2024-02-05,55.51274871826172
2024-02-06,55.42028045654297
2024-02-07,55.466522216796875
2024-02-08,55.31858825683594
2024-02-09,55.06894302368164
2024-02-12,55.19839096069336
2024-02-13,54.8747673034668
2024-02-14,54.819297790527344
2024-02-15,54.92100143432617
2024-02-16,54.91176223754883
2024-02-20,56.122989654541016
2024-02-21,56.62226486206055
2024-02-22,56.53904724121094
2024-02-23,56.58528137207031
2024-02-26,56.13222122192383
2024-02-27,55.79011917114258
2024-02-28,55.845603942871094
2024-02-29,55.4942512512207
2024-03-01,55.04119873046875
2024-03-04,55.30009460449219
2024-03-05,55.031959533691406
2024-03-06,55.0596923828125
2024-03-07,54.957984924316406
2024-03-08,55.031959533691406
2024-03-11,55.697669982910156
2024-03-12,55.93806076049805
2024-03-13,56.51131057739258
2024-03-14,56.38549041748047
2024-03-15,55.807655334472656
2024-03-18,56.0406608581543
2024-03-19,56.13385009765625
2024-03-20,56.61848831176758
2024-03-21,56.35752868652344
2024-03-22,56.37617492675781
2024-03-25,56.292293548583984
2024-03-26,56.42277526855469
2024-03-27,56.87944412231445
2024-03-28,57.01924514770508
2024-04-01,56.553245544433594
2024-04-02,56.059288024902344
2024-04-03,55.76106643676758
2024-04-04,55.267112731933594
2024-04-05,55.46281814575195
2024-04-08,55.23914337158203
2024-04-09,55.658538818359375
2024-04-10,54.91293716430664
2024-04-11,55.03410339355469
2024-04-12,54.316471099853516
2024-04-15,54.18598937988281
2024-04-16,54.11143493652344
2024-04-17,54.530826568603516
2024-04-18,54.903629302978516
2024-04-19,56.07793045043945
2024-04-22,56.43208694458008
2024-04-23,56.5159797668457
2024-04-24,57.364078521728516
2024-04-25,57.541160583496094
2024-04-26,57.541160583496094
2024-04-29,57.82075881958008
2024-04-30,57.569122314453125
2024-05-01,57.71824264526367
2024-05-02,57.77416229248047
2024-05-03,57.94192123413086
2024-05-06,58.109676361083984
2024-05-07,58.36130905151367
2024-05-08,58.5756721496582
2024-05-09,58.60363006591797
2024-05-10,58.957786560058594
2024-05-13,59.25602722167969
2024-05-14,58.80866241455078
2024-05-15,58.83662414550781
2024-05-16,59.01370620727539
2024-05-17,58.74343490600586
2024-05-20,58.31471252441406
2024-05-21,58.631587982177734
2024-05-22,58.71546936035156
2024-05-23,57.86736297607422
2024-05-24,57.78347396850586
2024-05-28,57.615726470947266
2024-05-29,57.503883361816406
2024-05-30,57.75551986694336
2024-05-31,58.650238037109375
2024-06-03,58.650238037109375
2024-06-04,59.59153747558594
2024-06-05,59.572898864746094
2024-06-06,59.787261962890625
2024-06-07,59.5635871887207
2024-06-10,59.265342712402344
2024-06-11,59.228065490722656
2024-06-12,58.60363006591797
2024-06-13,58.70615005493164
2024-06-14,58.748416900634766
2024-06-17,58.814151763916016
2024-06-18,58.823551177978516
2024-06-20,58.400901794433594
2024-06-21,58.95504379272461
2024-06-24,60.08211898803711
2024-06-25,59.96001052856445
2024-06-26,60.15725326538086
2024-06-27,60.0257568359375
2024-06-28,59.78156280517578
2024-07-01,59.434043884277344
2024-07-02,59.31195068359375
2024-07-03,59.48101043701172
2024-07-05,59.8848762512207
2024-07-08,59.13350296020508
2024-07-09,58.87990188598633
2024-07-10,59.01140213012695
2024-07-11,59.26498031616211
2024-07-12,59.828521728515625
2024-07-15,59.55614471435547
2024-07-16,60.36387634277344
2024-07-17,61.24674987792969
2024-07-18,61.22796630859375
2024-07-19,61.32188034057617
2024-07-22,60.8334846496582
2024-07-23,61.01194381713867
2024-07-24,61.81028366088867
2024-07-25,62.05447769165039
2024-07-26,62.97493362426758
2024-07-29,62.768287658691406
2024-07-30,63.56662368774414
2024-07-31,62.68375778198242
2024-08-01,63.82960891723633
2024-08-02,65.11634063720703
2024-08-05,63.96110916137695
2024-08-06,63.914146423339844
2024-08-07,64.2992172241211
2024-08-08,64.55281066894531
2024-08-09,64.50585174560547
2024-08-12,64.02684020996094
2024-08-13,64.2992172241211
2024-08-14,64.41191864013672
2024-08-15,64.4776840209961
2024-08-16,64.97545623779297
2024-08-19,64.7876205444336
2024-08-20,65.1633071899414
2024-08-21,65.34175109863281
2024-08-22,65.11634063720703
2024-08-23,65.54839324951172
2024-08-26,66.53458404541016
2024-08-27,67.15445709228516
2024-08-28,67.3892593383789
2024-08-29,67.6710205078125
2024-08-30,68.06551361083984
2024-09-03,68.57269287109375
2024-09-04,68.15003204345703
2024-09-05,66.8445053100586
2024-09-06,66.81634521484375
2024-09-09,67.48319244384766
2024-09-10,67.201416015625
2024-09-11,66.7599868774414
2024-09-12,66.90087890625
2024-09-13,67.52974700927734
2024-09-16,68.18224334716797
2024-09-17,67.8985366821289
2024-09-18,67.85125732421875
2024-09-19,66.78266143798828
2024-09-20,67.74723052978516
2024-09-23,67.83235168457031
2024-09-24,67.45409393310547
2024-09-25,67.56756591796875
2024-09-26,67.5202865600586
2024-09-27,67.88908386230469
2024-09-30,67.95529174804688
2024-10-01,67.81343841552734
2024-10-02,67.15147399902344
2024-10-03,66.68810272216797
2024-10-04,66.35710906982422
2024-10-07,65.26014709472656
2024-10-08,65.42090606689453
2024-10-09,65.78970336914062
2024-10-10,65.48711395263672
2024-10-11,65.78970336914062
2024-10-14,66.51787567138672
2024-10-15,66.51787567138672
2024-10-16,66.73538208007812
2024-10-17,66.10179901123047
2024-10-18,66.6124496459961
2024-10-21,65.67623138427734
2024-10-22,65.67623138427734
2024-10-23,64.31449127197266
2024-10-24,63.643062591552734
2024-10-25,63.28370666503906
2024-10-28,63.04729080200195
2024-10-29,61.99760818481445
2024-10-30,62.33804702758789
2024-10-31,61.76118850708008
2024-11-01,61.47750473022461
2024-11-04,61.572059631347656
2024-11-05,61.81794357299805
2024-11-06,60.238685607910156
2024-11-07,60.200862884521484
2024-11-08,60.44672393798828
2024-11-11,59.91716003417969
2024-11-12,59.76585006713867
2024-11-13,59.576717376708984
2024-11-14,59.15117263793945
2024-11-15,58.38518524169922
2024-11-18,58.498661041259766
2024-11-19,59.18899917602539
2024-11-20,59.567264556884766
2024-11-21,60.29542541503906
2024-11-22,60.44672393798828
2024-11-25,60.88173294067383
2024-11-26,61.04249954223633
2024-11-27,60.92901611328125
2024-11-29,61.05765151977539
2024-12-02,60.64793395996094
2024-12-03,60.5240592956543
2024-12-04,59.275848388671875
2024-12-05,59.95235824584961
2024-12-06,59.58075714111328
2024-12-09,59.64745330810547
2024-12-10,59.94282913208008
2024-12-11,59.685569763183594
2024-12-12,60.82896423339844
2024-12-13,60.14292526245117
2024-12-16,59.59981155395508
2024-12-17,60.40972137451172
2024-12-18,59.885658264160156
2024-12-19,59.5045280456543
2024-12-20,59.59981155395508
2024-12-23,59.43783187866211
2024-12-24,59.876136779785156
2024-12-26,59.618865966796875
2024-12-27,59.5045280456543
2024-12-30,59.104331970214844
2024-12-31,59.323486328125
2025-01-02,58.92329788208008
2025-01-03,58.837547302246094
2025-01-06,57.9418830871582
2025-01-07,57.970458984375
2025-01-08,58.7994270324707
2025-01-10,58.18961715698242
2025-01-13,58.74226379394531
2025-01-14,59.113861083984375
2025-01-15,58.85660171508789
2025-01-16,59.313961029052734
2025-01-17,59.75226974487305
2025-01-21,59.47593688964844
2025-01-22,58.86612319946289
2025-01-23,58.6279182434082
2025-01-24,58.99951934814453
2025-01-27,60.85755157470703
2025-01-28,59.41877365112305
2025-01-29,59.86661148071289
2025-01-30,61.02906036376953
2025-01-31,60.48594665527344
2025-02-03,60.36207580566406
2025-02-04,59.714149475097656
2025-02-05,60.14292526245117
2025-02-06,60.37160873413086
2025-02-07,60.82896423339844
2025-02-10,61.5054817199707
2025-02-11,64.41162872314453
2025-02-12,65.46926879882812
2025-02-13,66.22201538085938
2025-02-14,65.62173461914062
2025-02-18,65.79324340820312
2025-02-19,66.76512145996094
2025-02-20,66.7365493774414
2025-02-21,67.98475646972656
2025-02-24,67.2605972290039
2025-02-25,68.11814880371094
2025-02-26,67.46068572998047
2025-02-27,67.52739715576172
2025-02-28,67.85135650634766
2025-03-03,68.90900421142578
2025-03-04,66.87946319580078
2025-03-05,66.77466583251953
2025-03-06,67.1367416381836
2025-03-07,68.06097412109375
2025-03-10,68.08003997802734
2025-03-11,67.68939208984375
2025-03-12,66.6412582397461
2025-03-13,66.33635711669922
2025-03-14,66.38434600830078
2025-03-17,67.30582427978516
2025-03-18,66.59551239013672
2025-03-19,66.4995346069336
2025-03-20,66.91226959228516
2025-03-21,65.91400909423828
2025-03-24,66.18276977539062
2025-03-25,66.04839324951172
2025-03-26,67.2098388671875
2025-03-27,67.90093231201172
2025-03-28,67.54578399658203
2025-03-31,68.74560546875
2025-04-01,68.98558807373047
2025-04-02,68.46725463867188
2025-04-03,70.24300384521484
2025-04-04,67.1234359741211
2025-04-07,65.62605285644531
2025-04-08,65.6740493774414
2025-04-09,67.14263153076172
2025-04-10,67.92012786865234
2025-04-11,68.563232421875
2025-04-14,69.54228973388672
2025-04-15,68.97598266601562
2025-04-16,68.8031997680664
2025-04-17,70.07022857666016
2025-04-21,69.84945678710938
2025-04-22,70.93411254882812
2025-04-23,70.35820007324219
2025-04-24,69.6094970703125
2025-04-25,69.02398681640625
2025-04-28,68.90879821777344
2025-04-29,69.4463119506836
2025-04-30,69.6382827758789
2025-05-01,68.42886352539062
2025-05-02,68.77442169189453
2025-05-05,68.82240295410156
2025-05-06,68.84159851074219
2025-05-07,69.49431610107422
2025-05-08,68.31366729736328
2025-05-09,67.68976593017578
2025-05-12,66.73949432373047
2025-05-13,66.1923599243164
2025-05-14,66.38434600830078
2025-05-15,68.73601531982422
2025-05-16,69.11036682128906
2025-05-19,69.04316711425781
2025-05-20,68.81281280517578
2025-05-21,68.96638488769531
2025-05-22,68.28488159179688
2025-05-23,68.88959503173828
2025-05-27,68.8991928100586
2025-05-28,68.29447937011719
2025-05-29,68.6208267211914
2025-05-30,69.20634460449219
2025-06-02,69.11036682128906
2025-06-03,68.30408477783203
2025-06-04,68.50564575195312
2025-06-05,68.06411743164062
2025-06-06,68.4864501953125
2025-06-09,68.88959503173828
2025-06-10,69.4463119506836
2025-06-11,69.17755889892578
2025-06-12,69.3407211303711
2025-06-13,68.65438079833984
2025-06-16,68.1710433959961
2025-06-17,67.30101776123047
2025-06-18,66.90467071533203
2025-06-20,66.54698944091797
2025-06-23,67.41702270507812
2025-06-24,67.8713607788086
2025-06-25,67.31068420410156
2025-06-26,67.15602111816406
2025-06-27,67.98736572265625
2025-06-30,68.39337158203125
2025-07-01,69.28273010253906
2025-07-02,68.54805755615234
2025-07-03,68.973388671875
2025-07-07,68.64471435546875
2025-07-08,67.9003677368164
2025-07-09,67.16567993164062
2025-07-10,67.44601440429688
2025-07-11,67.54269409179688
2025-07-14,67.15602111816406
2025-07-15,67.04967498779297
2025-07-16,66.9626693725586
2025-07-17,68.23870086669922
2025-07-18,67.52335357666016
2025-07-21,67.73602294921875
2025-07-22,67.33969116210938
2025-07-23,66.85633850097656
2025-07-24,66.79833221435547
2025-07-25,66.86600494384766
2025-07-28,65.82196807861328
2025-07-29,67.06900787353516
2025-07-30,66.45999145507812
2025-07-31,65.6286392211914
2025-08-01,66.56633758544922
2025-08-04,66.6629867553711
2025-08-05,66.75
2025-08-06,67.1946792602539
2025-08-07,68.08403778076172
2025-08-08,67.99703216552734
2025-08-11,68.39337158203125
2025-08-12,68.35470581054688
2025-08-13,68.113037109375
2025-08-14,67.23334503173828
2025-08-15,67.59101104736328
2025-08-18,66.82733917236328
2025-08-19,67.79402923583984
2025-08-20,68.34504699707031
2025-08-21,68.30638122558594
2025-08-22,67.79402923583984
2025-08-25,66.63399505615234
2025-08-26,66.44066619873047
2025-08-27,66.5373306274414
2025-08-28,66.0829849243164
2025-08-29,66.69200134277344
2025-09-02,66.7596664428711
2025-09-03,66.69200134277344
2025-09-04,65.97665405273438
2025-09-05,65.69629669189453
2025-09-08,65.1839599609375
2025-09-09,65.59964752197266
2025-09-10,65.56097412109375
2025-09-11,65.36763763427734
2025-09-12,64.77796173095703
2025-09-15,64.49546813964844
2025-09-16,64.52468872070312
2025-09-17,65.30396270751953
2025-09-18,64.73898315429688
2025-09-19,64.70976257324219
2025-09-22,64.49546813964844
2025-09-23,64.98251342773438
2025-09-24,64.729248046875
2025-09-25,64.27142333984375
2025-09-26,63.96943664550781
2025-09-29,64.32986450195312
2025-09-30,64.60260772705078
2025-10-01,65.05069732666016
2025-10-02,64.3883056640625
2025-10-03,64.92406463623047
2025-10-06,64.3883056640625
2025-10-07,65.0604476928711
2025-10-08,64.40779113769531
2025-10-09,64.65132904052734
2025-10-10,65.30396270751953
2025-10-13,65.07018280029297
2025-10-14,65.76180267333984
2025-10-15,65.34293365478516
2025-10-16,65.8397216796875
2025-10-17,66.66771697998047
2025-10-20,66.66771697998047
2025-10-21,69.37572479248047
2025-10-22,68.97633361816406
2025-10-23,68.12887573242188
2025-10-24,67.90482330322266
2025-10-27,68.24575805664062
2025-10-28,68.34317779541016
2025-10-29,66.58003997802734
2025-10-30,67.19373321533203
2025-10-31,67.11580657958984
2025-11-03,66.20988464355469
2025-11-04,66.88201904296875
2025-11-05,66.73590087890625
2025-11-06,67.27165222167969
2025-11-07,68.72307586669922
2025-11-10,68.69385528564453
2025-11-11,69.75562286376953
2025-11-12,69.6582260131836
2025-11-13,69.22960662841797
2025-11-14,69.3172836303711
2025-11-17,68.8497085571289
2025-11-18,69.37572479248047
2025-11-19,69.26856994628906
2025-11-20,69.36597442626953
2025-11-21,71.06092834472656
2025-11-24,70.71024322509766
2025-11-25,70.72972869873047
2025-11-26,70.99274444580078
2025-11-28,71.22653198242188
2025-12-01,70.57909393310547
2025-12-02,69.323486328125
2025-12-03,69.4608154296875
2025-12-04,69.10767364501953
2025-12-05,68.66624450683594
2025-12-08,68.91149139404297
2025-12-09,68.75453186035156
2025-12-10,68.87224578857422
2025-12-11,67.79320526123047
2025-12-12,69.17634582519531
2025-12-15,69.61776733398438
2025-12-16,69.02920532226562
2025-12-17,69.323486328125
2025-12-18,69.0193862915039
2025-12-19,68.72510528564453
2025-12-22,68.87224578857422
2025-12-23,68.53873443603516
2025-12-24,68.77415466308594
2025-12-26,68.53873443603516
2025-12-29,68.82320404052734
2025-12-30,68.73492431640625
2025-12-31,68.57797241210938
2026-01-02,67.80302429199219
2026-01-05,66.64550018310547
2026-01-06,66.54740905761719
2026-01-07,66.25312042236328
2026-01-08,68.04825592041016
2026-01-09,69.16653442382812
2026-01-12,69.15673065185547
2026-01-13,69.88262939453125
2026-01-14,70.07882690429688
2026-01-15,69.1371078491211
2026-01-16,69.0978775024414
2026-01-20,70.3829116821289
2026-01-21,70.63795471191406
2026-01-22,70.50062561035156
2026-01-23,71.49137878417969
2026-01-26,71.1774673461914
2026-01-27,72.14862060546875
2026-01-28,71.6679458618164
2026-01-29,72.03089904785156
2026-01-30,73.38459777832031
2026-02-02,73.89469909667969
2026-02-03,75.42496490478516
2026-02-04,75.8761978149414
2026-02-05,77.01410675048828
2026-02-06,77.5241928100586
2026-02-09,76.48440551757812
2026-02-10,75.34649658203125
2026-02-11,77.10238647460938
2026-02-12,77.4947738647461
2026-02-13,77.18087005615234
2026-02-17,78.04409790039062
2026-02-18,77.97543334960938
2026-02-19,77.406494140625
2026-02-20,78.31876373291016
2026-02-23,79.0250473022461
2026-02-24,79.18199920654297
2026-02-25,78.936767578125
2026-02-26,78.96619415283203
2026-02-27,80.00598907470703
2026-03-02,78.6915283203125
2026-03-03,77.82829284667969
2026-03-04,76.6119155883789
2026-03-05,75.56230926513672
2026-03-06,75.57211303710938
2026-03-09,76.31764221191406
2026-03-10,76.39611053466797
2026-03-11,76.15087127685547
2026-03-12,76.13125610351562
2026-03-13,76.38805389404297
2026-03-16,76.86214447021484
2026-03-17,76.62510681152344
2026-03-18,75.034912109375
2026-03-19,74.6200942993164
2026-03-20,73.8299331665039
2026-03-23,74.18550872802734
2026-03-24,73.75092315673828
2026-03-25,74.32378387451172
2026-03-26,73.77067565917969
2026-03-27,74.77811431884766
2026-03-30,75.33122253417969
2026-03-31,75.11393737792969
2026-04-01,75.14356231689453
2026-04-02,75.77568817138672
2026-04-06,76.26953125
2026-04-07,74.97566223144531
2026-04-08,76.33867645263672
2026-04-09,77.21771240234375
2026-04-10,76.5164566040039
2026-04-13,75.46951293945312
2026-04-14,74.96577453613281
2026-04-15,74.3830337524414
2026-04-16,74.25464630126953
2026-04-17,74.80774688720703
2026-04-20,74.55094909667969
2026-04-21,73.7805404663086
2026-04-22,73.71141052246094
2026-04-23,75.34110260009766
2026-04-24,75.68679809570312
2026-04-27,74.51144409179688
2026-04-28,77.3856201171875
2026-04-29,77.89922332763672
2026-04-30,77.79058074951172
2026-05-01,77.61279296875
2026-05-04,77.22759246826172
2026-05-05,77.51402282714844
2026-05-06,78.25479125976562
2026-05-07,77.46463775634766
2026-05-08,77.45475769042969
2026-05-11,77.69181060791016
2026-05-12,79.0449447631836
2026-05-13,79.27210998535156
2026-05-14,79.45977783203125
2026-05-15,79.82522583007812
2026-05-18,80.2005386352539
2026-05-19,80.91168212890625
2026-05-20,80.5462417602539
2026-05-21,80.17090606689453
2026-05-22,80.47710418701172
2026-05-26,79.46965026855469
2026-05-27,80.6153793334961
2026-05-28,79.42027282714844
2026-05-29,78.0374984741211
2026-06-01,77.67205810546875
2026-06-02,77.44489288330078
2026-06-03,77.79058074951172
2026-06-04,75.87445831298828
2026-06-05,78.50171661376953
2026-06-08,78.56098175048828
2026-06-09,80.33881378173828
2026-06-10,82.56111907958984
2026-06-11,81.51417541503906
2026-06-12,81.60306549072266
2026-06-15,80.43006896972656
2026-06-16,79.80380249023438
2026-06-17,79.45587921142578
2026-06-18,78.91908264160156
2026-06-22,79.0582504272461
2026-06-23,79.8336181640625
2026-06-24,80.12190246582031
2026-06-25,79.9429702758789
2026-06-26,82.13985443115234
2026-06-29,82.15974426269531
2026-06-30,80.78792572021484
2026-07-01,80.80780792236328
2026-07-02,83.64089965820312
2026-07-06,82.46790313720703
2026-07-07,83.55143737792969
2026-07-08,82.9052963256836
2026-07-09,82.13985443115234
2026-07-10,82.99475860595703
2026-07-13,83.75025177001953
2026-07-14,82.58719635009766
2026-07-15,81.96092224121094
2026-07-16,84.41627502441406
2026-07-17,81.07620239257812
2026-07-20,81.63288879394531
2026-07-21,81.48377990722656
2026-07-22,81.71240997314453
2026-07-23,80.68852233886719
2026-07-24,81.76211547851562
2026-07-27,83.57131958007812
2026-07-28,87.74639892578125
2026-07-29,88.55160522460938
2026-07-30,87.96509552001953
2026-07-31,87.0704345703125
2026-08-03,86.34477233886719
2026-08-04,86.04654693603516
2026-08-05,86.31494903564453
2026-08-06,86.33482360839844
2026-08-07,86.53364562988281
2026-08-10,86.3547134399414
2026-08-11,85.96702575683594
2026-08-12,86.1956558227539
2026-08-13,86.90144348144531
2026-08-14,87.18972778320312
2026-08-17,86.46405792236328
2026-08-18,88.29314422607422
2026-08-19,89.8140640258789
2026-08-20,89.96318054199219
2026-08-21,90.55961608886719
2026-08-24,91.4443359375
2026-08-25,91.0964126586914
2026-08-26,89.54566955566406
2026-08-27,88.5317153930664
2026-08-28,89.12816619873047
2026-08-31,88.14402770996094
2026-09-01,87.4780044555664
2026-09-02,87.71658325195312
2026-09-03,88.283203125
2026-09-04,87.54759216308594
2026-09-08,87.83586883544922
2026-09-09,87.03067779541016
2026-09-10,87.30902099609375
2026-09-11,87.76628875732422
2026-09-14,88.81999969482422
2026-09-15,88.70999908447266
2026-09-16,87.87000274658203
2026-09-17,88.05999755859375
2026-09-18,88.25
2026-09-21,87.12000274658203
2026-09-22,88.61000061035156
2026-09-23,88.08999633789062
2026-09-24,88.0999984741211
2026-09-25,87.80999755859375
2026-09-28,87.18000030517578
2026-09-29,86.83999633789062
