date,close
2012-05-18,37.86731719970703
2012-05-21,33.7071647644043
2012-05-22,30.705909729003906
2012-05-23,31.69641876220703
2012-05-24,32.716651916503906
2012-05-25,31.607276916503906
2012-05-29,28.5664005279541
2012-05-30,27.922565460205078
2012-05-31,29.319189071655273
2012-06-01,27.4570255279541
2012-06-04,26.644805908203125
2012-06-05,25.62457847595215
2012-06-06,26.5556583404541
2012-06-07,26.060400009155273
2012-06-08,26.84290885925293
2012-06-11,26.75376319885254
2012-06-12,27.140058517456055
2012-06-13,27.011293411254883
2012-06-14,28.021617889404297
2012-06-15,29.725303649902344
2012-06-18,31.11202049255371
2012-06-19,31.607276916503906
2012-06-20,31.300214767456055
2012-06-21,31.537939071655273
2012-06-22,32.736454010009766
2012-06-25,31.7558536529541
2012-06-26,32.785987854003906
2012-06-27,31.92423439025879
2012-06-28,31.0624942779541
2012-06-29,30.80495834350586
2012-07-02,30.478090286254883
2012-07-03,30.90401268005371
2012-07-05,31.171449661254883
2012-07-06,31.42898178100586
2012-07-09,31.864809036254883
2012-07-10,31.171449661254883
2012-07-11,30.676191329956055
2012-07-12,30.517709732055664
2012-07-13,30.428565979003906
2012-07-16,27.981996536254883
2012-07-17,27.823514938354492
2012-07-18,28.83384132385254
2012-07-19,28.724882125854492
2012-07-20,28.487157821655273
2012-07-23,28.47725486755371
2012-07-24,28.18010139465332
2012-07-25,29.06165313720703
2012-07-26,26.595279693603516
2012-07-27,23.485065460205078
2012-07-30,22.93037986755371
2012-07-31,21.504039764404297
2012-08-01,20.681915283203125
2012-08-02,19.84988784790039
2012-08-03,20.889925003051758
2012-08-06,21.712045669555664
2012-08-07,20.5234317779541
2012-08-08,20.5234317779541
2012-08-09,20.810684204101562
2012-08-10,21.603090286254883
2012-08-13,21.395084381103516
2012-08-14,20.186656951904297
2012-08-15,20.99888038635254
2012-08-16,19.68149757385254
2012-08-17,18.869274139404297
2012-08-20,19.820167541503906
2012-08-21,18.97823143005371
2012-08-22,19.255573272705078
2012-08-23,19.255573272705078
2012-08-24,19.225860595703125
2012-08-27,18.968324661254883
2012-08-28,19.156524658203125
2012-08-29,18.918800354003906
2012-08-30,18.908897399902344
2012-08-31,17.8886661529541
2012-09-04,17.56180191040039
2012-09-05,18.40373420715332
2012-09-06,18.78012466430664
2012-09-07,18.79994010925293
2012-09-10,18.631553649902344
2012-09-11,19.245670318603516
2012-09-12,20.731441497802734
2012-09-13,20.513525009155273
2012-09-14,21.791290283203125
2012-09-17,21.31584358215332
2012-09-18,21.662525177001953
2012-09-19,23.069053649902344
2012-09-20,22.37569236755371
2012-09-21,22.643129348754883
2012-09-24,20.5927677154541
2012-09-25,20.08760643005371
2012-09-26,20.42438316345215
2012-09-27,20.127225875854492
2012-09-28,21.454517364501953
2012-10-01,21.781383514404297
2012-10-02,22.058727264404297
2012-10-03,21.622901916503906
2012-10-04,21.74176597595215
2012-10-05,20.711631774902344
2012-10-08,20.206470489501953
2012-10-09,20.03807830810547
2012-10-10,19.453678131103516
2012-10-11,19.562637329101562
2012-10-12,19.334815979003906
2012-10-15,19.334815979003906
2012-10-16,19.295194625854492
2012-10-17,19.6914005279541
2012-10-18,18.79994010925293
2012-10-19,18.819751739501953
2012-10-22,19.1367130279541
2012-10-23,19.31500816345215
2012-10-24,23.009618759155273
2012-10-25,22.345979690551758
2012-10-26,21.731857299804688
2012-10-31,20.90973472595215
2012-11-01,21.008785247802734
2012-11-02,20.979068756103516
2012-11-05,21.04840660095215
2012-11-06,20.96916389465332
2012-11-07,20.27580451965332
2012-11-08,19.800357818603516
2012-11-09,19.027755737304688
2012-11-12,19.879600524902344
2012-11-13,19.67159080505371
2012-11-14,22.147871017456055
2012-11-15,21.959674835205078
2012-11-16,23.336490631103516
2012-11-19,22.70256233215332
2012-11-20,22.8808536529541
2012-11-21,24.089282989501953
2012-11-23,23.772315979003906
2012-11-26,25.693910598754883
2012-11-27,25.901918411254883
2012-11-28,26.109926223754883
2012-11-29,27.060821533203125
2012-11-30,27.7343692779541
2012-12-03,26.783475875854492
2012-12-04,27.199491500854492
2012-12-05,27.447120666503906
2012-12-06,26.714141845703125
2012-12-07,27.229206085205078
2012-12-10,27.57588768005371
2012-12-11,27.71455955505371
2012-12-12,27.31835174560547
2012-12-13,27.972089767456055
2012-12-14,26.5556583404541
2012-12-17,26.496225357055664
2012-12-18,27.447120666503906
2012-12-19,27.149967193603516
2012-12-20,27.100440979003906
2012-12-21,26.010879516601562
2012-12-24,26.674518585205078
2012-12-26,26.25850486755371
2012-12-27,25.80286407470703
2012-12-28,25.66419792175293
2012-12-31,26.367462158203125
2013-01-02,27.7343692779541
2013-01-03,27.50655174255371
2013-01-04,28.487157821655273
2013-01-07,29.14089584350586
2013-01-08,28.784313201904297
2013-01-09,30.299802780151367
2013-01-10,31.003063201904297
2013-01-11,31.419076919555664
2013-01-14,30.65638542175293
2013-01-15,29.81444549560547
2013-01-16,29.56682014465332
2013-01-17,29.85406494140625
2013-01-18,29.378620147705078
2013-01-22,30.43846893310547
2013-01-23,30.527616500854492
2013-01-24,30.785146713256836
2013-01-25,31.240787506103516
2013-01-28,32.161956787109375
2013-01-29,30.49789810180664
2013-01-30,30.94363021850586
2013-01-31,30.686100006103516
2013-02-01,29.447954177856445
2013-02-04,27.843326568603516
2013-02-05,28.36829948425293
2013-02-06,28.774404525756836
2013-02-07,28.378204345703125
2013-02-08,28.27914810180664
2013-02-11,27.991901397705078
2013-02-12,27.110347747802734
2013-02-13,27.645227432250977
2013-02-14,28.22962188720703
2013-02-15,28.051332473754883
2013-02-19,28.655546188354492
2013-02-20,28.190004348754883
2013-02-21,27.021202087402344
2013-02-22,26.872621536254883
2013-02-25,27.011293411254883
2013-02-26,27.130155563354492
2013-02-27,26.615093231201172
2013-02-28,26.991485595703125
2013-03-01,27.516454696655273
2013-03-04,27.4570255279541
2013-03-05,27.258922576904297
2013-03-06,27.189586639404297
2013-03-07,28.308862686157227
2013-03-08,27.694747924804688
2013-03-11,27.87303924560547
2013-03-12,27.565980911254883
2013-03-13,26.823097229003906
2013-03-14,26.783475875854492
2013-03-15,26.39717674255371
2013-03-18,26.23869514465332
2013-03-19,26.298126220703125
2013-03-20,25.614667892456055
2013-03-21,25.495807647705078
2013-03-22,25.485902786254883
2013-03-25,24.8915958404541
2013-03-26,24.97083282470703
2013-03-27,25.842485427856445
2013-03-28,25.33732795715332
2013-04-01,25.28780174255371
2013-04-02,25.178842544555664
2013-04-03,26.000967025756836
2013-04-04,26.81319236755371
2013-04-05,27.130155563354492
2013-04-08,26.595279693603516
2013-04-09,26.33774757385254
2013-04-10,27.30845069885254
2013-04-11,27.754182815551758
2013-04-12,27.140058517456055
2013-04-15,26.26840591430664
2013-04-16,26.664615631103516
2013-04-17,26.377363204956055
2013-04-18,25.4462833404541
2013-04-19,25.485902786254883
2013-04-22,25.7236270904541
2013-04-23,25.733530044555664
2013-04-24,25.8622989654541
2013-04-25,25.892011642456055
2013-04-26,26.595279693603516
2013-04-29,26.724044799804688
2013-04-30,27.50655174255371
2013-05-01,27.16977882385254
2013-05-02,28.695165634155273
2013-05-03,28.041423797607422
2013-05-06,27.30845069885254
2013-05-07,26.634899139404297
2013-05-08,26.86271858215332
2013-05-09,26.783475875854492
2013-05-10,26.426891326904297
2013-05-13,26.56556510925293
2013-05-14,26.81319236755371
2013-05-15,26.3476505279541
2013-05-16,25.88210678100586
2013-05-17,26.000967025756836
2013-05-20,25.515615463256836
2013-05-21,25.41657066345215
2013-05-22,24.921310424804688
2013-05-23,24.8222599029541
2013-05-24,24.079374313354492
2013-05-28,23.871366500854492
2013-05-29,23.098766326904297
2013-05-30,24.317096710205078
2013-05-31,24.11899757385254
2013-06-03,23.623741149902344
2013-06-04,23.29686737060547
2013-06-05,22.682748794555664
2013-06-06,22.752086639404297
2013-06-07,23.069053649902344
2013-06-10,24.09918785095215
2013-06-11,23.802034378051758
2013-06-12,23.544498443603516
2013-06-13,23.50487518310547
2013-06-14,23.405826568603516
2013-06-17,23.79212760925293
2013-06-18,23.980321884155273
2013-06-19,24.079374313354492
2013-06-20,23.67326545715332
2013-06-21,24.297290802001953
2013-06-24,23.712886810302734
2013-06-25,24.01994514465332
2013-06-26,23.930801391601562
2013-06-27,24.426055908203125
2013-06-28,24.643962860107422
2013-07-01,24.57463264465332
2013-07-02,24.17842674255371
2013-07-03,24.287385940551758
2013-07-05,24.138809204101562
2013-07-08,24.475582122802734
2013-07-09,25.23827362060547
2013-07-10,25.555238723754883
2013-07-11,25.565143585205078
2013-07-12,25.66419792175293
2013-07-15,26.030691146850586
2013-07-16,26.07030487060547
2013-07-17,26.39717674255371
2013-07-18,25.9316349029541
2013-07-19,25.63448143005371
2013-07-22,25.80286407470703
2013-07-23,25.88210678100586
2013-07-24,26.25850486755371
2013-07-25,34.03403091430664
2013-07-26,33.68735122680664
2013-07-29,35.09387969970703
2013-07-30,37.27301025390625
2013-07-31,36.45087814331055
2013-08-01,37.13434600830078
2013-08-02,37.689022064208984
2013-08-05,38.818206787109375
2013-08-06,38.18428421020508
2013-08-07,38.501243591308594
2013-08-08,38.174381256103516
2013-08-09,38.13475799560547
2013-08-12,37.85741424560547
2013-08-13,36.66879653930664
2013-08-14,36.30230712890625
2013-08-15,36.21316146850586
2013-08-16,36.728233337402344
2013-08-19,37.4513053894043
2013-08-20,38.04561233520508
2013-08-21,37.95646286010742
2013-08-22,38.18428421020508
2013-08-23,40.16530990600586
2013-08-26,40.94781494140625
2013-08-27,39.263938903808594
2013-08-28,40.16530990600586
2013-08-29,40.88838577270508
2013-08-30,40.89830017089844
2013-09-03,41.4727897644043
2013-09-04,41.38364028930664
2013-09-05,42.25529861450195
2013-09-06,43.53305435180664
2013-09-09,43.62220001220703
2013-09-10,43.18636703491211
2013-09-11,44.61271286010742
2013-09-12,44.325462341308594
2013-09-13,43.8896369934082
2013-09-16,42.10671615600586
2013-09-17,44.64242935180664
2013-09-18,44.80091857910156
2013-09-19,45.54379653930664
2013-09-20,47.03947067260742
2013-09-23,46.74231719970703
2013-09-24,47.99036407470703
2013-09-25,48.990779876708984
2013-09-26,49.911949157714844
2013-09-27,50.7538948059082
2013-09-30,49.75346755981445
2013-10-01,49.94166564941406
2013-10-02,49.803001403808594
2013-10-03,48.71343994140625
2013-10-04,50.55579376220703
2013-10-07,50.04072189331055
2013-10-08,46.692787170410156
2013-10-09,46.3263053894043
2013-10-10,48.584678649902344
2013-10-11,48.64410400390625
2013-10-14,49.040306091308594
2013-10-15,49.03040313720703
2013-10-16,50.65483856201172
2013-10-17,51.714691162109375
2013-10-18,53.705631256103516
2013-10-21,53.33913803100586
2013-10-22,52.180233001708984
2013-10-23,51.40763854980469
2013-10-24,51.952415466308594
2013-10-25,51.45716094970703
2013-10-28,49.75346755981445
2013-10-29,48.931358337402344
2013-10-30,48.54505157470703
2013-10-31,49.73366165161133
2013-11-01,49.27802658081055
2013-11-04,47.76254653930664
2013-11-05,49.634613037109375
2013-11-06,48.65400695800781
2013-11-07,47.10881042480469
2013-11-08,47.07909393310547
2013-11-11,45.7617073059082
2013-11-12,46.167823791503906
2013-11-13,48.247894287109375
2013-11-14,48.525238037109375
2013-11-15,48.54505157470703
2013-11-18,45.39521789550781
2013-11-19,45.920188903808594
2013-11-20,45.989524841308594
2013-11-21,46.25697326660156
2013-11-22,45.79142379760742
2013-11-25,44.39480209350586
2013-11-26,45.454647064208984
2013-11-27,46.04895782470703
2013-11-29,46.56402587890625
2013-12-02,46.613555908203125
2013-12-03,46.28668212890625
2013-12-04,48.158748626708984
2013-12-05,47.88140869140625
2013-12-06,47.485206604003906
2013-12-09,48.37666320800781
2013-12-10,49.77328109741211
2013-12-11,48.91154098510742
2013-12-12,51.33829879760742
2013-12-13,52.81416702270508
2013-12-16,53.29951477050781
2013-12-17,54.33955764770508
2013-12-18,55.04281997680664
2013-12-19,54.52775573730469
2013-12-20,54.597084045410156
2013-12-23,57.22195053100586
2013-12-24,57.41014099121094
2013-12-26,57.18232345581055
2013-12-27,54.9140510559082
2013-12-30,53.20045852661133
2013-12-31,54.13154983520508
2014-01-02,54.19097137451172
2014-01-03,54.04240417480469
2014-01-06,56.657352447509766
2014-01-07,57.37051773071289
2014-01-08,57.677581787109375
2014-01-09,56.67716979980469
2014-01-10,57.39033126831055
2014-01-13,55.37958908081055
2014-01-14,57.19222640991211
2014-01-15,57.053558349609375
2014-01-16,56.64744567871094
2014-01-17,55.76588439941406
2014-01-21,57.954925537109375
2014-01-22,56.964412689208984
2014-01-23,56.0927619934082
2014-01-24,53.93343734741211
2014-01-27,53.04197311401367
2014-01-28,54.61690139770508
2014-01-29,53.02216720581055
2014-01-30,60.500545501708984
2014-01-31,61.97641372680664
2014-02-03,60.89674758911133
2014-02-04,62.15469741821289
2014-02-05,61.600013732910156
2014-02-06,61.57029342651367
2014-02-07,63.709808349609375
2014-02-10,62.94710922241211
2014-02-11,64.2347640991211
2014-02-12,63.83855056762695
2014-02-13,66.69125366210938
2014-02-14,66.45352935791016
2014-02-18,66.66154479980469
2014-02-19,67.4143295288086
2014-02-20,68.96942901611328
2014-02-21,67.93928527832031
2014-02-24,70.10852813720703
2014-02-25,69.18734741210938
2014-02-26,68.60294342041016
2014-02-27,68.28598022460938
2014-02-28,67.81053924560547
2014-03-03,66.77049255371094
2014-03-04,68.1473159790039
2014-03-05,70.89102935791016
2014-03-06,70.16795349121094
2014-03-07,69.13783264160156
2014-03-10,71.34666442871094
2014-03-11,69.43498229980469
2014-03-12,70.20758056640625
2014-03-13,68.1770248413086
2014-03-14,67.07755279541016
2014-03-17,68.08787536621094
2014-03-18,68.53360748291016
2014-03-19,67.59262084960938
2014-03-20,66.33467864990234
2014-03-21,66.60210418701172
2014-03-24,63.491886138916016
2014-03-25,64.27439880371094
2014-03-26,59.81709289550781
2014-03-27,60.39159393310547
2014-03-28,59.440696716308594
2014-03-31,59.668514251708984
2014-04-01,62.025936126708984
2014-04-02,62.1249885559082
2014-04-03,58.92563247680664
2014-04-04,56.21162033081055
2014-04-07,56.409725189208984
2014-04-08,57.637962341308594
2014-04-09,61.81792449951172
2014-04-10,58.598758697509766
2014-04-11,57.97473907470703
2014-04-14,58.33131790161133
2014-04-15,58.529422760009766
2014-04-16,59.1534538269043
2014-04-17,58.3808479309082
2014-04-21,60.659027099609375
2014-04-22,62.43204879760742
2014-04-23,60.77789306640625
2014-04-24,60.29253387451172
2014-04-25,57.16250991821289
2014-04-28,55.6074104309082
2014-04-29,57.59834289550781
2014-04-30,59.2128791809082
2014-05-01,60.56988525390625
2014-05-02,59.88642883300781
2014-05-05,60.639217376708984
2014-05-06,57.97473907470703
2014-05-07,56.845550537109375
2014-05-08,56.22153091430664
2014-05-09,56.69697570800781
2014-05-12,59.26240539550781
2014-05-13,59.26240539550781
2014-05-14,58.668094635009766
2014-05-15,57.37051773071289
2014-05-16,57.46957778930664
2014-05-19,58.64828109741211
2014-05-20,58.004451751708984
2014-05-21,59.916141510009766
2014-05-22,59.945858001708984
2014-05-23,60.76799011230469
2014-05-27,62.87777328491211
2014-05-28,62.90748977661133
2014-05-29,63.224456787109375
2014-05-30,62.69948196411133
2014-06-02,62.48157501220703
2014-06-03,62.273555755615234
2014-06-04,62.739097595214844
2014-06-05,62.59052658081055
2014-06-06,61.907073974609375
2014-06-09,62.28346633911133
2014-06-10,65.14604187011719
2014-06-11,65.15595245361328
2014-06-12,63.68009567260742
2014-06-13,63.88810729980469
2014-06-16,63.58103942871094
2014-06-17,63.78905487060547
2014-06-18,64.9776611328125
2014-06-19,63.729618072509766
2014-06-20,63.88810729980469
2014-06-23,64.74984741210938
2014-06-24,65.09651947021484
2014-06-25,66.8001937866211
2014-06-26,66.4931411743164
2014-06-27,66.95867919921875
2014-06-30,66.65164184570312
2014-07-01,67.4143295288086
2014-07-02,65.81961059570312
2014-07-03,65.6611099243164
2014-07-07,64.67061614990234
2014-07-08,62.16461181640625
2014-07-09,64.35364532470703
2014-07-10,64.25458526611328
2014-07-11,65.71063232421875
2014-07-14,67.25584411621094
2014-07-15,66.53277587890625
2014-07-16,67.01813507080078
2014-07-17,65.77998352050781
2014-07-18,67.77091217041016
2014-07-21,68.74163055419922
2014-07-22,68.61286163330078
2014-07-23,70.61369323730469
2014-07-24,74.26869201660156
2014-07-25,74.4766845703125
2014-07-28,74.209228515625
2014-07-29,73.0107192993164
2014-07-30,73.97152709960938
2014-07-31,71.96076965332031
2014-08-01,71.67354583740234
2014-08-04,72.8126220703125
2014-08-05,72.00040435791016
2014-08-06,71.78248596191406
2014-08-07,72.47586059570312
2014-08-08,72.36687469482422
2014-08-11,72.7432861328125
2014-08-12,72.13909149169922
2014-08-13,73.07015991210938
2014-08-14,73.59513092041016
2014-08-15,72.93147277832031
2014-08-18,73.88236236572266
2014-08-19,74.57573699951172
2014-08-20,74.10028076171875
2014-08-21,73.86257934570312
2014-08-22,73.86257934570312
2014-08-25,74.30829620361328
2014-08-26,75.2393798828125
2014-08-27,73.92198944091797
2014-08-28,73.1593017578125
2014-08-29,74.11019897460938
2014-09-02,75.9525375366211
2014-09-03,75.11061096191406
2014-09-04,75.2294692993164
2014-09-05,76.52703857421875
2014-09-08,77.15106964111328
2014-09-09,75.94263458251953
2014-09-10,76.69542694091797
2014-09-11,77.18077850341797
2014-09-12,76.7449722290039
2014-09-15,73.87247467041016
2014-09-16,75.35824584960938
2014-09-17,75.70491790771484
2014-09-18,76.26951599121094
2014-09-19,77.17088317871094
2014-09-22,76.07141876220703
2014-09-23,77.54727935791016
2014-09-24,77.79490661621094
2014-09-25,76.48743438720703
2014-09-26,78.04252624511719
2014-09-29,78.25054931640625
2014-09-30,78.29016876220703
2014-10-01,75.82379150390625
2014-10-02,76.34876251220703
2014-10-03,76.70533752441406
2014-10-06,76.8241958618164
2014-10-07,75.56624603271484
2014-10-08,76.78458404541016
2014-10-09,75.18985748291016
2014-10-10,72.21831512451172
2014-10-13,72.29756164550781
2014-10-14,72.89185333251953
2014-10-15,72.51547241210938
2014-10-16,71.94097137451172
2014-10-17,75.2294692993164
2014-10-20,76.21998596191406
2014-10-21,77.94347381591797
2014-10-22,77.62651824951172
2014-10-23,79.28067016601562
2014-10-24,79.9046859741211
2014-10-27,79.51840209960938
2014-10-28,80.00374603271484
2014-10-29,75.14031219482422
2014-10-30,73.40692901611328
2014-10-31,74.27857971191406
2014-11-03,73.17909240722656
2014-11-04,75.04127502441406
2014-11-05,74.12010192871094
2014-11-06,74.5460205078125
2014-11-07,74.88279724121094
2014-11-10,74.28849029541016
2014-11-11,73.90218353271484
2014-11-12,74.0111312866211
2014-11-13,73.54560852050781
2014-11-14,74.16963195800781
2014-11-17,73.53570556640625
2014-11-18,73.63473510742188
2014-11-19,72.63433837890625
2014-11-20,72.9017562866211
2014-11-21,73.05035400390625
2014-11-24,73.30786895751953
2014-11-25,74.91250610351562
2014-11-26,76.88362884521484
2014-11-28,76.96286010742188
2014-12-01,74.38752746582031
2014-12-02,74.7441177368164
2014-12-03,74.16963195800781
2014-12-04,74.52621459960938
2014-12-05,75.63558959960938
2014-12-08,75.79405975341797
2014-12-09,76.11102294921875
2014-12-10,75.45728302001953
2014-12-11,76.99259948730469
2014-12-12,77.0916519165039
2014-12-15,76.25960540771484
2014-12-16,73.98143005371094
2014-12-17,75.3879623413086
2014-12-18,77.65623474121094
2014-12-19,79.12218475341797
2014-12-22,80.67729949951172
2014-12-23,79.84527587890625
2014-12-24,80.00374603271484
2014-12-26,80.0136489868164
2014-12-29,79.26085662841797
2014-12-30,78.46845245361328
2014-12-31,77.27982330322266
2015-01-02,77.70575714111328
2015-01-05,76.45771789550781
2015-01-06,75.42758178710938
2015-01-07,75.42758178710938
2015-01-08,77.43830871582031
2015-01-09,77.00248718261719
2015-01-12,75.99217224121094
2015-01-13,75.72472381591797
2015-01-14,75.55633544921875
2015-01-15,73.34749603271484
2015-01-16,74.46678161621094
2015-01-20,75.5167236328125
2015-01-21,76.0119857788086
2015-01-22,76.9133529663086
2015-01-23,77.0916519165039
2015-01-26,76.76477813720703
2015-01-27,75.06108856201172
2015-01-28,75.5167236328125
2015-01-29,77.2600326538086
2015-01-30,75.18985748291016
2015-02-02,74.27857971191406
2015-02-03,74.6846923828125
2015-02-04,74.91250610351562
2015-02-05,74.8927001953125
2015-02-06,73.76350402832031
2015-02-09,73.73380279541016
2015-02-10,74.4766845703125
2015-02-11,75.78416442871094
2015-02-12,75.5068130493164
2015-02-13,75.02146911621094
2015-02-17,74.88279724121094
2015-02-18,75.98226165771484
2015-02-19,78.66655731201172
2015-02-20,79.14199829101562
2015-02-23,78.09204864501953
2015-02-24,77.70575714111328
2015-02-25,78.80522155761719
2015-02-26,79.64716339111328
2015-02-27,78.22083282470703
2015-03-02,78.9934310913086
2015-03-03,78.84483337402344
2015-03-04,80.13252258300781
2015-03-05,80.43958282470703
2015-03-06,79.2509536743164
2015-03-09,78.68636322021484
2015-03-10,76.81430053710938
2015-03-11,76.83411407470703
2015-03-12,78.18119812011719
2015-03-13,77.30955505371094
2015-03-16,77.3293685913086
2015-03-17,78.60712432861328
2015-03-18,80.14242553710938
2015-03-19,81.96495819091797
2015-03-20,83.00501251220703
2015-03-23,83.62903594970703
2015-03-24,84.50068664550781
2015-03-25,82.13334655761719
2015-03-26,82.22250366210938
2015-03-27,82.50975799560547
2015-03-30,82.41069030761719
2015-03-31,81.43998718261719
2015-04-01,80.89520263671875
2015-04-02,80.7862548828125
2015-04-06,81.65790557861328
2015-04-07,81.53905487060547
2015-04-08,81.49942779541016
2015-04-09,81.39047241210938
2015-04-10,81.26171112060547
2015-04-13,82.22250366210938
2015-04-14,82.7276611328125
2015-04-15,81.92535400390625
2015-04-16,81.52914428710938
2015-04-17,80.0136489868164
2015-04-20,82.3017349243164
2015-04-21,82.82670593261719
2015-04-22,83.82714080810547
2015-04-23,81.62818908691406
2015-04-24,80.75654602050781
2015-04-27,81.1329345703125
2015-04-28,79.91459655761719
2015-04-29,79.70660400390625
2015-04-30,78.02271270751953
2015-05-01,78.24063873291016
2015-05-04,78.06234741210938
2015-05-05,76.8241958618164
2015-05-06,77.35906982421875
2015-05-07,77.68594360351562
2015-05-08,77.76519012451172
2015-05-11,77.26992797851562
2015-05-12,76.72515106201172
2015-05-13,77.69585418701172
2015-05-14,80.59806060791016
2015-05-15,79.65706634521484
2015-05-18,80.11270904541016
2015-05-19,79.86508178710938
2015-05-20,79.78584289550781
2015-05-21,79.71651458740234
2015-05-22,79.77592468261719
2015-05-26,78.5774154663086
2015-05-27,79.78584289550781
2015-05-28,79.38963317871094
2015-05-29,78.43873596191406
2015-06-01,79.52830505371094
2015-06-02,79.6768798828125
2015-06-03,81.65790557861328
2015-06-04,81.27159881591797
2015-06-05,81.36075592041016
2015-06-08,79.9046859741211
2015-06-09,79.9046859741211
2015-06-10,81.38056945800781
2015-06-11,81.05370330810547
2015-06-12,80.75654602050781
2015-06-15,79.94432830810547
2015-06-16,80.29100799560547
2015-06-17,81.01408386230469
2015-06-18,82.12345886230469
2015-06-19,81.72724914550781
2015-06-22,83.93608093261719
2015-06-23,87.0462875366211
2015-06-24,88.01699829101562
2015-06-25,87.14535522460938
2015-06-26,87.17505645751953
2015-06-29,84.98603057861328
2015-06-30,84.9563217163086
2015-07-01,86.08549499511719
2015-07-02,86.4618911743164
2015-07-06,86.71942901611328
2015-07-07,86.3925552368164
2015-07-08,84.83745574951172
2015-07-09,85.06525421142578
2015-07-10,87.11563110351562
2015-07-13,89.24522399902344
2015-07-14,88.82921600341797
2015-07-15,88.90845489501953
2015-07-16,89.98810577392578
2015-07-17,94.06903839111328
2015-07-20,96.98114013671875
2015-07-21,97.45658111572266
2015-07-22,96.11939239501953
2015-07-23,94.53458404541016
2015-07-24,96.03026580810547
2015-07-27,93.27662658691406
2015-07-28,94.3860092163086
2015-07-29,96.06988525390625
2015-07-30,94.3067626953125
2015-07-31,93.1181411743164
2015-08-03,93.24690246582031
2015-08-04,93.16767120361328
2015-08-05,95.52509307861328
2015-08-06,94.21762084960938
2015-08-07,93.40540313720703
2015-08-10,93.25682067871094
2015-08-11,92.73184967041016
2015-08-12,93.29644775390625
2015-08-13,92.54364776611328
2015-08-14,93.52424621582031
2015-08-17,93.03890228271484
2015-08-18,94.26712799072266
2015-08-19,94.40580749511719
2015-08-20,89.70086669921875
2015-08-21,85.24356079101562
2015-08-24,81.31121826171875
2015-08-25,82.21257781982422
2015-08-26,86.36283111572266
2015-08-27,88.87875366210938
2015-08-28,90.1466064453125
2015-08-31,88.58158874511719
2015-09-01,86.40245819091797
2015-09-02,89.0372314453125
2015-09-03,87.3137435913086
2015-09-04,87.42269134521484
2015-09-08,88.6806411743164
2015-09-09,89.58202362060547
2015-09-10,91.10740661621094
2015-09-11,91.17674255371094
2015-09-14,91.43428039550781
2015-09-15,92.0186767578125
2015-09-16,92.5634536743164
2015-09-17,93.44500732421875
2015-09-18,93.50444793701172
2015-09-21,94.64354705810547
2015-09-22,92.07811737060547
2015-09-23,93.07853698730469
2015-09-24,93.51433563232422
2015-09-25,91.889892578125
2015-09-28,88.36367797851562
2015-09-29,85.8477783203125
2015-09-30,89.04713439941406
2015-10-01,90.08716583251953
2015-10-02,91.19654083251953
2015-10-05,93.1181411743164
2015-10-06,91.91963195800781
2015-10-07,91.5234146118164
2015-10-08,91.59275817871094
2015-10-09,92.35545349121094
2015-10-12,93.36576080322266
2015-10-13,93.22711181640625
2015-10-14,93.17758178710938
2015-10-15,95.04964447021484
2015-10-16,96.61466217041016
2015-10-19,97.53584289550781
2015-10-20,96.07978057861328
2015-10-21,96.18873596191406
2015-10-22,98.72443389892578
2015-10-23,101.22055053710938
2015-10-26,102.7855453491211
2015-10-27,102.7162094116211
2015-10-28,103.21145629882812
2015-10-29,103.88502502441406
2015-10-30,101.00262451171875
2015-11-02,102.32992553710938
2015-11-03,101.60682678222656
2015-11-04,102.95393371582031
2015-11-05,107.72822570800781
2015-11-06,106.08394622802734
2015-11-09,105.47974395751953
2015-11-10,106.88628387451172
2015-11-11,107.9758529663086
2015-11-12,106.9952392578125
2015-11-13,102.9638442993164
2015-11-16,103.0530014038086
2015-11-17,104.13264465332031
2015-11-18,106.74760437011719
2015-11-19,105.25192260742188
2015-11-20,106.30187225341797
2015-11-23,105.93539428710938
2015-11-24,104.73684692382812
2015-11-25,104.41000366210938
2015-11-27,104.44962310791016
2015-11-30,103.25109100341797
2015-12-01,106.1037826538086
2015-12-02,105.06372833251953
2015-12-03,103.3897705078125
2015-12-04,105.17269134521484
2015-12-07,104.60808563232422
2015-12-08,105.47974395751953
2015-12-09,103.60767364501953
2015-12-10,104.4198989868164
2015-12-11,101.15120697021484
2015-12-14,103.66709899902344
2015-12-15,103.55815887451172
2015-12-16,105.77690887451172
2015-12-17,105.21231079101562
2015-12-18,103.0530014038086
2015-12-21,103.77606201171875
2015-12-22,104.50904083251953
2015-12-23,103.63740539550781
2015-12-24,104.02368927001953
2015-12-28,104.92505645751953
2015-12-29,106.24243927001953
2015-12-30,105.21231079101562
2015-12-31,103.66709899902344
2016-01-04,101.25025177001953
2016-01-05,101.75543212890625
2016-01-06,101.9931411743164
2016-01-07,96.99105834960938
2016-01-08,96.40664672851562
2016-01-11,96.5849380493164
2016-01-12,98.42728424072266
2016-01-13,94.53458404541016
2016-01-14,97.4367904663086
2016-01-15,94.06903839111328
2016-01-19,94.35627746582031
2016-01-20,93.45491790771484
2016-01-21,93.2667236328125
2016-01-22,97.0108642578125
2016-01-25,96.0896987915039
2016-01-26,96.41654968261719
2016-01-27,93.55397033691406
2016-01-28,108.07489013671875
2016-01-29,111.14547729492188
2016-02-01,113.99815368652344
2016-02-02,113.52271270751953
2016-02-03,111.62092590332031
2016-02-04,109.44180297851562
2016-02-05,103.08269500732422
2016-02-08,98.8036880493164
2016-02-09,98.5956802368164
2016-02-10,100.04182434082031
2016-02-11,100.94319152832031
2016-02-12,101.04224395751953
2016-02-16,100.64604187011719
2016-02-17,104.20198059082031
2016-02-18,102.48841094970703
2016-02-19,103.57796478271484
2016-02-22,106.14337921142578
2016-02-23,104.45951843261719
2016-02-24,105.86605072021484
2016-02-25,107.04476928710938
2016-02-26,106.89617919921875
2016-02-29,105.9056625366211
2016-03-01,108.77815246582031
2016-03-02,108.90692901611328
2016-03-03,108.54043579101562
2016-03-04,107.36172485351562
2016-03-07,104.72697448730469
2016-03-08,104.92505645751953
2016-03-09,106.49007415771484
2016-03-10,106.30187225341797
2016-03-11,108.3720474243164
2016-03-14,108.84749603271484
2016-03-15,109.62010192871094
2016-03-16,111.11578369140625
2016-03-17,109.9667739868164
2016-03-18,110.39269256591797
2016-03-21,110.78889465332031
2016-03-22,111.18510437011719
2016-03-23,111.47235107421875
2016-03-24,111.9775161743164
2016-03-28,112.6114501953125
2016-03-29,115.03821563720703
2016-03-30,113.61185455322266
2016-03-31,113.01754760742188
2016-04-01,114.95895385742188
2016-04-04,111.48226165771484
2016-04-05,111.15538024902344
2016-04-06,112.63123321533203
2016-04-07,112.5619125366211
2016-04-08,109.58047485351562
2016-04-11,107.9560317993164
2016-04-12,109.5606689453125
2016-04-13,109.46162414550781
2016-04-14,109.78848266601562
2016-04-15,108.59986877441406
2016-04-18,109.40217590332031
2016-04-19,111.2247085571289
2016-04-20,111.3534927368164
2016-04-21,112.36381530761719
2016-04-22,109.51114654541016
2016-04-25,109.05551147460938
2016-04-26,107.72822570800781
2016-04-27,107.85698699951172
2016-04-28,115.62261199951172
2016-04-29,116.46454620361328
2016-05-02,117.44514465332031
2016-05-03,116.31595611572266
2016-05-04,116.93997955322266
2016-05-05,116.6923599243164
2016-05-06,118.35640716552734
2016-05-09,118.1087875366211
2016-05-10,119.35684204101562
2016-05-11,118.3861312866211
2016-05-12,119.138916015625
2016-05-13,118.67339324951172
2016-05-16,117.54420471191406
2016-05-17,116.2367172241211
2016-05-18,116.53386688232422
2016-05-19,115.70185089111328
2016-05-20,116.2367172241211
2016-05-23,114.86981201171875
2016-05-24,116.58338928222656
2016-05-25,116.77161407470703
2016-05-26,118.33661651611328
2016-05-27,118.24746704101562
2016-05-31,117.68286895751953
2016-06-01,117.65315246582031
2016-06-02,117.8017349243164
2016-06-03,117.3460922241211
2016-06-06,117.6630630493164
2016-06-07,116.64283752441406
2016-06-08,117.26685333251953
2016-06-09,117.43524169921875
2016-06-10,115.5136489868164
2016-06-13,112.86897277832031
2016-06-14,113.84957885742188
2016-06-15,113.5128173828125
2016-06-16,113.3048095703125
2016-06-17,111.94779968261719
2016-06-20,112.29447174072266
2016-06-21,113.29489135742188
2016-06-22,112.829345703125
2016-06-23,113.98825073242188
2016-06-24,111.01673126220703
2016-06-27,107.93622589111328
2016-06-28,111.6308364868164
2016-06-29,113.07698059082031
2016-06-30,113.19583892822266
2016-07-01,113.10670471191406
2016-07-05,113.11659240722656
2016-07-06,115.59288787841797
2016-07-07,114.75094604492188
2016-07-08,116.12776184082031
2016-07-11,116.75178527832031
2016-07-12,116.81121826171875
2016-07-13,115.67213439941406
2016-07-14,116.17728424072266
2016-07-15,115.75137329101562
2016-07-18,118.23756408691406
2016-07-19,119.4657974243164
2016-07-20,120.76337432861328
2016-07-21,119.4657974243164
2016-07-22,119.85208892822266
2016-07-25,120.47611999511719
2016-07-26,120.07000732421875
2016-07-27,122.16990661621094
2016-07-28,123.81414794921875
2016-07-29,122.76420593261719
2016-08-01,123.13069915771484
2016-08-02,121.9222640991211
2016-08-03,121.3477783203125
2016-08-04,123.18022918701172
2016-08-05,123.96273040771484
2016-08-08,124.07168579101562
2016-08-09,123.87357330322266
2016-08-10,123.6952896118164
2016-08-11,123.71510314941406
2016-08-12,123.6952896118164
2016-08-15,122.72457885742188
2016-08-16,122.13027954101562
2016-08-17,123.19013977050781
2016-08-18,122.73448944091797
2016-08-19,122.38780212402344
2016-08-22,122.97220611572266
2016-08-23,123.19013977050781
2016-08-24,122.30856323242188
2016-08-25,122.71466827392578
2016-08-26,123.77452087402344
2016-08-29,125.33953094482422
2016-08-30,124.64617919921875
2016-08-31,124.92351531982422
2016-09-01,124.97303771972656
2016-09-02,125.309814453125
2016-09-06,128.49929809570312
2016-09-07,129.80677795410156
2016-09-08,129.03416442871094
2016-09-09,125.89421844482422
2016-09-12,127.4691390991211
2016-09-13,126.00318145751953
2016-09-14,126.55786895751953
2016-09-15,127.13236236572266
2016-09-16,127.84556579589844
2016-09-19,127.42949676513672
2016-09-20,127.41961669921875
2016-09-21,128.70729064941406
2016-09-22,128.84597778320312
2016-09-23,126.74605560302734
2016-09-26,126.10222625732422
2016-09-27,127.4691390991211
2016-09-28,128.00404357910156
2016-09-29,126.87482452392578
2016-09-30,127.05311584472656
2016-10-03,127.5483627319336
2016-10-04,126.97388458251953
2016-10-05,127.25122833251953
2016-10-06,127.51866912841797
2016-10-07,127.76628875732422
2016-10-10,129.00442504882812
2016-10-11,127.6573257446289
2016-10-12,127.82572937011719
2016-10-13,126.60739135742188
2016-10-14,126.66681671142578
2016-10-17,126.33004760742188
2016-10-18,127.35028076171875
2016-10-19,128.87567138671875
2016-10-20,128.7667236328125
2016-10-21,130.81707763671875
2016-10-24,132.01559448242188
2016-10-25,131.0349578857422
2016-10-26,129.7968292236328
2016-10-27,128.4596710205078
2016-10-28,130.04446411132812
2016-10-31,129.74729919433594
2016-11-01,128.271484375
2016-11-02,125.96354675292969
2016-11-03,118.861572265625
2016-11-04,119.6044692993164
2016-11-07,120.99118041992188
2016-11-08,123.04154968261719
2016-11-09,122.01142120361328
2016-11-10,119.65400695800781
2016-11-11,117.89087677001953
2016-11-14,113.98825073242188
2016-11-15,116.088134765625
2016-11-16,115.23629760742188
2016-11-17,116.67255401611328
2016-11-18,115.90985107421875
2016-11-21,120.61479187011719
2016-11-22,120.31764221191406
2016-11-23,119.69361114501953
2016-11-25,119.23798370361328
2016-11-28,119.26769256591797
2016-11-29,119.72333526611328
2016-11-30,117.29656219482422
2016-12-01,114.00804901123047
2016-12-02,114.30522155761719
2016-12-05,116.31595611572266
2016-12-06,116.19709777832031
2016-12-07,116.8310317993164
2016-12-08,117.78192138671875
2016-12-09,118.54460906982422
2016-12-12,116.65271759033203
2016-12-13,119.16864776611328
2016-12-14,119.06959533691406
2016-12-15,119.42616271972656
2016-12-16,118.73281860351562
2016-12-19,118.1087875366211
2016-12-20,117.960205078125
2016-12-21,117.91069793701172
2016-12-22,116.28624725341797
2016-12-23,116.15748596191406
2016-12-27,116.89046478271484
2016-12-28,115.810791015625
2016-12-29,115.2461929321289
2016-12-30,113.95854187011719
2017-01-03,115.75137329101562
2017-01-04,117.56401062011719
2017-01-05,119.52521514892578
2017-01-06,122.2392349243164
2017-01-09,123.71510314941406
2017-01-10,123.1703109741211
2017-01-11,124.89379119873047
2017-01-12,125.41879272460938
2017-01-13,127.12245178222656
2017-01-17,126.65692138671875
2017-01-18,126.70643615722656
2017-01-19,126.33995819091797
2017-01-20,125.83478546142578
2017-01-23,127.70685577392578
2017-01-24,128.1427001953125
2017-01-25,130.23268127441406
2017-01-26,131.5203399658203
2017-01-27,130.92601013183594
2017-01-30,129.73744201660156
2017-01-31,129.0836944580078
2017-02-01,131.966064453125
2017-02-02,129.5987548828125
2017-02-03,129.73744201660156
2017-02-06,130.80715942382812
2017-02-07,130.5892333984375
2017-02-08,132.92684936523438
2017-02-09,132.867431640625
2017-02-10,132.91696166992188
2017-02-13,132.77828979492188
2017-02-14,132.5802001953125
2017-02-15,132.174072265625
2017-02-16,132.57029724121094
2017-02-17,132.26321411132812
2017-02-21,132.45140075683594
2017-02-22,134.8286590576172
2017-02-23,134.0758819580078
2017-02-24,134.1551055908203
2017-02-27,135.1159210205078
2017-02-28,134.25411987304688
2017-03-01,136.1163330078125
2017-03-02,135.46258544921875
2017-03-03,135.86868286132812
2017-03-06,136.1163330078125
2017-03-07,135.9974822998047
2017-03-08,136.41348266601562
2017-03-09,136.9285430908203
2017-03-10,137.47329711914062
2017-03-13,138.27566528320312
2017-03-14,137.99830627441406
2017-03-15,138.39450073242188
2017-03-16,138.6619415283203
2017-03-17,138.5133514404297
2017-03-20,138.6124267578125
2017-03-21,137.19598388671875
2017-03-22,138.2657012939453
2017-03-23,138.20628356933594
2017-03-24,139.00863647460938
2017-03-27,138.9888153076172
2017-03-28,140.4151611328125
2017-03-29,141.29669189453125
2017-03-30,141.05897521972656
2017-03-31,140.70240783691406
2017-04-03,140.9302215576172
2017-04-04,140.3854217529297
2017-04-05,140.50428771972656
2017-04-06,139.8307342529297
2017-04-07,139.44444274902344
2017-04-10,139.7019805908203
2017-04-11,138.59259033203125
2017-04-12,138.25584411621094
2017-04-13,138.067626953125
2017-04-17,140.07838439941406
2017-04-18,139.6227569580078
2017-04-19,140.9203338623047
2017-04-20,142.43580627441406
2017-04-21,142.31692504882812
2017-04-24,144.0899658203125
2017-04-25,145.1002960205078
2017-04-26,145.1696014404297
2017-04-27,146.2987823486328
2017-04-28,148.82461547851562
2017-05-01,151.0136260986328
2017-05-02,151.33062744140625
2017-05-03,150.35989379882812
2017-05-04,149.41891479492188
2017-05-05,148.81468200683594
2017-05-08,149.62689208984375
2017-05-09,149.05242919921875
2017-05-10,148.8642120361328
2017-05-11,148.61659240722656
2017-05-12,148.90386962890625
2017-05-15,148.7651824951172
2017-05-16,148.3590545654297
2017-05-17,143.47584533691406
2017-05-18,146.25917053222656
2017-05-19,146.65536499023438
2017-05-22,146.8336639404297
2017-05-23,146.66531372070312
2017-05-24,148.61659240722656
2017-05-25,150.5183868408203
2017-05-26,150.686767578125
2017-05-30,150.9344024658203
2017-05-31,150.02313232421875
2017-06-01,150.09246826171875
2017-06-02,152.15274047851562
2017-06-05,152.17254638671875
2017-06-06,151.3603057861328
2017-06-07,151.66738891601562
2017-06-08,153.2423095703125
2017-06-09,148.18077087402344
2017-06-12,147.03175354003906
2017-06-13,149.25051879882812
2017-06-14,148.82461547851562
2017-06-15,148.37887573242188
2017-06-16,149.21090698242188
2017-06-19,151.41976928710938
2017-06-20,150.80563354492188
2017-06-21,152.44989013671875
2017-06-22,151.94471740722656
2017-06-23,153.59889221191406
2017-06-26,152.13290405273438
2017-06-27,149.15147399902344
2017-06-28,151.78622436523438
2017-06-29,149.6071014404297
2017-06-30,149.54766845703125
2017-07-03,147.02186584472656
2017-07-05,148.91372680664062
2017-07-06,147.40818786621094
2017-07-07,150.00332641601562
2017-07-10,152.04380798339844
2017-07-11,153.79698181152344
2017-07-12,157.39254760742188
2017-07-13,157.74911499023438
2017-07-14,158.45236206054688
2017-07-17,158.2146759033203
2017-07-18,161.3149871826172
2017-07-19,162.58282470703125
2017-07-20,162.96913146972656
2017-07-21,162.87005615234375
2017-07-24,164.42515563964844
2017-07-25,163.71202087402344
2017-07-26,164.0388946533203
2017-07-27,168.8230743408203
2017-07-28,170.8140106201172
2017-07-31,167.64434814453125
2017-08-01,168.2485809326172
2017-08-02,167.69386291503906
2017-08-03,166.99061584472656
2017-08-04,168.01084899902344
2017-08-07,170.3484649658203
2017-08-08,169.60556030273438
2017-08-09,169.55604553222656
2017-08-10,165.81190490722656
2017-08-11,166.4854736328125
2017-08-14,169.13014221191406
2017-08-15,169.37774658203125
2017-08-16,168.3872528076172
2017-08-17,165.32655334472656
2017-08-18,165.8218231201172
2017-08-21,166.18832397460938
2017-08-22,168.0306854248047
2017-08-23,167.1094970703125
2017-08-24,166.14869689941406
2017-08-25,164.7421417236328
2017-08-28,165.65341186523438
2017-08-29,166.45574951171875
2017-08-30,168.3080291748047
2017-08-31,170.3385467529297
2017-09-01,170.38804626464844
2017-09-05,169.1004180908203
2017-09-06,170.4573974609375
2017-09-07,171.5668182373047
2017-09-08,169.3282470703125
2017-09-11,171.8639373779297
2017-09-12,171.31915283203125
2017-09-13,171.40830993652344
2017-09-14,169.33815002441406
2017-09-15,170.01165771484375
2017-09-18,168.39712524414062
2017-09-19,170.8833465576172
2017-09-20,170.53665161132812
2017-09-21,169.48670959472656
2017-09-22,168.922119140625
2017-09-25,161.3248748779297
2017-09-26,162.65219116210938
2017-09-27,166.08926391601562
2017-09-28,167.12930297851562
2017-09-29,169.24899291992188
2017-10-02,167.86228942871094
2017-10-03,168.3476104736328
2017-10-04,166.82223510742188
2017-10-05,169.61549377441406
2017-10-06,170.59609985351562
2017-10-09,170.863525390625
2017-10-10,169.96214294433594
2017-10-11,171.1012420654297
2017-10-12,170.91305541992188
2017-10-13,172.09176635742188
2017-10-16,172.86436462402344
2017-10-17,174.4392852783203
2017-10-18,174.36004638671875
2017-10-19,172.90396118164062
2017-10-20,173.3199920654297
2017-10-23,169.64520263671875
2017-10-24,170.17018127441406
2017-10-25,168.9815673828125
2017-10-26,169.01126098632812
2017-10-27,176.19248962402344
2017-10-30,178.16360473632812
2017-10-31,178.35179138183594
2017-11-01,180.9271240234375
2017-11-02,177.2226104736328
2017-11-03,177.2226104736328
2017-11-06,178.46075439453125
2017-11-07,178.5399932861328
2017-11-08,177.8565216064453
2017-11-09,177.59902954101562
2017-11-10,176.76699829101562
2017-11-13,177.07403564453125
2017-11-14,176.38070678710938
2017-11-15,176.26181030273438
2017-11-16,177.88626098632812
2017-11-17,177.30184936523438
2017-11-20,177.0443115234375
2017-11-21,180.1347198486328
2017-11-22,179.1541290283203
2017-11-24,181.0460205078125
2017-11-27,181.2936248779297
2017-11-28,180.68942260742188
2017-11-29,173.4685821533203
2017-11-30,175.49911499023438
2017-12-01,173.43885803222656
2017-12-04,169.84329223632812
2017-12-05,171.19041442871094
2017-12-06,174.3897247314453
2017-12-07,178.43104553222656
2017-12-08,177.30184936523438
2017-12-11,177.34149169921875
2017-12-12,175.28121948242188
2017-12-13,176.60850524902344
2017-12-14,176.69766235351562
2017-12-15,178.4706573486328
2017-12-18,179.1046142578125
2017-12-19,177.8070068359375
2017-12-20,176.20240783691406
2017-12-21,175.76654052734375
2017-12-22,175.51893615722656
2017-12-26,174.32041931152344
2017-12-27,175.9349365234375
2017-12-28,176.23211669921875
2017-12-29,174.7859649658203
2018-01-02,179.69891357421875
2018-01-03,182.9180908203125
2018-01-04,182.581298828125
2018-01-05,185.07737731933594
2018-01-08,186.49380493164062
2018-01-09,186.08770751953125
2018-01-10,186.05796813964844
2018-01-11,185.98866271972656
2018-01-12,177.66836547851562
2018-01-16,176.69766235351562
2018-01-17,175.9151153564453
2018-01-18,178.09426879882812
2018-01-19,179.57012939453125
2018-01-22,183.61141967773438
2018-01-23,187.55369567871094
2018-01-24,184.7802276611328
2018-01-25,185.701416015625
2018-01-26,188.19747924804688
2018-01-29,184.2156524658203
2018-01-30,185.34481811523438
2018-01-31,185.11700439453125
2018-02-01,191.2581787109375
2018-02-02,188.47488403320312
2018-02-05,179.54043579101562
2018-02-06,183.55198669433594
2018-02-07,178.4706573486328
2018-02-08,169.95225524902344
2018-02-09,174.4392852783203
2018-02-12,174.73643493652344
2018-02-13,171.50735473632812
2018-02-14,177.81690979003906
2018-02-15,178.2527618408203
2018-02-16,175.67739868164062
2018-02-20,174.34022521972656
2018-02-21,176.22219848632812
2018-02-22,177.29196166992188
2018-02-23,181.55116271972656
2018-02-26,183.1755828857422
2018-02-27,179.73854064941406
2018-02-28,176.62832641601562
2018-03-01,174.2708740234375
2018-03-02,174.94442749023438
2018-03-05,178.6885528564453
2018-03-06,178.074462890625
2018-03-07,181.96719360351562
2018-03-08,180.6101531982422
2018-03-09,183.47274780273438
2018-03-12,183.0072021484375
2018-03-13,180.15452575683594
2018-03-14,182.44265747070312
2018-03-15,182.11575317382812
2018-03-16,183.33404541015625
2018-03-19,170.9229278564453
2018-03-20,166.55477905273438
2018-03-21,167.7830352783203
2018-03-22,163.32571411132812
2018-03-23,157.8778839111328
2018-03-26,158.54153442382812
2018-03-27,150.7759246826172
2018-03-28,151.57823181152344
2018-03-29,158.27407836914062
2018-04-02,153.9158477783203
2018-04-03,154.62901306152344
2018-04-04,153.62860107421875
2018-04-05,157.82835388183594
2018-04-06,155.70867919921875
2018-04-09,156.43173217773438
2018-04-10,163.47430419921875
2018-04-11,164.7421417236328
2018-04-12,162.31536865234375
2018-04-13,162.95921325683594
2018-04-16,163.26629638671875
2018-04-17,167.05995178222656
2018-04-18,164.78175354003906
2018-04-19,166.5052947998047
2018-04-20,164.70254516601562
2018-04-23,164.26669311523438
2018-04-24,158.175048828125
2018-04-25,158.175048828125
2018-04-26,172.5078125
2018-04-27,171.9431915283203
2018-04-30,170.36827087402344
2018-05-01,172.2106170654297
2018-05-02,174.39968872070312
2018-05-03,172.36911010742188
2018-05-04,174.93453979492188
2018-05-07,176.28163146972656
2018-05-08,177.2226104736328
2018-05-09,180.9271240234375
2018-05-10,183.76991271972656
2018-05-11,185.216064453125
2018-05-14,184.869384765625
2018-05-15,182.57139587402344
2018-05-16,181.4619903564453
2018-05-17,182.01669311523438
2018-05-18,180.9469451904297
2018-05-21,182.7397918701172
2018-05-22,182.05633544921875
2018-05-23,185.1269073486328
2018-05-24,184.1660919189453
2018-05-25,183.1656951904297
2018-05-29,183.97792053222656
2018-05-30,185.8896026611328
2018-05-31,189.96063232421875
2018-06-01,192.14964294433594
2018-06-04,191.4464111328125
2018-06-05,191.10960388183594
2018-06-06,189.5247802734375
2018-06-07,186.39474487304688
2018-06-08,187.30604553222656
2018-06-11,189.72286987304688
2018-06-12,190.57473754882812
2018-06-13,190.58462524414062
2018-06-14,194.94290161132812
2018-06-15,193.9919891357422
2018-06-18,196.42864990234375
2018-06-19,195.61643981933594
2018-06-20,200.08364868164062
2018-06-21,199.58840942382812
2018-06-22,199.8261260986328
2018-06-25,194.4872589111328
2018-06-26,197.1121063232422
2018-06-27,193.98211669921875
2018-06-28,194.368408203125
2018-06-29,192.47653198242188
2018-07-02,195.48768615722656
2018-07-03,190.90159606933594
2018-07-05,196.5673370361328
2018-07-06,201.30198669433594
2018-07-09,202.7976837158203
2018-07-10,201.60902404785156
2018-07-11,200.61851501464844
2018-07-12,204.9569854736328
2018-07-13,205.3531951904297
2018-07-16,205.26405334472656
2018-07-17,207.9978790283203
2018-07-18,207.37384033203125
2018-07-19,206.11587524414062
2018-07-20,207.9483184814453
2018-07-23,208.9091339111328
2018-07-24,212.63345336914062
2018-07-25,215.43661499023438
2018-07-26,174.5878448486328
2018-07-27,173.23086547851562
2018-07-30,169.43719482421875
2018-07-31,170.9427490234375
2018-08-01,170.02159118652344
2018-08-02,174.6968231201172
2018-08-03,176.0934600830078
2018-08-06,183.92840576171875
2018-08-07,182.0662078857422
2018-08-08,183.4232177734375
2018-08-09,181.35304260253906
2018-08-10,178.54991149902344
2018-08-13,178.3419189453125
2018-08-14,179.39183044433594
2018-08-15,177.8268585205078
2018-08-16,173.0426483154297
2018-08-17,172.15118408203125
2018-08-20,170.863525390625
2018-08-21,170.98239135742188
2018-08-22,171.99270629882812
2018-08-23,171.2596893310547
2018-08-24,172.99314880371094
2018-08-27,175.77647399902344
2018-08-28,174.5878448486328
2018-08-29,174.23126220703125
2018-08-30,175.95477294921875
2018-08-31,174.06289672851562
2018-09-04,169.53627014160156
2018-09-05,165.593994140625
2018-09-06,160.98809814453125
2018-09-07,161.49325561523438
2018-09-10,162.6224365234375
2018-09-11,164.36578369140625
2018-09-12,160.463134765625
2018-09-13,159.82919311523438
2018-09-14,160.78012084960938
2018-09-17,159.05661010742188
2018-09-18,158.77926635742188
2018-09-19,161.51309204101562
2018-09-20,164.44500732421875
2018-09-21,161.38429260253906
2018-09-24,163.84075927734375
2018-09-25,163.3455352783203
2018-09-26,165.36614990234375
2018-09-27,167.23825073242188
2018-09-28,162.89979553222656
2018-10-01,160.89898681640625
2018-10-02,157.81846618652344
2018-10-03,160.88900756835938
2018-10-04,157.34303283691406
2018-10-05,155.83746337890625
2018-10-08,155.75819396972656
2018-10-09,156.4020233154297
2018-10-10,149.94386291503906
2018-10-11,151.89524841308594
2018-10-12,152.281494140625
2018-10-15,152.06356811523438
2018-10-16,157.27369689941406
2018-10-17,157.90762329101562
2018-10-18,153.45030212402344
2018-10-19,152.5885772705078
2018-10-22,153.31163024902344
2018-10-23,152.9253387451172
2018-10-24,144.65452575683594
2018-10-25,149.5179443359375
2018-10-26,143.99087524414062
2018-10-29,140.74203491210938
2018-10-30,144.8328094482422
2018-10-31,150.3500213623047
2018-11-01,150.31039428710938
2018-11-02,148.9236602783203
2018-11-05,147.26947021484375
2018-11-06,148.51754760742188
2018-11-07,150.09246826171875
2018-11-08,146.46717834472656
2018-11-09,143.58480834960938
2018-11-12,140.20713806152344
2018-11-13,140.81137084960938
2018-11-14,142.851806640625
2018-11-15,142.48533630371094
2018-11-16,138.20628356933594
2018-11-19,130.302001953125
2018-11-20,131.17364501953125
2018-11-21,133.54098510742188
2018-11-23,130.4803009033203
2018-11-26,135.08619689941406
2018-11-27,133.7192840576172
2018-11-28,135.46258544921875
2018-11-29,137.36434936523438
2018-11-30,139.2760467529297
2018-12-03,139.75149536132812
2018-12-04,136.6214599609375
2018-12-06,138.30535888671875
2018-12-07,136.1163330078125
2018-12-10,140.50428771972656
2018-12-11,140.73211669921875
2018-12-12,143.12918090820312
2018-12-13,143.63429260253906
2018-12-14,142.69332885742188
2018-12-17,138.8600616455078
2018-12-18,142.297119140625
2018-12-19,131.97598266601562
2018-12-20,132.1344451904297
2018-12-21,123.76464080810547
2018-12-24,122.883056640625
2018-12-26,132.9070587158203
2018-12-27,133.2438201904297
2018-12-28,131.9363555908203
2018-12-31,129.84637451171875
2019-01-02,134.39283752441406
2019-01-03,130.490234375
2019-01-04,136.64129638671875
2019-01-07,136.74032592773438
2019-01-08,141.17784118652344
2019-01-09,142.86170959472656
2019-01-10,142.83200073242188
2019-01-11,142.43580627441406
2019-01-14,144.0106964111328
2019-01-15,147.5369415283203
2019-01-16,146.14031982421875
2019-01-17,146.89309692382812
2019-01-18,148.61659240722656
2019-01-22,146.1700439453125
2019-01-23,142.93106079101562
2019-01-24,144.44656372070312
2019-01-25,147.59634399414062
2019-01-28,146.07098388671875
2019-01-29,142.82208251953125
2019-01-30,148.99298095703125
2019-01-31,165.10862731933594
2019-02-01,164.13795471191406
2019-02-04,167.64434814453125
2019-02-05,169.53627014160156
2019-02-06,168.87261962890625
2019-02-07,164.80157470703125
2019-02-08,165.74258422851562
2019-02-11,164.21717834472656
2019-02-12,163.47430419921875
2019-02-13,162.5135040283203
2019-02-14,162.39462280273438
2019-02-15,160.95840454101562
2019-02-19,160.7503662109375
2019-02-20,161.01780700683594
2019-02-21,158.52171325683594
2019-02-22,160.3541717529297
2019-02-25,163.05828857421875
2019-02-26,162.57293701171875
2019-02-27,161.26544189453125
2019-02-28,159.91835021972656
2019-03-01,160.740478515625
2019-03-04,165.78216552734375
2019-03-05,169.63528442382812
2019-03-06,170.8734130859375
2019-03-07,167.52548217773438
2019-03-08,167.9910430908203
2019-03-11,170.4376220703125
2019-03-12,170.28900146484375
2019-03-13,171.72525024414062
2019-03-14,168.55563354492188
2019-03-15,164.40538024902344
2019-03-18,158.94766235351562
2019-03-19,160.03721618652344
2019-03-20,163.87049865722656
2019-03-21,164.50442504882812
2019-03-22,162.78094482421875
2019-03-25,164.71240234375
2019-03-26,166.08926391601562
2019-03-27,164.29641723632812
2019-03-28,163.9794464111328
2019-03-29,165.10862731933594
2019-04-01,167.0995635986328
2019-04-02,172.54736328125
2019-04-03,171.89366149902344
2019-04-04,174.35011291503906
2019-04-05,174.05296325683594
2019-04-08,173.27044677734375
2019-04-09,175.8953094482422
2019-04-10,176.133056640625
2019-04-11,175.82598876953125
2019-04-12,177.4009246826172
2019-04-15,177.9456787109375
2019-04-16,177.17311096191406
2019-04-17,177.0839385986328
2019-04-18,176.5886993408203
2019-04-22,179.7187042236328
2019-04-23,182.0364990234375
2019-04-24,180.847900390625
2019-04-25,191.42657470703125
2019-04-26,189.67337036132812
2019-04-29,192.9321746826172
2019-04-30,191.5652618408203
2019-05-01,191.19876098632812
2019-05-02,190.70350646972656
2019-05-03,193.61558532714844
2019-05-06,192.04071044921875
2019-05-07,187.96966552734375
2019-05-08,187.74188232421875
2019-05-09,186.8602752685547
2019-05-10,186.55325317382812
2019-05-13,179.81776428222656
2019-05-14,179.01544189453125
2019-05-15,184.5028839111328
2019-05-16,185.216064453125
2019-05-17,183.5421142578125
2019-05-20,180.98655700683594
2019-05-21,183.066650390625
2019-05-22,183.56192016601562
2019-05-23,179.1541290283203
2019-05-24,179.34228515625
2019-05-28,182.5614776611328
2019-05-29,180.4616241455078
2019-05-30,181.27381896972656
2019-05-31,175.786376953125
2019-06-03,162.5927276611328
2019-06-04,165.91094970703125
2019-06-05,166.5745849609375
2019-06-06,166.73309326171875
2019-06-07,171.7054443359375
2019-06-10,173.1615447998047
2019-06-11,176.41038513183594
2019-06-12,173.37940979003906
2019-06-13,175.786376953125
2019-06-14,179.60975646972656
2019-06-17,187.2168731689453
2019-06-18,186.68202209472656
2019-06-19,185.701416015625
2019-06-20,187.73193359375
2019-06-21,189.32669067382812
2019-06-24,190.77284240722656
2019-06-25,187.04849243164062
2019-06-26,185.8797149658203
2019-06-27,187.70223999023438
2019-06-28,191.16903686523438
2019-07-01,191.16903686523438
2019-07-02,193.1500701904297
2019-07-03,195.3291778564453
2019-07-05,194.53677368164062
2019-07-08,193.90284729003906
2019-07-09,197.3201141357422
2019-07-10,200.80673217773438
2019-07-11,199.3209686279297
2019-07-12,202.92642211914062
2019-07-15,201.9755401611328
2019-07-16,201.90618896484375
2019-07-17,199.8855743408203
2019-07-18,198.875244140625
2019-07-19,196.4781951904297
2019-07-22,200.40061950683594
2019-07-23,200.4402313232422
2019-07-24,202.71841430664062
2019-07-25,198.805908203125
2019-07-26,197.85501098632812
2019-07-29,194.08116149902344
2019-07-30,195.17071533203125
2019-07-31,192.3873748779297
2019-08-01,190.90159606933594
2019-08-02,187.22679138183594
2019-08-05,180.00596618652344
2019-08-06,182.75958251953125
2019-08-07,183.3935089111328
2019-08-08,188.35598754882812
2019-08-09,186.0679168701172
2019-08-12,183.61141967773438
2019-08-13,186.6621856689453
2019-08-14,178.00514221191406
2019-08-15,180.85781860351562
2019-08-16,181.957275390625
2019-08-19,184.40380859375
2019-08-20,182.0662078857422
2019-08-21,181.80870056152344
2019-08-22,180.31300354003906
2019-08-23,176.06369018554688
2019-08-26,178.64892578125
2019-08-27,179.5800323486328
2019-08-28,180.03567504882812
2019-08-29,183.80955505371094
2019-08-30,183.9085693359375
2019-09-03,180.6597137451172
2019-09-04,185.36463928222656
2019-09-05,189.0889892578125
2019-09-06,185.71131896972656
2019-09-09,186.96926879882812
2019-09-10,184.40380859375
2019-09-11,186.70184326171875
2019-09-12,185.69149780273438
2019-09-13,185.41415405273438
2019-09-16,184.45335388183594
2019-09-17,186.29571533203125
2019-09-18,186.35516357421875
2019-09-19,188.336181640625
2019-09-20,188.1281280517578
2019-09-23,185.0476837158203
2019-09-24,179.56024169921875
2019-09-25,181.06582641601562
2019-09-26,178.4013214111328
2019-09-27,175.41989135742188
2019-09-30,176.39056396484375
2019-10-01,174.14212036132812
2019-10-02,172.94358825683594
2019-10-03,177.67825317382812
2019-10-04,178.73812866210938
2019-10-07,177.9753875732422
2019-10-08,176.06369018554688
2019-10-09,178.143798828125
2019-10-10,178.3220977783203
2019-10-11,182.44265747070312
2019-10-14,181.54124450683594
2019-10-15,187.09803771972656
2019-10-16,187.75177001953125
2019-10-17,188.58380126953125
2019-10-18,184.08688354492188
2019-10-21,187.9597625732422
2019-10-22,180.6101531982422
2019-10-23,184.38401794433594
2019-10-24,184.61184692382812
2019-10-25,186.10752868652344
2019-10-28,187.6031951904297
2019-10-29,187.51405334472656
2019-10-30,186.46408081054688
2019-10-31,189.8318328857422
2019-11-01,191.78317260742188
2019-11-04,192.8727569580078
2019-11-05,192.47653198242188
2019-11-06,189.73280334472656
2019-11-07,188.613525390625
2019-11-08,189.02951049804688
2019-11-11,187.81118774414062
2019-11-12,192.6251220703125
2019-11-13,191.3572540283203
2019-11-14,191.31761169433594
2019-11-15,193.24913024902344
2019-11-18,195.52731323242188
2019-11-19,197.42909240722656
2019-11-20,195.63626098632812
2019-11-21,196.05226135253906
2019-11-22,196.93385314941406
2019-11-25,197.89462280273438
2019-11-26,197.0823974609375
2019-11-27,200.08364868164062
2019-11-29,199.72708129882812
2019-12-02,197.80548095703125
2019-12-03,196.93385314941406
2019-12-04,196.8248748779297
2019-12-05,197.4686737060547
2019-12-06,199.14268493652344
2019-12-09,199.42991638183594
2019-12-10,198.96437072753906
2019-12-11,200.34117126464844
2019-12-12,194.88345336914062
2019-12-13,192.26852416992188
2019-12-16,196.04237365722656
2019-12-17,196.50790405273438
2019-12-18,200.5789031982422
2019-12-19,204.10513305664062
2019-12-20,204.34288024902344
2019-12-23,204.2239990234375
2019-12-24,203.174072265625
2019-12-26,205.8187255859375
2019-12-27,206.1258087158203
2019-12-30,202.47079467773438
2019-12-31,203.3028106689453
2020-01-02,207.7898712158203
2020-01-03,206.69039916992188
2020-01-06,210.5831298828125
2020-01-07,211.0387420654297
2020-01-08,213.1782684326172
2020-01-09,216.22906494140625
2020-01-10,215.99127197265625
2020-01-13,219.80479431152344
2020-01-14,216.98184204101562
2020-01-15,219.05198669433594
2020-01-16,219.66612243652344
2020-01-17,220.0325927734375
2020-01-21,219.33924865722656
2020-01-22,219.2203826904297
2020-01-23,217.67518615722656
2020-01-24,215.87245178222656
2020-01-27,212.83155822753906
2020-01-28,215.72386169433594
2020-01-29,221.1122283935547
2020-01-30,207.54225158691406
2020-01-31,199.99452209472656
2020-02-03,202.2528839111328
2020-02-04,207.8394012451172
2020-02-05,208.11672973632812
2020-02-06,208.84971618652344
2020-02-07,210.31564331054688
2020-02-10,211.0387420654297
2020-02-11,205.2244415283203
2020-02-12,208.76055908203125
2020-02-13,211.1179962158203
2020-02-14,212.1481170654297
2020-02-18,215.73374938964844
2020-02-19,215.42669677734375
2020-02-20,212.54434204101562
2020-02-21,208.18606567382812
2020-02-24,198.81581115722656
2020-02-25,194.9032745361328
2020-02-26,195.3291778564453
2020-02-27,187.94985961914062
2020-02-28,190.64405822753906
2020-03-02,194.576416015625
2020-03-03,184.12649536132812
2020-03-04,189.94082641601562
2020-03-05,183.41331481933594
2020-03-06,179.37203979492188
2020-03-09,167.89198303222656
2020-03-10,176.4995574951172
2020-03-11,168.62498474121094
2020-03-12,153.0045623779297
2020-03-13,168.66458129882812
2020-03-16,144.6248321533203
2020-03-17,148.00247192382812
2020-03-18,145.56581115722656
2020-03-19,151.67727661132812
2020-03-20,148.3095703125
2020-03-23,146.6949920654297
2020-03-24,159.45281982421875
2020-03-25,154.7280731201172
2020-03-26,161.7904052734375
2020-03-27,155.30255126953125
2020-03-30,164.37564086914062
2020-03-31,165.21762084960938
2020-04-01,158.08590698242188
2020-04-02,156.68930053710938
2020-04-03,152.71731567382812
2020-04-06,163.9794464111328
2020-04-07,167.22833251953125
2020-04-08,172.6266326904297
2020-04-09,173.5279998779297
2020-04-13,173.1317901611328
2020-04-14,176.47972106933594
2020-04-15,175.29110717773438
2020-04-16,174.57794189453125
2020-04-17,177.53958129882812
2020-04-20,176.54905700683594
2020-04-21,169.17965698242188
2020-04-22,180.55076599121094
2020-04-23,183.3737030029297
2020-04-24,188.26686096191406
2020-04-27,185.72120666503906
2020-04-28,181.17477416992188
2020-04-29,192.34774780273438
2020-04-30,202.7679901123047
2020-05-01,200.35110473632812
2020-05-04,203.31271362304688
2020-05-05,205.10556030273438
2020-05-06,206.49229431152344
2020-05-07,209.25582885742188
2020-05-08,210.33546447753906
2020-05-11,211.15757751464844
2020-05-12,208.10682678222656
2020-05-13,203.15426635742188
2020-05-14,204.8480224609375
2020-05-15,208.87940979003906
2020-05-18,211.16751098632812
2020-05-19,214.82252502441406
2020-05-20,227.788330078125
2020-05-21,229.19482421875
2020-05-22,232.6814422607422
2020-05-26,229.99716186523438
2020-05-27,226.96620178222656
2020-05-28,223.3210906982422
2020-05-29,222.95458984375
2020-06-01,229.7099151611328
2020-06-02,230.51220703125
2020-06-03,227.97650146484375
2020-06-04,224.14321899414062
2020-06-05,228.58071899414062
2020-06-08,229.2047576904297
2020-06-09,236.40577697753906
2020-06-10,234.4841766357422
2020-06-11,222.3008575439453
2020-06-12,226.41151428222656
2020-06-15,230.2943115234375
2020-06-16,233.4144287109375
2020-06-17,233.29559326171875
2020-06-18,233.70169067382812
2020-06-19,236.52459716796875
2020-06-22,236.95059204101562
2020-06-23,239.9419403076172
2020-06-24,231.79989624023438
2020-06-25,233.44412231445312
2020-06-26,214.0301055908203
2020-06-29,218.54681396484375
2020-06-30,224.91583251953125
2020-07-01,235.29640197753906
2020-07-02,231.20556640625
2020-07-06,238.00051879882812
2020-07-07,238.57501220703125
2020-07-08,241.26922607421875
2020-07-09,242.1804656982422
2020-07-10,242.7450714111328
2020-07-13,236.73263549804688
2020-07-14,237.4556884765625
2020-07-15,238.00051879882812
2020-07-16,238.6443328857422
2020-07-17,239.73390197753906
2020-07-20,243.0917510986328
2020-07-21,239.45654296875
2020-07-22,237.59439086914062
2020-07-23,230.39337158203125
2020-07-24,228.5213165283203
2020-07-27,231.28482055664062
2020-07-28,227.9368896484375
2020-07-29,231.07679748535156
2020-07-30,232.2753448486328
2020-07-31,251.26348876953125
2020-08-03,249.5697021484375
2020-08-04,247.4599151611328
2020-08-05,246.7566680908203
2020-08-06,262.7633361816406
2020-08-07,265.8933410644531
2020-08-10,260.5049743652344
2020-08-11,253.7001495361328
2020-08-12,257.4244689941406
2020-08-13,258.8210754394531
2020-08-14,258.7616271972656
2020-08-17,258.6824645996094
2020-08-18,259.8512878417969
2020-08-19,260.09881591796875
2020-08-20,266.45794677734375
2020-08-21,264.4769592285156
2020-08-24,268.81536865234375
2020-08-25,278.1558837890625
2020-08-26,301.02685546875
2020-08-27,290.43829345703125
2020-08-28,290.8740539550781
2020-08-31,290.41845703125
2020-09-01,292.63720703125
2020-09-02,299.6302185058594
2020-09-03,288.3581848144531
2020-09-04,280.0477600097656
2020-09-08,268.5875549316406
2020-09-09,271.123291015625
2020-09-10,265.5466613769531
2020-09-11,264.0807189941406
2020-09-14,263.62506103515625
2020-09-15,269.8356628417969
2020-09-16,261.02001953125
2020-09-17,252.4025421142578
2020-09-18,250.13427734375
2020-09-21,245.7958221435547
2020-09-22,252.33323669433594
2020-09-23,246.65760803222656
2020-09-24,247.1627655029297
2020-09-25,252.4025421142578
2020-09-28,254.3836212158203
2020-09-29,259.3064270019531
2020-09-30,259.4153747558594
2020-10-01,264.1005859375
2020-10-02,257.4740295410156
2020-10-05,262.1393127441406
2020-10-06,256.2061462402344
2020-10-07,255.67123413085938
2020-10-08,261.25775146484375
2020-10-09,261.9412536621094
2020-10-12,273.134033203125
2020-10-13,273.52032470703125
2020-10-14,269.24127197265625
2020-10-15,264.18963623046875
2020-10-16,263.40716552734375
2020-10-19,258.92010498046875
2020-10-20,265.021728515625
2020-10-21,276.0857238769531
2020-10-22,275.4815368652344
2020-10-23,282.0881652832031
2020-10-26,274.4811096191406
2020-10-27,280.60247802734375
2020-10-28,265.13067626953125
2020-10-29,278.16583251953125
2020-10-30,260.6138916015625
2020-11-02,258.8805236816406
2020-11-03,262.78314208984375
2020-11-04,284.6536865234375
2020-11-05,291.88446044921875
2020-11-06,290.6264953613281
2020-11-09,276.1253356933594
2020-11-10,269.8454895019531
2020-11-11,273.8570861816406
2020-11-12,272.4703674316406
2020-11-13,274.3226318359375
2020-11-16,276.3135986328125
2020-11-17,272.39111328125
2020-11-18,269.38983154296875
2020-11-19,270.3507080078125
2020-11-20,267.14141845703125
2020-11-23,265.8834533691406
2020-11-24,274.2929382324219
2020-11-25,272.97552490234375
2020-11-27,275.17449951171875
2020-11-30,274.3424072265625
2020-12-01,283.83148193359375
2020-12-02,284.7923278808594
2020-12-03,279.1761474609375
2020-12-04,277.04656982421875
2020-12-07,282.87078857421875
2020-12-08,280.7113952636719
2020-12-09,275.283447265625
2020-12-10,274.490966796875
2020-12-11,270.954833984375
2020-12-14,271.5887756347656
2020-12-15,272.9358825683594
2020-12-16,273.0548095703125
2020-12-17,271.8760986328125
2020-12-18,273.7778625488281
2020-12-21,270.20208740234375
2020-12-22,264.55615234375
2020-12-23,265.5665283203125
2020-12-24,264.8631896972656
2020-12-28,274.3721618652344
2020-12-29,274.15423583984375
2020-12-30,269.2908020019531
2020-12-31,270.5686340332031
2021-01-04,266.3886413574219
2021-01-05,268.3993225097656
2021-01-06,260.81201171875
2021-01-07,266.19049072265625
2021-01-08,265.0316467285156
2021-01-11,254.4033966064453
2021-01-12,248.70794677734375
2021-01-13,249.2527313232422
2021-01-14,243.3096466064453
2021-01-15,248.97540283203125
2021-01-19,258.623046875
2021-01-20,264.9424743652344
2021-01-21,270.28131103515625
2021-01-22,271.89581298828125
2021-01-25,275.37255859375
2021-01-26,279.3741760253906
2021-01-27,269.5582580566406
2021-01-28,262.4859619140625
2021-01-29,255.87925720214844
2021-02-01,259.5242919921875
2021-02-02,264.5462646484375
2021-02-03,264.1203308105469
2021-02-04,263.9618225097656
2021-02-05,265.55657958984375
2021-02-08,264.05096435546875
2021-02-09,266.8937683105469
2021-02-10,269.2908020019531
2021-02-11,267.8249206542969
2021-02-12,267.9338073730469
2021-02-16,271.370849609375
2021-02-17,270.9747009277344
2021-02-18,266.8343811035156
2021-02-19,259.07861328125
2021-02-22,257.8603210449219
2021-02-23,263.33782958984375
2021-02-24,261.8025207519531
2021-02-25,252.2738037109375
2021-02-26,255.17599487304688
2021-03-01,262.3968200683594
2021-03-02,256.54296875
2021-03-03,252.98696899414062
2021-03-04,255.19583129882812
2021-03-05,261.7728576660156
2021-03-08,252.88792419433594
2021-03-09,263.2189025878906
2021-03-10,262.38690185546875
2021-03-11,271.28173828125
2021-03-12,265.85369873046875
2021-03-15,271.15301513671875
2021-03-16,276.6304931640625
2021-03-17,281.31561279296875
2021-03-18,275.9767761230469
2021-03-19,287.3577575683594
2021-03-22,290.7552795410156
2021-03-23,287.8728942871094
2021-03-24,279.4633483886719
2021-03-25,276.09564208984375
2021-03-26,280.3350524902344
2021-03-29,288.06109619140625
2021-03-30,285.2678527832031
2021-03-31,291.73583984375
2021-04-01,295.82666015625
2021-04-05,305.9794006347656
2021-04-06,303.35455322265625
2021-04-07,310.1197204589844
2021-04-08,310.0504150390625
2021-04-09,309.4957580566406
2021-04-12,308.58447265625
2021-04-13,306.82135009765625
2021-04-14,299.9472961425781
2021-04-15,304.8997802734375
2021-04-16,303.2752990722656
2021-04-19,299.3726806640625
2021-04-20,299.7788391113281
2021-04-21,298.6100158691406
2021-04-22,293.7069396972656
2021-04-23,298.2732238769531
2021-04-26,300.16510009765625
2021-04-27,300.6900939941406
2021-04-28,304.1866149902344
2021-04-29,326.384033203125
2021-04-30,321.99603271484375
2021-05-03,319.51971435546875
2021-05-04,315.3396911621094
2021-05-05,312.03143310546875
2021-05-06,316.98406982421875
2021-05-07,316.05291748046875
2021-05-10,303.0673522949219
2021-05-11,303.62200927734375
2021-05-12,299.67974853515625
2021-05-13,302.3640441894531
2021-05-14,312.9427185058594
2021-05-17,312.46734619140625
2021-05-18,307.01953125
2021-05-19,310.6150207519531
2021-05-20,315.5874328613281
2021-05-21,313.2300109863281
2021-05-24,321.5502624511719
2021-05-25,324.6803283691406
2021-05-26,324.5515441894531
2021-05-27,329.5932312011719
2021-05-28,325.6113586425781
2021-06-01,326.00762939453125
2021-06-02,326.02734375
2021-06-03,322.9468688964844
2021-06-04,327.2160949707031
2021-06-07,333.38690185546875
2021-06-08,330.5144348144531
2021-06-09,327.1169738769531
2021-06-10,329.3059997558594
2021-06-11,328.11737060546875
2021-06-14,333.5751037597656
2021-06-15,333.5553283691406
2021-06-16,327.9391174316406
2021-06-17,333.3175964355469
2021-06-18,326.5325927734375
2021-06-21,329.1376037597656
2021-06-22,335.81365966796875
2021-06-23,337.3588562011719
2021-06-24,339.9242858886719
2021-06-25,338.1314392089844
2021-06-28,352.26611328125
2021-06-29,348.5517272949219
2021-06-30,344.41131591796875
2021-07-01,351.0280456542969
2021-07-02,351.3350830078125
2021-07-06,349.4332580566406
2021-07-07,347.1649475097656
2021-07-08,342.3708190917969
2021-07-09,347.09564208984375
2021-07-12,349.8096008300781
2021-07-13,348.7497863769531
2021-07-14,344.3321228027344
2021-07-15,341.19219970703125
2021-07-16,337.92352294921875
2021-07-19,333.7534484863281
2021-07-20,338.4187316894531
2021-07-21,342.9454040527344
2021-07-22,347.85833740234375
2021-07-23,366.2818298339844
2021-07-26,368.926513671875
2021-07-27,364.3206481933594
2021-07-28,369.73876953125
2021-07-29,354.9206237792969
2021-07-30,352.9198303222656
2021-08-02,348.6111755371094
2021-08-03,347.9078674316406
2021-08-04,355.5150146484375
2021-08-05,359.5265808105469
2021-08-06,360.06146240234375
2021-08-09,358.179443359375
2021-08-10,357.70404052734375
2021-08-11,356.5451354980469
2021-08-12,359.2095947265625
2021-08-13,359.7345886230469
2021-08-16,363.0824890136719
2021-08-17,355.04949951171875
2021-08-18,352.07794189453125
2021-08-19,351.7510070800781
2021-08-20,355.9607238769531
2021-08-23,359.9029846191406
2021-08-24,362.04248046875
2021-08-25,364.8951721191406
2021-08-26,360.9232482910156
2021-08-27,369.09490966796875
2021-08-30,377.0487365722656
2021-08-31,375.7808837890625
2021-09-01,378.4255065917969
2021-09-02,371.71978759765625
2021-09-03,372.6904602050781
2021-09-07,378.55426025390625
2021-09-08,373.98809814453125
2021-09-09,374.41400146484375
2021-09-10,375.0974426269531
2021-09-13,372.9381408691406
2021-09-14,372.95794677734375
2021-09-15,370.3727111816406
2021-09-16,369.52081298828125
2021-09-17,361.2599792480469
2021-09-20,352.3255310058594
2021-09-21,354.088623046875
2021-09-22,339.9539794921875
2021-09-23,342.6779479980469
2021-09-24,349.611572265625
2021-09-27,350.2256164550781
2021-09-28,337.41827392578125
2021-09-29,336.38812255859375
2021-09-30,336.1703186035156
2021-10-01,339.7558898925781
2021-10-04,323.1351318359375
2021-10-05,329.80126953125
2021-10-06,330.4748840332031
2021-10-07,326.09674072265625
2021-10-08,326.9188232421875
2021-10-11,322.3625183105469
2021-10-12,320.69842529296875
2021-10-13,321.46112060546875
2021-10-14,325.413330078125
2021-10-15,321.6790771484375
2021-10-18,332.15869140625
2021-10-19,336.76458740234375
2021-10-20,337.5470886230469
2021-10-21,338.63665771484375
2021-10-22,321.53045654296875
2021-10-25,325.5717468261719
2021-10-26,312.8139953613281
2021-10-27,309.2580261230469
2021-10-28,313.9134521484375
2021-10-29,320.5003356933594
2021-11-01,326.84954833984375
2021-11-02,324.96759033203125
2021-11-03,328.4739685058594
2021-11-04,332.66387939453125
2021-11-05,337.8937683105469
2021-11-08,335.4075927734375
2021-11-09,332.1883850097656
2021-11-10,324.53173828125
2021-11-11,324.6307373046875
2021-11-12,337.65606689453125
2021-11-15,344.2627258300781
2021-11-16,339.7064514160156
2021-11-17,337.5372009277344
2021-11-18,335.47686767578125
2021-11-19,342.02423095703125
2021-11-22,337.77490234375
2021-11-23,334.050537109375
2021-11-24,337.82440185546875
2021-11-26,329.9598083496094
2021-11-29,334.82318115234375
2021-11-30,321.38189697265625
2021-12-01,307.6534118652344
2021-12-02,307.44537353515625
2021-12-03,303.9290466308594
2021-12-06,314.8543701171875
2021-12-07,319.74755859375
2021-12-08,327.4240417480469
2021-12-09,326.6910705566406
2021-12-10,326.6217346191406
2021-12-13,331.3167419433594
2021-12-14,330.5738525390625
2021-12-15,338.4187316894531
2021-12-16,331.72283935546875
2021-12-17,330.6233825683594
2021-12-20,322.3625183105469
2021-12-21,331.029541015625
2021-12-22,327.3150939941406
2021-12-23,332.0596618652344
2021-12-27,342.8958740234375
2021-12-28,342.93548583984375
2021-12-29,339.68658447265625
2021-12-30,341.09307861328125
2021-12-31,333.15911865234375
2022-01-03,335.32830810546875
2022-01-04,333.3374328613281
2022-01-05,321.0946960449219
2022-01-06,329.3059997558594
2022-01-07,328.6423645019531
2022-01-10,324.95770263671875
2022-01-11,331.1978759765625
2022-01-12,330.0984191894531
2022-01-13,323.38275146484375
2022-01-14,328.75128173828125
2022-01-18,315.13177490234375
2022-01-19,316.55810546875
2022-01-20,313.5568542480469
2022-01-21,300.29388427734375
2022-01-24,305.78131103515625
2022-01-25,297.30255126953125
2022-01-26,291.83489990234375
2022-01-27,291.8448181152344
2022-01-28,298.8477478027344
2022-01-31,310.28814697265625
2022-02-01,315.9737243652344
2022-02-02,319.9357604980469
2022-02-03,235.50440979003906
2022-02-04,234.84075927734375
2022-02-07,222.77633666992188
2022-02-08,218.09120178222656
2022-02-09,229.79905700683594
2022-02-10,225.90634155273438
2022-02-11,217.4671630859375
2022-02-14,215.6347198486328
2022-02-15,218.9034423828125
2022-02-16,214.48573303222656
2022-02-17,205.73951721191406
2022-02-18,204.20419311523438
2022-02-22,200.1628875732422
2022-02-23,196.5673370361328
2022-02-24,205.63055419921875
2022-02-25,208.4832000732422
2022-02-28,209.02798461914062
2022-03-01,201.5595245361328
2022-03-02,206.13568115234375
2022-03-03,201.04446411132812
2022-03-04,198.16204833984375
2022-03-07,185.69149780273438
2022-03-08,188.48472595214844
2022-03-09,196.6168670654297
2022-03-10,193.35809326171875
2022-03-11,185.83016967773438
2022-03-14,184.8594970703125
2022-03-15,190.20823669433594
2022-03-16,201.69821166992188
2022-03-17,205.8682403564453
2022-03-18,214.4362030029297
2022-03-21,209.483642578125
2022-03-22,214.59466552734375
2022-03-23,211.43495178222656
2022-03-24,217.4869384765625
2022-03-25,219.7156219482422
2022-03-28,221.4688262939453
2022-03-29,227.6793670654297
2022-03-30,225.68844604492188
2022-03-31,220.25051879882812
2022-04-01,222.71688842773438
2022-04-04,231.67112731933594
2022-04-05,229.64056396484375
2022-04-06,221.18161010742188
2022-04-07,220.8349151611328
2022-04-08,220.22080993652344
2022-04-11,214.406494140625
2022-04-12,212.10850524902344
2022-04-13,212.95045471191406
2022-04-14,208.18606567382812
2022-04-18,208.77044677734375
2022-04-19,215.24839782714844
2022-04-20,198.5186309814453
2022-04-21,186.28579711914062
2022-04-22,182.36337280273438
2022-04-25,185.216064453125
2022-04-26,179.23336791992188
2022-04-27,173.29026794433594
2022-04-28,203.7782745361328
2022-04-29,198.5681610107422
2022-05-02,209.12704467773438
2022-05-03,210.0185089111328
2022-05-04,221.29055786132812
2022-05-05,206.30409240722656
2022-05-06,201.83689880371094
2022-05-09,194.3485870361328
2022-05-10,195.77490234375
2022-05-11,186.94947814941406
2022-05-12,189.42572021484375
2022-05-13,196.7357177734375
2022-05-16,198.14224243164062
2022-05-17,200.69778442382812
2022-05-18,190.41627502441406
2022-05-19,189.4752655029297
2022-05-20,191.7039337158203
2022-05-23,194.368408203125
2022-05-24,179.56024169921875
2022-05-25,182.08604431152344
2022-05-26,189.81204223632812
2022-05-27,193.27883911132812
2022-05-31,191.80300903320312
2022-06-01,186.85043334960938
2022-06-02,196.9734344482422
2022-06-03,188.97010803222656
2022-06-06,192.4071807861328
2022-06-07,193.79391479492188
2022-06-08,194.77452087402344
2022-06-09,182.25440979003906
2022-06-10,173.90440368652344
2022-06-13,162.7017059326172
2022-06-14,162.17669677734375
2022-06-15,167.74342346191406
2022-06-16,159.3438262939453
2022-06-17,162.1866455078125
2022-06-21,155.5601348876953
2022-06-22,154.37149047851562
2022-06-23,157.24395751953125
2022-06-24,168.54574584960938
2022-06-27,167.88209533691406
2022-06-28,159.15562438964844
2022-06-29,162.38475036621094
2022-06-30,159.72023010253906
2022-07-01,158.51181030273438
2022-07-05,166.5944061279297
2022-07-06,168.159423828125
2022-07-07,170.55645751953125
2022-07-08,169.25889587402344
2022-07-11,161.33477783203125
2022-07-12,161.7210693359375
2022-07-13,161.93899536132812
2022-07-14,156.55062866210938
2022-07-15,163.1375274658203
2022-07-18,165.64352416992188
2022-07-19,174.1123809814453
2022-07-20,181.35304260253906
2022-07-21,181.43231201171875
2022-07-22,167.66415405273438
2022-07-25,165.0690155029297
2022-07-26,157.64015197753906
2022-07-27,167.9712371826172
2022-07-28,159.19528198242188
2022-07-29,157.59066772460938
2022-08-01,158.41275024414062
2022-08-02,158.67031860351562
2022-08-03,167.1986083984375
2022-08-04,168.9518585205078
2022-08-05,165.52464294433594
2022-08-08,168.63485717773438
2022-08-09,166.9311981201172
2022-08-10,176.64808654785156
2022-08-11,175.80618286132812
2022-08-12,178.78762817382812
2022-08-15,179.17393493652344
2022-08-16,177.7674102783203
2022-08-17,173.1912384033203
2022-08-18,173.00303649902344
2022-08-19,166.36659240722656
2022-08-22,161.50315856933594
2022-08-23,159.58154296875
2022-08-24,161.71119689941406
2022-08-25,167.1788330078125
2022-08-26,160.24525451660156
2022-08-29,157.6599884033203
2022-08-30,155.66908264160156
2022-08-31,161.38429260253906
2022-09-01,163.791259765625
2022-09-02,158.79910278320312
2022-09-06,157.0359344482422
2022-09-07,158.868408203125
2022-09-08,160.52256774902344
2022-09-09,167.5452880859375
2022-09-12,167.35711669921875
2022-09-13,151.67727661132812
2022-09-14,150.03305053710938
2022-09-15,148.1312713623047
2022-09-16,144.90216064453125
2022-09-19,146.61573791503906
2022-09-20,144.70407104492188
2022-09-21,140.77171325683594
2022-09-22,141.46511840820312
2022-09-23,139.07794189453125
2022-09-26,135.07627868652344
2022-09-27,133.12496948242188
2022-09-28,140.26658630371094
2022-09-29,135.1159210205078
2022-09-30,134.39283752441406
2022-10-03,137.29502868652344
2022-10-04,138.94920349121094
2022-10-05,137.66151428222656
2022-10-06,137.75067138671875
2022-10-07,132.1839599609375
2022-10-10,132.52073669433594
2022-10-11,127.32052612304688
2022-10-12,126.2904281616211
2022-10-13,129.053955078125
2022-10-14,125.55745697021484
2022-10-17,132.76837158203125
2022-10-18,131.5401611328125
2022-10-19,131.966064453125
2022-10-20,130.2822265625
2022-10-21,128.776611328125
2022-10-24,128.48936462402344
2022-10-25,136.2054443359375
2022-10-26,128.5884552001953
2022-10-27,97.0108642578125
2022-10-28,98.25890350341797
2022-10-31,92.27621459960938
2022-11-01,94.29685974121094
2022-11-02,89.68106079101562
2022-11-03,88.0665283203125
2022-11-04,89.9286880493164
2022-11-07,95.80242919921875
2022-11-08,95.55480194091797
2022-11-09,100.50737762451172
2022-11-10,110.80870819091797
2022-11-11,111.94779968261719
2022-11-14,113.13641357421875
2022-11-15,115.96929168701172
2022-11-16,112.15579986572266
2022-11-17,110.39269256591797
2022-11-18,110.98701477050781
2022-11-21,108.81778717041016
2022-11-22,110.38280487060547
2022-11-23,111.17518615722656
2022-11-25,110.35308074951172
2022-11-28,107.7480239868164
2022-11-29,108.42158508300781
2022-11-30,116.9795913696289
2022-12-01,119.29741668701172
2022-12-02,122.31847381591797
2022-12-05,121.2685317993164
2022-12-06,113.03736114501953
2022-12-07,112.84916687011719
2022-12-08,114.23588562011719
2022-12-09,114.80047607421875
2022-12-12,113.62174987792969
2022-12-13,119.0101547241211
2022-12-14,120.43648529052734
2022-12-15,115.04811096191406
2022-12-16,118.2969970703125
2022-12-19,113.39395141601562
2022-12-20,115.97917938232422
2022-12-21,118.62386322021484
2022-12-22,116.00890350341797
2022-12-23,116.92018127441406
2022-12-27,115.77119445800781
2022-12-28,114.52312469482422
2022-12-29,119.11911010742188
2022-12-30,119.19834899902344
2023-01-03,123.55662536621094
2023-01-04,126.16167449951172
2023-01-05,125.73573303222656
2023-01-06,128.78652954101562
2023-01-09,128.2417449951172
2023-01-10,131.7283477783203
2023-01-11,131.6292724609375
2023-01-12,135.41307067871094
2023-01-13,135.6804962158203
2023-01-17,134.0758819580078
2023-01-18,131.758056640625
2023-01-19,134.8583526611328
2023-01-20,138.04782104492188
2023-01-23,141.91082763671875
2023-01-24,141.7820587158203
2023-01-25,140.15762329101562
2023-01-26,145.90255737304688
2023-01-27,150.3004608154297
2023-01-30,145.66485595703125
2023-01-31,147.55674743652344
2023-02-01,151.66738891601562
2023-02-02,186.9791717529297
2023-02-03,184.76040649414062
2023-02-06,184.29490661621094
2023-02-07,189.8021240234375
2023-02-08,181.6898193359375
2023-02-09,176.23211669921875
2023-02-10,172.4978485107422
2023-02-13,177.72776794433594
2023-02-14,177.77728271484375
2023-02-15,175.4793243408203
2023-02-16,170.8040771484375
2023-02-17,171.23992919921875
2023-02-21,170.447509765625
2023-02-22,169.4966278076172
2023-02-23,170.40786743164062
2023-02-24,168.77354431152344
2023-02-27,167.93161010742188
2023-02-28,173.28038024902344
2023-03-01,171.77481079101562
2023-03-02,172.874267578125
2023-03-03,183.49252319335938
2023-03-06,183.14590454101562
2023-03-07,182.75958251953125
2023-03-08,183.2152099609375
2023-03-09,179.96636962890625
2023-03-10,177.8070068359375
2023-03-13,179.18385314941406
2023-03-14,192.1793975830078
2023-03-15,195.87396240234375
2023-03-16,202.98585510253906
2023-03-17,193.75428771972656
2023-03-20,195.9333953857422
2023-03-21,200.24215698242188
2023-03-22,197.91441345214844
2023-03-23,202.342041015625
2023-03-24,204.05563354492188
2023-03-27,200.9156951904297
2023-03-28,198.77618408203125
2023-03-29,203.40191650390625
2023-03-30,205.8682403564453
2023-03-31,209.9293670654297
2023-04-03,211.04864501953125
2023-04-04,212.68296813964844
2023-04-05,209.47369384765625
2023-04-06,214.0499267578125
2023-04-10,212.7126922607422
2023-04-11,211.82125854492188
2023-04-12,211.9698028564453
2023-04-13,218.25958251953125
2023-04-14,219.38877868652344
2023-04-17,216.78372192382812
2023-04-18,215.8228759765625
2023-04-19,213.65370178222656
2023-04-20,211.04864501953125
2023-04-21,210.87034606933594
2023-04-24,210.77127075195312
2023-04-25,205.58102416992188
2023-04-26,207.41346740722656
2023-04-27,236.29684448242188
2023-04-28,238.04013061523438
2023-05-01,240.8729705810547
2023-05-02,236.97036743164062
2023-05-03,234.7813720703125
2023-05-04,231.30462646484375
2023-05-05,230.5716552734375
2023-05-08,231.05702209472656
2023-05-09,231.15606689453125
2023-05-10,230.86878967285156
2023-05-11,233.5531005859375
2023-05-12,231.59188842773438
2023-05-15,236.593994140625
2023-05-16,236.5543670654297
2023-05-17,240.18954467773438
2023-05-18,244.50819396972656
2023-05-19,243.3096466064453
2023-05-22,245.96424865722656
2023-05-23,244.39923095703125
2023-05-24,246.84576416015625
2023-05-25,250.29278564453125
2023-05-26,259.55401611328125
2023-05-30,260.0295104980469
2023-05-31,262.2086486816406
2023-06-01,270.0238037109375
2023-06-02,270.0238037109375
2023-06-05,268.81536865234375
2023-06-06,268.54791259765625
2023-06-07,261.0992736816406
2023-06-08,262.0699157714844
2023-06-09,262.43646240234375
2023-06-12,268.4785461425781
2023-06-13,268.74603271484375
2023-06-14,270.7568359375
2023-06-15,279.15631103515625
2023-06-16,278.3341979980469
2023-06-20,281.632568359375
2023-06-21,278.9681396484375
2023-06-22,282.17742919921875
2023-06-23,285.9909362792969
2023-06-26,275.8282775878906
2023-06-27,284.3267517089844
2023-06-28,282.5834655761719
2023-06-29,278.859130859375
2023-06-30,284.2574462890625
2023-07-03,283.30657958984375
2023-07-05,291.5773620605469
2023-07-06,289.2199401855469
2023-07-07,287.7738342285156
2023-07-10,291.3099060058594
2023-07-11,295.46014404296875
2023-07-12,306.4053039550781
2023-07-13,310.4367370605469
2023-07-14,305.93975830078125
2023-07-17,307.6731872558594
2023-07-18,309.0896301269531
2023-07-19,313.0120544433594
2023-07-20,299.6500244140625
2023-07-21,291.4683837890625
2023-07-24,288.8434753417969
2023-07-25,291.6764221191406
2023-07-26,295.7375183105469
2023-07-27,308.7528381347656
2023-07-28,322.3922424316406
2023-07-31,315.5775146484375
2023-08-01,319.64849853515625
2023-08-02,311.32818603515625
2023-08-03,310.21881103515625
2023-08-04,307.7821350097656
2023-08-07,313.5568542480469
2023-08-08,309.6740417480469
2023-08-09,302.3145446777344
2023-08-10,302.83953857421875
2023-08-11,298.7784423828125
2023-08-14,303.28521728515625
2023-08-15,299.0855407714844
2023-08-16,291.4980773925781
2023-08-17,282.38543701171875
2023-08-18,280.5628662109375
2023-08-21,287.1497802734375
2023-08-22,284.8716125488281
2023-08-23,291.4485778808594
2023-08-24,284.0296630859375
2023-08-25,282.7915344238281
2023-08-28,287.50634765625
2023-08-29,295.16302490234375
2023-08-30,292.3004455566406
2023-08-31,293.08294677734375
2023-09-01,293.5683288574219
2023-09-05,297.30255126953125
2023-09-06,296.33184814453125
2023-09-07,295.83660888671875
2023-09-08,295.06402587890625
2023-09-11,304.6422424316406
2023-09-12,298.7981872558594
2023-09-13,302.1659851074219
2023-09-14,308.7627868652344
2023-09-15,297.4610595703125
2023-09-18,299.67974853515625
2023-09-19,302.1758728027344
2023-09-20,296.8271179199219
2023-09-21,292.9244384765625
2023-09-22,296.2426452636719
2023-09-25,297.9760437011719
2023-09-26,296.1238098144531
2023-09-27,294.9153137207031
2023-09-28,301.0763854980469
2023-09-29,297.3619384765625
2023-10-02,303.90924072265625
2023-10-03,298.08502197265625
2023-10-04,302.68096923828125
2023-10-05,301.8985290527344
2023-10-06,312.43756103515625
2023-10-09,315.3396911621094
2023-10-10,318.7867736816406
2023-10-11,324.7100524902344
2023-10-12,321.0847473144531
2023-10-13,311.7046203613281
2023-10-16,318.103271484375
2023-10-17,320.92626953125
2023-10-18,313.96295166015625
2023-10-19,309.84246826171875
2023-10-20,305.7218322753906
2023-10-23,311.0310974121094
2023-10-24,309.5848693847656
2023-10-25,296.68841552734375
2023-10-26,285.614501953125
2023-10-27,293.9150085449219
2023-10-30,299.7886962890625
2023-10-31,298.41192626953125
2023-11-01,308.8915710449219
2023-11-02,307.9207763671875
2023-11-03,311.6154479980469
2023-11-06,312.8040466308594
2023-11-07,315.79541015625
2023-11-08,316.7463073730469
2023-11-09,317.50897216796875
2023-11-10,325.6510009765625
2023-11-13,326.0670166015625
2023-11-14,333.1195068359375
2023-11-15,329.5537109375
2023-11-16,331.01959228515625
2023-11-17,331.8615417480469
2023-11-20,336.7447204589844
2023-11-21,333.78314208984375
2023-11-22,338.25030517578125
2023-11-24,335.0212707519531
2023-11-27,331.5247802734375
2023-11-28,335.7740173339844
2023-11-29,329.04852294921875
2023-11-30,324.04632568359375
2023-12-01,321.73846435546875
2023-12-04,316.98406982421875
2023-12-05,315.2704772949219
2023-12-06,314.4384460449219
2023-12-07,323.49169921875
2023-12-08,329.5932312011719
2023-12-11,322.194091796875
2023-12-12,331.0492858886719
2023-12-13,331.5643310546875
2023-12-14,330.00927734375
2023-12-15,331.7427062988281
2023-12-18,341.3506774902344
2023-12-19,347.0361633300781
2023-12-20,345.9664306640625
2023-12-21,350.7308349609375
2023-12-22,350.0374755859375
2023-12-26,351.4638366699219
2023-12-27,354.43524169921875
2023-12-28,354.9206237792969
2023-12-29,350.6020812988281
2024-01-02,343.0047607421875
2024-01-03,341.20208740234375
2024-01-04,343.826904296875
2024-01-05,348.6111755371094
2024-01-08,355.2574462890625
2024-01-09,354.0390930175781
2024-01-10,366.95538330078125
2024-01-11,366.1629638671875
2024-01-12,370.9372863769531
2024-01-16,363.9739990234375
2024-01-17,364.8753662109375
2024-01-18,372.56170654296875
2024-01-19,379.81231689453125
2024-01-22,378.1581115722656
2024-01-23,381.5456848144531
2024-01-24,386.9935302734375
2024-01-25,389.449951171875
2024-01-26,390.4008483886719
2024-01-29,397.215576171875
2024-01-30,396.26470947265625
2024-01-31,386.43878173828125
2024-02-01,391.0347900390625
2024-02-02,470.48382568359375
2024-02-05,455.0516662597656
2024-02-06,450.4061279296875
2024-02-07,465.13507080078125
2024-02-08,465.5411682128906
2024-02-09,463.6690979003906
2024-02-12,464.45159912109375
2024-02-13,455.7548828125
2024-02-14,468.7900695800781
2024-02-15,479.4381103515625
2024-02-16,468.8297119140625
2024-02-20,467.2746276855469
2024-02-21,464.0817565917969
2024-02-22,482.029052734375
2024-02-23,479.9467468261719
2024-02-26,477.67608642578125
2024-02-27,482.9413146972656
2024-02-28,479.93682861328125
2024-02-29,485.99530029296875
2024-03-01,498.0626525878906
2024-03-04,493.9873352050781
2024-03-05,486.0845642089844
2024-03-06,491.9050598144531
2024-03-07,507.86920166015625
2024-03-08,501.681884765625
2024-03-11,479.510498046875
2024-03-12,495.5341491699219
2024-03-13,491.38946533203125
2024-03-14,487.68096923828125
2024-03-15,480.01617431640625
2024-03-18,492.78753662109375
2024-03-19,492.0537414550781
2024-03-20,501.2555236816406
2024-03-21,503.4765930175781
2024-03-22,505.28125
2024-03-25,498.776611328125
2024-03-26,491.70672607421875
2024-03-27,489.6938171386719
2024-03-28,481.483642578125
2024-04-01,487.20501708984375
2024-04-02,493.17425537109375
2024-04-03,502.4652099609375
2024-04-04,506.6099548339844
2024-04-05,522.8914184570312
2024-04-08,514.8696899414062
2024-04-09,512.5394897460938
2024-04-10,515.4447631835938
2024-04-11,518.7467041015625
2024-04-12,507.5816650390625
2024-04-15,496.0101318359375
2024-04-16,495.5440673828125
2024-04-17,490.001220703125
2024-04-18,497.5668640136719
2024-04-19,477.0117492675781
2024-04-22,477.6661682128906
2024-04-23,491.91497802734375
2024-04-24,489.3369140625
2024-04-25,437.6566162109375
2024-04-26,439.5505065917969
2024-04-29,428.9704895019531
2024-04-30,426.5411682128906
2024-05-01,435.4850158691406
2024-05-02,437.95404052734375
2024-05-03,448.1473083496094
2024-05-06,461.7515563964844
2024-05-07,464.2900085449219
2024-05-08,468.61328125
2024-05-09,471.409423828125
2024-05-10,472.18292236328125
2024-05-13,464.0619201660156
2024-05-14,467.8694763183594
2024-05-15,477.4777526855469
2024-05-16,469.2379150390625
2024-05-17,467.9290466308594
2024-05-20,464.8849792480469
2024-05-21,460.7104797363281
2024-05-22,463.8338928222656
2024-05-23,461.8507385253906
2024-05-24,474.185791015625
2024-05-28,475.8714904785156
2024-05-29,470.3583679199219
2024-05-30,463.1100158691406
2024-05-31,462.8918762207031
2024-06-03,473.4618835449219
2024-06-04,472.9661560058594
2024-06-05,490.8837585449219
2024-06-06,489.5947265625
2024-06-07,488.8014831542969
2024-06-10,498.360107421875
2024-06-11,503.1890563964844
2024-06-12,504.5474853515625
2024-06-13,499.84747314453125
2024-06-14,500.4033203125
2024-06-17,502.85491943359375
2024-06-18,495.7680969238281
2024-06-20,497.96160888671875
2024-06-21,491.09320068359375
2024-06-24,495.19244384765625
2024-06-25,506.7953186035156
2024-06-26,509.2965393066406
2024-06-27,515.6885375976562
2024-06-28,500.46282958984375
2024-07-01,500.9194641113281
2024-07-02,505.7035217285156
2024-07-03,506.1600646972656
2024-07-05,535.8869018554688
2024-07-08,525.3757934570312
2024-07-09,526.0506591796875
2024-07-10,530.7057495117188
2024-07-11,508.8796691894531
2024-07-12,495.1527404785156
2024-07-15,492.46295166015625
2024-07-16,486.14044189453125
2024-07-17,458.54754638671875
2024-07-18,472.30419921875
2024-07-19,473.23724365234375
2024-07-22,483.76824951171875
2024-07-23,485.0485534667969
2024-07-24,457.8328857421875
2024-07-25,450.0314636230469
2024-07-26,462.2299499511719
2024-07-29,462.2397766113281
2024-07-30,459.73858642578125
2024-07-31,471.2918395996094
2024-08-01,494.0311584472656
2024-08-02,484.502685546875
2024-08-05,472.1851806640625
2024-08-06,490.4083251953125
2024-08-07,485.27691650390625
2024-08-08,505.83251953125
2024-08-09,513.9119262695312
2024-08-12,512.10546875
2024-08-13,524.6016235351562
2024-08-14,522.8349609375
2024-08-15,533.3261108398438
2024-08-16,523.4900512695312
2024-08-19,525.336181640625
2024-08-20,522.8050537109375
2024-08-21,531.1722412109375
2024-08-22,527.9664306640625
2024-08-23,524.065673828125
2024-08-26,517.2369995117188
2024-08-27,515.23193359375
2024-08-28,512.9293212890625
2024-08-29,514.3585205078125
2024-08-30,517.425537109375
2024-09-03,507.9466857910156
2024-09-04,508.91937255859375
2024-09-05,513.0087280273438
2024-09-06,496.5422668457031
2024-09-09,501.0286560058594
2024-09-10,501.0286560058594
2024-09-11,508.01617431640625
2024-09-12,521.6835327148438
2024-09-13,520.7108154296875
2024-09-16,529.8113403320312
2024-09-17,532.83154296875
2024-09-18,534.4508666992188
2024-09-19,555.4633178710938
2024-09-20,557.69873046875
2024-09-23,560.7387084960938
2024-09-24,559.6658935546875
2024-09-25,564.6134643554688
2024-09-26,564.146484375
2024-09-27,563.6695556640625
2024-09-30,568.716552734375
2024-10-01,572.7202758789062
2024-10-02,569.084228515625
2024-10-03,578.9793701171875
2024-10-04,592.0637817382812
2024-10-07,580.976318359375
2024-10-08,589.0335693359375
2024-10-09,586.6691284179688
2024-10-10,580.032470703125
2024-10-11,586.1126708984375
2024-10-14,586.5796508789062
2024-10-15,582.4566040039062
2024-10-16,573.0382690429688
2024-10-17,573.1773681640625
2024-10-18,572.7202758789062
2024-10-21,571.4187622070312
2024-10-22,578.2243041992188
2024-10-23,560.0234985351562
2024-10-24,564.0869140625
2024-10-25,569.5213012695312
2024-10-28,574.3993530273438
2024-10-29,589.4210205078125
2024-10-30,587.95068359375
2024-10-31,563.88818359375
2024-11-01,563.4708862304688
2024-11-04,557.0330200195312
2024-11-05,568.7066650390625
2024-11-06,568.3289794921875
2024-11-07,587.8512573242188
2024-11-08,585.5065307617188
2024-11-11,579.3767700195312
2024-11-12,581.0159912109375
2024-11-13,576.2274169921875
2024-11-14,573.4058837890625
2024-11-15,550.4760131835938
2024-11-18,550.7939453125
2024-11-19,557.4404907226562
2024-11-20,561.8416137695312
2024-11-21,559.427490234375
2024-11-22,555.5030517578125
2024-11-25,561.4342041015625
2024-11-26,569.8093872070312
2024-11-27,565.49755859375
2024-11-29,570.5844116210938
2024-12-02,588.9739379882812
2024-12-03,609.658447265625
2024-12-04,609.7876586914062
2024-12-05,604.9691162109375
2024-12-06,619.712646484375
2024-12-09,609.5789794921875
2024-12-10,615.2916870117188
2024-12-11,628.5648803710938
2024-12-12,626.6869506835938
2024-12-13,616.3148193359375
2024-12-16,620.679931640625
2024-12-17,615.9072875976562
2024-12-18,593.7841186523438
2024-12-19,592.17333984375
2024-12-20,581.9122314453125
2024-12-23,596.428955078125
2024-12-24,604.283935546875
2024-12-26,599.9089965820312
2024-12-27,596.3892211914062
2024-12-30,587.8680419921875
2024-12-31,582.1707763671875
2025-01-02,595.8223876953125
2025-01-03,601.1818237304688
2025-01-06,626.6058349609375
2025-01-07,614.3661499023438
2025-01-08,607.2369384765625
2025-01-10,612.3475952148438
2025-01-13,604.8606567382812
2025-01-14,590.8609008789062
2025-01-15,613.6005859375
2025-01-16,607.8136596679688
2025-01-17,609.275390625
2025-01-21,612.9442138671875
2025-01-22,619.9440307617188
2025-01-23,632.8202514648438
2025-01-24,643.7972412109375
2025-01-27,656.1165771484375
2025-01-28,670.4842529296875
2025-01-29,672.6318969726562
2025-01-30,683.0819091796875
2025-01-31,685.2495727539062
2025-02-03,693.4823608398438
2025-02-04,700.173828125
2025-02-05,700.8500366210938
2025-02-06,707.929443359375
2025-02-07,710.4450073242188
2025-02-10,713.30859375
2025-02-11,715.6949462890625
2025-02-12,721.2429809570312
2025-02-13,724.4049072265625
2025-02-14,732.4686889648438
2025-02-18,712.284423828125
2025-02-19,699.7564086914062
2025-02-20,690.8772583007812
2025-02-21,679.6515502929688
2025-02-24,664.319580078125
2025-02-25,653.750244140625
2025-02-26,669.8578491210938
2025-02-27,654.4859619140625
2025-02-28,664.38916015625
2025-03-03,651.3141479492188
2025-03-04,636.3499145507812
2025-03-05,652.7261352539062
2025-03-06,624.3487548828125
2025-03-07,622.0917358398438
2025-03-10,594.57958984375
2025-03-11,602.2556762695312
2025-03-12,616.0265502929688
2025-03-13,587.2715454101562
2025-03-14,604.6722412109375
2025-03-17,601.9853515625
2025-03-18,579.5538330078125
2025-03-19,581.2457275390625
2025-03-20,583.1763305664062
2025-03-21,593.3770141601562
2025-03-24,615.8679809570312
2025-03-25,623.2920532226562
2025-03-26,608.0359497070312
2025-03-27,599.6763916015625
2025-03-28,573.9609375
2025-03-31,573.582763671875
2025-04-01,583.1763305664062
2025-04-02,581.1162719726562
2025-04-03,529.058349609375
2025-04-04,502.2979431152344
2025-04-07,513.762451171875
2025-04-08,507.9903564453125
2025-04-09,582.947509765625
2025-04-10,543.6576538085938
2025-04-11,540.9508666992188
2025-04-14,528.9190063476562
2025-04-15,519.007080078125
2025-04-16,499.8896179199219
2025-04-17,499.0635986328125
2025-04-21,482.32464599609375
2025-04-22,497.869384765625
2025-04-23,517.7631225585938
2025-04-24,530.5810546875
2025-04-25,544.6329956054688
2025-04-28,547.0910034179688
2025-04-29,551.7683715820312
2025-04-30,546.3546142578125
2025-05-01,569.4528198242188
2025-05-02,594.1432495117188
2025-05-05,596.3825073242188
2025-05-06,584.4800415039062
2025-05-07,593.9342041015625
2025-05-08,595.1285400390625
2025-05-09,589.635009765625
2025-05-12,636.3489379882812
2025-05-13,652.8688354492188
2025-05-14,656.182861328125
2025-05-15,640.777587890625
2025-05-16,637.2545166015625
2025-05-19,637.3441162109375
2025-05-20,634.0300903320312
2025-05-21,632.4378051757812
2025-05-22,633.5026245117188
2025-05-23,624.0384521484375
2025-05-27,639.2249145507812
2025-05-28,640.4788818359375
2025-05-29,641.9418334960938
2025-05-30,644.3699951171875
2025-06-02,667.667236328125
2025-06-03,663.6367797851562
2025-06-04,684.6351318359375
2025-06-05,681.3211059570312
2025-06-06,694.3480834960938
2025-06-09,690.7156982421875
2025-06-10,699.0154418945312
2025-06-11,690.7952880859375
2025-06-12,690.0189819335938
2025-06-13,679.5795288085938
2025-06-16,699.2744750976562
2025-06-17,694.4042358398438
2025-06-18,692.9501953125
2025-06-20,679.5845336914062
2025-06-23,695.6990966796875
2025-06-24,709.3135986328125
2025-06-25,705.8078002929688
2025-06-26,723.1473388671875
2025-06-27,730.65673828125
2025-06-30,735.0986938476562
2025-07-01,716.30517578125
2025-07-02,710.6780395507812
2025-07-03,716.0960083007812
2025-07-07,715.4386596679688
2025-07-08,717.7492065429688
2025-07-09,729.810302734375
2025-07-10,724.2926635742188
2025-07-11,714.6021118164062
2025-07-14,717.998291015625
2025-07-15,707.5108642578125
2025-07-16,700.0612182617188
2025-07-17,698.5672607421875
2025-07-18,701.4257202148438
2025-07-21,710.0803833007812
2025-07-22,701.9535522460938
2025-07-23,710.6880493164062
2025-07-24,711.9030151367188
2025-07-25,709.7916259765625
2025-07-28,714.7216186523438
2025-07-29,697.1630249023438
2025-07-30,692.3924560546875
2025-07-31,770.305419921875
2025-08-01,746.9703979492188
2025-08-04,773.2235717773438
2025-08-05,760.3658447265625
2025-08-06,768.8612670898438
2025-08-07,758.742431640625
2025-08-08,766.1821899414062
2025-08-11,762.7660522460938
2025-08-12,786.7982788085938
2025-08-13,776.9185791015625
2025-08-14,778.960205078125
2025-08-15,782.0476684570312
2025-08-18,764.260009765625
2025-08-19,748.4343872070312
2025-08-20,744.6895751953125
2025-08-21,736.1044921875
2025-08-22,751.73095703125
2025-08-25,750.2470092773438
2025-08-26,751.0437622070312
2025-08-27,744.35107421875
2025-08-28,748.06591796875
2025-08-29,735.7061767578125
2025-09-02,732.1307983398438
2025-09-03,734.0629272460938
2025-09-04,745.6159057617188
2025-09-05,749.4004516601562
2025-09-08,749.2510375976562
2025-09-09,762.5967407226562
2025-09-10,748.9323120117188
2025-09-11,747.8568115234375
2025-09-12,752.5277709960938
2025-09-15,761.600830078125
2025-09-16,775.8428955078125
2025-09-17,772.5761108398438
2025-09-18,777.0877685546875
2025-09-19,775.2254028320312
2025-09-22,762.5733032226562
2025-09-23,752.8463745117188
2025-09-24,758.0885009765625
2025-09-25,746.378173828125
2025-09-26,741.2356567382812
2025-09-29,740.8869018554688
2025-09-30,731.8973388671875
2025-10-01,714.9149780273438
2025-10-02,724.5921020507812
2025-10-03,708.1578979492188
2025-10-06,713.2406005859375
2025-10-07,710.6693725585938
2025-10-08,715.4132690429688
2025-10-09,731.0302734375
2025-10-10,702.9156494140625
2025-10-13,713.280517578125
2025-10-14,706.2544555664062
2025-10-15,715.124267578125
2025-10-16,709.6627807617188
2025-10-17,714.496337890625
2025-10-20,729.69482421875
2025-10-21,730.7911376953125
2025-10-22,730.9306030273438
2025-10-23,731.5186767578125
2025-10-24,735.8638305664062
2025-10-27,748.2817993164062
2025-10-28,748.8997192382812
2025-10-29,749.1289672851562
2025-10-30,664.2169189453125
2025-10-31,646.1581420898438
2025-11-03,635.55419921875
2025-11-04,625.1992797851562
2025-11-05,633.8001098632812
2025-11-06,616.8475952148438
2025-11-07,619.6082153320312
2025-11-10,629.6242065429688
2025-11-11,624.9601440429688
2025-11-12,606.951171875
2025-11-13,607.8281860351562
2025-11-14,607.3997192382812
2025-11-17,599.9747924804688
2025-11-18,595.6694946289062
2025-11-19,588.3243408203125
2025-11-20,587.1583862304688
2025-11-21,592.2410888671875
2025-11-24,610.9775390625
2025-11-25,634.0692138671875
2025-11-26,631.468017578125
2025-11-28,645.7595825195312
2025-12-01,638.7034912109375
2025-12-02,644.912353515625
2025-12-03,637.4378051757812
2025-12-04,659.2936401367188
2025-12-05,671.1434326171875
2025-12-08,664.5457763671875
2025-12-09,654.7390747070312
2025-12-10,647.93212890625
2025-12-11,650.5034790039062
2025-12-12,642.0520629882812
2025-12-15,645.8473510742188
2025-12-16,655.462646484375
2025-12-17,647.832275390625
2025-12-18,662.7438354492188
2025-12-19,657.0784301757812
2025-12-22,659.8014526367188
2025-12-23,663.2325439453125
2025-12-24,665.8358764648438
2025-12-26,661.5868530273438
2025-12-29,656.9986572265625
2025-12-30,664.239990234375
2025-12-31,658.39501953125
2026-01-02,648.7398681640625
2026-01-05,657.098388671875
2026-01-06,658.9236450195312
2026-01-07,647.0242919921875
2026-01-08,644.4010620117188
2026-01-09,651.3831176757812
2026-01-12,640.321533203125
2026-01-13,629.4695434570312
2026-01-14,613.939453125
2026-01-15,619.2058715820312
2026-01-16,618.6573486328125
2026-01-20,602.5687255859375
2026-01-21,611.3860473632812
2026-01-22,645.967041015625
2026-01-23,657.0684204101562
2026-01-26,670.6334838867188
2026-01-27,671.241943359375
2026-01-28,667.0127563476562
2026-01-29,736.4141845703125
2026-01-30,714.6602172851562
2026-02-02,704.5960693359375
2026-02-03,689.9238891601562
2026-02-04,667.2721557617188
2026-02-05,668.4890747070312
2026-02-06,659.7615356445312
2026-02-09,675.4810180664062
2026-02-10,668.9976806640625
2026-02-11,666.9729614257812
2026-02-12,648.1414794921875
2026-02-13,638.127197265625
2026-02-17,637.6483764648438
2026-02-18,641.568359375
2026-02-19,643.1243896484375
2026-02-20,653.9763793945312
2026-02-23,635.6137084960938
2026-02-24,637.6583862304688
2026-02-25,652.011474609375
2026-02-26,655.322998046875
2026-02-27,646.515625
2026-03-02,651.8817749023438
2026-03-03,653.39794921875
2026-03-04,666.015380859375
2026-03-05,658.8738403320312
2026-03-06,643.2041625976562
2026-03-09,645.7276611328125
2026-03-10,652.3905029296875
2026-03-11,653.178466796875
2026-03-12,636.5413208007812
2026-03-13,612.1341552734375
2026-03-16,626.3746948242188
2026-03-17,621.5928344726562
2026-03-18,614.6248168945312
2026-03-19,605.6602172851562
2026-03-20,592.642578125
2026-03-23,603.0247802734375
2026-03-24,591.9038696289062
2026-03-25,593.8704833984375
2026-03-26,546.6016235351562
2026-03-27,524.8190307617188
2026-03-30,535.4607543945312
2026-03-31,571.1494750976562
2026-04-01,578.2372436523438
2026-04-02,573.4755249023438
2026-04-06,572.0380249023438
2026-04-07,574.064453125
2026-04-08,611.3704223632812
2026-04-09,627.3130493164062
2026-04-10,628.780517578125
2026-04-13,633.4425659179688
2026-04-14,661.3546142578125
2026-04-15,670.4290771484375
2026-04-16,675.7099609375
2026-04-17,687.3699340820312
2026-04-20,669.7601928710938
2026-04-21,667.6937866210938
2026-04-22,673.5636596679688
2026-04-23,658.0203857421875
2026-04-24,673.8731689453125
2026-04-27,677.4569702148438
2026-04-28,670.189453125
2026-04-29,667.9732666015625
2026-04-30,610.8612670898438
2026-05-01,607.7067260742188
2026-05-04,609.3638916015625
2026-05-05,603.9232177734375
2026-05-06,611.8296508789062
2026-05-07,615.7529296875
2026-05-08,608.5852661132812
2026-05-11,597.8336791992188
2026-05-12,601.966552734375
2026-05-13,615.5732421875
2026-05-14,617.3701171875
2026-05-15,613.1773071289062
2026-05-18,610.1625366210938
2026-05-19,601.5772094726562
2026-05-20,604.0230712890625
2026-05-21,606.339111328125
2026-05-22,609.214111328125
2026-05-26,611.2906494140625
2026-05-27,634.1712646484375
2026-05-28,634.2012329101562
2026-05-29,631.426025390625
2026-06-01,599.44091796875
2026-06-02,596.6058349609375
2026-06-03,621.9122924804688
2026-06-04,626.4945068359375
2026-06-05,591.9837036132812
2026-06-08,584.3867797851562
2026-06-09,583.588134765625
2026-06-10,570.00146484375
2026-06-11,567.455810546875
2026-06-12,566.00830078125
2026-06-15,593.011962890625
2026-06-16,599.7366943359375
2026-06-17,567.1324462890625
2026-06-18,576.7647705078125
2026-06-22,563.4053344726562
2026-06-23,561.7566528320312
2026-06-24,557.230224609375
2026-06-25,542.44189453125
2026-06-26,549.8161010742188
2026-06-29,562.1563110351562
2026-06-30,562.8457641601562
2026-07-01,612.4266357421875
2026-07-02,582.4403686523438
2026-07-06,599.8165893554688
2026-07-07,615.0946044921875
2026-07-08,602.6444091796875
2026-07-09,630.9819946289062
2026-07-10,668.6823120117188
2026-07-13,656.2120971679688
2026-07-14,660.5186767578125
2026-07-15,680.7727661132812
2026-07-16,664.0159301757812
2026-07-17,645.5006103515625
2026-07-20,645.3406982421875
2026-07-21,643.3023071289062
2026-07-22,626.6754150390625
2026-07-23,605.6220092773438
2026-07-24,594.7206420898438
2026-07-27,593.4016723632812
2026-07-28,592.9420166015625
2026-07-29,585.148193359375
2026-07-30,538.60498046875
2026-07-31,556.27099609375
2026-08-03,589.7745361328125
2026-08-04,587.4763793945312
2026-08-05,588.3057250976562
2026-08-06,589.4348754882812
2026-08-07,591.633056640625
2026-08-10,594.4508666992188
2026-08-11,598.6475219726562
2026-08-12,578.3934936523438
2026-08-13,594.5007934570312
2026-08-14,589.3848266601562
2026-08-17,568.5213012695312
2026-08-18,543.2412719726562
2026-08-19,545.5994262695312
2026-08-20,545.3995971679688
2026-08-21,549.4663696289062
2026-08-24,558.5792236328125
2026-08-25,569.6004638671875
2026-08-26,575.6856689453125
2026-08-27,570.6495971679688
2026-08-28,577.564208984375
2026-08-31,571.888671875
2026-09-01,578.083740234375
2026-09-02,592.3824462890625
2026-09-03,610.1984252929688
2026-09-04,616.2836303710938
2026-09-08,612.9962158203125
2026-09-09,653.1744995117188
2026-09-10,643.8718872070312
2026-09-11,647.51904296875
2026-09-14,665.0751342773438
2026-09-15,669.7114868164062
2026-09-16,672.779052734375
2026-09-17,681.77197265625
2026-09-18,665.2250366210938
2026-09-21,741.25
2026-09-22,736.5999755859375
2026-09-23,744.0999755859375
2026-09-24,777.5900268554688
2026-09-25,751.6599731445312
2026-09-28,715.6199951171875
2026-09-29,738.7899780273438
