date,close
2006-01-03,18.597070693969727
2006-01-04,18.687156677246094
2006-01-05,18.701005935668945
2006-01-06,18.645578384399414
2006-01-09,18.610933303833008
2006-01-10,18.70793914794922
2006-01-11,18.908870697021484
2006-01-12,18.804943084716797
2006-01-13,18.839588165283203
2006-01-17,18.701005935668945
2006-01-18,18.59014129638672
2006-01-19,18.7217960357666
2006-01-20,18.299131393432617
2006-01-23,18.257564544677734
2006-01-24,18.209056854248047
2006-01-25,18.29220199584961
2006-01-26,18.361494064331055
2006-01-27,19.25531768798828
2006-01-30,19.400821685791016
2006-01-31,19.5047550201416
2006-02-01,19.428539276123047
2006-02-02,19.179109573364258
2006-02-03,19.08209228515625
2006-02-06,18.825727462768555
2006-02-07,18.666364669799805
2006-02-08,18.645578384399414
2006-02-09,18.472349166870117
2006-02-10,18.493133544921875
2006-02-13,18.2852783203125
2006-02-14,18.465435028076172
2006-02-15,18.687896728515625
2006-02-16,18.63923454284668
2006-02-17,18.562759399414062
2006-02-21,18.45152473449707
2006-02-22,18.576662063598633
2006-02-23,18.534954071044922
2006-02-24,18.51409912109375
2006-02-27,18.80609130859375
2006-02-28,18.68094825744629
2006-03-01,18.86865997314453
2006-03-02,18.750476837158203
2006-03-03,18.7226619720459
2006-03-06,18.708765029907227
2006-03-07,18.81304931640625
2006-03-08,18.945138931274414
2006-03-09,18.77133560180664
2006-03-10,18.8895263671875
2006-03-13,18.847803115844727
2006-03-14,18.931236267089844
2006-03-15,19.021615982055664
2006-03-16,18.959043502807617
2006-03-17,19.11895179748535
2006-03-20,19.39008903503418
2006-03-21,19.285802841186523
2006-03-22,18.8756160736084
2006-03-23,18.66704559326172
2006-03-24,18.77828598022461
2006-03-27,18.77828598022461
2006-03-28,18.70180320739746
2006-03-29,18.785242080688477
2006-03-30,18.931236267089844
2006-03-31,18.917325973510742
2006-04-03,19.160673141479492
2006-04-04,19.216279983520508
2006-04-05,19.285802841186523
2006-04-06,19.160673141479492
2006-04-07,18.945138931274414
2006-04-10,18.972951889038086
2006-04-11,18.861705780029297
2006-04-12,18.910377502441406
2006-04-13,18.819997787475586
2006-04-17,18.660093307495117
2006-04-18,18.92428207397461
2006-04-19,18.79218864440918
2006-04-20,18.79218864440918
2006-04-21,18.8756160736084
2006-04-24,18.847803115844727
2006-04-25,18.847803115844727
2006-04-26,18.840852737426758
2006-04-27,18.945138931274414
2006-04-28,16.789913177490234
2006-05-01,16.887252807617188
2006-05-02,16.692577362060547
2006-05-03,16.10858726501465
2006-05-04,16.296295166015625
2006-05-05,16.546573638916016
2006-05-08,16.49791717529297
2006-05-09,16.42144203186035
2006-05-10,16.52572250366211
2006-05-11,16.143339157104492
2006-05-12,16.10858726501465
2006-05-15,16.157438278198242
2006-05-16,16.059734344482422
2006-05-17,15.864307403564453
2006-05-18,15.934093475341797
2006-05-19,15.745648384094238
2006-05-22,15.968993186950684
2006-05-23,15.906182289123535
2006-05-24,16.40172576904297
2006-05-25,16.569225311279297
2006-05-26,16.55526351928711
2006-05-30,16.157438278198242
2006-05-31,15.808467864990234
2006-06-01,15.927118301391602
2006-06-02,15.885244369506836
2006-06-05,15.70376968383789
2006-06-06,15.44553279876709
2006-06-07,15.382722854614258
2006-06-08,15.431574821472168
2006-06-09,15.298965454101562
2006-06-12,15.152395248413086
2006-06-13,15.012803077697754
2006-06-14,15.271050453186035
2006-06-15,15.403658866882324
2006-06-16,15.424592018127441
2006-06-19,15.738665580749512
2006-06-20,15.745648384094238
2006-06-21,16.10858726501465
2006-06-22,15.968993186950684
2006-06-23,15.70376968383789
2006-06-26,15.927118301391602
2006-06-27,15.955032348632812
2006-06-28,16.164417266845703
2006-06-29,16.380773544311523
2006-06-30,16.262128829956055
2006-07-03,16.541305541992188
2006-07-05,16.29703140258789
2006-07-06,16.387752532958984
2006-07-07,16.262128829956055
2006-07-10,16.40172576904297
2006-07-11,16.122541427612305
2006-07-12,15.801484107971191
2006-07-13,15.536266326904297
2006-07-14,15.557207107543945
2006-07-17,15.689814567565918
2006-07-18,15.871275901794434
2006-07-19,16.331920623779297
2006-07-20,15.948054313659668
2006-07-21,16.659961700439453
2006-07-24,16.75069236755371
2006-07-25,16.904237747192383
2006-07-26,17.008930206298828
2006-07-27,16.659961700439453
2006-07-28,16.925172805786133
2006-07-31,16.792570114135742
2006-08-01,16.74371337890625
2006-08-02,16.9600772857666
2006-08-03,16.897254943847656
2006-08-04,16.953100204467773
2006-08-07,16.904237747192383
2006-08-08,16.98798942565918
2006-08-09,17.057783126831055
2006-08-10,17.071746826171875
2006-08-11,17.05080795288086
2006-08-14,17.1206111907959
2006-08-15,17.246700286865234
2006-08-16,17.3027400970459
2006-08-17,17.3027400970459
2006-08-18,18.066299438476562
2006-08-21,18.297473907470703
2006-08-22,17.947208404541016
2006-08-23,17.98223304748535
2006-08-24,18.031272888183594
2006-08-25,18.10833168029785
2006-08-28,18.178380966186523
2006-08-29,18.10132598876953
2006-08-30,18.07329750061035
2006-08-31,18.003257751464844
2006-09-01,18.10132598876953
2006-09-05,17.940200805664062
2006-09-06,17.940200805664062
2006-09-07,17.814104080200195
2006-09-08,17.933212280273438
2006-09-11,18.150358200073242
2006-09-12,18.164365768432617
2006-09-13,18.199392318725586
2006-09-14,18.444576263427734
2006-09-15,18.808847427368164
2006-09-18,18.76681137084961
2006-09-19,18.815858840942383
2006-09-20,19.040019989013672
2006-09-21,18.8438663482666
2006-09-22,18.675750732421875
2006-09-25,18.878896713256836
2006-09-26,19.054025650024414
2006-09-27,19.222150802612305
2006-09-28,19.194128036499023
2006-09-29,19.159109115600586
2006-10-02,19.166105270385742
2006-10-03,19.17312240600586
2006-10-04,19.572402954101562
2006-10-05,19.558399200439453
2006-10-06,19.523378372192383
2006-10-09,19.418296813964844
2006-10-10,19.397275924682617
2006-10-11,19.292205810546875
2006-10-12,19.7685489654541
2006-10-13,19.87363052368164
2006-10-16,19.929676055908203
2006-10-17,19.922664642333984
2006-10-18,19.97870445251465
2006-10-19,19.81758689880371
2006-10-20,19.915672302246094
2006-10-23,19.929676055908203
2006-10-24,19.810579299926758
2006-10-25,19.83159637451172
2006-10-26,19.859617233276367
2006-10-27,19.852617263793945
2006-10-30,19.9857120513916
2006-10-31,20.11180305480957
2006-11-01,20.18185043334961
2006-11-02,20.15382957458496
2006-11-03,20.125816345214844
2006-11-06,20.202871322631836
2006-11-07,20.279924392700195
2006-11-08,20.300941467285156
2006-11-09,20.49709129333496
2006-11-10,20.483081817626953
2006-11-13,20.560136795043945
2006-11-14,20.546079635620117
2006-11-15,20.46875762939453
2006-11-16,20.71477699279785
2006-11-17,20.665573120117188
2006-11-20,21.009998321533203
2006-11-21,21.031085968017578
2006-11-22,21.031085968017578
2006-11-24,20.91861915588379
2006-11-27,20.721805572509766
2006-11-28,20.65854263305664
2006-11-29,20.785064697265625
2006-11-30,20.637451171875
2006-12-01,20.46875762939453
2006-12-04,20.61637306213379
2006-12-05,20.47578239440918
2006-12-06,20.377382278442383
2006-12-07,20.278966903686523
2006-12-08,20.665573120117188
2006-12-11,20.763978958129883
2006-12-12,20.686656951904297
2006-12-13,20.771007537841797
2006-12-14,21.13652229309082
2006-12-15,21.220870971679688
2006-12-18,21.009998321533203
2006-12-19,21.080293655395508
2006-12-20,21.15057945251465
2006-12-21,21.073261260986328
2006-12-22,20.834278106689453
2006-12-26,21.080293655395508
2006-12-27,21.101377487182617
2006-12-28,21.073261260986328
2006-12-29,20.98891258239746
2007-01-03,20.98891258239746
2007-01-04,20.953763961791992
2007-01-05,20.834278106689453
2007-01-08,21.03812026977539
2007-01-09,21.059194564819336
2007-01-10,20.848337173461914
2007-01-11,21.5793514251709
2007-01-12,21.93784523010254
2007-01-16,21.902690887451172
2007-01-17,21.86051368713379
2007-01-18,21.79022789001465
2007-01-19,21.86754608154297
2007-01-22,21.593414306640625
2007-01-23,21.60746955871582
2007-01-24,21.853492736816406
2007-01-25,21.403627395629883
2007-01-26,21.50906753540039
2007-01-29,21.45986557006836
2007-01-30,21.424718856811523
2007-01-31,21.69182014465332
2007-02-01,21.480941772460938
2007-02-02,21.220870971679688
2007-02-05,20.813182830810547
2007-02-06,20.74289321899414
2007-02-07,20.644485473632812
2007-02-08,20.56715965270996
2007-02-09,20.3703556060791
2007-02-12,20.342227935791016
2007-02-13,20.462141036987305
2007-02-14,20.737228393554688
2007-02-15,20.7795467376709
2007-02-16,20.271703720092773
2007-02-20,20.33517074584961
2007-02-21,20.70196533203125
2007-02-22,20.730173110961914
2007-02-23,20.384553909301758
2007-02-26,20.50446891784668
2007-02-27,19.658048629760742
2007-02-28,19.869653701782227
2007-03-01,19.813220977783203
2007-03-02,19.58045768737793
2007-03-05,19.43233871459961
2007-03-06,19.629825592041016
2007-03-07,19.47464942932129
2007-03-08,19.270099639892578
2007-03-09,19.248943328857422
2007-03-12,19.354738235473633
2007-03-13,18.846893310546875
2007-03-14,19.32653045654297
2007-03-15,19.24188804626465
2007-03-16,19.277158737182617
2007-03-19,19.629825592041016
2007-03-20,19.636878967285156
2007-03-21,20.11651611328125
2007-03-22,19.94019317626953
2007-03-23,19.763843536376953
2007-03-26,19.904909133911133
2007-03-27,19.552248001098633
2007-03-28,19.495813369750977
2007-03-29,19.57340431213379
2007-03-30,19.658048629760742
2007-04-02,19.56635284423828
2007-04-03,19.658048629760742
2007-04-04,20.102405548095703
2007-04-05,20.137680053710938
2007-04-09,20.15178871154785
2007-04-10,20.03187370300293
2007-04-11,19.82732391357422
2007-04-12,20.13062286376953
2007-04-13,20.180007934570312
2007-04-16,20.2646427154541
2007-04-17,20.34928321838379
2007-04-18,20.17295265197754
2007-04-19,20.236425399780273
2007-04-20,20.46919059753418
2007-04-23,20.299917221069336
2007-04-24,20.306970596313477
2007-04-25,20.44803237915039
2007-04-26,20.525619506835938
2007-04-27,21.245071411132812
2007-04-30,21.118122100830078
2007-05-01,21.442577362060547
2007-05-02,21.590700149536133
2007-05-03,21.844623565673828
2007-05-04,21.5554256439209
2007-05-07,21.661226272583008
2007-05-08,21.689443588256836
2007-05-09,21.71061134338379
2007-05-10,21.569534301757812
2007-05-11,21.788192749023438
2007-05-14,21.844623565673828
2007-05-15,21.86585807800293
2007-05-16,21.986146926879883
2007-05-17,21.922456741333008
2007-05-18,21.816316604614258
2007-05-21,21.97199249267578
2007-05-22,21.717248916625977
2007-05-23,21.639400482177734
2007-05-24,21.349287033081055
2007-05-25,21.568653106689453
2007-05-29,21.788015365600586
2007-05-30,22.01445770263672
2007-05-31,21.717248916625977
2007-06-01,21.646482467651367
2007-06-04,21.73847770690918
2007-06-05,21.639400482177734
2007-06-06,21.434194564819336
2007-06-07,20.960081100463867
2007-06-08,21.26436424255371
2007-06-11,21.243125915527344
2007-06-12,21.12283706665039
2007-06-13,21.504959106445312
2007-06-14,21.596956253051758
2007-06-15,21.57571792602539
2007-06-18,21.589879989624023
2007-06-19,21.554492950439453
2007-06-20,21.23605728149414
2007-06-21,21.384662628173828
2007-06-22,20.868085861206055
2007-06-25,20.868085861206055
2007-06-26,20.889320373535156
2007-06-27,21.136995315551758
2007-06-28,21.108680725097656
2007-06-29,20.853933334350586
2007-07-02,21.045000076293945
2007-07-03,21.243125915527344
2007-07-05,21.221904754638672
2007-07-06,21.207761764526367
2007-07-09,21.136995315551758
2007-07-10,20.75486183166504
2007-07-11,20.868085861206055
2007-07-12,21.278518676757812
2007-07-13,21.10161018371582
2007-07-16,21.25020408630371
2007-07-17,21.78093719482422
2007-07-18,21.8800048828125
2007-07-19,22.297500610351562
2007-07-20,22.049833297729492
2007-07-23,22.071060180664062
2007-07-24,21.79508399963379
2007-07-25,21.73139762878418
2007-07-26,21.214828491210938
2007-07-27,20.797321319580078
2007-07-30,20.804397583007812
2007-07-31,20.51427459716797
2007-08-01,20.733640670776367
2007-08-02,20.889320373535156
2007-08-03,20.493045806884766
2007-08-06,20.903472900390625
2007-08-07,20.91054344177246
2007-08-08,21.228988647460938
2007-08-09,20.733640670776367
2007-08-10,20.316133499145508
2007-08-13,20.2595272064209
2007-08-14,20.074892044067383
2007-08-15,19.95417594909668
2007-08-16,19.74823760986328
2007-08-17,20.060697555541992
2007-08-20,20.06779670715332
2007-08-21,19.93286895751953
2007-08-22,20.039386749267578
2007-08-23,20.096200942993164
2007-08-24,20.458356857299805
2007-08-27,20.231121063232422
2007-08-28,19.83345603942871
2007-08-29,20.30213165283203
2007-08-30,20.202714920043945
2007-08-31,20.401552200317383
2007-09-04,20.458356857299805
2007-09-05,20.224018096923828
2007-09-06,20.529369354248047
2007-09-07,20.19561195373535
2007-09-10,20.224018096923828
2007-09-11,20.543569564819336
2007-09-12,20.543569564819336
2007-09-13,20.70689582824707
2007-09-14,20.62167739868164
2007-09-17,20.401552200317383
2007-09-18,20.543569564819336
2007-09-19,20.358938217163086
2007-09-20,20.18140983581543
2007-09-21,20.34473991394043
2007-09-24,20.650094985961914
2007-09-25,20.990942001342773
2007-09-26,20.948339462280273
2007-09-27,20.941238403320312
2007-09-28,20.919933319091797
2007-10-01,21.14006233215332
2007-10-02,21.090351104736328
2007-10-03,20.912839889526367
2007-10-04,21.097457885742188
2007-10-05,21.189775466918945
2007-10-08,21.189775466918945
2007-10-09,21.374406814575195
2007-10-10,21.46672248840332
2007-10-11,21.239484786987305
2007-10-12,21.42411231994629
2007-10-15,21.331796646118164
2007-10-16,21.530628204345703
2007-10-17,22.0703125
2007-10-18,22.127113342285156
2007-10-19,21.42411231994629
2007-10-22,21.665538787841797
2007-10-23,21.942501068115234
2007-10-24,22.191038131713867
2007-10-25,22.716514587402344
2007-10-26,24.87526512145996
2007-10-29,24.54860496520996
2007-10-30,25.25872230529785
2007-10-31,26.139263153076172
2007-11-01,26.3167781829834
2007-11-02,26.3167781829834
2007-11-05,26.082448959350586
2007-11-06,25.8552188873291
2007-11-07,25.223215103149414
2007-11-08,24.66932487487793
2007-11-09,23.952104568481445
2007-11-12,23.703580856323242
2007-11-13,24.55140495300293
2007-11-14,24.173797607421875
2007-11-15,24.052677154541016
2007-11-16,24.28778839111328
2007-11-19,24.19517707824707
2007-11-20,24.63690757751465
2007-11-21,24.387531280517578
2007-11-23,24.302047729492188
2007-11-26,23.48983383178711
2007-11-27,23.553956985473633
2007-11-28,24.009929656982422
2007-11-29,23.931560516357422
2007-11-30,23.938695907592773
2007-12-03,23.454208374023438
2007-12-04,23.347349166870117
2007-12-05,24.330543518066406
2007-12-06,24.615520477294922
2007-12-07,24.601268768310547
2007-12-10,24.765138626098633
2007-12-11,24.29491424560547
2007-12-12,24.55852508544922
2007-12-13,25.092870712280273
2007-12-14,25.15699577331543
2007-12-17,24.501522064208984
2007-12-18,24.75089454650879
2007-12-19,24.786510467529297
2007-12-20,25.306608200073242
2007-12-21,25.69133186340332
2007-12-24,26.061824798583984
2007-12-26,26.08319091796875
2007-12-27,25.627216339111328
2007-12-28,25.73408317565918
2007-12-31,25.36359405517578
2008-01-02,25.092870712280273
2008-01-03,25.199748992919922
2008-01-04,24.494394302368164
2008-01-07,24.658260345458984
2008-01-08,23.831815719604492
2008-01-09,24.53715705871582
2008-01-10,24.458789825439453
2008-01-11,24.159547805786133
2008-01-14,24.501522064208984
2008-01-15,24.22366714477539
2008-01-16,23.675079345703125
2008-01-17,23.58957862854004
2008-01-18,23.51833152770996
2008-01-22,22.770246505737305
2008-01-23,22.748865127563477
2008-01-24,23.6893253326416
2008-01-25,23.46846580505371
2008-01-28,23.311723709106445
2008-01-29,23.22621726989746
2008-01-30,22.94124984741211
2008-01-31,23.22621726989746
2008-02-01,21.694427490234375
2008-02-04,21.50919532775879
2008-02-05,20.711238861083984
2008-02-06,20.31937599182129
2008-02-07,20.034408569335938
2008-02-08,20.347885131835938
2008-02-11,20.098522186279297
2008-02-12,20.19114112854004
2008-02-13,20.632863998413086
2008-02-14,20.305139541625977
2008-02-15,20.248136520385742
2008-02-19,20.148006439208984
2008-02-20,20.183761596679688
2008-02-21,20.097938537597656
2008-02-22,19.797548294067383
2008-02-25,19.911975860595703
2008-02-26,20.298202514648438
2008-02-27,20.212377548217773
2008-02-28,19.976350784301758
2008-02-29,19.454233169555664
2008-03-03,19.30404281616211
2008-03-04,19.73316192626953
2008-03-05,20.112241744995117
2008-03-06,19.71886444091797
2008-03-07,19.933441162109375
2008-03-10,20.062175750732422
2008-03-11,20.941905975341797
2008-03-12,20.477012634277344
2008-03-13,20.4698543548584
2008-03-14,19.997802734375
2008-03-17,20.240978240966797
2008-03-18,21.042043685913086
2008-03-19,20.4698543548584
2008-03-20,20.870386123657227
2008-03-24,20.86323356628418
2008-03-25,20.841764450073242
2008-03-26,20.42694091796875
2008-03-27,20.062175750732422
2008-03-28,19.962039947509766
2008-03-31,20.298202514648438
2008-04-01,21.099258422851562
2008-04-02,20.856081008911133
2008-04-03,20.74165153503418
2008-04-04,20.856081008911133
2008-04-07,20.856081008911133
2008-04-08,20.562837600708008
2008-04-09,20.662967681884766
2008-04-10,20.820335388183594
2008-04-11,20.226682662963867
2008-04-14,20.069332122802734
2008-04-15,20.205223083496094
2008-04-16,20.705883026123047
2008-04-17,20.898988723754883
2008-04-18,21.45687484741211
2008-04-21,21.757274627685547
2008-04-22,21.63568878173828
2008-04-23,22.493961334228516
2008-04-24,22.744285583496094
2008-04-25,21.33529281616211
2008-04-28,20.7344970703125
2008-04-29,20.484169006347656
2008-04-30,20.398332595825195
2008-05-01,21.027740478515625
2008-05-02,20.91329574584961
2008-05-05,20.798864364624023
2008-05-06,21.242305755615234
2008-05-07,20.891841888427734
2008-05-08,20.934762954711914
2008-05-09,21.02058982849121
2008-05-12,21.449722290039062
2008-05-13,21.377941131591797
2008-05-14,21.485620498657227
2008-05-15,21.858898162841797
2008-05-16,21.528682708740234
2008-05-19,21.148223876953125
2008-05-20,20.645719528198242
2008-05-21,20.279603958129883
2008-05-22,20.437538146972656
2008-05-23,20.136035919189453
2008-05-27,20.415996551513672
2008-05-28,20.22935676574707
2008-05-29,20.322681427001953
2008-05-30,20.329856872558594
2008-06-02,19.956567764282227
2008-06-03,19.60481071472168
2008-06-04,19.769929885864258
2008-06-05,20.315500259399414
2008-06-06,19.73402976989746
2008-06-09,19.89195442199707
2008-06-10,20.02117919921875
2008-06-11,19.468420028686523
2008-06-12,20.272430419921875
2008-06-13,20.868247985839844
2008-06-16,20.767749786376953
2008-06-17,20.674434661865234
2008-06-18,20.43035316467285
2008-06-19,20.767749786376953
2008-06-20,20.26525115966797
2008-06-23,20.078601837158203
2008-06-24,19.906314849853516
2008-06-25,20.351394653320312
2008-06-26,19.92067527770996
2008-06-27,19.83452796936035
2008-06-30,19.748388290405273
2008-07-01,19.288949966430664
2008-07-02,18.57826805114746
2008-07-03,18.650056838989258
2008-07-07,18.68595314025879
2008-07-08,18.556745529174805
2008-07-09,18.111665725708008
2008-07-10,18.26959228515625
2008-07-11,18.126020431518555
2008-07-14,18.05423355102539
2008-07-15,18.7721004486084
2008-07-16,19.56892204284668
2008-07-17,19.755563735961914
2008-07-18,18.563915252685547
2008-07-21,18.405986785888672
2008-07-22,18.520854949951172
2008-07-23,18.973094940185547
2008-07-24,18.262414932250977
2008-07-25,18.779277801513672
2008-07-28,18.305490493774414
2008-07-29,18.74338150024414
2008-07-30,18.82952308654785
2008-07-31,18.463422775268555
2008-08-01,18.262414932250977
2008-08-04,18.14755630493164
2008-08-05,18.815162658691406
2008-08-06,19.396638870239258
2008-08-07,19.66223907470703
2008-08-08,20.19346046447754
2008-08-11,20.028358459472656
2008-08-12,20.186281204223633
2008-08-13,20.035533905029297
2008-08-14,20.035533905029297
2008-08-15,19.963735580444336
2008-08-18,19.87760353088379
2008-08-19,19.690221786499023
2008-08-20,19.66860008239746
2008-08-21,19.58931541442871
2008-08-22,20.06498908996582
2008-08-25,19.93526268005371
2008-08-26,19.65418243408203
2008-08-27,19.863187789916992
2008-08-28,20.137065887451172
2008-08-29,19.66860008239746
2008-09-02,19.531658172607422
2008-09-03,19.387514114379883
2008-09-04,18.99110984802246
2008-09-05,18.486602783203125
2008-09-08,18.825353622436523
2008-09-09,18.810924530029297
2008-09-10,19.055980682373047
2008-09-11,19.704631805419922
2008-09-12,19.906431198120117
2008-09-15,19.32985496520996
2008-09-16,18.731651306152344
2008-09-17,17.708213806152344
2008-09-18,18.205514907836914
2008-09-19,18.133441925048828
2008-09-22,18.306419372558594
2008-09-23,18.33525276184082
2008-09-24,18.537057876586914
2008-09-25,19.178495407104492
2008-09-26,19.747875213623047
2008-09-29,18.025333404541016
2008-09-30,19.23615837097168
2008-10-01,19.084808349609375
2008-10-02,18.919031143188477
2008-10-03,18.9694881439209
2008-10-06,17.95326805114746
2008-10-07,16.742456436157227
2008-10-08,16.583890914916992
2008-10-09,16.07216453552246
2008-10-10,15.495596885681152
2008-10-13,18.378498077392578
2008-10-14,17.369482040405273
2008-10-15,16.331632614135742
2008-10-16,17.434349060058594
2008-10-17,17.246952056884766
2008-10-20,17.81633758544922
2008-10-21,16.836137771606445
2008-10-22,15.517213821411133
2008-10-23,16.086591720581055
2008-10-24,15.827119827270508
2008-10-27,15.264959335327148
2008-10-28,16.648754119873047
2008-10-29,16.576684951782227
2008-10-30,16.310012817382812
2008-10-31,16.093795776367188
2008-11-03,16.302804946899414
2008-11-04,16.958667755126953
2008-11-05,15.913615226745605
2008-11-06,15.048744201660156
2008-11-07,15.495596885681152
2008-11-10,15.351444244384766
2008-11-11,15.279367446899414
2008-11-12,14.630722045898438
2008-11-13,15.315412521362305
2008-11-14,14.457747459411621
2008-11-17,13.924413681030273
2008-11-18,14.236427307128906
2008-11-19,13.271368980407715
2008-11-20,12.719904899597168
2008-11-21,14.27995491027832
2008-11-24,15.012825012207031
2008-11-25,14.504901885986328
2008-11-26,14.867703437805176
2008-11-28,14.671791076660156
2008-12-01,13.503560066223145
2008-12-02,13.895383834838867
2008-12-03,14.417823791503906
2008-12-04,13.86636734008789
2008-12-05,14.417823791503906
2008-12-08,15.245023727416992
2008-12-09,14.947516441345215
2008-12-10,14.954777717590332
2008-12-11,14.113069534301758
2008-12-12,14.047767639160156
2008-12-15,13.815573692321777
2008-12-16,14.59196949005127
2008-12-17,14.265445709228516
2008-12-18,14.004230499267578
2008-12-19,13.87362289428711
2008-12-22,13.917155265808105
2008-12-23,13.98972225189209
2008-12-24,13.90990161895752
2008-12-26,13.880875587463379
2008-12-29,13.757523536682129
2008-12-30,14.033254623413086
2008-12-31,14.105813980102539
2009-01-02,14.751605987548828
2009-01-05,14.889472007751465
2009-01-06,15.063617706298828
2009-01-07,14.156606674194336
2009-01-08,14.599222183227539
2009-01-09,14.16386890411377
2009-01-12,14.127586364746094
2009-01-13,14.381540298461914
2009-01-14,13.85185432434082
2009-01-15,13.960693359375
2009-01-16,14.30173397064209
2009-01-20,13.409234046936035
2009-01-21,14.06227970123291
2009-01-22,12.415144920349121
2009-01-23,12.480452537536621
2009-01-26,12.792458534240723
2009-01-27,12.814230918884277
2009-01-28,13.0899658203125
2009-01-29,12.76343822479248
2009-01-30,12.407892227172852
2009-02-02,12.937585830688477
2009-02-03,13.42374324798584
2009-02-04,13.518074035644531
2009-02-05,13.815573692321777
2009-02-06,14.265445709228516
2009-02-09,14.105813980102539
2009-02-10,13.641414642333984
2009-02-11,13.938926696777344
2009-02-12,13.975202560424805
2009-02-13,13.85185432434082
2009-02-17,13.21623706817627
2009-02-18,13.238161087036133
2009-02-19,13.084739685058594
2009-02-20,13.150492668151855
2009-02-23,12.57332992553711
2009-02-24,12.544107437133789
2009-02-25,12.390685081481934
2009-02-26,11.996170043945312
2009-02-27,11.798912048339844
2009-03-02,11.535905838012695
2009-03-03,11.601655960083008
2009-03-04,11.776996612548828
2009-03-05,11.156001091003418
2009-03-06,11.16330623626709
2009-03-09,11.068329811096191
2009-03-10,12.040002822875977
2009-03-11,12.500271797180176
2009-03-12,12.427212715148926
2009-03-13,12.164202690124512
2009-03-16,11.871973037719727
2009-03-17,12.34684944152832
2009-03-18,12.390685081481934
2009-03-19,12.522187232971191
2009-03-20,12.463744163513184
2009-03-23,13.391586303710938
2009-03-24,13.099349975585938
2009-03-25,13.062822341918945
2009-03-26,13.75687313079834
2009-03-27,13.245468139648438
2009-03-30,12.770586967468262
2009-03-31,13.42081069946289
2009-04-01,14.107560157775879
2009-04-02,14.092944145202637
2009-04-03,13.698424339294434
2009-04-06,13.705730438232422
2009-04-07,13.705730438232422
2009-04-08,14.019888877868652
2009-04-09,14.370562553405762
2009-04-13,14.31212043762207
2009-04-14,14.13677978515625
2009-04-15,13.75687313079834
2009-04-16,14.436318397521973
2009-04-17,14.027194023132324
2009-04-20,13.59614372253418
2009-04-21,13.859159469604492
2009-04-22,13.720349311828613
2009-04-23,13.822626113891602
2009-04-24,15.2764892578125
2009-04-27,14.90389347076416
2009-04-28,14.560516357421875
2009-04-29,14.794302940368652
2009-04-30,14.801608085632324
2009-05-01,14.787002563476562
2009-05-04,14.750468254089355
2009-05-05,14.458236694335938
2009-05-06,14.458236694335938
2009-05-07,14.114863395690918
2009-05-08,14.187919616699219
2009-05-11,14.114863395690918
2009-05-12,14.531289100646973
2009-05-13,14.429007530212402
2009-05-14,14.655491828918457
2009-05-15,14.772384643554688
2009-05-18,15.050003051757812
2009-05-19,14.932368278503418
2009-05-20,14.98383617401123
2009-05-21,14.572113037109375
2009-05-22,14.52064323425293
2009-05-26,14.954432487487793
2009-05-27,14.800030708312988
2009-05-28,15.035301208496094
2009-05-29,15.358794212341309
2009-06-01,15.733762741088867
2009-06-02,15.733762741088867
2009-06-03,15.97638988494873
2009-06-04,16.04991340637207
2009-06-05,16.2778377532959
2009-06-08,16.211660385131836
2009-06-09,16.233707427978516
2009-06-10,16.579273223876953
2009-06-11,16.785140991210938
2009-06-12,17.152740478515625
2009-06-15,17.21890640258789
2009-06-16,17.240970611572266
2009-06-17,17.410076141357422
2009-06-18,17.277727127075195
2009-06-19,17.696807861328125
2009-06-22,17.11598777770996
2009-06-23,17.16008949279785
2009-06-24,17.255666732788086
2009-06-25,17.49094581604004
2009-06-26,17.16745948791504
2009-06-29,17.542415618896484
2009-06-30,17.476240158081055
2009-07-01,17.674753189086914
2009-07-02,17.182151794433594
2009-07-06,17.05716896057129
2009-07-07,16.564565658569336
2009-07-08,16.586627960205078
2009-07-09,16.498395919799805
2009-07-10,16.461637496948242
2009-07-13,17.079225540161133
2009-07-14,16.990995407104492
2009-07-15,17.733570098876953
2009-07-16,17.968839645385742
2009-07-17,17.85856056213379
2009-07-20,18.035015106201172
2009-07-21,18.255577087402344
2009-07-22,18.2335262298584
2009-07-23,18.792287826538086
2009-07-24,17.240970611572266
2009-07-27,16.990995407104492
2009-07-28,17.255666732788086
2009-07-29,17.498302459716797
2009-07-30,17.505647659301758
2009-07-31,17.29243278503418
2009-08-03,17.520357131958008
2009-08-04,17.476240158081055
2009-08-05,17.505647659301758
2009-08-06,17.248327255249023
2009-08-07,17.321847915649414
2009-08-10,17.21890640258789
2009-08-11,17.00569725036621
2009-08-12,17.299787521362305
2009-08-13,17.3659610748291
2009-08-14,17.41742706298828
2009-08-17,17.093931198120117
2009-08-18,17.434038162231445
2009-08-19,17.485782623291016
2009-08-20,17.500572204589844
2009-08-21,18.04769515991211
2009-08-24,18.217742919921875
2009-08-25,18.217742919921875
2009-08-26,18.151212692260742
2009-08-27,18.254714965820312
2009-08-28,18.2473201751709
2009-08-31,18.22515296936035
2009-09-01,17.74456787109375
2009-09-02,17.64105224609375
2009-09-03,17.825895309448242
2009-09-04,18.202959060668945
2009-09-08,18.350830078125
2009-09-09,18.321260452270508
2009-09-10,18.48391342163086
2009-09-11,18.380409240722656
2009-09-14,18.48391342163086
2009-09-15,18.631790161132812
2009-09-16,18.631790161132812
2009-09-17,18.70572280883789
2009-09-18,18.67613983154297
2009-09-21,18.70572280883789
2009-09-22,19.053220748901367
2009-09-23,19.008859634399414
2009-09-24,19.178916931152344
2009-09-25,18.89056396484375
2009-09-28,19.09758758544922
2009-09-29,19.03843879699707
2009-09-30,19.01626205444336
2009-10-01,18.395193099975586
2009-10-02,18.454341888427734
2009-10-05,18.217742919921875
2009-10-06,18.56524658203125
2009-10-07,18.557849884033203
2009-10-08,18.979284286499023
2009-10-09,18.89056396484375
2009-10-12,19.01626205444336
2009-10-13,19.082799911499023
2009-10-14,19.19370460510254
2009-10-15,19.748218536376953
2009-10-16,19.592952728271484
2009-10-19,19.489444732666016
2009-10-20,19.49683952331543
2009-10-21,19.652097702026367
2009-10-22,19.65949821472168
2009-10-23,20.71677017211914
2009-10-26,21.204755783081055
2009-10-27,21.13821029663086
2009-10-28,20.71677017211914
2009-10-29,20.864643096923828
2009-10-30,20.50235939025879
2009-11-02,20.61326026916504
2009-11-03,20.354490280151367
2009-11-04,20.746349334716797
2009-11-05,21.049484252929688
2009-11-06,21.08645248413086
2009-11-09,21.433950424194336
2009-11-10,21.448741912841797
2009-11-11,21.530065536499023
2009-11-12,21.707508087158203
2009-11-13,21.90714454650879
2009-11-16,21.840591430664062
2009-11-17,22.27874755859375
2009-11-18,22.360431671142578
2009-11-19,22.115365982055664
2009-11-20,21.996549606323242
2009-11-23,22.234182357788086
2009-11-24,22.211910247802734
2009-11-25,22.122787475585938
2009-11-27,21.699495315551758
2009-11-30,21.840591430664062
2009-12-01,22.28616714477539
2009-12-02,22.115365982055664
2009-12-03,22.152502059936523
2009-12-04,22.263893127441406
2009-12-07,22.122787475585938
2009-12-08,21.95941734313965
2009-12-09,22.063377380371094
2009-12-10,22.182199478149414
2009-12-11,22.167343139648438
2009-12-14,22.360431671142578
2009-12-15,22.293596267700195
2009-12-16,22.353015899658203
2009-12-17,21.98169708251953
2009-12-18,22.546092987060547
2009-12-21,22.664897918701172
2009-12-22,22.88770294189453
2009-12-23,22.961959838867188
2009-12-24,23.021371841430664
2009-12-28,23.14761734008789
2009-12-29,23.31099510192871
2009-12-30,22.99165916442871
2009-12-31,22.63520622253418
2010-01-04,22.984237670898438
2010-01-05,22.99165916442871
2010-01-06,22.85056495666504
2010-01-07,22.61292839050293
2010-01-08,22.768878936767578
2010-01-11,22.479251861572266
2010-01-12,22.33072853088379
2010-01-13,22.53866195678711
2010-01-14,22.99165916442871
2010-01-15,22.917400360107422
2010-01-19,23.09562873840332
2010-01-20,22.71689224243164
2010-01-21,22.28616714477539
2010-01-22,21.50641441345215
2010-01-25,21.773757934570312
2010-01-26,21.90743064880371
2010-01-27,22.033676147460938
2010-01-28,21.654939651489258
2010-01-29,20.927169799804688
2010-02-01,21.097970962524414
2010-02-02,21.13509750366211
2010-02-03,21.261348724365234
2010-02-04,20.67466926574707
2010-02-05,20.808347702026367
2010-02-08,20.58555793762207
2010-02-09,20.800920486450195
2010-02-10,20.78606605529785
2010-02-11,20.882610321044922
2010-02-12,20.741512298583984
2010-02-16,21.151866912841797
2010-02-17,21.3309268951416
2010-02-18,21.61444854736328
2010-02-19,21.465229034423828
2010-02-22,21.43538475036621
2010-02-23,21.136943817138672
2010-02-24,21.360769271850586
2010-02-25,21.33838653564453
2010-02-26,21.390621185302734
2010-03-01,21.651748657226562
2010-03-02,21.233932495117188
2010-03-03,21.233932495117188
2010-03-04,21.360769271850586
2010-03-05,21.3309268951416
2010-03-08,21.360769271850586
2010-03-09,21.487607955932617
2010-03-10,21.61444854736328
2010-03-11,21.77112579345703
2010-03-12,21.838281631469727
2010-03-15,21.853199005126953
2010-03-16,21.912885665893555
2010-03-17,22.10686492919922
2010-03-18,22.091951370239258
2010-03-19,22.0770263671875
2010-03-22,22.08449363708496
2010-03-23,22.29339599609375
2010-03-24,22.121784210205078
2010-03-25,22.390380859375
2010-03-26,22.12925148010254
2010-03-29,22.0770263671875
2010-03-30,22.211318969726562
2010-03-31,21.853199005126953
2010-04-01,21.756208419799805
2010-04-05,21.838281631469727
2010-04-06,21.87557601928711
2010-04-07,21.897968292236328
2010-04-08,22.323238372802734
2010-04-09,22.636594772338867
2010-04-12,22.621681213378906
2010-04-13,22.718671798706055
2010-04-14,22.99472999572754
2010-04-15,23.03203010559082
2010-04-16,22.882810592651367
2010-04-19,23.158859252929688
2010-04-20,23.39762306213379
2010-04-21,23.375232696533203
2010-04-22,23.420001983642578
2010-04-23,23.09917640686035
2010-04-26,23.211090087890625
2010-04-27,23.017114639282227
2010-04-28,23.061872482299805
2010-04-29,23.1290225982666
2010-04-30,22.785818099975586
2010-05-03,23.024566650390625
2010-05-04,22.479917526245117
2010-05-05,22.2710018157959
2010-05-06,21.62190818786621
2010-05-07,21.047409057617188
2010-05-10,21.59206199645996
2010-05-11,21.547290802001953
2010-05-12,21.965106964111328
2010-05-13,21.815887451171875
2010-05-14,21.5846004486084
2010-05-17,21.59206199645996
2010-05-18,21.434675216674805
2010-05-19,21.164873123168945
2010-05-20,20.317977905273438
2010-05-21,20.11561393737793
2010-05-24,19.68842887878418
2010-05-25,19.53852653503418
2010-05-26,18.74410057067871
2010-05-27,19.48607063293457
2010-05-28,19.33617401123047
2010-06-01,19.40361976623535
2010-06-02,19.830820083618164
2010-06-03,20.130605697631836
2010-06-04,19.32867431640625
2010-06-07,18.953943252563477
2010-06-08,18.819042205810547
2010-06-09,18.579214096069336
2010-06-10,18.736604690551758
2010-06-11,19.23124885559082
2010-06-14,19.111343383789062
2010-06-15,19.920751571655273
2010-06-16,19.725900650024414
2010-06-17,19.763364791870117
2010-06-18,19.815832138061523
2010-06-21,19.448583602905273
2010-06-22,19.313690185546875
2010-06-23,18.96893882751465
2010-06-24,18.736604690551758
2010-06-25,18.38436508178711
2010-06-28,18.21947479248047
2010-06-29,17.470020294189453
2010-06-30,17.24517250061035
2010-07-01,17.357589721679688
2010-07-02,17.440034866333008
2010-07-06,17.852237701416016
2010-07-07,18.21198272705078
2010-07-08,18.294416427612305
2010-07-09,18.189489364624023
2010-07-12,18.609189987182617
2010-07-13,18.83403205871582
2010-07-14,19.066370010375977
2010-07-15,19.118825912475586
2010-07-16,18.65416145324707
2010-07-19,18.908973693847656
2010-07-20,19.096345901489258
2010-07-21,18.826539993286133
2010-07-22,19.366161346435547
2010-07-23,19.343666076660156
2010-07-26,19.561012268066406
2010-07-27,19.605979919433594
2010-07-28,19.448583602905273
2010-07-29,19.508556365966797
2010-07-30,19.343666076660156
2010-08-02,19.7333927154541
2010-08-03,19.605979919433594
2010-08-04,19.283720016479492
2010-08-05,19.013906478881836
2010-08-06,19.148805618286133
2010-08-09,19.193782806396484
2010-08-10,18.789060592651367
2010-08-11,18.63167381286621
2010-08-12,18.354373931884766
2010-08-13,18.286928176879883
2010-08-16,18.361867904663086
2010-08-17,18.6180419921875
2010-08-18,18.700929641723633
2010-08-19,18.414613723754883
2010-08-20,18.256385803222656
2010-08-23,18.29405975341797
2010-08-24,18.113231658935547
2010-08-25,18.15843963623047
2010-08-26,17.94746971130371
2010-08-27,18.030349731445312
2010-08-30,17.81184959411621
2010-08-31,17.683752059936523
2010-09-01,18.00774383544922
2010-09-02,18.037879943847656
2010-09-03,18.30159568786621
2010-09-07,18.052953720092773
2010-09-08,18.030349731445312
2010-09-09,18.09062957763672
2010-09-10,17.97007179260254
2010-09-13,18.9194393157959
2010-09-14,18.85915756225586
2010-09-15,18.92696762084961
2010-09-16,19.0851993560791
2010-09-17,19.002315521240234
2010-09-20,19.160541534423828
2010-09-21,18.949575424194336
2010-09-22,18.54270362854004
2010-09-23,18.407085418701172
2010-09-24,18.670795440673828
2010-09-27,18.63311004638672
2010-09-28,18.59544563293457
2010-09-29,18.459821701049805
2010-09-30,18.452287673950195
2010-10-01,18.369403839111328
2010-10-04,18.015281677246094
2010-10-05,18.346803665161133
2010-10-06,18.407085418701172
2010-10-07,18.482423782348633
2010-10-08,18.512563705444336
2010-10-11,18.527633666992188
2010-10-12,18.70846176147461
2010-10-13,19.092729568481445
2010-10-14,19.009851455688477
2010-10-15,19.243417739868164
2010-10-18,19.45439910888672
2010-10-19,18.911901473999023
2010-10-20,19.07012939453125
2010-10-21,19.153005599975586
2010-10-22,19.12286376953125
2010-10-25,18.979705810546875
2010-10-26,19.514663696289062
2010-10-27,19.6276912689209
2010-10-28,19.800987243652344
2010-10-29,20.0948429107666
2010-11-01,20.30580711364746
2010-11-02,20.6373291015625
2010-11-03,20.366086959838867
2010-11-04,20.448963165283203
2010-11-05,20.230457305908203
2010-11-08,20.2003173828125
2010-11-09,20.30580711364746
2010-11-10,20.298267364501953
2010-11-11,20.102371215820312
2010-11-12,19.79345703125
2010-11-15,19.740697860717773
2010-11-16,19.566343307495117
2010-11-17,19.38440704345703
2010-11-18,19.589088439941406
2010-11-19,19.475374221801758
2010-11-22,19.505691528320312
2010-11-23,19.04326629638672
2010-11-24,19.232789993286133
2010-11-26,19.14181137084961
2010-11-29,19.18729591369629
2010-11-30,19.149389266967773
2010-12-01,19.74069595336914
2010-12-02,20.38508415222168
2010-12-03,20.48362922668457
2010-12-06,20.3471736907959
2010-12-07,20.369924545288086
2010-12-08,20.64283561706543
2010-12-09,20.52912139892578
2010-12-10,20.726226806640625
2010-12-13,20.657991409301758
2010-12-14,20.938495635986328
2010-12-15,21.11285400390625
2010-12-16,21.21898651123047
2010-12-17,21.1507568359375
2010-12-20,21.082529067993164
2010-12-21,21.279626846313477
2010-12-22,21.37060546875
2010-12-23,21.453989028930664
2010-12-27,21.279626846313477
2010-12-28,21.23414421081543
2010-12-29,21.203821182250977
2010-12-30,21.11285400390625
2010-12-31,21.158344268798828
2011-01-03,21.21139907836914
2011-01-04,21.294797897338867
2011-01-05,21.22657012939453
2011-01-06,21.84820556640625
2011-01-07,21.68141746520996
2011-01-10,21.39334487915039
2011-01-11,21.309955596923828
2011-01-12,21.64351463317871
2011-01-13,21.37060546875
2011-01-14,21.453989028930664
2011-01-18,21.726900100708008
2011-01-19,21.582862854003906
2011-01-20,21.49190330505371
2011-01-21,21.241727828979492
2011-01-24,21.514644622802734
2011-01-25,21.567705154418945
2011-01-26,21.817880630493164
2011-01-27,21.886106491088867
2011-01-28,21.03704261779785
2011-01-31,21.021879196166992
2011-02-01,21.21898651123047
2011-02-02,21.18108558654785
2011-02-03,20.961233139038086
2011-02-04,21.052209854125977
2011-02-07,21.378185272216797
2011-02-08,21.438833236694336
2011-02-09,21.203821182250977
2011-02-10,20.847524642944336
2011-02-11,20.657991409301758
2011-02-14,20.64283561706543
2011-02-15,20.55895233154297
2011-02-16,20.604705810546875
2011-02-17,20.749597549438477
2011-02-18,20.635204315185547
2011-02-22,20.27680015563965
2011-02-23,20.27680015563965
2011-02-24,20.414066314697266
2011-02-25,20.246299743652344
2011-02-28,20.269180297851562
2011-03-01,19.948894500732422
2011-03-02,19.88788604736328
2011-03-03,19.979394912719727
2011-03-04,19.788753509521484
2011-03-07,19.613361358642578
2011-03-08,19.758255004882812
2011-03-09,19.742998123168945
2011-03-10,19.376964569091797
2011-03-11,19.582855224609375
2011-03-14,19.59048843383789
2011-03-15,19.36171531677246
2011-03-16,18.9041748046875
2011-03-17,18.896541595458984
2011-03-18,18.911802291870117
2011-03-21,19.31596565246582
2011-03-22,19.293087005615234
2011-03-23,19.476104736328125
2011-03-24,19.681991577148438
2011-03-25,19.537105560302734
2011-03-28,19.376964569091797
2011-03-29,19.437965393066406
2011-03-30,19.529476165771484
2011-03-31,19.36171531677246
2011-04-01,19.430341720581055
2011-04-04,19.48372459411621
2011-04-05,19.65912437438965
2011-04-06,19.94127655029297
2011-04-07,19.979394912719727
2011-04-08,19.880258560180664
2011-04-11,19.811635971069336
2011-04-12,19.552356719970703
2011-04-13,19.54472541809082
2011-04-14,19.384592056274414
2011-04-15,19.34646987915039
2011-04-18,19.125320434570312
2011-04-19,19.17869758605957
2011-04-20,19.64386749267578
2011-04-21,19.460845947265625
2011-04-25,19.529476165771484
2011-04-26,19.971771240234375
2011-04-27,20.116668701171875
2011-04-28,20.368305206298828
2011-04-29,19.765878677368164
2011-05-02,19.56760597229004
2011-05-03,19.681991577148438
2011-05-04,19.87262725830078
2011-05-05,19.666749954223633
2011-05-06,19.72774887084961
2011-05-09,19.697250366210938
2011-05-10,19.575233459472656
2011-05-11,19.338842391967773
2011-05-12,19.308334350585938
2011-05-13,19.087186813354492
2011-05-16,18.736400604248047
2011-05-17,18.82083511352539
2011-05-18,18.95132827758789
2011-05-19,18.974348068237305
2011-05-20,18.79781150817871
2011-05-23,18.552183151245117
2011-05-24,18.53683853149414
2011-05-25,18.56753921508789
2011-05-26,18.935972213745117
2011-05-27,19.005056381225586
2011-05-31,19.196943283081055
2011-06-01,18.751760482788086
2011-06-02,18.590560913085938
2011-06-03,18.35262107849121
2011-06-06,18.42937469482422
2011-06-07,18.467756271362305
2011-06-08,18.375640869140625
2011-06-09,18.390995025634766
2011-06-10,18.199108123779297
2011-06-13,18.45240592956543
2011-06-14,18.590560913085938
2011-06-15,18.22212791442871
2011-06-16,18.421695709228516
2011-06-17,18.62126922607422
2011-06-20,18.782459259033203
2011-06-21,19.005056381225586
2011-06-22,18.920623779296875
2011-06-23,18.905269622802734
2011-06-24,18.651962280273438
2011-06-27,19.34278106689453
2011-06-28,19.803329467773438
2011-06-29,19.6651668548584
2011-06-30,19.956838607788086
2011-07-01,19.972196578979492
2011-07-05,19.97986602783203
2011-07-06,20.210140228271484
2011-07-07,20.547874450683594
2011-07-08,20.663009643554688
2011-07-11,20.440404891967773
2011-07-12,20.371334075927734
2011-07-13,20.440404891967773
2011-07-14,20.317594528198242
2011-07-15,20.5555419921875
2011-07-18,20.40970802307129
2011-07-19,21.138906478881836
2011-07-20,20.770463943481445
2011-07-21,20.801166534423828
2011-07-22,21.131221771240234
2011-07-25,21.42289924621582
2011-07-26,21.553390502929688
2011-07-27,20.977710723876953
2011-07-28,21.27705955505371
2011-07-29,21.03143882751465
2011-08-01,20.931657791137695
2011-08-02,20.57089614868164
2011-08-03,20.663009643554688
2011-08-04,19.910781860351562
2011-08-05,19.711223602294922
2011-08-08,18.790130615234375
2011-08-09,19.63446617126465
2011-08-10,18.57521629333496
2011-08-11,19.335111618041992
2011-08-12,19.26603126525879
2011-08-15,19.58072853088379
2011-08-16,19.580726623535156
2011-08-17,19.50349235534668
2011-08-18,19.055492401123047
2011-08-19,18.57659149169922
2011-08-22,18.52252197265625
2011-08-23,19.094114303588867
2011-08-24,19.233150482177734
2011-08-25,18.978240966796875
2011-08-26,19.50349235534668
2011-08-29,19.95922088623047
2011-08-30,20.26045799255371
2011-08-31,20.54625701904297
2011-09-01,20.24500846862793
2011-09-02,19.928314208984375
2011-09-06,19.704317092895508
2011-09-07,20.082799911499023
2011-09-08,20.252729415893555
2011-09-09,19.88197898864746
2011-09-12,19.997838973999023
2011-09-13,20.11370277404785
2011-09-14,20.469013214111328
2011-09-15,20.847492218017578
2011-09-16,20.94791030883789
2011-09-19,21.017427444458008
2011-09-20,20.839771270751953
2011-09-21,20.075082778930664
2011-09-22,19.356733322143555
2011-09-23,19.356733322143555
2011-09-26,19.650249481201172
2011-09-27,19.827905654907227
2011-09-28,19.758392333984375
2011-09-29,19.657981872558594
2011-09-30,19.225427627563477
2011-10-03,18.947355270385742
2011-10-04,19.5730037689209
2011-10-05,19.997838973999023
2011-10-06,20.345422744750977
2011-10-07,20.275907516479492
2011-10-10,20.808876037597656
2011-10-11,20.855222702026367
2011-10-12,20.824323654174805
2011-10-13,20.994253158569336
2011-10-14,21.063770294189453
2011-10-17,20.839771270751953
2011-10-18,21.09467315673828
2011-10-19,20.955629348754883
2011-10-20,20.886110305786133
2011-10-21,20.978803634643555
2011-10-24,21.00197982788086
2011-10-25,20.708459854125977
2011-10-26,20.538530349731445
2011-10-27,21.048316955566406
2011-10-28,20.839771270751953
2011-10-31,20.56941795349121
2011-11-01,20.075082778930664
2011-11-02,20.090524673461914
2011-11-03,20.49217987060547
2011-11-04,20.275907516479492
2011-11-07,20.700733184814453
2011-11-08,20.978803634643555
2011-11-09,20.23729133605957
2011-11-10,20.29907989501953
2011-11-11,20.785703659057617
2011-11-14,20.66983413696289
2011-11-15,20.809917449951172
2011-11-16,20.28851890563965
2011-11-17,19.876041412353516
2011-11-18,19.68927001953125
2011-11-21,19.45579719543457
2011-11-22,19.292367935180664
2011-11-23,19.0433349609375
2011-11-25,18.91102409362793
2011-11-28,19.35462760925293
2011-11-29,19.331283569335938
2011-11-30,19.907180786132812
2011-12-01,19.6737060546875
2011-12-02,19.627012252807617
2011-12-05,20.000553131103516
2011-12-06,19.96943473815918
2011-12-07,19.92273712158203
2011-12-08,19.767091751098633
2011-12-09,20.000553131103516
2011-12-12,19.852691650390625
2011-12-13,20.04725456237793
2011-12-14,19.91495704650879
2011-12-15,19.8916072845459
2011-12-16,20.234025955200195
2011-12-19,19.868263244628906
2011-12-20,20.25737762451172
2011-12-21,20.04725456237793
2011-12-22,20.08616828918457
2011-12-23,20.25737762451172
2011-12-27,20.26516342163086
2011-12-28,20.093948364257812
2011-12-29,20.249597549438477
2011-12-30,20.202898025512695
2012-01-03,20.833267211914062
2012-01-04,21.323551177978516
2012-01-05,21.541461944580078
2012-01-06,21.876094818115234
2012-01-09,21.588151931762695
2012-01-10,21.665979385375977
2012-01-11,21.572587966918945
2012-01-12,21.790489196777344
2012-01-13,21.985055923461914
2012-01-17,21.992835998535156
2012-01-18,21.969482421875
2012-01-19,21.883878707885742
2012-01-20,23.121265411376953
2012-01-23,23.136831283569336
2012-01-24,22.833324432373047
2012-01-25,23.004528045654297
2012-01-26,22.95784568786621
2012-01-27,22.747716903686523
2012-01-30,23.043441772460938
2012-01-31,22.98118782043457
2012-02-01,23.2613525390625
2012-02-02,23.30803680419922
2012-02-03,23.533735275268555
2012-02-06,23.50260353088379
2012-02-07,23.619335174560547
2012-02-08,23.860586166381836
2012-02-09,23.946191787719727
2012-02-10,23.736080169677734
2012-02-13,23.798330307006836
2012-02-14,23.696495056152344
2012-02-15,23.539833068847656
2012-02-16,24.511186599731445
2012-02-17,24.47984504699707
2012-02-21,24.628684997558594
2012-02-22,24.49551773071289
2012-02-23,24.573854446411133
2012-02-24,24.660022735595703
2012-02-27,24.558189392089844
2012-02-28,24.965526580810547
2012-02-29,24.86369514465332
2012-03-01,25.294540405273438
2012-03-02,25.130035400390625
2012-03-05,24.910694122314453
2012-03-06,24.722688674926758
2012-03-07,24.942026138305664
2012-03-08,25.0751895904541
2012-03-09,25.05953598022461
2012-03-12,25.09869956970215
2012-03-13,25.592212677001953
2012-03-14,25.67055320739746
2012-03-15,25.73321533203125
2012-03-16,25.537372589111328
2012-03-19,25.22403335571289
2012-03-20,25.05953598022461
2012-03-21,24.99686050415039
2012-03-22,25.067365646362305
2012-03-23,25.0751895904541
2012-03-26,25.52954864501953
2012-03-27,25.47471046447754
2012-03-28,25.21619987487793
2012-03-29,25.161367416381836
2012-03-30,25.27103614807129
2012-04-02,25.294540405273438
2012-04-03,25.02037239074707
2012-04-04,24.448516845703125
2012-04-05,24.691354751586914
2012-04-09,24.36234474182129
2012-04-10,23.86882972717285
2012-04-11,23.774831771850586
2012-04-12,24.26834487915039
2012-04-13,24.13517951965332
2012-04-16,24.346683502197266
2012-04-17,24.628684997558594
2012-04-18,24.393678665161133
2012-04-19,24.291851043701172
2012-04-20,25.39636993408203
2012-04-23,25.161367416381836
2012-04-24,25.00469398498535
2012-04-25,25.22403335571289
2012-04-26,25.153535842895508
2012-04-27,25.051698684692383
2012-04-30,25.083036422729492
2012-05-01,25.0751895904541
2012-05-02,24.910694122314453
2012-05-03,24.879365921020508
2012-05-04,24.26834487915039
2012-05-07,24.009830474853516
2012-05-08,23.892335891723633
2012-05-09,24.096006393432617
2012-05-10,24.080337524414062
2012-05-11,24.409351348876953
2012-05-14,24.033340454101562
2012-05-15,23.820444107055664
2012-05-16,23.576005935668945
2012-05-17,23.434080123901367
2012-05-18,23.079261779785156
2012-05-21,23.457738876342773
2012-05-22,23.465621948242188
2012-05-23,22.95309829711914
2012-05-24,22.921558380126953
2012-05-25,22.91367530822754
2012-05-29,23.30792236328125
2012-05-30,23.134443283081055
2012-05-31,23.016176223754883
2012-06-01,22.432697296142578
2012-06-04,22.51154327392578
2012-06-05,22.480005264282227
2012-06-06,23.142337799072266
2012-06-07,23.047718048095703
2012-06-08,23.378889083862305
2012-06-11,22.78750991821289
2012-06-12,23.09502410888672
2012-06-13,22.968868255615234
2012-06-14,23.134443283081055
2012-06-15,23.670621871948242
2012-06-18,23.52869987487793
2012-06-19,24.206804275512695
2012-06-20,24.38815689086914
2012-06-21,23.76524543762207
2012-06-22,24.206804275512695
2012-06-25,23.55235481262207
2012-06-26,23.670621871948242
2012-06-27,23.788904190063477
2012-06-28,23.583892822265625
2012-06-29,24.120073318481445
2012-07-02,24.096416473388672
2012-07-03,24.254114151000977
2012-07-05,24.206804275512695
2012-07-06,23.804672241210938
2012-07-09,23.654863357543945
2012-07-10,23.44984245300293
2012-07-11,23.10291290283203
2012-07-12,22.57461929321289
2012-07-13,23.173879623413086
2012-07-16,23.213306427001953
2012-07-17,23.38676643371582
2012-07-18,24.009685516357422
2012-07-19,24.18315315246582
2012-07-20,23.749479293823242
2012-07-23,23.087148666381836
2012-07-24,22.98464012145996
2012-07-25,22.732324600219727
2012-07-26,22.992523193359375
2012-07-27,23.465621948242188
2012-07-30,23.370994567871094
2012-07-31,23.236955642700195
2012-08-01,23.18964958190918
2012-08-02,23.016176223754883
2012-08-03,23.457738876342773
2012-08-06,23.615432739257812
2012-08-07,23.859867095947266
2012-08-08,23.91506004333496
2012-08-09,24.049108505249023
2012-08-10,23.98602294921875
2012-08-13,23.96237564086914
2012-08-14,23.91474723815918
2012-08-15,23.970306396484375
2012-08-16,24.430667877197266
2012-08-17,24.525907516479492
2012-08-20,24.398914337158203
2012-08-21,24.4465389251709
2012-08-22,24.240177154541016
2012-08-23,24.01793098449707
2012-08-24,24.256052017211914
2012-08-27,24.359233856201172
2012-08-28,24.31160545349121
2012-08-29,24.327482223510742
2012-08-30,24.065553665161133
2012-08-31,24.462421417236328
2012-09-04,24.12112045288086
2012-09-05,24.12112045288086
2012-09-06,24.883087158203125
2012-09-07,24.565597534179688
2012-09-10,24.38304328918457
2012-09-11,24.438613891601562
2012-09-12,24.430667877197266
2012-09-13,24.55766487121582
2012-09-14,24.7719669342041
2012-09-17,24.7719669342041
2012-09-18,24.748159408569336
2012-09-19,24.644969940185547
2012-09-20,24.96245002746582
2012-09-21,24.756093978881836
2012-09-24,24.430667877197266
2012-09-25,24.12112045288086
2012-09-26,23.946496963500977
2012-09-27,23.93856430053711
2012-09-28,23.621076583862305
2012-10-01,23.40676498413086
2012-10-02,23.541706085205078
2012-10-03,23.700448989868164
2012-10-04,23.835376739501953
2012-10-05,23.69251251220703
2012-10-08,23.636953353881836
2012-10-09,23.24008560180664
2012-10-10,23.00197410583496
2012-10-11,22.978164672851562
2012-10-12,23.176589965820312
2012-10-15,23.42264175415039
2012-10-16,23.40676498413086
2012-10-17,23.48613929748535
2012-10-18,23.414709091186523
2012-10-19,22.732107162475586
2012-10-22,22.224130630493164
2012-10-23,22.263818740844727
2012-10-24,22.144760131835938
2012-10-25,22.128881454467773
2012-10-26,22.39081382751465
2012-10-31,22.65273666381836
2012-11-01,23.430583953857422
2012-11-02,23.414709091186523
2012-11-05,23.517887115478516
2012-11-06,23.700448989868164
2012-11-07,23.08134651184082
2012-11-08,22.867040634155273
2012-11-09,22.882917404174805
2012-11-12,22.39875030517578
2012-11-13,21.678529739379883
2012-11-14,21.47846794128418
2012-11-15,21.334428787231445
2012-11-16,21.22239112854004
2012-11-19,21.390443801879883
2012-11-20,21.374435424804688
2012-11-21,21.566495895385742
2012-11-23,22.166671752929688
2012-11-26,21.918603897094727
2012-11-27,21.6705265045166
2012-11-28,21.894588470458984
2012-11-29,21.566495895385742
2012-11-30,21.302413940429688
2012-12-03,21.150371551513672
2012-12-04,21.102359771728516
2012-12-05,21.342432022094727
2012-12-06,21.390443801879883
2012-12-07,21.17437744140625
2012-12-10,21.55849838256836
2012-12-11,21.862579345703125
2012-12-12,21.798566818237305
2012-12-13,21.69452476501465
2012-12-14,21.45446014404297
2012-12-17,21.686525344848633
2012-12-18,22.054641723632812
2012-12-19,21.85458755493164
2012-12-20,22.150676727294922
2012-12-21,21.966615676879883
2012-12-24,21.65452003479004
2012-12-26,21.49447250366211
2012-12-27,21.574499130249023
2012-12-28,21.24639892578125
2012-12-31,21.374435424804688
2013-01-02,22.1026611328125
2013-01-03,21.806564331054688
2013-01-04,21.3984432220459
2013-01-07,21.358430862426758
2013-01-08,21.24639892578125
2013-01-09,21.366437911987305
2013-01-10,21.17437744140625
2013-01-11,21.470468521118164
2013-01-14,21.518474578857422
2013-01-15,21.77456283569336
2013-01-16,21.638513565063477
2013-01-17,21.806564331054688
2013-01-18,21.806564331054688
2013-01-22,21.72654151916504
2013-01-23,22.094650268554688
2013-01-24,22.11066246032715
2013-01-25,22.310712814331055
2013-01-28,22.33472442626953
2013-01-29,22.414752960205078
2013-01-30,22.286712646484375
2013-01-31,21.966615676879883
2013-02-01,22.350740432739258
2013-02-04,21.9586124420166
2013-02-05,22.006628036499023
2013-02-06,21.878591537475586
2013-02-07,21.830570220947266
2013-02-08,22.0466365814209
2013-02-11,22.29471778869629
2013-02-12,22.310712814331055
2013-02-13,22.43075180053711
2013-02-14,22.438758850097656
2013-02-15,22.414752960205078
2013-02-19,22.632604598999023
2013-02-20,22.48737144470215
2013-02-21,22.18076515197754
2013-02-22,22.39861297607422
2013-02-25,22.083938598632812
2013-02-26,22.083938598632812
2013-02-27,22.438955307006836
2013-02-28,22.430885314941406
2013-03-01,22.551925659179688
2013-03-04,22.713294982910156
2013-03-05,22.874671936035156
2013-03-06,22.664880752563477
2013-03-07,22.70522689819336
2013-03-08,22.592266082763672
2013-03-11,22.48737144470215
2013-03-12,22.51964569091797
2013-03-13,22.527706146240234
2013-03-14,22.70522689819336
2013-03-15,22.624534606933594
2013-03-18,22.67294692993164
2013-03-19,22.73749542236328
2013-03-20,22.8504581451416
2013-03-21,22.681020736694336
2013-03-22,22.793973922729492
2013-03-25,22.721355438232422
2013-03-26,22.721355438232422
2013-03-27,22.890806198120117
2013-03-28,23.084453582763672
2013-04-01,23.084453582763672
2013-04-02,23.237756729125977
2013-04-03,23.044105529785156
2013-04-04,23.076379776000977
2013-04-05,23.157068252563477
2013-04-08,23.06831169128418
2013-04-09,23.891315460205078
2013-04-10,24.431921005249023
2013-04-11,23.35071563720703
2013-04-12,23.229684829711914
2013-04-15,23.14899444580078
2013-04-16,23.374921798706055
2013-04-17,23.26195526123047
2013-04-18,23.229684829711914
2013-04-19,24.020421981811523
2013-04-22,24.875699996948242
2013-04-23,24.690114974975586
2013-04-24,25.62608528137207
2013-04-25,25.771320343017578
2013-04-26,25.650293350219727
2013-04-29,26.31192398071289
2013-04-30,26.70728302001953
2013-05-01,26.40068244934082
2013-05-02,26.75568962097168
2013-05-03,27.02195930480957
2013-05-06,27.23174476623535
2013-05-07,26.876728057861328
2013-05-08,26.618532180786133
2013-05-09,26.35226058959961
2013-05-10,26.3764705657959
2013-05-13,26.650808334350586
2013-05-14,27.24394416809082
2013-05-15,27.503948211669922
2013-05-16,27.69083023071289
2013-05-17,28.332725524902344
2013-05-20,28.50335693359375
2013-05-21,28.316478729248047
2013-05-22,28.121477127075195
2013-05-23,27.747713088989258
2013-05-24,27.845205307006836
2013-05-28,28.454614639282227
2013-05-29,28.340850830078125
2013-05-30,28.46272850036621
2013-05-31,28.357105255126953
2013-06-03,28.917747497558594
2013-06-04,28.43023109436035
2013-06-05,28.259599685668945
2013-06-06,28.405858993530273
2013-06-07,28.982751846313477
2013-06-10,28.820241928100586
2013-06-11,28.3083438873291
2013-06-12,28.43836212158203
2013-06-13,28.210853576660156
2013-06-14,27.950847625732422
2013-06-17,28.43836212158203
2013-06-18,28.42209815979004
2013-06-19,28.105222702026367
2013-06-20,27.211450576782227
2013-06-21,27.032690048217773
2013-06-24,27.39832878112793
2013-06-25,27.357688903808594
2013-06-26,27.910207748413086
2013-06-27,28.12959861755371
2013-06-28,28.064603805541992
2013-07-01,27.9183406829834
2013-07-02,27.577083587646484
2013-07-03,27.633953094482422
2013-07-05,27.79646110534668
2013-07-08,27.893957138061523
2013-07-09,27.910207748413086
2013-07-10,28.194597244262695
2013-07-11,28.99898910522461
2013-07-12,28.982751846313477
2013-07-15,29.389013290405273
2013-07-16,29.470264434814453
2013-07-17,29.039627075195312
2013-07-18,28.795875549316406
2013-07-19,25.513267517089844
2013-07-22,26.008901596069336
2013-07-23,25.854530334472656
2013-07-24,25.96827507019043
2013-07-25,25.50514030456543
2013-07-26,25.69202423095703
2013-07-29,25.627023696899414
2013-07-30,25.87889862060547
2013-07-31,25.870784759521484
2013-08-01,25.732650756835938
2013-08-02,25.911407470703125
2013-08-05,25.75702476501465
2013-08-06,25.659523010253906
2013-08-07,26.049528121948242
2013-08-08,26.72392463684082
2013-08-09,26.569551467895508
2013-08-12,26.707674026489258
2013-08-13,26.37220001220703
2013-08-14,26.47038459777832
2013-08-15,26.012170791625977
2013-08-16,26.020349502563477
2013-08-19,25.68486976623535
2013-08-20,25.873064041137695
2013-08-21,25.864879608154297
2013-08-22,26.50311279296875
2013-08-23,28.43417739868164
2013-08-26,27.943233489990234
2013-08-27,27.214994430541992
2013-08-28,27.01861000061035
2013-08-29,27.45228385925293
2013-08-30,27.329557418823242
2013-09-03,26.085813522338867
2013-09-04,25.529399871826172
2013-09-05,25.553939819335938
2013-09-06,25.488479614257812
2013-09-09,25.905790328979492
2013-09-10,26.50311279296875
2013-09-11,26.789499282836914
2013-09-12,26.748592376708984
2013-09-13,27.02680206298828
2013-09-16,26.838607788085938
2013-09-17,26.944965362548828
2013-09-18,27.264087677001953
2013-09-19,27.525917053222656
2013-09-20,26.830413818359375
2013-09-23,26.789499282836914
2013-09-24,26.552217483520508
2013-09-25,26.601301193237305
2013-09-26,26.814058303833008
2013-09-27,27.22317886352539
2013-09-30,27.23136329650879
2013-10-01,27.476842880249023
2013-10-02,27.755033493041992
2013-10-03,27.705944061279297
2013-10-04,27.722314834594727
2013-10-07,27.247724533081055
2013-10-08,27.010425567626953
2013-10-09,27.059532165527344
2013-10-10,27.624122619628906
2013-10-11,27.92686653137207
2013-10-14,28.188703536987305
2013-10-15,28.221446990966797
2013-10-16,28.344173431396484
2013-10-17,28.573286056518555
2013-10-18,28.606021881103516
2013-10-21,28.63056755065918
2013-10-22,28.295087814331055
2013-10-23,27.624122619628906
2013-10-24,27.591394424438477
2013-10-25,29.236066818237305
2013-10-28,29.105154037475586
2013-10-29,29.064233779907227
2013-10-30,29.080598831176758
2013-10-31,28.974224090576172
2013-11-01,29.072429656982422
2013-11-04,29.407896041870117
2013-11-05,29.98068618774414
2013-11-06,31.240779876708984
2013-11-07,30.684375762939453
2013-11-08,30.913490295410156
2013-11-11,30.75802230834961
2013-11-12,30.5698299407959
2013-11-13,31.224403381347656
2013-11-14,31.109865188598633
2013-11-15,30.962587356567383
2013-11-18,30.438892364501953
2013-11-19,30.29050064086914
2013-11-20,30.570812225341797
2013-11-21,30.834644317626953
2013-11-22,30.974790573120117
2013-11-25,31.032508850097656
2013-11-26,30.793415069580078
2013-11-27,30.999526977539062
2013-11-29,31.43648338317871
2013-12-02,31.7003116607666
2013-12-03,31.58489990234375
2013-12-04,32.10429382324219
2013-12-05,31.329299926757812
2013-12-06,31.626121520996094
2013-12-09,31.91468048095703
2013-12-10,31.420001983642578
2013-12-11,31.007776260375977
2013-12-12,30.68623161315918
2013-12-13,30.249265670776367
2013-12-16,30.414159774780273
2013-12-17,30.109115600585938
2013-12-18,30.158586502075195
2013-12-19,29.88652229309082
2013-12-20,30.339954376220703
2013-12-23,30.191558837890625
2013-12-24,30.570812225341797
2013-12-26,30.86761474609375
2013-12-27,30.743961334228516
2013-12-30,30.743961334228516
2013-12-31,30.842880249023438
2014-01-02,30.636760711669922
2014-01-03,30.430648803710938
2014-01-06,29.787567138671875
2014-01-07,30.018417358398438
2014-01-08,29.482519149780273
2014-01-09,29.29291343688965
2014-01-10,29.7133846282959
2014-01-13,28.839452743530273
2014-01-14,29.499013900756836
2014-01-15,30.306991577148438
2014-01-16,30.414159774780273
2014-01-17,29.99370002746582
2014-01-21,29.820552825927734
2014-01-22,29.622684478759766
2014-01-23,29.7298641204834
2014-01-24,30.348207473754883
2014-01-27,29.705127716064453
2014-01-28,29.903011322021484
2014-01-29,30.224533081054688
2014-01-30,30.389440536499023
2014-01-31,31.197389602661133
2014-02-03,30.076143264770508
2014-02-04,29.968963623046875
2014-02-05,29.531999588012695
2014-02-06,29.828792572021484
2014-02-07,30.14209747314453
2014-02-10,30.339954376220703
2014-02-11,30.64501190185547
2014-02-12,30.8923397064209
2014-02-13,31.007776260375977
2014-02-14,31.016021728515625
2014-02-18,31.08246421813965
2014-02-19,31.15723419189453
2014-02-20,31.35658073425293
2014-02-21,31.547618865966797
2014-02-24,31.306743621826172
2014-02-25,31.18214225769043
2014-02-26,31.123994827270508
2014-02-27,31.44795036315918
2014-02-28,31.821735382080078
2014-03-03,31.38149642944336
2014-03-04,31.904804229736328
2014-03-05,31.65561866760254
2014-03-06,31.6888427734375
2014-03-07,31.481172561645508
2014-03-10,31.414718627929688
2014-03-11,31.580856323242188
2014-03-12,31.788501739501953
2014-03-13,31.472877502441406
2014-03-14,31.315048217773438
2014-03-17,31.605762481689453
2014-03-18,32.851722717285156
2014-03-19,32.6191520690918
2014-03-20,33.4996223449707
2014-03-21,33.3584098815918
2014-03-24,33.64083480834961
2014-03-25,33.50794219970703
2014-03-26,33.05108642578125
2014-03-27,32.69390869140625
2014-03-28,33.47470474243164
2014-03-31,34.047847747802734
2014-04-01,34.4050178527832
2014-04-02,34.34688186645508
2014-04-03,34.06446075439453
2014-04-04,33.11753463745117
2014-04-07,33.059391021728516
2014-04-08,33.075992584228516
2014-04-09,33.615909576416016
2014-04-10,32.69390869140625
2014-04-11,32.56931686401367
2014-04-14,32.54438781738281
2014-04-15,33.017860412597656
2014-04-16,33.557769775390625
2014-04-17,33.233821868896484
2014-04-21,33.175662994384766
2014-04-22,33.217220306396484
2014-04-23,32.968017578125
2014-04-24,33.109222412109375
2014-04-25,33.1507568359375
2014-04-28,33.94816589355469
2014-04-29,33.649139404296875
2014-04-30,33.557769775390625
2014-05-01,33.22551727294922
2014-05-02,32.968017578125
2014-05-05,32.75204849243164
2014-05-06,32.4447135925293
2014-05-07,32.743736267089844
2014-05-08,32.9265022277832
2014-05-09,32.84343338012695
2014-05-12,33.200599670410156
2014-05-13,33.811241149902344
2014-05-14,33.660667419433594
2014-05-15,33.12529754638672
2014-05-16,33.31770324707031
2014-05-19,33.25078582763672
2014-05-20,33.192222595214844
2014-05-21,33.75267791748047
2014-05-22,33.54356002807617
2014-05-23,33.56028747558594
2014-05-27,33.61884307861328
2014-05-28,33.4682731628418
2014-05-29,33.744319915771484
2014-05-30,34.246212005615234
2014-06-02,34.12074661254883
2014-06-03,33.70248794555664
2014-06-04,33.72758865356445
2014-06-05,34.47207260131836
2014-06-06,34.697914123535156
2014-06-09,34.52227020263672
2014-06-10,34.38843536376953
2014-06-11,34.17928695678711
2014-06-12,33.94508361816406
2014-06-13,34.488807678222656
2014-06-16,34.71466064453125
2014-06-17,34.86521911621094
2014-06-18,34.84013366699219
2014-06-19,34.723026275634766
2014-06-20,34.86521911621094
2014-06-23,35.124549865722656
2014-06-24,34.92377471923828
2014-06-25,35.15800857543945
2014-06-26,34.898677825927734
2014-06-27,35.34201431274414
2014-06-30,34.8819580078125
2014-07-01,35.02415466308594
2014-07-02,35.04926300048828
2014-07-03,34.965599060058594
2014-07-07,35.124549865722656
2014-07-08,34.948875427246094
2014-07-09,34.85685729980469
2014-07-10,34.87358474731445
2014-07-11,35.208187103271484
2014-07-14,35.25001525878906
2014-07-15,35.509342193603516
2014-07-16,36.87282180786133
2014-07-17,37.24924087524414
2014-07-18,37.38308334350586
2014-07-21,37.508567810058594
2014-07-22,37.500186920166016
2014-07-23,37.533653259277344
2014-07-24,37.14049530029297
2014-07-25,37.22414779663086
2014-07-28,36.78080749511719
2014-07-29,36.713890075683594
2014-07-30,36.45457458496094
2014-07-31,36.10323715209961
2014-08-01,35.85230255126953
2014-08-04,36.27890396118164
2014-08-05,36.036312103271484
2014-08-06,35.75190734863281
2014-08-07,36.16179656982422
2014-08-08,36.13670349121094
2014-08-11,36.13670349121094
2014-08-12,36.40437698364258
2014-08-13,36.87282180786133
2014-08-14,37.031761169433594
2014-08-15,37.466739654541016
2014-08-18,37.73442077636719
2014-08-19,38.155269622802734
2014-08-20,37.835418701171875
2014-08-21,38.06270217895508
2014-08-22,38.00375747680664
2014-08-25,38.02058410644531
2014-08-26,37.88591384887695
2014-08-27,37.7680778503418
2014-08-28,37.77650833129883
2014-08-29,38.23944091796875
2014-09-02,37.95325469970703
2014-09-03,37.843814849853516
2014-09-04,38.096351623535156
2014-09-05,38.643463134765625
2014-09-08,39.11481857299805
2014-09-09,39.35894012451172
2014-09-10,39.42626953125
2014-09-11,39.56094741821289
2014-09-12,39.30842971801758
2014-09-15,38.9212532043457
2014-09-16,39.35894012451172
2014-09-17,39.156917572021484
2014-09-18,39.29159164428711
2014-09-19,39.9986572265625
2014-09-22,39.6114616394043
2014-09-23,39.190589904785156
2014-09-24,39.6282844543457
2014-09-25,38.75288772583008
2014-09-26,39.06433868408203
2014-09-29,39.0895881652832
2014-09-30,39.022239685058594
2014-10-01,38.63505172729492
2014-10-02,38.51719665527344
2014-10-03,38.79497528076172
2014-10-06,38.79497528076172
2014-10-07,38.32362365722656
2014-10-08,39.37576675415039
2014-10-09,38.59296417236328
2014-10-10,37.06104278564453
2014-10-13,36.741172790527344
2014-10-14,36.80851364135742
2014-10-15,36.37923049926758
2014-10-16,35.9752197265625
2014-10-17,36.724342346191406
2014-10-20,37.103118896484375
2014-10-21,37.77650833129883
2014-10-22,37.35564422607422
2014-10-23,37.89433288574219
2014-10-24,38.82864761352539
2014-10-27,38.643463134765625
2014-10-28,39.13166427612305
2014-10-29,39.2411003112793
2014-10-30,38.76130676269531
2014-10-31,39.518856048583984
2014-11-03,39.93132781982422
2014-11-04,40.040740966796875
2014-11-05,40.284828186035156
2014-11-06,40.99188232421875
2014-11-07,40.97503662109375
2014-11-10,41.151798248291016
2014-11-11,41.13495635986328
2014-11-12,41.0592155456543
2014-11-13,41.757850646972656
2014-11-14,41.732608795166016
2014-11-17,41.6315803527832
2014-11-18,41.284305572509766
2014-11-19,40.84385299682617
2014-11-20,41.250423431396484
2014-11-21,40.64054489135742
2014-11-24,40.31022262573242
2014-11-25,40.20857238769531
2014-11-26,40.445735931396484
2014-11-28,40.49656677246094
2014-12-01,41.18266677856445
2014-12-02,41.04713821411133
2014-12-03,40.72526168823242
2014-12-04,41.3690071105957
2014-12-05,41.01323699951172
2014-12-08,40.40338897705078
2014-12-09,40.31022262573242
2014-12-10,39.72577667236328
2014-12-11,39.95446014404297
2014-12-12,39.76810836791992
2014-12-15,39.530948638916016
2014-12-16,38.25192642211914
2014-12-17,38.74321365356445
2014-12-18,40.25093078613281
2014-12-19,40.369503021240234
2014-12-22,40.64054489135742
2014-12-23,41.038658142089844
2014-12-24,40.77607345581055
2014-12-26,40.555843353271484
2014-12-29,40.19163131713867
2014-12-30,39.82740783691406
2014-12-31,39.3446044921875
2015-01-02,39.607181549072266
2015-01-05,39.242958068847656
2015-01-06,38.6669807434082
2015-01-07,39.15825653076172
2015-01-08,40.31022262573242
2015-01-09,39.97140884399414
2015-01-12,39.471649169921875
2015-01-13,39.26836013793945
2015-01-14,38.929561614990234
2015-01-15,38.522979736328125
2015-01-16,39.1667366027832
2015-01-20,39.293792724609375
2015-01-21,38.89567565917969
2015-01-22,39.920589447021484
2015-01-23,39.962928771972656
2015-01-26,39.818939208984375
2015-01-27,36.134368896484375
2015-01-28,34.889225006103516
2015-01-29,35.58378601074219
2015-01-30,34.220054626464844
2015-02-02,34.9654541015625
2015-02-03,35.236480712890625
2015-02-04,35.43977737426758
2015-02-05,35.95647048950195
2015-02-06,35.922603607177734
2015-02-09,35.88024139404297
2015-02-10,36.083534240722656
2015-02-11,35.897186279296875
2015-02-12,36.49857711791992
2015-02-13,37.15925979614258
2015-02-17,37.17633056640625
2015-02-18,37.133663177490234
2015-02-19,37.10807418823242
2015-02-20,37.41516876220703
2015-02-23,37.662567138671875
2015-02-24,37.611385345458984
2015-02-25,37.52606964111328
2015-02-26,37.585784912109375
2015-02-27,37.406646728515625
2015-03-02,37.432254791259766
2015-03-03,36.92041778564453
2015-03-04,36.73272705078125
2015-03-05,36.7753791809082
2015-03-06,36.135589599609375
2015-03-09,36.5535774230957
2015-03-10,35.85408020019531
2015-03-11,35.811424255371094
2015-03-12,34.99248504638672
2015-03-13,35.29960250854492
2015-03-16,35.4531364440918
2015-03-17,35.57257843017578
2015-03-18,36.2550163269043
2015-03-19,36.07588577270508
2015-03-20,36.57918167114258
2015-03-23,36.56210708618164
2015-03-24,36.59624099731445
2015-03-25,35.367835998535156
2015-03-26,35.154571533203125
2015-03-27,34.9498291015625
2015-03-30,34.941307067871094
2015-03-31,34.68539047241211
2015-04-01,34.736572265625
2015-04-02,34.3697624206543
2015-04-06,35.44459533691406
2015-04-07,35.42753601074219
2015-04-08,35.33370590209961
2015-04-09,35.38491439819336
2015-04-10,35.58961868286133
2015-04-13,35.623748779296875
2015-04-14,35.52992248535156
2015-04-15,36.0502815246582
2015-04-16,35.96498107910156
2015-04-17,35.504337310791016
2015-04-20,36.60477066040039
2015-04-21,36.37445068359375
2015-04-22,36.67301940917969
2015-04-23,36.971595764160156
2015-04-24,40.83595657348633
2015-04-27,40.97243881225586
2015-04-28,41.93638229370117
2015-04-29,41.85108184814453
2015-04-30,41.49280548095703
2015-05-01,41.50986099243164
2015-05-04,41.151580810546875
2015-05-05,40.605613708496094
2015-05-06,39.47957992553711
2015-05-07,39.83786392211914
2015-05-08,40.73357009887695
2015-05-11,40.409427642822266
2015-05-12,40.39234924316406
2015-05-13,40.6312141418457
2015-05-14,41.56105422973633
2015-05-15,41.2027473449707
2015-05-18,40.95536804199219
2015-05-19,40.852333068847656
2015-05-20,40.852333068847656
2015-05-21,40.7149772644043
2015-05-22,40.26850509643555
2015-05-26,40.00231170654297
2015-05-27,40.87810516357422
2015-05-28,40.740718841552734
2015-05-29,40.234153747558594
2015-06-01,40.55183410644531
2015-06-02,40.28565979003906
2015-06-03,40.22554016113281
2015-06-04,39.80483627319336
2015-06-05,39.61595153808594
2015-06-08,39.263919830322266
2015-06-09,39.19523239135742
2015-06-10,40.019493103027344
2015-06-11,39.873538970947266
2015-06-12,39.46998977661133
2015-06-15,39.049278259277344
2015-06-16,39.34978485107422
2015-06-17,39.46998977661133
2015-06-18,40.113948822021484
2015-06-19,39.58160400390625
2015-06-22,39.69322967529297
2015-06-23,39.41847229003906
2015-06-24,39.18663787841797
2015-06-25,39.19523239135742
2015-06-26,38.86037826538086
2015-06-29,38.096214294433594
2015-06-30,37.90733337402344
2015-07-01,38.1649169921875
2015-07-02,38.12198257446289
2015-07-06,38.11339569091797
2015-07-07,38.03612518310547
2015-07-08,37.98460006713867
2015-07-09,38.225013732910156
2015-07-10,38.30229568481445
2015-07-13,39.10079574584961
2015-07-14,39.16947555541992
2015-07-15,39.2896728515625
2015-07-16,40.06241989135742
2015-07-17,40.028079986572266
2015-07-20,40.28565979003906
2015-07-21,40.594749450683594
2015-07-22,39.10079574584961
2015-07-23,39.59019088745117
2015-07-24,39.44423294067383
2015-07-27,38.937652587890625
2015-07-28,38.92906188964844
2015-07-29,39.744747161865234
2015-07-30,40.25132369995117
2015-07-31,40.096778869628906
2015-08-03,40.191219329833984
2015-08-04,40.817996978759766
2015-08-05,40.852333068847656
2015-08-06,40.028079986572266
2015-08-07,40.131126403808594
2015-08-10,40.6376953125
2015-08-11,39.847774505615234
2015-08-12,40.131126403808594
2015-08-13,40.12252426147461
2015-08-14,40.35435104370117
2015-08-17,40.62909698486328
2015-08-18,40.85382080078125
2015-08-19,40.28339767456055
2015-08-20,39.46234130859375
2015-08-21,37.22390365600586
2015-08-24,36.02256393432617
2015-08-25,34.976802825927734
2015-08-26,36.91276168823242
2015-08-27,37.94123840332031
2015-08-28,37.967159271240234
2015-08-31,37.612815856933594
2015-09-01,36.14356994628906
2015-09-02,37.47453689575195
2015-09-03,37.595542907714844
2015-09-04,36.82634353637695
2015-09-08,37.93259811401367
2015-09-09,37.22390365600586
2015-09-10,37.41404342651367
2015-09-11,37.57826232910156
2015-09-14,37.19797897338867
2015-09-15,38.0103874206543
2015-09-16,38.286949157714844
2015-09-17,38.243736267089844
2015-09-18,37.57826232910156
2015-09-21,38.12273406982422
2015-09-22,37.94123840332031
2015-09-23,37.91531753540039
2015-09-24,37.94988250732422
2015-09-25,37.975807189941406
2015-09-28,37.41404342651367
2015-09-29,37.54366683959961
2015-09-30,38.25236511230469
2015-10-01,38.55487060546875
2015-10-02,39.384559631347656
2015-10-05,40.300682067871094
2015-10-06,40.40439987182617
2015-10-07,40.447608947753906
2015-10-08,41.0093879699707
2015-10-09,40.71552276611328
2015-10-12,40.620460510253906
2015-10-13,40.52539825439453
2015-10-14,40.343894958496094
2015-10-15,40.62909698486328
2015-10-16,41.06123352050781
2015-10-19,41.156307220458984
2015-10-20,41.28594207763672
2015-10-21,40.79331970214844
2015-10-22,41.51066207885742
2015-10-23,45.693695068359375
2015-10-26,46.88638687133789
2015-10-27,46.40239715576172
2015-10-28,46.653038024902344
2015-10-29,46.117183685302734
2015-10-30,45.494930267333984
2015-11-02,46.01346969604492
2015-11-03,46.79995346069336
2015-11-04,47.01601028442383
2015-11-05,46.99873733520508
2015-11-06,47.46543502807617
2015-11-09,46.8086051940918
2015-11-10,46.246826171875
2015-11-11,46.367820739746094
2015-11-12,46.08260726928711
2015-11-13,45.66777420043945
2015-11-16,46.471527099609375
2015-11-17,46.08869552612305
2015-11-18,46.8543701171875
2015-11-19,46.932682037353516
2015-11-20,47.15020751953125
2015-11-23,47.15020751953125
2015-11-24,47.20241928100586
2015-11-25,46.71515655517578
2015-11-27,46.92398452758789
2015-11-30,47.28943634033203
2015-12-01,48.0463981628418
2015-12-02,48.0377082824707
2015-12-03,47.158905029296875
2015-12-04,48.64676284790039
2015-12-07,48.55975341796875
2015-12-08,48.5423698425293
2015-12-09,47.83757781982422
2015-12-10,48.08990478515625
2015-12-11,47.0370979309082
2015-12-14,47.97679901123047
2015-12-15,48.02899932861328
2015-12-16,48.83818054199219
2015-12-17,48.46405029296875
2015-12-18,47.09800720214844
2015-12-21,47.70705795288086
2015-12-22,48.15951156616211
2015-12-23,48.56846237182617
2015-12-24,48.43794250488281
2015-12-28,48.68156433105469
2015-12-29,49.20361328125
2015-12-30,48.994789123535156
2015-12-31,48.272613525390625
2016-01-04,47.68096923828125
2016-01-05,47.898468017578125
2016-01-06,47.02839660644531
2016-01-07,45.39262008666992
2016-01-08,45.53183364868164
2016-01-11,45.50574493408203
2016-01-12,45.923377990722656
2016-01-13,44.93147659301758
2016-01-14,46.210514068603516
2016-01-15,44.36591720581055
2016-01-19,43.99178695678711
2016-01-20,44.191898345947266
2016-01-21,43.922157287597656
2016-01-22,45.49702835083008
2016-01-25,45.06200408935547
2016-01-26,45.39262008666992
2016-01-27,44.5660400390625
2016-01-28,45.29692077636719
2016-01-29,47.933284759521484
2016-02-01,47.60264587402344
2016-02-02,46.11480712890625
2016-02-03,45.3839111328125
2016-02-04,45.24470901489258
2016-02-05,43.643741607666016
2016-02-08,42.99116897583008
2016-02-09,42.87806701660156
2016-02-10,43.252197265625
2016-02-11,43.23480224609375
2016-02-12,43.9395637512207
2016-02-16,44.77210235595703
2016-02-17,45.93761444091797
2016-02-18,45.73606491088867
2016-02-19,45.411827087402344
2016-02-22,46.13917922973633
2016-02-23,44.85095977783203
2016-02-24,45.00870895385742
2016-02-25,45.65717697143555
2016-02-26,44.95612335205078
2016-02-29,44.588050842285156
2016-03-01,46.07783126831055
2016-03-02,46.40208435058594
2016-03-03,45.87628936767578
2016-03-04,45.59583282470703
2016-03-07,44.71950149536133
2016-03-08,45.262855529785156
2016-03-09,46.30568313598633
2016-03-10,45.61337661743164
2016-03-11,46.507240295410156
2016-03-14,46.594886779785156
2016-03-15,46.96293258666992
2016-03-16,47.628971099853516
2016-03-17,47.90061569213867
2016-03-18,46.87529754638672
2016-03-21,47.19955062866211
2016-03-22,47.383567810058594
2016-03-23,47.29594421386719
2016-03-24,47.50626754760742
2016-03-28,46.91911315917969
2016-03-29,47.94443130493164
2016-03-30,48.24237823486328
2016-03-31,48.40013122558594
2016-04-01,48.698081970214844
2016-04-04,48.57539749145508
2016-04-05,47.812992095947266
2016-04-06,48.30372619628906
2016-04-07,47.7253532409668
2016-04-08,47.6902961730957
2016-04-11,47.59389877319336
2016-04-12,47.89185333251953
2016-04-13,48.505287170410156
2016-04-14,48.51405715942383
2016-04-15,48.76820373535156
2016-04-18,49.478023529052734
2016-04-19,49.416690826416016
2016-04-20,48.715614318847656
2016-04-21,48.88212585449219
2016-04-22,45.376766204833984
2016-04-25,45.66595458984375
2016-04-26,45.07881164550781
2016-04-27,44.64064407348633
2016-04-28,43.729251861572266
2016-04-29,43.70296859741211
2016-05-02,44.3514404296875
2016-05-03,43.624088287353516
2016-05-04,43.70296859741211
2016-05-05,43.76430892944336
2016-05-06,44.15864944458008
2016-05-09,43.878238677978516
2016-05-10,44.71076202392578
2016-05-11,44.737030029296875
2016-05-12,45.14015197753906
2016-05-13,44.76333236694336
2016-05-16,45.42058563232422
2016-05-17,44.57341766357422
2016-05-18,44.83815002441406
2016-05-19,44.40574645996094
2016-05-20,44.67047882080078
2016-05-23,44.14983367919922
2016-05-24,45.5264892578125
2016-05-25,45.99416732788086
2016-05-26,45.791229248046875
2016-05-27,46.170677185058594
2016-05-31,46.7707633972168
2016-06-01,46.63838577270508
2016-06-02,46.31187057495117
2016-06-03,45.702980041503906
2016-06-06,46.003013610839844
2016-06-07,45.97652816772461
2016-06-08,45.92359161376953
2016-06-09,45.552955627441406
2016-06-10,45.429405212402344
2016-06-13,44.24689865112305
2016-06-14,43.97334289550781
2016-06-15,43.84978485107422
2016-06-16,44.4675178527832
2016-06-17,44.23808288574219
2016-06-20,44.18512725830078
2016-06-21,45.17348861694336
2016-06-22,44.99700927734375
2016-06-23,45.808860778808594
2016-06-24,43.97334289550781
2016-06-27,42.737884521484375
2016-06-28,43.629173278808594
2016-06-29,44.59988021850586
2016-06-30,45.155845642089844
2016-07-01,45.14701461791992
2016-07-05,45.155845642089844
2016-07-06,45.341163635253906
2016-07-07,45.341163635253906
2016-07-08,46.153045654296875
2016-07-11,46.40894317626953
2016-07-12,46.956077575683594
2016-07-13,47.2208137512207
2016-07-14,47.42378616333008
2016-07-15,47.38848876953125
2016-07-18,47.617916107177734
2016-07-19,46.850181579589844
2016-07-20,49.33873748779297
2016-07-21,49.24165344238281
2016-07-22,49.921173095703125
2016-07-25,50.06236267089844
2016-07-26,50.08883285522461
2016-07-27,49.5858268737793
2016-07-28,49.603477478027344
2016-07-29,50.01823806762695
2016-08-01,49.93000030517578
2016-08-02,49.93000030517578
2016-08-03,50.27415466308594
2016-08-04,50.644798278808594
2016-08-05,51.147796630859375
2016-08-08,51.236053466796875
2016-08-09,51.359596252441406
2016-08-10,51.20074462890625
2016-08-11,51.44783401489258
2016-08-12,51.130149841308594
2016-08-15,51.28898620605469
2016-08-16,51.00483322143555
2016-08-17,51.111392974853516
2016-08-18,51.14692306518555
2016-08-19,51.164676666259766
2016-08-22,51.20906066894531
2016-08-23,51.4044189453125
2016-08-24,51.457706451416016
2016-08-25,51.65305709838867
2016-08-26,51.52874755859375
2016-08-29,51.59090805053711
2016-08-30,51.4044189453125
2016-08-31,51.02259826660156
2016-09-01,51.138031005859375
2016-09-02,51.20906066894531
2016-09-06,51.155784606933594
2016-09-07,51.2001838684082
2016-09-08,50.99595260620117
2016-09-09,49.912635803222656
2016-09-12,50.658531188964844
2016-09-13,50.19679260253906
2016-09-14,49.95703125
2016-09-15,50.7828483581543
2016-09-16,50.83612060546875
2016-09-19,50.551979064941406
2016-09-20,50.44541931152344
2016-09-21,51.28897476196289
2016-09-22,51.342262268066406
2016-09-23,50.99595260620117
2016-09-26,50.52534103393555
2016-09-27,51.457706451416016
2016-09-28,51.52874755859375
2016-09-29,50.96931838989258
2016-09-30,51.14692306518555
2016-10-03,50.98707580566406
2016-10-04,50.827239990234375
2016-10-05,51.18243408203125
2016-10-06,51.27123260498047
2016-10-07,51.32450485229492
2016-10-10,51.537620544433594
2016-10-11,50.7828483581543
2016-10-12,50.711814880371094
2016-10-13,50.5431022644043
2016-10-14,50.98707580566406
2016-10-17,50.809486389160156
2016-10-18,51.2001838684082
2016-10-19,51.084754943847656
2016-10-20,50.83612060546875
2016-10-21,52.976131439208984
2016-10-24,54.16600799560547
2016-10-25,54.157135009765625
2016-10-26,53.83746337890625
2016-10-27,53.36682891845703
2016-10-28,53.162601470947266
2016-10-31,53.20699691772461
2016-11-01,53.100440979003906
2016-11-02,52.771888732910156
2016-11-03,52.576534271240234
2016-11-04,52.13256072998047
2016-11-07,53.6509895324707
2016-11-08,53.695377349853516
2016-11-09,53.42900085449219
2016-11-10,52.123687744140625
2016-11-11,52.4078254699707
2016-11-14,51.60866165161133
2016-11-15,52.627784729003906
2016-11-16,53.32508087158203
2016-11-17,54.2100944519043
2016-11-18,53.950843811035156
2016-11-21,54.40677261352539
2016-11-22,54.63921356201172
2016-11-23,53.99555587768555
2016-11-25,54.111759185791016
2016-11-28,54.18327713012695
2016-11-29,54.61237716674805
2016-11-30,53.870391845703125
2016-12-01,52.92279052734375
2016-12-02,52.967491149902344
2016-12-05,53.834632873535156
2016-12-06,53.59325408935547
2016-12-07,54.86268615722656
2016-12-08,54.540863037109375
2016-12-09,55.39908218383789
2016-12-12,55.5778694152832
2016-12-13,56.30197525024414
2016-12-14,56.033790588378906
2016-12-15,55.94438934326172
2016-12-16,55.69407272338867
2016-12-19,56.87411880493164
2016-12-20,56.8026008605957
2016-12-21,56.8026008605957
2016-12-22,56.81153869628906
2016-12-23,56.5344123840332
2016-12-27,56.57017517089844
2016-12-28,56.3109130859375
2016-12-29,56.23046112060547
2016-12-30,55.551048278808594
2017-01-03,55.94438934326172
2017-01-04,55.69407272338867
2017-01-05,55.69407272338867
2017-01-06,56.17683029174805
2017-01-09,55.998023986816406
2017-01-10,55.98014831542969
2017-01-11,56.48970413208008
2017-01-12,55.97121810913086
2017-01-13,56.05167007446289
2017-01-17,55.899681091308594
2017-01-18,55.87286376953125
2017-01-19,55.69407272338867
2017-01-20,56.087425231933594
2017-01-23,56.284095764160156
2017-01-24,56.784725189208984
2017-01-25,56.927757263183594
2017-01-26,57.45518112182617
2017-01-27,58.80507278442383
2017-01-30,58.22400665283203
2017-01-31,57.79489517211914
2017-02-01,56.83835983276367
2017-02-02,56.471832275390625
2017-02-03,56.927757263183594
2017-02-06,56.89200210571289
2017-02-07,56.70426940917969
2017-02-08,56.623817443847656
2017-02-09,57.267452239990234
2017-02-10,57.21382141113281
2017-02-13,57.85747528076172
2017-02-14,58.073333740234375
2017-02-15,58.0373649597168
2017-02-16,58.028350830078125
2017-02-17,58.11830139160156
2017-02-21,58.00138473510742
2017-02-22,57.884456634521484
2017-02-23,58.11830139160156
2017-02-24,58.11830139160156
2017-02-27,57.76754379272461
2017-02-28,57.542686462402344
2017-03-01,58.40610885620117
2017-03-02,57.56968688964844
2017-03-03,57.785526275634766
2017-03-06,57.80350875854492
2017-03-07,57.92042922973633
2017-03-08,58.45108413696289
2017-03-09,58.21723556518555
2017-03-10,58.3971061706543
2017-03-13,58.199241638183594
2017-03-14,57.92942428588867
2017-03-15,58.235233306884766
2017-03-16,58.13630294799805
2017-03-17,58.34315872192383
2017-03-20,58.3971061706543
2017-03-21,57.74954605102539
2017-03-22,58.48704528808594
2017-03-23,58.34315872192383
2017-03-24,58.442073822021484
2017-03-27,58.54999923706055
2017-03-28,58.72089767456055
2017-03-29,58.882789611816406
2017-03-30,59.098628997802734
2017-03-31,59.23353958129883
2017-04-03,58.954742431640625
2017-04-04,59.11661911010742
2017-04-05,58.963706970214844
2017-04-06,59.11661911010742
2017-04-07,59.07164001464844
2017-04-10,58.936744689941406
2017-04-11,58.89177322387695
2017-04-12,58.66693115234375
2017-04-13,58.415103912353516
2017-04-17,58.89177322387695
2017-04-18,58.81083297729492
2017-04-19,58.49604415893555
2017-04-20,58.90978240966797
2017-04-21,59.71921157836914
2017-04-24,60.735511779785156
2017-04-25,61.08628845214844
2017-04-26,61.005340576171875
2017-04-27,61.401039123535156
2017-04-28,61.57195281982422
2017-05-01,62.42635726928711
2017-05-02,62.327449798583984
2017-05-03,62.12955093383789
2017-05-04,61.88672637939453
2017-05-05,62.05760955810547
2017-05-08,62.00364685058594
2017-05-09,62.093589782714844
2017-05-10,62.33641815185547
2017-05-11,61.57195281982422
2017-05-12,61.5
2017-05-15,61.54494094848633
2017-05-16,62.7841682434082
2017-05-17,61.03843307495117
2017-05-18,61.24647903442383
2017-05-19,61.22837448120117
2017-05-22,61.91581344604492
2017-05-23,62.12386703491211
2017-05-24,62.205284118652344
2017-05-25,62.97414016723633
2017-05-26,63.28166580200195
2017-05-30,63.688716888427734
2017-05-31,63.17311477661133
2017-06-01,63.40831756591797
2017-06-02,64.90986633300781
2017-06-05,65.38021087646484
2017-06-06,65.5972900390625
2017-06-07,65.47969055175781
2017-06-08,65.08170318603516
2017-06-09,63.607303619384766
2017-06-12,63.118865966796875
2017-06-13,63.90580749511719
2017-06-14,63.56208801269531
2017-06-15,63.22742462158203
2017-06-16,63.31784439086914
2017-06-19,64.10479736328125
2017-06-20,63.236446380615234
2017-06-21,63.56208801269531
2017-06-22,63.55302047729492
2017-06-23,64.41236114501953
2017-06-26,63.797264099121094
2017-06-27,62.603267669677734
2017-06-28,63.136959075927734
2017-06-29,61.95200729370117
2017-06-30,62.34999465942383
2017-07-03,61.662574768066406
2017-07-05,62.485687255859375
2017-07-06,62.02437973022461
2017-07-07,62.82942581176758
2017-07-10,63.299766540527344
2017-07-11,63.30878448486328
2017-07-12,64.35808563232422
2017-07-13,64.91889190673828
2017-07-14,65.83246612548828
2017-07-17,66.34807586669922
2017-07-18,66.3028564453125
2017-07-19,66.80937957763672
2017-07-20,67.13501739501953
2017-07-21,66.74607849121094
2017-07-24,66.57421875
2017-07-25,67.10791015625
2017-07-26,66.98124694824219
2017-07-27,66.17621612548828
2017-07-28,66.06765747070312
2017-07-31,65.7601318359375
2017-08-01,65.65158081054688
2017-08-02,65.36212158203125
2017-08-03,65.26263427734375
2017-08-04,65.74203491210938
2017-08-07,65.48873138427734
2017-08-08,65.8415298461914
2017-08-09,65.55207061767578
2017-08-10,64.59326934814453
2017-08-11,65.5792236328125
2017-08-14,66.56515502929688
2017-08-15,66.5833511352539
2017-08-16,66.97435760498047
2017-08-17,65.83766174316406
2017-08-18,65.91950988769531
2017-08-21,65.6103515625
2017-08-22,66.52879333496094
2017-08-23,66.12870025634766
2017-08-24,66.10139465332031
2017-08-25,66.21961212158203
2017-08-28,66.22872161865234
2017-08-29,66.42875671386719
2017-08-30,67.30175018310547
2017-08-31,67.99285888671875
2017-09-01,67.23809051513672
2017-09-05,66.93798828125
2017-09-06,66.74703979492188
2017-09-07,67.60186767578125
2017-09-08,67.27449035644531
2017-09-11,67.9837646484375
2017-09-12,67.91104125976562
2017-09-13,68.39299011230469
2017-09-14,67.99285888671875
2017-09-15,68.48390197753906
2017-09-18,68.34749603271484
2017-09-19,68.60211944580078
2017-09-20,68.1474609375
2017-09-21,67.48361206054688
2017-09-22,67.66549682617188
2017-09-25,66.61972045898438
2017-09-26,66.61972045898438
2017-09-27,67.15625
2017-09-28,67.17442321777344
2017-09-29,67.73824310302734
2017-10-02,67.84737396240234
2017-10-03,67.52909088134766
2017-10-04,67.92011260986328
2017-10-05,69.08409118652344
2017-10-06,69.11137390136719
2017-10-09,69.3750991821289
2017-10-10,69.3750991821289
2017-10-11,69.49330139160156
2017-10-12,70.12984466552734
2017-10-13,70.46630096435547
2017-10-16,70.6118392944336
2017-10-17,70.55725860595703
2017-10-18,70.5754623413086
2017-10-19,70.84825897216797
2017-10-20,71.66667175292969
2017-10-23,71.68484497070312
2017-10-24,71.7121353149414
2017-10-25,71.50300598144531
2017-10-26,71.6212158203125
2017-10-27,76.2134780883789
2017-10-30,76.28623962402344
2017-10-31,75.64057922363281
2017-11-01,75.64057922363281
2017-11-02,76.43171691894531
2017-11-03,76.5135498046875
2017-11-06,76.81365203857422
2017-11-07,76.63179016113281
2017-11-08,76.89549255371094
2017-11-09,76.46807098388672
2017-11-10,76.26806640625
2017-11-13,76.32259368896484
2017-11-14,76.43171691894531
2017-11-15,75.83766174316406
2017-11-16,76.03871154785156
2017-11-17,75.3075942993164
2017-11-20,75.42640686035156
2017-11-21,76.51396942138672
2017-11-22,75.95645904541016
2017-11-24,76.09356689453125
2017-11-27,76.65108489990234
2017-11-28,77.57414245605469
2017-11-29,76.16668701171875
2017-11-30,76.92523956298828
2017-12-01,77.00748443603516
2017-12-04,74.1012191772461
2017-12-05,74.56729125976562
2017-12-06,75.65489196777344
2017-12-07,75.38983154296875
2017-12-08,76.91612243652344
2017-12-11,77.89400482177734
2017-12-12,78.2138900756836
2017-12-13,78.00365447998047
2017-12-14,77.4004898071289
2017-12-15,79.3745346069336
2017-12-18,78.94499206542969
2017-12-19,78.44236755371094
2017-12-20,78.15902709960938
2017-12-21,78.1407699584961
2017-12-22,78.14990234375
2017-12-26,78.0493392944336
2017-12-27,78.33268737792969
2017-12-28,78.34181213378906
2017-12-29,78.17731475830078
2018-01-02,78.5520248413086
2018-01-03,78.9176025390625
2018-01-04,79.6122055053711
2018-01-05,80.5992202758789
2018-01-08,80.68144989013672
2018-01-09,80.62666320800781
2018-01-10,80.26104736328125
2018-01-11,80.49868774414062
2018-01-12,81.88785552978516
2018-01-16,80.74546813964844
2018-01-17,82.3813705444336
2018-01-18,82.34484100341797
2018-01-19,82.25344848632812
2018-01-22,83.72486877441406
2018-01-23,83.98989868164062
2018-01-24,83.9167709350586
2018-01-25,84.38289642333984
2018-01-26,85.9639663696289
2018-01-29,85.83605194091797
2018-01-30,84.75756072998047
2018-01-31,86.83219909667969
2018-02-01,86.14677429199219
2018-02-02,83.88023376464844
2018-02-05,80.42557525634766
2018-02-06,83.46896362304688
2018-02-07,81.89701080322266
2018-02-08,77.69294738769531
2018-02-09,80.590087890625
2018-02-12,81.45833587646484
2018-02-13,82.09808349609375
2018-02-14,83.38357543945312
2018-02-15,85.08229064941406
2018-02-16,84.47625732421875
2018-02-20,85.13737487792969
2018-02-21,84.00794982910156
2018-02-22,84.22831726074219
2018-02-23,86.36779022216797
2018-02-26,87.61658477783203
2018-02-27,86.49635314941406
2018-02-28,86.10150146484375
2018-03-01,85.25675964355469
2018-03-02,85.4404067993164
2018-03-05,85.98216247558594
2018-03-06,85.68831634521484
2018-03-07,86.18414306640625
2018-03-08,86.70755767822266
2018-03-09,88.64497375488281
2018-03-12,88.85617065429688
2018-03-13,86.6891860961914
2018-03-14,86.17497253417969
2018-03-15,86.47798919677734
2018-03-16,86.86363983154297
2018-03-19,85.29346466064453
2018-03-20,85.51383972167969
2018-03-21,84.91699981689453
2018-03-22,82.44699096679688
2018-03-23,80.05042266845703
2018-03-26,86.11067962646484
2018-03-27,82.15318298339844
2018-03-28,82.0797119140625
2018-03-29,83.80595397949219
2018-04-02,81.28085327148438
2018-04-03,82.37354278564453
2018-04-04,84.7792739868164
2018-04-05,84.82518768310547
2018-04-06,82.85102081298828
2018-04-09,83.34683990478516
2018-04-10,85.28430938720703
2018-04-11,84.34772491455078
2018-04-12,85.92706298828125
2018-04-13,85.46792602539062
2018-04-16,86.46878051757812
2018-04-17,88.21343231201172
2018-04-18,88.55315399169922
2018-04-19,88.2501449584961
2018-04-20,87.23091125488281
2018-04-23,87.55229949951172
2018-04-24,85.50465393066406
2018-04-25,84.76090240478516
2018-04-26,86.55145263671875
2018-04-27,87.98385620117188
2018-04-30,85.87195587158203
2018-05-01,87.23091125488281
2018-05-02,85.86276245117188
2018-05-03,86.37696838378906
2018-05-04,87.37783813476562
2018-05-07,88.35114288330078
2018-05-08,87.97469329833984
2018-05-09,89.01226043701172
2018-05-10,89.9029312133789
2018-05-11,89.71011352539062
2018-05-14,90.01312255859375
2018-05-15,89.36116790771484
2018-05-16,89.59174346923828
2018-05-17,88.69720458984375
2018-05-18,88.86319732666016
2018-05-21,90.00674438476562
2018-05-22,89.9145278930664
2018-05-23,90.9842758178711
2018-05-24,90.66151428222656
2018-05-25,90.70759582519531
2018-05-29,90.38483428955078
2018-05-30,91.251708984375
2018-05-31,91.15026092529297
2018-06-01,92.94855499267578
2018-06-04,93.76007843017578
2018-06-05,94.23963928222656
2018-06-06,94.51628112792969
2018-06-07,93.03153991699219
2018-06-08,93.72318267822266
2018-06-11,93.18832397460938
2018-06-12,93.4281234741211
2018-06-13,93.00390625
2018-06-14,93.52953338623047
2018-06-15,92.33987426757812
2018-06-18,93.01309204101562
2018-06-19,93.01309204101562
2018-06-20,93.94450378417969
2018-06-21,93.27130889892578
2018-06-22,92.59812927246094
2018-06-25,90.73527526855469
2018-06-26,91.37158203125
2018-06-27,89.95140075683594
2018-06-28,90.95661163330078
2018-06-29,90.93814849853516
2018-07-02,92.229248046875
2018-07-03,91.34391784667969
2018-07-05,91.9986801147461
2018-07-06,93.28977966308594
2018-07-09,93.92607879638672
2018-07-10,94.1750717163086
2018-07-11,94.04598236083984
2018-07-12,96.08401489257812
2018-07-13,97.22753143310547
2018-07-16,96.74800109863281
2018-07-17,97.70709991455078
2018-07-18,96.94168853759766
2018-07-19,96.2776870727539
2018-07-20,98.002197265625
2018-07-23,99.56995391845703
2018-07-24,99.28407287597656
2018-07-25,102.20745086669922
2018-07-26,101.09156799316406
2018-07-27,99.30252075195312
2018-07-30,97.1722412109375
2018-07-31,97.82701110839844
2018-08-01,98.01143646240234
2018-08-02,99.20105743408203
2018-08-03,99.6344985961914
2018-08-06,99.7175064086914
2018-08-07,100.40916442871094
2018-08-08,100.97168731689453
2018-08-09,101.13768005371094
2018-08-10,100.51979064941406
2018-08-13,99.79126739501953
2018-08-14,101.03623962402344
2018-08-15,99.6661376953125
2018-08-16,99.6476058959961
2018-08-17,99.59210968017578
2018-08-20,98.93480682373047
2018-08-21,98.11088562011719
2018-08-22,99.11068725585938
2018-08-23,99.57356262207031
2018-08-24,100.35118865966797
2018-08-27,101.46210479736328
2018-08-28,102.0730972290039
2018-08-29,103.702392578125
2018-08-30,103.63760375976562
2018-08-31,103.9894027709961
2018-09-04,103.41542053222656
2018-09-05,100.43451690673828
2018-09-06,100.66592407226562
2018-09-07,100.17530059814453
2018-09-10,101.25843048095703
2018-09-11,102.98031616210938
2018-09-12,103.41542053222656
2018-09-13,104.52632904052734
2018-09-14,104.95217895507812
2018-09-17,103.81349182128906
2018-09-18,104.8040542602539
2018-09-19,103.40615844726562
2018-09-20,105.13732147216797
2018-09-21,105.77608489990234
2018-09-24,106.15564727783203
2018-09-25,105.95196533203125
2018-09-26,105.51687622070312
2018-09-27,105.91496276855469
2018-09-28,105.87789916992188
2018-10-01,107.02583312988281
2018-10-02,106.5999984741211
2018-10-03,106.61849975585938
2018-10-04,104.41522979736328
2018-10-05,103.8042221069336
2018-10-08,102.6192855834961
2018-10-09,103.9245834350586
2018-10-10,98.27754211425781
2018-10-11,98.04608917236328
2018-10-12,101.434326171875
2018-10-15,99.610595703125
2018-10-16,102.75813293457031
2018-10-17,102.4896469116211
2018-10-18,100.44376373291016
2018-10-19,100.59190368652344
2018-10-22,101.48986053466797
2018-10-23,100.0734634399414
2018-10-24,94.7226333618164
2018-10-25,100.25862121582031
2018-10-26,99.01812744140625
2018-10-29,96.13903045654297
2018-10-30,96.0279541015625
2018-10-31,98.87924194335938
2018-11-01,98.05534362792969
2018-11-02,98.27754211425781
2018-11-05,99.52725982666016
2018-11-06,99.72171020507812
2018-11-07,103.6468505859375
2018-11-08,103.45243835449219
2018-11-09,101.434326171875
2018-11-12,98.93480682373047
2018-11-13,98.99960327148438
2018-11-14,97.59568786621094
2018-11-15,99.74340057373047
2018-11-16,100.68243408203125
2018-11-19,97.27025604248047
2018-11-20,94.56468963623047
2018-11-21,95.8663330078125
2018-11-23,95.82914733886719
2018-11-26,98.99034118652344
2018-11-27,99.6132583618164
2018-11-28,103.31363677978516
2018-11-29,102.44895935058594
2018-11-30,103.09980010986328
2018-12-03,104.21548461914062
2018-12-04,100.89628601074219
2018-12-06,101.51919555664062
2018-12-07,97.45621490478516
2018-12-10,100.03160858154297
2018-12-11,100.96136474609375
2018-12-12,101.41695404052734
2018-12-13,101.76095581054688
2018-12-14,98.58122253417969
2018-12-17,95.66181182861328
2018-12-18,96.6659164428711
2018-12-19,96.40559387207031
2018-12-20,94.37874603271484
2018-12-21,91.32919311523438
2018-12-24,87.51721954345703
2018-12-26,93.49549102783203
2018-12-27,94.07195281982422
2018-12-28,93.33744049072266
2018-12-31,94.43451690673828
2019-01-02,94.01612854003906
2019-01-03,90.55748748779297
2019-01-04,94.76927947998047
2019-01-07,94.89012908935547
2019-01-08,95.57811737060547
2019-01-09,96.94485473632812
2019-01-10,96.3219223022461
2019-01-11,95.57811737060547
2019-01-14,94.88082122802734
2019-01-15,97.63286590576172
2019-01-16,97.97688293457031
2019-01-17,98.6648941040039
2019-01-18,100.14321899414062
2019-01-22,98.25579071044922
2019-01-23,99.21345520019531
2019-01-24,98.73926544189453
2019-01-25,99.64114379882812
2019-01-28,97.69795989990234
2019-01-29,95.70829772949219
2019-01-30,98.90662384033203
2019-01-31,97.09362030029297
2019-02-01,95.55951690673828
2019-02-04,98.31159210205078
2019-02-05,99.6876220703125
2019-02-06,98.58122253417969
2019-02-07,97.87460327148438
2019-02-08,98.24650573730469
2019-02-11,97.85601806640625
2019-02-12,99.3807601928711
2019-02-13,99.30640411376953
2019-02-14,99.39009857177734
2019-02-15,100.61737823486328
2019-02-19,100.57088470458984
2019-02-20,100.04798889160156
2019-02-21,102.15819549560547
2019-02-22,103.61480712890625
2019-02-25,104.19371795654297
2019-02-26,104.91268157958984
2019-02-27,104.73529815673828
2019-02-28,104.60455322265625
2019-03-01,105.07140350341797
2019-03-04,104.81930541992188
2019-03-05,104.29639434814453
2019-03-06,104.34310913085938
2019-03-07,103.07323455810547
2019-03-08,103.18528747558594
2019-03-11,105.35154724121094
2019-03-12,106.08914947509766
2019-03-13,106.91082763671875
2019-03-14,106.99485778808594
2019-03-15,108.22737884521484
2019-03-18,109.77733612060547
2019-03-19,109.85203552246094
2019-03-20,109.73064422607422
2019-03-21,112.25170135498047
2019-03-22,109.29181671142578
2019-03-25,109.8613510131836
2019-03-26,110.09481048583984
2019-03-27,109.03035736083984
2019-03-28,109.17977905273438
2019-03-29,110.122802734375
2019-04-01,111.13124084472656
2019-04-02,111.28996276855469
2019-04-03,112.01828002929688
2019-04-04,111.44869232177734
2019-04-05,111.94357299804688
2019-04-08,111.9809341430664
2019-04-09,111.37398529052734
2019-04-10,112.22367858886719
2019-04-11,112.35440063476562
2019-04-12,112.93330383300781
2019-04-15,113.02667999267578
2019-04-16,112.7652359008789
2019-04-17,113.69894409179688
2019-04-18,115.19291687011719
2019-04-22,115.55707550048828
2019-04-23,117.12571716308594
2019-04-24,116.7242202758789
2019-04-25,120.58980560302734
2019-04-26,121.28073120117188
2019-04-29,121.16874694824219
2019-04-30,121.94371032714844
2019-05-01,119.40399169921875
2019-05-02,117.84469604492188
2019-05-03,120.35639953613281
2019-05-06,119.65608978271484
2019-05-07,117.2004165649414
2019-05-08,117.19107055664062
2019-05-09,117.18171691894531
2019-05-10,118.70370483398438
2019-05-13,115.17425537109375
2019-05-14,116.46277618408203
2019-05-15,118.10284423828125
2019-05-16,120.83000946044922
2019-05-17,120.02405548095703
2019-05-20,118.2902603149414
2019-05-21,118.92756652832031
2019-05-22,119.649169921875
2019-05-23,118.25279235839844
2019-05-24,118.30901336669922
2019-05-28,118.23403930664062
2019-05-29,117.09069061279297
2019-05-30,117.83104705810547
2019-05-31,115.90983581542969
2019-06-03,112.31108856201172
2019-06-04,115.42252349853516
2019-06-05,117.9247817993164
2019-06-06,119.78971099853516
2019-06-07,123.14480590820312
2019-06-10,124.26943969726562
2019-06-11,123.80091094970703
2019-06-12,123.22920227050781
2019-06-13,124.00704956054688
2019-06-14,124.12886810302734
2019-06-17,124.50373840332031
2019-06-18,126.6686019897461
2019-06-19,127.16532135009766
2019-06-20,128.34617614746094
2019-06-21,128.3648681640625
2019-06-24,129.12399291992188
2019-06-25,125.04728698730469
2019-06-26,125.5158462524414
2019-06-27,125.72208404541016
2019-06-28,125.54400634765625
2019-07-01,127.1559066772461
2019-07-02,127.99937438964844
2019-07-03,128.82411193847656
2019-07-05,128.4492645263672
2019-07-08,128.3555450439453
2019-07-09,127.88694763183594
2019-07-10,129.18960571289062
2019-07-11,129.70506286621094
2019-07-12,130.17361450195312
2019-07-15,130.17361450195312
2019-07-16,128.46798706054688
2019-07-17,127.70892333984375
2019-07-18,127.84942626953125
2019-07-19,128.0369110107422
2019-07-22,129.73318481445312
2019-07-23,130.53916931152344
2019-07-24,131.87928771972656
2019-07-25,131.38258361816406
2019-07-26,132.46035766601562
2019-07-29,132.16981506347656
2019-07-30,131.5325469970703
2019-07-31,127.70892333984375
2019-08-01,129.38644409179688
2019-08-02,128.29930114746094
2019-08-05,123.90397644042969
2019-08-06,126.22811889648438
2019-08-07,126.78105163574219
2019-08-08,130.16421508789062
2019-08-09,129.0583953857422
2019-08-12,127.25900268554688
2019-08-13,129.8925018310547
2019-08-14,125.98082733154297
2019-08-15,125.69876098632812
2019-08-16,128.00247192382812
2019-08-19,130.14639282226562
2019-08-20,129.06504821777344
2019-08-21,130.50369262695312
2019-08-22,129.55397033691406
2019-08-23,125.42610931396484
2019-08-26,127.36312866210938
2019-08-27,127.63581085205078
2019-08-28,127.4665298461914
2019-08-29,129.8737030029297
2019-08-30,129.6291961669922
2019-09-03,127.91787719726562
2019-09-04,129.4129638671875
2019-09-05,131.68849182128906
2019-09-06,130.79518127441406
2019-09-09,129.30947875976562
2019-09-10,127.95543670654297
2019-09-11,127.9931411743164
2019-09-12,129.30947875976562
2019-09-13,129.12149047851562
2019-09-16,128.19058227539062
2019-09-17,129.1873016357422
2019-09-18,130.2498321533203
2019-09-19,132.64755249023438
2019-09-20,131.1149139404297
2019-09-23,130.832763671875
2019-09-24,129.17787170410156
2019-09-25,131.0396728515625
2019-09-26,131.20892333984375
2019-09-27,129.5069580078125
2019-09-30,130.7293701171875
2019-10-01,128.88638305664062
2019-10-02,126.61085510253906
2019-10-03,128.14353942871094
2019-10-04,129.8737030029297
2019-10-07,128.93333435058594
2019-10-08,127.56997680664062
2019-10-09,129.98654174804688
2019-10-10,130.79518127441406
2019-10-11,131.34056091308594
2019-10-14,131.2183380126953
2019-10-15,133.11773681640625
2019-10-16,132.0269775390625
2019-10-17,131.34996032714844
2019-10-18,129.2061004638672
2019-10-21,130.16514587402344
2019-10-22,128.22816467285156
2019-10-23,129.0462646484375
2019-10-24,131.5850372314453
2019-10-25,132.32786560058594
2019-10-28,135.58131408691406
2019-10-29,134.30250549316406
2019-10-30,135.97618103027344
2019-10-31,134.81024169921875
2019-11-01,135.1393280029297
2019-11-04,135.91981506347656
2019-11-05,135.83514404296875
2019-11-06,135.4590606689453
2019-11-07,135.6470947265625
2019-11-08,137.2456512451172
2019-11-11,137.38670349121094
2019-11-12,138.28933715820312
2019-11-13,138.51498413085938
2019-11-14,139.22018432617188
2019-11-15,141.0161895751953
2019-11-18,141.36412048339844
2019-11-19,141.41111755371094
2019-11-20,141.16580200195312
2019-11-21,141.03375244140625
2019-11-22,141.13751220703125
2019-11-25,142.68484497070312
2019-11-26,143.4396514892578
2019-11-27,143.71319580078125
2019-11-29,142.82638549804688
2019-12-02,141.09982299804688
2019-12-03,140.87330627441406
2019-12-04,141.3828125
2019-12-05,141.45826721191406
2019-12-06,143.17544555664062
2019-12-09,142.80747985839844
2019-12-10,142.59048461914062
2019-12-11,143.12828063964844
2019-12-12,144.581298828125
2019-12-13,145.79837036132812
2019-12-16,146.74185180664062
2019-12-17,145.94931030273438
2019-12-18,145.64736938476562
2019-12-19,146.91171264648438
2019-12-20,148.5156707763672
2019-12-23,148.5156707763672
2019-12-24,148.4873504638672
2019-12-26,149.7044677734375
2019-12-27,149.97805786132812
2019-12-30,148.6854705810547
2019-12-31,148.78927612304688
2020-01-02,151.54428100585938
2020-01-03,149.65725708007812
2020-01-06,150.0441131591797
2020-01-07,148.67604064941406
2020-01-08,151.044189453125
2020-01-09,152.93121337890625
2020-01-10,152.22360229492188
2020-01-13,154.05397033691406
2020-01-14,152.9689483642578
2020-01-15,153.9595947265625
2020-01-16,156.78067016601562
2020-01-17,157.65811157226562
2020-01-21,157.09205627441406
2020-01-22,156.3372039794922
2020-01-23,157.29959106445312
2020-01-24,155.71450805664062
2020-01-27,153.11045837402344
2020-01-28,156.1107635498047
2020-01-29,158.5449981689453
2020-01-30,163.01718139648438
2020-01-31,160.6112518310547
2020-02-03,164.5267791748047
2020-02-04,169.9424285888672
2020-02-05,169.73484802246094
2020-02-06,173.25411987304688
2020-02-07,173.49940490722656
2020-02-10,178.03761291503906
2020-02-11,174.01834106445312
2020-02-12,174.27305603027344
2020-02-13,173.32955932617188
2020-02-14,174.87692260742188
2020-02-18,176.6507110595703
2020-02-19,177.18051147460938
2020-02-20,174.47470092773438
2020-02-21,168.9591064453125
2020-02-24,161.6743621826172
2020-02-25,159.00645446777344
2020-02-26,160.9932403564453
2020-02-27,149.64976501464844
2020-02-28,153.27320861816406
2020-03-02,163.4718780517578
2020-03-03,155.63839721679688
2020-03-04,161.35267639160156
2020-03-05,157.30352783203125
2020-03-06,152.8569793701172
2020-03-09,142.4974365234375
2020-03-10,152.24200439453125
2020-03-11,145.34507751464844
2020-03-12,131.56085205078125
2020-03-13,150.2647247314453
2020-03-16,128.11715698242188
2020-03-17,138.66586303710938
2020-03-18,132.82862854003906
2020-03-19,135.0140838623047
2020-03-20,129.94305419921875
2020-03-23,128.64698791503906
2020-03-24,140.34039306640625
2020-03-25,138.99697875976562
2020-03-26,147.69143676757812
2020-03-27,141.62705993652344
2020-03-30,151.5892333984375
2020-03-31,149.20510864257812
2020-04-01,143.90711975097656
2020-04-02,146.88720703125
2020-04-03,145.53436279296875
2020-04-06,156.35743713378906
2020-04-07,154.6734619140625
2020-04-08,156.22496032714844
2020-04-09,156.2344512939453
2020-04-13,156.5844268798828
2020-04-14,164.33282470703125
2020-04-15,162.6109619140625
2020-04-16,167.49269104003906
2020-04-17,168.9685821533203
2020-04-20,165.61947631835938
2020-04-21,158.76991271972656
2020-04-22,164.16253662109375
2020-04-23,162.17579650878906
2020-04-24,165.136962890625
2020-04-27,164.66392517089844
2020-04-28,160.65257263183594
2020-04-29,167.8616943359375
2020-04-30,169.5457000732422
2020-05-01,165.15589904785156
2020-05-04,169.19566345214844
2020-05-05,171.0120849609375
2020-05-06,172.69610595703125
2020-05-07,173.6989288330078
2020-05-08,174.72071838378906
2020-05-11,176.66958618164062
2020-05-12,172.66773986816406
2020-05-13,170.05654907226562
2020-05-14,170.79446411132812
2020-05-15,173.28269958496094
2020-05-18,174.9383087158203
2020-05-19,173.72732543945312
2020-05-20,176.1370849609375
2020-05-21,174.02139282226562
2020-05-22,174.09732055664062
2020-05-26,172.25680541992188
2020-05-27,172.48452758789062
2020-05-28,172.0955352783203
2020-05-29,173.8506317138672
2020-06-01,173.45223999023438
2020-06-02,175.42550659179688
2020-06-03,175.85244750976562
2020-06-04,173.53762817382812
2020-06-05,177.5980682373047
2020-06-08,178.6985626220703
2020-06-09,180.06468200683594
2020-06-10,186.74362182617188
2020-06-11,176.71575927734375
2020-06-12,178.11038208007812
2020-06-15,179.24880981445312
2020-06-16,183.64129638671875
2020-06-17,184.2769775390625
2020-06-18,186.250244140625
2020-06-19,185.14031982421875
2020-06-22,190.2823028564453
2020-06-23,191.55352783203125
2020-06-24,187.69235229492188
2020-06-25,190.06405639648438
2020-06-26,186.259765625
2020-06-29,188.2615509033203
2020-06-30,193.0714874267578
2020-07-01,194.20042419433594
2020-07-02,195.6803741455078
2020-07-06,199.89268493652344
2020-07-07,197.5683135986328
2020-07-08,201.91343688964844
2020-07-09,203.32701110839844
2020-07-10,202.71035766601562
2020-07-13,196.4488983154297
2020-07-14,197.66322326660156
2020-07-15,197.36907958984375
2020-07-16,193.46044921875
2020-07-17,192.47381591796875
2020-07-20,200.74652099609375
2020-07-21,198.0426788330078
2020-07-22,200.8887939453125
2020-07-23,192.15121459960938
2020-07-24,190.97479248046875
2020-07-27,193.39405822753906
2020-07-28,191.65792846679688
2020-07-29,193.59323120117188
2020-07-30,193.4414825439453
2020-07-31,194.4945526123047
2020-08-03,205.43316650390625
2020-08-04,202.34982299804688
2020-08-05,202.017822265625
2020-08-06,205.25291442871094
2020-08-07,201.58139038085938
2020-08-10,197.5683135986328
2020-08-11,192.94813537597656
2020-08-12,198.4601593017578
2020-08-13,197.99522399902344
2020-08-14,198.18502807617188
2020-08-17,199.49423217773438
2020-08-18,200.64215087890625
2020-08-19,199.4248809814453
2020-08-20,204.06576538085938
2020-08-21,202.5821990966797
2020-08-24,203.2194061279297
2020-08-25,205.86317443847656
2020-08-26,210.31382751464844
2020-08-27,215.477783203125
2020-08-28,217.69361877441406
2020-08-31,214.4792022705078
2020-09-01,216.1339874267578
2020-09-02,220.29934692382812
2020-09-03,206.65248107910156
2020-09-04,203.75196838378906
2020-09-08,192.72984313964844
2020-09-09,200.93698120117188
2020-09-10,195.30703735351562
2020-09-11,194.03268432617188
2020-09-14,195.34506225585938
2020-09-15,198.5499725341797
2020-09-16,195.0027618408203
2020-09-17,192.9675750732422
2020-09-18,190.57106018066406
2020-09-21,192.61572265625
2020-09-22,197.25656127929688
2020-09-23,190.7612762451172
2020-09-24,193.23388671875
2020-09-25,197.63702392578125
2020-09-28,199.17764282226562
2020-09-29,197.10443115234375
2020-09-30,200.02398681640625
2020-10-01,202.04966735839844
2020-10-02,196.0868682861328
2020-10-05,200.0715789794922
2020-10-06,195.8206024169922
2020-10-07,199.5485076904297
2020-10-08,200.26177978515625
2020-10-09,205.2355194091797
2020-10-12,210.55162048339844
2020-10-13,211.9400177001953
2020-10-14,210.0380401611328
2020-10-15,208.8968048095703
2020-10-16,208.8968048095703
2020-10-19,203.72340393066406
2020-10-20,204.13230895996094
2020-10-21,204.27500915527344
2020-10-22,204.36061096191406
2020-10-23,205.6349334716797
2020-10-26,199.78623962402344
2020-10-27,202.8009490966797
2020-10-28,192.7489013671875
2020-10-29,194.68890380859375
2020-10-30,192.54910278320312
2020-11-02,192.41600036621094
2020-11-03,196.3151092529297
2020-11-04,205.7870635986328
2020-11-05,212.34898376464844
2020-11-06,212.7579345703125
2020-11-09,207.68907165527344
2020-11-10,200.67068481445312
2020-11-11,205.93927001953125
2020-11-12,204.88363647460938
2020-11-13,205.9011688232422
2020-11-16,206.58590698242188
2020-11-17,203.95166015625
2020-11-18,201.26278686523438
2020-11-19,202.54051208496094
2020-11-20,200.60484313964844
2020-11-23,200.33790588378906
2020-11-24,203.9135284423828
2020-11-25,203.92303466796875
2020-11-27,205.21975708007812
2020-11-30,204.11375427246094
2020-12-01,206.15420532226562
2020-12-02,205.35328674316406
2020-12-03,204.27586364746094
2020-12-04,204.3902130126953
2020-12-07,204.3235321044922
2020-12-08,205.96351623535156
2020-12-09,201.94932556152344
2020-12-10,200.72885131835938
2020-12-11,203.34140014648438
2020-12-14,204.23770141601562
2020-12-15,204.17095947265625
2020-12-16,209.08140563964844
2020-12-17,209.2148895263672
2020-12-18,208.4235382080078
2020-12-21,212.2374725341797
2020-12-22,213.52467346191406
2020-12-23,210.7405242919922
2020-12-24,212.39002990722656
2020-12-28,214.4972686767578
2020-12-29,213.72491455078125
2020-12-30,211.36978149414062
2020-12-31,212.0753936767578
2021-01-04,207.5653533935547
2021-01-05,207.76560974121094
2021-01-06,202.37840270996094
2021-01-07,208.13746643066406
2021-01-08,209.40557861328125
2021-01-11,207.3746795654297
2021-01-12,204.93373107910156
2021-01-13,206.27813720703125
2021-01-14,203.112548828125
2021-01-15,202.759765625
2021-01-19,206.37353515625
2021-01-20,213.90609741210938
2021-01-21,214.50680541992188
2021-01-22,215.44122314453125
2021-01-25,218.85472106933594
2021-01-26,221.5244903564453
2021-01-27,222.0679931640625
2021-01-28,227.8175048828125
2021-01-29,221.1717071533203
2021-02-01,228.50401306152344
2021-02-02,228.3705291748047
2021-02-03,231.6982421875
2021-02-04,230.7542266845703
2021-02-05,230.93540954589844
2021-02-08,231.19290161132812
2021-02-09,232.43238830566406
2021-02-10,231.526611328125
2021-02-11,233.11892700195312
2021-02-12,233.595703125
2021-02-16,232.36566162109375
2021-02-17,233.37867736816406
2021-02-18,232.98684692382812
2021-02-19,230.2918243408203
2021-02-22,224.11810302734375
2021-02-23,222.93304443359375
2021-02-24,224.15631103515625
2021-02-25,218.8427276611328
2021-02-26,222.08248901367188
2021-03-01,226.44039916992188
2021-03-02,223.5064697265625
2021-03-03,217.47607421875
2021-03-04,216.68287658691406
2021-03-05,221.33705139160156
2021-03-08,217.31358337402344
2021-03-09,223.42041015625
2021-03-10,222.1206817626953
2021-03-11,226.6219940185547
2021-03-12,225.3031463623047
2021-03-15,224.40480041503906
2021-03-16,227.17630004882812
2021-03-17,226.5359649658203
2021-03-18,220.49606323242188
2021-03-19,220.14242553710938
2021-03-22,225.53250122070312
2021-03-23,227.0520477294922
2021-03-24,225.0260009765625
2021-03-25,222.04428100585938
2021-03-26,226.00079345703125
2021-03-29,224.8157501220703
2021-03-30,221.5759735107422
2021-03-31,225.32228088378906
2021-04-01,231.6106719970703
2021-04-05,238.03285217285156
2021-04-06,236.8765106201172
2021-04-07,238.82611083984375
2021-04-08,242.0276336669922
2021-04-09,244.51243591308594
2021-04-12,244.5697479248047
2021-04-13,247.03549194335938
2021-04-14,244.26393127441406
2021-04-15,248.00076293945312
2021-04-16,249.18576049804688
2021-04-19,247.27435302734375
2021-04-20,246.81565856933594
2021-04-21,249.03280639648438
2021-04-22,245.77395629882812
2021-04-23,249.57760620117188
2021-04-26,249.95985412597656
2021-04-27,250.36129760742188
2021-04-28,243.27963256835938
2021-04-29,241.32046508789062
2021-04-30,241.00503540039062
2021-05-03,240.69927978515625
2021-05-04,236.80958557128906
2021-05-05,235.54811096191406
2021-05-06,238.66366577148438
2021-05-07,241.27264404296875
2021-05-10,236.2266387939453
2021-05-11,235.31874084472656
2021-05-12,228.4091339111328
2021-05-13,232.26051330566406
2021-05-14,237.15362548828125
2021-05-17,234.3153076171875
2021-05-18,232.30831909179688
2021-05-19,232.883056640625
2021-05-20,236.1015625
2021-05-21,234.84674072265625
2021-05-24,240.22052001953125
2021-05-25,241.12095642089844
2021-05-26,240.90066528320312
2021-05-27,238.8124237060547
2021-05-28,239.16680908203125
2021-06-01,236.98281860351562
2021-06-02,236.88706970214844
2021-06-03,235.364013671875
2021-06-04,240.23008728027344
2021-06-07,243.12290954589844
2021-06-08,241.9351806640625
2021-06-09,242.91221618652344
2021-06-10,246.4084930419922
2021-06-11,247.0311737060547
2021-06-14,248.94692993164062
2021-06-15,247.48129272460938
2021-06-16,246.54261779785156
2021-06-17,249.91439819335938
2021-06-18,248.5062713623047
2021-06-21,251.57162475585938
2021-06-22,254.3302764892578
2021-06-23,254.10044860839844
2021-06-24,255.4606170654297
2021-06-25,253.86094665527344
2021-06-28,257.4051818847656
2021-06-29,259.9722900390625
2021-06-30,259.4933166503906
2021-07-01,260.1639099121094
2021-07-02,265.9590759277344
2021-07-06,265.96875
2021-07-07,268.14306640625
2021-07-08,265.7388610839844
2021-07-09,266.23687744140625
2021-07-12,265.64300537109375
2021-07-13,269.14898681640625
2021-07-14,270.6145324707031
2021-07-15,269.1968078613281
2021-07-16,268.92852783203125
2021-07-19,265.3460388183594
2021-07-20,267.5588073730469
2021-07-21,269.5511779785156
2021-07-22,274.0915832519531
2021-07-23,277.4730224609375
2021-07-26,276.87908935546875
2021-07-27,274.4748229980469
2021-07-28,274.1683044433594
2021-07-29,274.43646240234375
2021-07-30,272.91339111328125
2021-08-02,272.82720947265625
2021-08-03,275.0303955078125
2021-08-04,274.4460144042969
2021-08-05,277.329345703125
2021-08-06,277.2718811035156
2021-08-09,276.189453125
2021-08-10,274.3790283203125
2021-08-11,274.8675537109375
2021-08-12,277.6071472167969
2021-08-13,280.51910400390625
2021-08-16,282.19537353515625
2021-08-17,280.7393798828125
2021-08-18,279.02154541015625
2021-08-19,284.8182678222656
2021-08-20,292.10260009765625
2021-08-23,292.3808898925781
2021-08-24,290.4326477050781
2021-08-25,289.8471984863281
2021-08-26,287.0447998046875
2021-08-27,287.6493835449219
2021-08-30,291.36358642578125
2021-08-31,289.7224426269531
2021-09-01,289.6744384765625
2021-09-02,289.02178955078125
2021-09-03,289.01226806640625
2021-09-07,288.09100341796875
2021-09-08,288.1197204589844
2021-09-09,285.27899169921875
2021-09-10,283.8009948730469
2021-09-13,285.0293273925781
2021-09-14,287.7165832519531
2021-09-15,292.5440673828125
2021-09-16,292.92791748046875
2021-09-17,287.79345703125
2021-09-20,282.44781494140625
2021-09-21,282.92755126953125
2021-09-22,286.5553283691406
2021-09-23,287.4959411621094
2021-09-24,287.2943115234375
2021-09-27,282.322998046875
2021-09-28,272.1018371582031
2021-09-29,272.5625
2021-09-30,270.56634521484375
2021-10-01,277.45721435546875
2021-10-04,271.7083435058594
2021-10-05,277.1308288574219
2021-10-06,281.3056945800781
2021-10-07,282.9755859375
2021-10-08,282.9755859375
2021-10-11,282.3805236816406
2021-10-12,281.08489990234375
2021-10-13,284.37677001953125
2021-10-14,290.5574645996094
2021-10-15,291.9585876464844
2021-10-18,294.91461181640625
2021-10-19,295.8167419433594
2021-10-20,295.0296936035156
2021-10-21,298.2448425292969
2021-10-22,296.709228515625
2021-10-25,295.720703125
2021-10-26,297.6210021972656
2021-10-27,310.15509033203125
2021-10-28,311.28753662109375
2021-10-29,318.26470947265625
2021-11-01,316.1053466796875
2021-11-02,319.7139587402344
2021-11-03,320.5489196777344
2021-11-04,322.89068603515625
2021-11-05,322.5259094238281
2021-11-08,323.4184875488281
2021-11-09,322.42034912109375
2021-11-10,317.47772216796875
2021-11-11,319.04217529296875
2021-11-12,323.1593017578125
2021-11-15,322.53558349609375
2021-11-16,325.8370361328125
2021-11-17,326.0581970214844
2021-11-18,328.1253356933594
2021-11-19,329.89447021484375
2021-11-22,326.74078369140625
2021-11-23,324.6736755371094
2021-11-24,324.8948059082031
2021-11-26,316.9817199707031
2021-11-29,323.6640930175781
2021-11-30,317.856689453125
2021-12-01,317.3663330078125
2021-12-02,316.799072265625
2021-12-03,310.5686950683594
2021-12-06,313.6262512207031
2021-12-07,322.0199279785156
2021-12-08,322.0679626464844
2021-12-09,320.26995849609375
2021-12-10,329.3464050292969
2021-12-13,326.3274230957031
2021-12-14,315.6933288574219
2021-12-15,321.7603454589844
2021-12-16,312.3858947753906
2021-12-17,311.3282470703125
2021-12-20,307.5879821777344
2021-12-21,314.6838073730469
2021-12-22,320.3662109375
2021-12-23,321.798828125
2021-12-27,329.2598571777344
2021-12-28,328.1061096191406
2021-12-29,328.7792053222656
2021-12-30,326.2504577636719
2021-12-31,323.3659362792969
2022-01-03,321.8564758300781
2022-01-04,316.33758544921875
2022-01-05,304.19403076171875
2022-01-06,301.790283203125
2022-01-07,301.9441223144531
2022-01-10,302.16522216796875
2022-01-11,302.84796142578125
2022-01-12,306.01116943359375
2022-01-13,293.0599670410156
2022-01-14,298.2520751953125
2022-01-18,290.9928283691406
2022-01-19,291.6465759277344
2022-01-20,289.9833679199219
2022-01-21,284.6278381347656
2022-01-24,284.9547424316406
2022-01-25,277.3782653808594
2022-01-26,285.28167724609375
2022-01-27,288.2911071777344
2022-01-28,296.3867492675781
2022-01-31,299.00201416015625
2022-02-01,296.86761474609375
2022-02-02,301.386474609375
2022-02-03,289.6468200683594
2022-02-04,294.1560363769531
2022-02-07,289.3584289550781
2022-02-08,292.8293151855469
2022-02-09,299.22308349609375
2022-02-10,290.7332458496094
2022-02-11,283.67596435546875
2022-02-14,283.6375427246094
2022-02-15,288.8968200683594
2022-02-16,288.55963134765625
2022-02-17,280.1100158691406
2022-02-18,277.4122314453125
2022-02-22,277.20989990234375
2022-02-23,270.0321044921875
2022-02-24,283.8289489746094
2022-02-25,286.44964599609375
2022-02-28,287.87554931640625
2022-03-01,284.1758117675781
2022-03-02,289.224365234375
2022-03-03,285.1103515625
2022-03-04,279.2716979980469
2022-03-07,268.72186279296875
2022-03-08,265.7735290527344
2022-03-09,277.96136474609375
2022-03-10,275.1577453613281
2022-03-11,269.83935546875
2022-03-14,266.3419494628906
2022-03-15,276.66070556640625
2022-03-16,283.63629150390625
2022-03-17,284.4360046386719
2022-03-18,289.45562744140625
2022-03-21,288.2320251464844
2022-03-22,292.95306396484375
2022-03-23,288.5499572753906
2022-03-24,292.9916076660156
2022-03-25,292.5868835449219
2022-03-28,299.35052490234375
2022-03-29,303.888427734375
2022-03-30,302.3950500488281
2022-03-31,297.04779052734375
2022-04-01,298.1172790527344
2022-04-04,303.46453857421875
2022-04-05,299.5239562988281
2022-04-06,288.55963134765625
2022-04-07,290.3613586425781
2022-04-08,286.1220703125
2022-04-11,274.8398132324219
2022-04-12,271.7567443847656
2022-04-13,277.1135559082031
2022-04-14,269.6081848144531
2022-04-18,270.27294921875
2022-04-19,274.87835693359375
2022-04-20,275.8996276855469
2022-04-21,270.5523376464844
2022-04-22,264.0200500488281
2022-04-25,270.46563720703125
2022-04-26,260.34918212890625
2022-04-27,272.8742980957031
2022-04-28,279.0501403808594
2022-04-29,267.38250732421875
2022-05-02,274.0786437988281
2022-05-03,271.4869384765625
2022-05-04,279.38739013671875
2022-05-05,267.2187194824219
2022-05-06,264.6944274902344
2022-05-09,254.91522216796875
2022-05-10,259.655517578125
2022-05-11,251.03244018554688
2022-05-12,246.02235412597656
2022-05-13,251.58155822753906
2022-05-16,251.9477081298828
2022-05-17,257.0733642578125
2022-05-18,245.36892700195312
2022-05-19,244.46112060546875
2022-05-20,243.90103149414062
2022-05-23,251.71368408203125
2022-05-24,250.71902465820312
2022-05-25,253.51956176757812
2022-05-26,256.7836608886719
2022-05-27,263.8720703125
2022-05-31,262.5489501953125
2022-06-01,263.08013916015625
2022-06-02,265.16607666015625
2022-06-03,260.7624206542969
2022-06-06,259.5359802246094
2022-06-07,263.1573791503906
2022-06-08,261.1390686035156
2022-06-09,255.7117156982422
2022-06-10,244.3162841796875
2022-06-13,233.9541473388672
2022-06-14,236.1077117919922
2022-06-15,243.12844848632812
2022-06-16,236.5712432861328
2022-06-17,239.15936279296875
2022-06-21,245.04061889648438
2022-06-22,244.45150756835938
2022-06-23,249.9850311279297
2022-06-24,258.5218811035156
2022-06-27,255.8082733154297
2022-06-28,247.68666076660156
2022-06-29,251.3370361328125
2022-06-30,248.02464294433594
2022-07-01,250.68028259277344
2022-07-05,253.83816528320312
2022-07-06,257.0829772949219
2022-07-07,259.1979675292969
2022-07-08,258.4833068847656
2022-07-11,255.44129943847656
2022-07-12,244.97299194335938
2022-07-13,244.05552673339844
2022-07-14,245.36892700195312
2022-07-15,247.91839599609375
2022-07-18,245.5330810546875
2022-07-19,250.63206481933594
2022-07-20,253.27810668945312
2022-07-21,255.76004028320312
2022-07-22,251.43360900878906
2022-07-25,249.9560546875
2022-07-26,243.263671875
2022-07-27,259.5262451171875
2022-07-28,266.933349609375
2022-07-29,271.1148376464844
2022-08-01,268.478515625
2022-08-02,265.3978271484375
2022-08-03,272.78558349609375
2022-08-04,273.9251403808594
2022-08-05,273.21051025390625
2022-08-08,270.709228515625
2022-08-09,272.621337890625
2022-08-10,279.2461853027344
2022-08-11,277.1795654296875
2022-08-12,281.9019470214844
2022-08-15,283.4084167480469
2022-08-16,282.67449951171875
2022-08-17,281.9293518066406
2022-08-18,280.81640625
2022-08-19,276.9259948730469
2022-08-22,268.7967224121094
2022-08-23,267.5289611816406
2022-08-24,266.89990234375
2022-08-25,269.861328125
2022-08-26,259.4481201171875
2022-08-29,256.6802673339844
2022-08-30,254.49314880371094
2022-08-31,253.0415496826172
2022-09-01,252.00599670410156
2022-09-02,247.80592346191406
2022-09-06,245.0865020751953
2022-09-07,249.7704620361328
2022-09-08,250.18663024902344
2022-09-09,255.93516540527344
2022-09-12,258.05450439453125
2022-09-13,243.8671112060547
2022-09-14,244.0896759033203
2022-09-15,237.4701690673828
2022-09-16,236.850830078125
2022-09-19,236.637939453125
2022-09-20,234.63462829589844
2022-09-21,231.24742126464844
2022-09-22,233.21202087402344
2022-09-23,230.2506561279297
2022-09-26,229.7958221435547
2022-09-27,228.78933715820312
2022-09-28,233.29910278320312
2022-09-29,229.84417724609375
2022-09-30,225.3924560546875
2022-10-03,232.97976684570312
2022-10-04,240.8573455810547
2022-10-05,241.1670379638672
2022-10-06,238.834716796875
2022-10-07,226.6892852783203
2022-10-10,221.8601531982422
2022-10-11,218.1439208984375
2022-10-12,218.47293090820312
2022-10-13,226.6892852783203
2022-10-14,221.1923828125
2022-10-17,229.87322998046875
2022-10-18,230.8119659423828
2022-10-19,228.85707092285156
2022-10-20,228.5377197265625
2022-10-21,234.3152618408203
2022-10-24,239.27989196777344
2022-10-25,242.57997131347656
2022-10-26,223.86343383789062
2022-10-27,219.44073486328125
2022-10-28,228.26670837402344
2022-10-31,224.64732360839844
2022-11-01,220.81492614746094
2022-11-02,213.0050811767578
2022-11-03,207.34365844726562
2022-11-04,214.25347900390625
2022-11-07,220.5246124267578
2022-11-08,221.4923858642578
2022-11-09,217.27291870117188
2022-11-10,235.1475372314453
2022-11-11,239.14443969726562
2022-11-14,233.76365661621094
2022-11-15,234.17007446289062
2022-11-16,234.59710693359375
2022-11-17,234.54859924316406
2022-11-18,234.10215759277344
2022-11-21,234.90765380859375
2022-11-22,237.7997283935547
2022-11-23,240.27452087402344
2022-11-25,240.18714904785156
2022-11-28,234.62623596191406
2022-11-29,233.23843383789062
2022-11-30,247.61141967773438
2022-12-01,247.1746826171875
2022-12-02,247.49496459960938
2022-12-05,242.8171844482422
2022-12-06,237.88710021972656
2022-12-07,237.15921020507812
2022-12-08,240.09979248046875
2022-12-09,238.17820739746094
2022-12-12,245.05902099609375
2022-12-13,249.3389129638672
2022-12-14,249.63006591796875
2022-12-15,241.66229248046875
2022-12-16,237.4697723388672
2022-12-19,233.35484313964844
2022-12-20,234.66506958007812
2022-12-21,237.21742248535156
2022-12-22,231.16156005859375
2022-12-23,231.68565368652344
2022-12-27,229.9678955078125
2022-12-28,227.6095733642578
2022-12-29,233.8983612060547
2022-12-30,232.7434844970703
2023-01-03,232.5105438232422
2023-01-04,222.33978271484375
2023-01-05,215.75015258789062
2023-01-06,218.2928466796875
2023-01-09,220.41824340820312
2023-01-10,222.09716796875
2023-01-11,228.81297302246094
2023-01-12,231.47210693359375
2023-01-13,232.1708984375
2023-01-17,233.2578582763672
2023-01-18,228.85182189941406
2023-01-19,225.08631896972656
2023-01-20,233.1317138671875
2023-01-23,235.42202758789062
2023-01-24,234.89797973632812
2023-01-25,233.51014709472656
2023-01-26,240.68211364746094
2023-01-27,240.8373565673828
2023-01-30,235.54818725585938
2023-01-31,240.4976806640625
2023-02-01,245.2919158935547
2023-02-02,256.792236328125
2023-02-03,250.72671508789062
2023-02-06,249.1932830810547
2023-02-07,259.6648864746094
2023-02-08,258.85943603515625
2023-02-09,255.8412322998047
2023-02-10,255.33657836914062
2023-02-13,263.31402587890625
2023-02-14,264.138916015625
2023-02-15,262.02764892578125
2023-02-16,255.05181884765625
2023-02-17,251.07257080078125
2023-02-21,245.82850646972656
2023-02-22,244.69993591308594
2023-02-23,247.87164306640625
2023-02-24,242.47189331054688
2023-02-27,243.38644409179688
2023-02-28,242.66648864746094
2023-03-01,239.60179138183594
2023-03-02,244.31072998046875
2023-03-03,248.37754821777344
2023-03-06,249.91476440429688
2023-03-07,247.26841735839844
2023-03-08,246.83058166503906
2023-03-09,245.4879913330078
2023-03-10,241.8589630126953
2023-03-13,247.04466247558594
2023-03-14,253.7285919189453
2023-03-15,258.25274658203125
2023-03-16,268.7214660644531
2023-03-17,271.8638916015625
2023-03-20,264.8588562011719
2023-03-21,266.3669128417969
2023-03-22,264.9172058105469
2023-03-23,270.141845703125
2023-03-24,272.9730529785156
2023-03-27,268.8965148925781
2023-03-28,267.77764892578125
2023-03-29,272.91461181640625
2023-03-30,276.3587646484375
2023-03-31,280.4937438964844
2023-04-03,279.4527587890625
2023-04-04,279.4040832519531
2023-04-05,276.64093017578125
2023-04-06,283.704345703125
2023-04-10,281.55426025390625
2023-04-11,275.171875
2023-04-12,275.8139953613281
2023-04-13,281.9920349121094
2023-04-14,278.3922119140625
2023-04-17,280.9801940917969
2023-04-18,280.5618591308594
2023-04-19,280.6397399902344
2023-04-20,278.3630065917969
2023-04-21,278.0225524902344
2023-04-24,274.1405944824219
2023-04-25,267.9625549316406
2023-04-26,287.3723449707031
2023-04-27,296.57611083984375
2023-04-28,298.9403076171875
2023-05-01,297.286376953125
2023-05-02,297.1404113769531
2023-05-03,296.15777587890625
2023-05-04,297.1404113769531
2023-05-05,302.23858642578125
2023-05-08,300.2927551269531
2023-05-09,298.6873779296875
2023-05-10,303.8536376953125
2023-05-11,301.7131042480469
2023-05-12,300.6040954589844
2023-05-15,301.08074951171875
2023-05-16,303.299072265625
2023-05-17,306.1657409667969
2023-05-18,310.5728759765625
2023-05-19,310.39739990234375
2023-05-22,313.16656494140625
2023-05-23,307.394287109375
2023-05-24,306.0194396972656
2023-05-25,317.788330078125
2023-05-26,324.58441162109375
2023-05-30,322.9462890625
2023-05-31,320.19671630859375
2023-06-01,324.2821350097656
2023-06-02,327.03179931640625
2023-06-05,327.5583190917969
2023-06-06,325.3547058105469
2023-06-07,315.3116455078125
2023-06-08,317.1447448730469
2023-06-09,318.6366271972656
2023-06-12,323.5703125
2023-06-13,325.9494323730469
2023-06-14,328.9234313964844
2023-06-15,339.4148864746094
2023-06-16,333.788818359375
2023-06-20,329.61566162109375
2023-06-21,325.2376708984375
2023-06-22,331.23419189453125
2023-06-23,326.6612854003906
2023-06-26,320.4014587402344
2023-06-27,326.22247314453125
2023-06-28,327.4705810546875
2023-06-29,326.6905517578125
2023-06-30,332.0435485839844
2023-07-03,329.55712890625
2023-07-05,329.71319580078125
2023-07-06,332.75531005859375
2023-07-07,328.8063659667969
2023-07-10,323.5508728027344
2023-07-11,324.1748962402344
2023-07-12,328.7868347167969
2023-07-13,334.1106872558594
2023-07-14,336.6262512207031
2023-07-17,337.10406494140625
2023-07-18,350.5207214355469
2023-07-19,346.2207336425781
2023-07-20,338.215576171875
2023-07-21,335.1929016113281
2023-07-24,336.4994812011719
2023-07-25,342.2230529785156
2023-07-26,329.3425598144531
2023-07-27,322.468505859375
2023-07-28,329.9277038574219
2023-07-31,327.538818359375
2023-08-01,327.9483642578125
2023-08-02,319.328857421875
2023-08-03,318.5098876953125
2023-08-04,319.6019287109375
2023-08-07,321.8737487792969
2023-08-08,317.9150695800781
2023-08-09,314.1903381347656
2023-08-10,314.8729248046875
2023-08-11,313.00079345703125
2023-08-14,315.9551696777344
2023-08-15,313.8296203613281
2023-08-16,313.0674743652344
2023-08-17,309.6280212402344
2023-08-18,309.2372131347656
2023-08-21,314.5135803222656
2023-08-22,315.08026123046875
2023-08-23,319.5163879394531
2023-08-24,312.6472473144531
2023-08-25,315.58837890625
2023-08-28,316.29193115234375
2023-08-29,320.8941955566406
2023-08-30,321.26544189453125
2023-08-31,320.259033203125
2023-09-01,321.138427734375
2023-09-05,325.91650390625
2023-09-06,325.2619323730469
2023-09-07,322.35986328125
2023-09-08,326.6200256347656
2023-09-11,330.2060546875
2023-09-12,324.1772155761719
2023-09-13,328.3690490722656
2023-09-14,330.9486999511719
2023-09-15,322.6627502441406
2023-09-18,321.529296875
2023-09-19,321.128662109375
2023-09-20,313.428955078125
2023-09-21,312.2173156738281
2023-09-22,309.7550354003906
2023-09-25,310.2729187011719
2023-09-26,304.99652099609375
2023-09-27,305.63165283203125
2023-09-28,306.46221923828125
2023-09-29,308.52386474609375
2023-10-02,314.4353942871094
2023-10-03,306.2178649902344
2023-10-04,311.6604309082031
2023-10-05,312.05120849609375
2023-10-06,319.7704772949219
2023-10-09,322.2718505859375
2023-10-10,320.8746337890625
2023-10-11,324.8123779296875
2023-10-12,323.5812072753906
2023-10-13,320.229736328125
2023-10-16,325.0273132324219
2023-10-17,324.4605712890625
2023-10-18,322.55523681640625
2023-10-19,323.7375183105469
2023-10-20,319.1940002441406
2023-10-23,321.7832946777344
2023-10-24,322.96563720703125
2023-10-25,332.8735656738281
2023-10-26,320.3860778808594
2023-10-27,322.2621154785156
2023-10-30,329.5904846191406
2023-10-31,330.3721618652344
2023-11-01,338.1500244140625
2023-11-02,340.3484802246094
2023-11-03,344.72589111328125
2023-11-06,348.3705749511719
2023-11-07,352.2790222167969
2023-11-08,354.8879699707031
2023-11-09,352.4354248046875
2023-11-10,361.2098083496094
2023-11-13,358.288330078125
2023-11-14,361.796142578125
2023-11-15,361.94293212890625
2023-11-16,368.3071594238281
2023-11-17,362.1192932128906
2023-11-20,369.5506286621094
2023-11-21,365.27197265625
2023-11-22,369.9520263671875
2023-11-24,369.540771484375
2023-11-27,370.6961669921875
2023-11-28,374.7006530761719
2023-11-29,370.93109130859375
2023-11-30,370.9898986816406
2023-12-01,366.681884765625
2023-12-04,361.4241027832031
2023-12-05,364.73345947265625
2023-12-06,361.09124755859375
2023-12-07,363.1962585449219
2023-12-08,366.40771484375
2023-12-11,363.5389709472656
2023-12-12,366.5545654296875
2023-12-13,366.5447692871094
2023-12-14,358.2811584472656
2023-12-15,362.9808654785156
2023-12-18,364.8606872558594
2023-12-19,365.45794677734375
2023-12-20,362.8731689453125
2023-12-21,365.7320861816406
2023-12-22,366.7503967285156
2023-12-26,366.8287353515625
2023-12-27,366.2510681152344
2023-12-28,367.43572998046875
2023-12-29,368.17987060546875
2024-01-02,363.117919921875
2024-01-03,362.85357666015625
2024-01-04,360.2491455078125
2024-01-05,360.06317138671875
2024-01-08,366.85809326171875
2024-01-09,367.9350891113281
2024-01-10,374.7691650390625
2024-01-11,376.5903015136719
2024-01-12,380.3500671386719
2024-01-16,382.1124267578125
2024-01-17,381.32916259765625
2024-01-18,385.6371765136719
2024-01-19,390.3368225097656
2024-01-22,388.2220153808594
2024-01-23,390.56201171875
2024-01-24,394.1455383300781
2024-01-25,396.4072265625
2024-01-26,395.4869079589844
2024-01-29,401.1558532714844
2024-01-30,400.04949951171875
2024-01-31,389.2696228027344
2024-02-01,395.34002685546875
2024-02-02,402.62451171875
2024-02-05,397.1709289550781
2024-02-06,397.0142517089844
2024-02-07,405.3952941894531
2024-02-08,405.4541015625
2024-02-09,411.7594909667969
2024-02-12,406.580078125
2024-02-13,397.82696533203125
2024-02-14,401.6720886230469
2024-02-15,398.798095703125
2024-02-16,396.3457946777344
2024-02-20,395.0999755859375
2024-02-21,394.5016784667969
2024-02-22,403.79083251953125
2024-02-23,402.5058898925781
2024-02-26,399.7593688964844
2024-02-27,399.70050048828125
2024-02-28,399.9359130859375
2024-02-29,405.7428894042969
2024-03-01,407.56732177734375
2024-03-04,406.9985046386719
2024-03-05,394.96270751953125
2024-03-06,394.413330078125
2024-03-07,401.3288269042969
2024-03-08,398.4645690917969
2024-03-11,396.7969970703125
2024-03-12,407.3515625
2024-03-13,407.1750183105469
2024-03-14,417.101806640625
2024-03-15,408.46978759765625
2024-03-18,409.35260009765625
2024-03-19,413.36456298828125
2024-03-20,417.1116027832031
2024-03-21,421.1725769042969
2024-03-22,420.5545959472656
2024-03-25,414.7868347167969
2024-03-26,413.59991455078125
2024-03-27,413.38409423828125
2024-03-28,412.687744140625
2024-04-01,416.4642028808594
2024-04-02,413.39398193359375
2024-04-03,412.4228820800781
2024-04-04,409.9019775390625
2024-04-05,417.3960266113281
2024-04-08,416.4838562011719
2024-04-09,418.1415100097656
2024-04-10,415.1792297363281
2024-04-11,419.7600402832031
2024-04-12,413.8451843261719
2024-04-15,405.7428894042969
2024-04-16,406.6649475097656
2024-04-17,403.97723388671875
2024-04-18,396.5517272949219
2024-04-19,391.5000915527344
2024-04-22,393.304931640625
2024-04-23,399.78875732421875
2024-04-24,401.2503356933594
2024-04-25,391.4216003417969
2024-04-26,398.56256103515625
2024-04-29,394.5703430175781
2024-04-30,381.89697265625
2024-05-01,387.39990234375
2024-05-02,390.2445068359375
2024-05-03,398.8961181640625
2024-05-06,405.644775390625
2024-05-07,401.5249938964844
2024-05-08,402.7021179199219
2024-05-09,404.4480895996094
2024-05-10,406.82183837890625
2024-05-13,405.8213195800781
2024-05-14,408.60711669921875
2024-05-15,415.751220703125
2024-05-16,413.6973876953125
2024-05-17,412.930908203125
2024-05-20,417.9720458984375
2024-05-21,421.6079406738281
2024-05-22,423.0623474121094
2024-05-23,419.603271484375
2024-05-24,422.70849609375
2024-05-28,422.8658142089844
2024-05-29,421.7357177734375
2024-05-30,407.4868469238281
2024-05-31,407.9389343261719
2024-06-03,406.35675048828125
2024-06-04,408.8625793457031
2024-06-05,416.6651611328125
2024-06-06,417.1662292480469
2024-06-07,416.5078430175781
2024-06-10,420.4582214355469
2024-06-11,425.18487548828125
2024-06-12,433.4197692871094
2024-06-13,433.9307556152344
2024-06-14,434.903564453125
2024-06-17,440.60308837890625
2024-06-18,438.6082763671875
2024-06-20,437.9794006347656
2024-06-21,441.9886169433594
2024-06-24,439.91522216796875
2024-06-25,443.138427734375
2024-06-26,444.3274841308594
2024-06-27,445.0055236816406
2024-06-28,439.20770263671875
2024-07-01,448.818359375
2024-07-02,451.3240966796875
2024-07-03,452.7882995605469
2024-07-05,459.46063232421875
2024-07-08,458.1635437011719
2024-07-09,451.57958984375
2024-07-10,458.17340087890625
2024-07-11,446.8234558105469
2024-07-12,445.6933288574219
2024-07-15,446.0962829589844
2024-07-16,441.7331848144531
2024-07-17,435.83709716796875
2024-07-18,432.7417297363281
2024-07-19,429.53814697265625
2024-07-22,435.2671813964844
2024-07-23,437.1440734863281
2024-07-24,421.47039794921875
2024-07-25,411.15228271484375
2024-07-26,417.90325927734375
2024-07-29,419.3380126953125
2024-07-30,415.593994140625
2024-07-31,411.1031494140625
2024-08-01,409.8846130371094
2024-08-02,401.41387939453125
2024-08-05,388.3050231933594
2024-08-06,392.6877746582031
2024-08-07,391.5282287597656
2024-08-08,395.71441650390625
2024-08-09,398.9866943359375
2024-08-12,399.76300048828125
2024-08-13,406.83831787109375
2024-08-14,409.6389465332031
2024-08-15,414.4823913574219
2024-08-16,411.96221923828125
2024-08-19,414.97467041015625
2024-08-20,418.19378662109375
2024-08-21,417.5440979003906
2024-08-22,409.087646484375
2024-08-23,410.3083801269531
2024-08-26,407.0596618652344
2024-08-27,407.40423583984375
2024-08-28,404.2146301269531
2024-08-29,406.6954345703125
2024-08-30,410.6529235839844
2024-09-03,403.0726318359375
2024-09-04,402.54107666015625
2024-09-05,402.0390319824219
2024-09-06,395.45306396484375
2024-09-09,399.4104919433594
2024-09-10,407.7586669921875
2024-09-11,416.4611511230469
2024-09-12,420.3595886230469
2024-09-13,423.8937683105469
2024-09-16,424.632080078125
2024-09-17,428.38287353515625
2024-09-18,424.11029052734375
2024-09-19,431.8677978515625
2024-09-20,428.5009460449219
2024-09-23,426.76837158203125
2024-09-24,422.495849609375
2024-09-25,425.3901062011719
2024-09-26,424.6025695800781
2024-09-27,421.36370849609375
2024-09-30,423.6083068847656
2024-10-01,414.1477355957031
2024-10-02,410.64312744140625
2024-10-03,410.0622863769531
2024-10-04,409.5897216796875
2024-10-07,403.1711120605469
2024-10-08,408.26068115234375
2024-10-09,410.9679260253906
2024-10-10,409.3731384277344
2024-10-11,409.8456726074219
2024-10-14,412.621826171875
2024-10-15,412.2280578613281
2024-10-16,409.6487731933594
2024-10-17,410.2394714355469
2024-10-18,411.6571044921875
2024-10-21,412.26739501953125
2024-10-22,420.8616943359375
2024-10-23,417.9969177246094
2024-10-24,418.1248779296875
2024-10-25,421.4917297363281
2024-10-28,419.95599365234375
2024-10-29,425.2326354980469
2024-10-30,425.8035888671875
2024-10-31,400.0307312011719
2024-11-01,403.9881896972656
2024-11-04,402.1078796386719
2024-11-05,405.06121826171875
2024-11-06,413.6456298828125
2024-11-07,418.81402587890625
2024-11-08,415.968994140625
2024-11-11,411.5094299316406
2024-11-12,416.45135498046875
2024-11-13,418.587646484375
2024-11-14,420.2513427734375
2024-11-15,408.54620361328125
2024-11-18,409.2944641113281
2024-11-19,411.2928466796875
2024-11-20,409.0285949707031
2024-11-21,407.2629089355469
2024-11-22,411.3367919921875
2024-11-25,413.1025085449219
2024-11-26,422.1775207519531
2024-11-27,417.2454528808594
2024-11-29,417.7090759277344
2024-12-02,425.126953125
2024-12-03,425.343994140625
2024-12-04,431.4794921875
2024-12-05,436.6088562011719
2024-12-06,437.54595947265625
2024-12-09,439.96270751953125
2024-12-10,437.3092041015625
2024-12-11,442.8923645019531
2024-12-12,443.4545593261719
2024-12-13,441.1957092285156
2024-12-16,445.4570007324219
2024-12-17,448.2880554199219
2024-12-18,431.4499206542969
2024-12-19,431.09478759765625
2024-12-20,430.670654296875
2024-12-23,429.3389587402344
2024-12-24,433.3635559082031
2024-12-26,432.1601257324219
2024-12-27,424.6830749511719
2024-12-30,419.0604553222656
2024-12-31,415.77569580078125
2025-01-02,412.8953552246094
2025-01-03,417.6005554199219
2025-01-06,422.03948974609375
2025-01-07,416.6338806152344
2025-01-08,418.79412841796875
2025-01-10,413.2603454589844
2025-01-13,411.52423095703125
2025-01-14,410.02490234375
2025-01-15,420.5203552246094
2025-01-16,418.8138732910156
2025-01-17,423.2034606933594
2025-01-21,422.6806335449219
2025-01-22,440.1402282714844
2025-01-23,440.6432800292969
2025-01-24,438.0293273925781
2025-01-27,428.6582946777344
2025-01-28,441.12664794921875
2025-01-29,436.3227844238281
2025-01-30,409.35406494140625
2025-01-31,409.4231872558594
2025-02-03,405.3393859863281
2025-02-04,406.7696533203125
2025-02-05,407.6771545410156
2025-02-06,410.1728515625
2025-02-07,404.1852722167969
2025-02-10,406.6216735839844
2025-02-11,405.852294921875
2025-02-12,403.48492431640625
2025-02-13,404.96453857421875
2025-02-14,402.8831787109375
2025-02-18,404.0767517089844
2025-02-19,409.1370544433594
2025-02-20,411.30169677734375
2025-02-21,403.47357177734375
2025-02-24,399.3124084472656
2025-02-25,393.283203125
2025-02-26,395.0920104980469
2025-02-27,387.9754943847656
2025-02-28,392.38372802734375
2025-03-03,383.98236083984375
2025-03-04,384.1009521484375
2025-03-05,396.366943359375
2025-03-06,392.2849426269531
2025-03-07,388.7464599609375
2025-03-10,375.7490539550781
2025-03-11,376.0356750488281
2025-03-12,378.82293701171875
2025-03-13,374.37518310546875
2025-03-14,384.0515441894531
2025-03-17,384.18994140625
2025-03-18,379.070068359375
2025-03-19,383.3201904296875
2025-03-20,382.3515319824219
2025-03-21,386.7202453613281
2025-03-24,388.5191345214844
2025-03-25,390.574951171875
2025-03-26,385.4451904296875
2025-03-27,386.0481262207031
2025-03-28,374.4048156738281
2025-03-31,371.0343933105469
2025-04-01,377.7554931640625
2025-04-02,377.70611572265625
2025-04-03,368.7808532714844
2025-04-04,355.6648254394531
2025-04-07,353.7077941894531
2025-04-08,350.44610595703125
2025-04-09,385.95916748046875
2025-04-10,376.9252014160156
2025-04-11,383.94287109375
2025-04-14,383.3102722167969
2025-04-15,381.2544250488281
2025-04-16,367.2982177734375
2025-04-17,363.5126647949219
2025-04-21,354.953125
2025-04-22,362.5638427734375
2025-04-23,370.0459899902344
2025-04-24,382.8062438964844
2025-04-25,387.30340576171875
2025-04-28,386.62139892578125
2025-04-29,389.46795654296875
2025-04-30,390.673828125
2025-05-01,420.464111328125
2025-05-02,430.2294921875
2025-05-05,431.109130859375
2025-05-06,428.2823486328125
2025-05-07,428.3218688964844
2025-05-08,433.0859680175781
2025-05-09,433.6394958496094
2025-05-12,444.04730224609375
2025-05-13,443.9287109375
2025-05-14,447.6845703125
2025-05-15,448.6946105957031
2025-05-16,449.82342529296875
2025-05-19,454.37841796875
2025-05-20,453.68524169921875
2025-05-21,448.1401062011719
2025-05-22,450.40765380859375
2025-05-23,445.7734680175781
2025-05-27,456.18060302734375
2025-05-28,452.8831787109375
2025-05-29,454.19024658203125
2025-05-30,455.8537902832031
2025-06-02,457.44805908203125
2025-06-03,458.43829345703125
2025-06-04,459.3294677734375
2025-06-05,463.1022033691406
2025-06-06,465.7757568359375
2025-06-09,468.1225891113281
2025-06-10,466.31048583984375
2025-06-11,467.9938659667969
2025-06-12,474.1826477050781
2025-06-13,470.3109436035156
2025-06-16,474.45001220703125
2025-06-17,473.3608093261719
2025-06-18,475.5392150878906
2025-06-20,472.7270202636719
2025-06-23,481.24285888671875
2025-06-24,485.3126525878906
2025-06-25,487.45147705078125
2025-06-26,492.580810546875
2025-06-27,491.0856018066406
2025-06-30,492.5411376953125
2025-07-01,487.233642578125
2025-07-02,486.28302001953125
2025-07-03,493.9571533203125
2025-07-07,492.8481140136719
2025-07-08,491.7588806152344
2025-07-09,498.58148193359375
2025-07-10,496.57135009765625
2025-07-11,498.3933410644531
2025-07-14,498.09625244140625
2025-07-15,500.86883544921875
2025-07-16,500.67083740234375
2025-07-17,506.6913146972656
2025-07-18,505.0574035644531
2025-07-21,505.06732177734375
2025-07-22,500.32421875
2025-07-23,500.9183349609375
2025-07-24,505.8793640136719
2025-07-25,508.6816101074219
2025-07-28,507.48345947265625
2025-07-29,507.55279541015625
2025-07-30,508.2162170410156
2025-07-31,528.2778930664062
2025-08-01,518.9797973632812
2025-08-04,530.3969116210938
2025-08-05,522.584228515625
2025-08-06,519.8016967773438
2025-08-07,515.7418823242188
2025-08-08,516.9300537109375
2025-08-11,516.6627197265625
2025-08-12,524.0595703125
2025-08-13,515.4844360351562
2025-08-14,517.3657836914062
2025-08-15,515.0783081054688
2025-08-18,512.0383911132812
2025-08-19,504.7801513671875
2025-08-20,500.76983642578125
2025-08-21,500.1251220703125
2025-08-22,503.09075927734375
2025-08-25,500.1449890136719
2025-08-26,497.9430847167969
2025-08-27,502.604736328125
2025-08-28,505.4810791015625
2025-08-29,502.5551452636719
2025-09-02,500.9979553222656
2025-09-03,501.22607421875
2025-09-04,503.82470703125
2025-09-05,490.9605407714844
2025-09-08,494.1344299316406
2025-09-09,494.3427429199219
2025-09-10,496.2867126464844
2025-09-11,496.9215087890625
2025-09-12,505.7389221191406
2025-09-15,511.1544189453125
2025-09-16,504.8859558105469
2025-09-17,505.8579406738281
2025-09-18,504.3008117675781
2025-09-19,513.703369140625
2025-09-22,510.25189208984375
2025-09-23,505.0744323730469
2025-09-24,505.9869079589844
2025-09-25,502.8923645019531
2025-09-26,507.28619384765625
2025-09-29,510.40057373046875
2025-09-30,513.7232666015625
2025-10-01,515.4689331054688
2025-10-02,511.53131103515625
2025-10-03,513.1281127929688
2025-10-06,524.256591796875
2025-10-07,519.7040405273438
2025-10-08,520.5668334960938
2025-10-09,518.136962890625
2025-10-10,506.790283203125
2025-10-13,509.8550720214844
2025-10-14,509.3789978027344
2025-10-15,509.2401123046875
2025-10-16,507.4349670410156
2025-10-17,509.388916015625
2025-10-20,512.57275390625
2025-10-21,513.4356079101562
2025-10-22,516.2921142578125
2025-10-23,516.3118896484375
2025-10-24,519.3370971679688
2025-10-27,527.1824951171875
2025-10-28,537.6464233398438
2025-10-29,537.1305541992188
2025-10-30,521.469482421875
2025-10-31,513.5844116210938
2025-11-03,512.810791015625
2025-11-04,510.1327819824219
2025-11-05,503.02130126953125
2025-11-06,493.04339599609375
2025-11-07,492.7657165527344
2025-11-10,501.8707580566406
2025-11-11,504.5289001464844
2025-11-12,506.9688720703125
2025-11-13,499.1828918457031
2025-11-14,506.0166320800781
2025-11-17,503.3486022949219
2025-11-18,489.7604064941406
2025-11-19,483.14483642578125
2025-11-20,475.41387939453125
2025-11-21,469.1436462402344
2025-11-24,471.0118103027344
2025-11-25,473.98297119140625
2025-11-26,482.4393310546875
2025-11-28,488.9082946777344
2025-12-01,483.6714782714844
2025-12-02,486.91094970703125
2025-12-03,474.7182922363281
2025-12-04,477.8087158203125
2025-12-05,480.11407470703125
2025-12-08,487.92449951171875
2025-12-09,488.918212890625
2025-12-10,475.5430603027344
2025-12-11,480.4221496582031
2025-12-12,475.5132751464844
2025-12-15,471.82666015625
2025-12-16,473.38677978515625
2025-12-17,473.1184387207031
2025-12-18,480.9289245605469
2025-12-19,482.856689453125
2025-12-22,481.86297607421875
2025-12-23,483.7807922363281
2025-12-24,484.94342041015625
2025-12-26,484.6354064941406
2025-12-29,484.02923583984375
2025-12-30,484.4068603515625
2025-12-31,480.5711669921875
2026-01-02,469.95849609375
2026-01-05,469.86907958984375
2026-01-06,475.4933776855469
2026-01-07,480.4221496582031
2026-01-08,475.0959167480469
2026-01-09,476.258544921875
2026-01-12,474.1717529296875
2026-01-13,467.70281982421875
2026-01-14,456.4840087890625
2026-01-15,453.7811279296875
2026-01-16,456.9609375
2026-01-20,451.65460205078125
2026-01-21,441.3102111816406
2026-01-22,448.29595947265625
2026-01-23,463.0125732421875
2026-01-26,467.3152770996094
2026-01-27,477.5503234863281
2026-01-28,478.5937194824219
2026-01-29,430.76715087890625
2026-01-30,427.577392578125
2026-02-02,420.70098876953125
2026-02-03,408.61767578125
2026-02-04,411.5788879394531
2026-02-05,391.1882629394531
2026-02-06,398.6111755371094
2026-02-09,410.99261474609375
2026-02-10,410.6646423339844
2026-02-11,401.8207702636719
2026-02-12,399.3067626953125
2026-02-13,398.7900085449219
2026-02-17,394.3581237792969
2026-02-18,397.0808410644531
2026-02-19,396.8517761230469
2026-02-20,395.6267395019531
2026-02-23,382.9182434082031
2026-02-24,387.429931640625
2026-02-25,398.9831237792969
2026-02-26,400.0986022949219
2026-02-27,391.15484619140625
2026-03-02,396.9413757324219
2026-03-03,402.2996826171875
2026-03-04,403.5645751953125
2026-03-05,409.0224304199219
2026-03-06,407.30938720703125
2026-03-09,407.757568359375
2026-03-10,404.122314453125
2026-03-11,403.245849609375
2026-03-12,400.2380065917969
2026-03-13,393.9534912109375
2026-03-16,398.33575439453125
2026-03-17,397.7979431152344
2026-03-18,390.20867919921875
2026-03-19,387.4498596191406
2026-03-20,380.3287048339844
2026-03-23,381.4541931152344
2026-03-24,371.2355651855469
2026-03-25,369.5424499511719
2026-03-26,364.4928894042969
2026-03-27,355.3300476074219
2026-03-30,357.5111999511719
2026-03-31,368.67596435546875
2026-04-01,367.8791809082031
2026-04-02,371.9526672363281
2026-04-06,371.3750305175781
2026-04-07,370.78741455078125
2026-04-08,372.8191223144531
2026-04-09,371.5642395019531
2026-04-10,369.37310791015625
2026-04-13,382.8186340332031
2026-04-14,391.5233459472656
2026-04-15,409.5602722167969
2026-04-16,418.56378173828125
2026-04-17,421.0835876464844
2026-04-20,416.38262939453125
2026-04-21,422.4480285644531
2026-04-22,431.1726989746094
2026-04-23,414.0719909667969
2026-04-24,422.90618896484375
2026-04-27,423.1053771972656
2026-04-28,427.5174865722656
2026-04-29,422.746826171875
2026-04-30,406.1341552734375
2026-05-01,412.76727294921875
2026-05-04,411.9505615234375
2026-05-05,409.7196044921875
2026-05-06,412.2891845703125
2026-05-07,419.07171630859375
2026-05-08,413.44451904296875
2026-05-11,410.99444580078125
2026-05-12,406.1241760253906
2026-05-13,403.57452392578125
2026-05-14,407.7774658203125
2026-05-15,420.2170715332031
2026-05-18,421.83056640625
2026-05-19,415.7352600097656
2026-05-20,419.36053466796875
2026-05-21,418.3025207519531
2026-05-22,417.7835388183594
2026-05-26,415.248291015625
2026-05-27,411.8946228027344
2026-05-28,426.18768310546875
2026-05-29,449.3940124511719
2026-06-01,459.6546936035156
2026-06-02,440.48077392578125
2026-06-03,426.53704833984375
2026-06-04,427.2456970214844
2026-06-05,415.8870849609375
2026-06-08,410.9663391113281
2026-06-09,402.6520080566406
2026-06-10,396.61334228515625
2026-06-11,389.6065673828125
2026-06-12,390.00579833984375
2026-06-15,399.0088806152344
2026-06-16,393.0899963378906
2026-06-17,378.1980285644531
2026-06-18,378.6871032714844
2026-06-22,366.6497802734375
2026-06-23,373.23736572265625
2026-06-24,364.7733154296875
2026-06-25,352.1670227050781
2026-06-26,372.2691955566406
2026-06-29,367.8774719238281
2026-06-30,372.319091796875
2026-07-01,383.5579528808594
2026-07-02,389.7562561035156
2026-07-06,386.0133056640625
2026-07-07,388.109375
2026-07-08,382.6197204589844
2026-07-09,383.6377868652344
2026-07-10,384.37640380859375
2026-07-13,390.2553405761719
2026-07-14,384.20672607421875
2026-07-15,394.8866271972656
2026-07-16,400.3463439941406
2026-07-17,393.08001708984375
2026-07-20,401.53411865234375
2026-07-21,397.00262451171875
2026-07-22,389.6065673828125
2026-07-23,380.8630065917969
2026-07-24,380.9828186035156
2026-07-27,388.368896484375
2026-07-28,392.61090087890625
2026-07-29,389.8061828613281
2026-07-30,450.2524108886719
2026-07-31,463.8468017578125
2026-08-03,486.73370361328125
2026-08-04,491.884033203125
2026-08-05,486.5440673828125
2026-08-06,498.9207458496094
2026-08-07,499.0505065917969
2026-08-10,505.109130859375
2026-08-11,502.86334228515625
2026-08-12,491.5047302246094
2026-08-13,495.9463806152344
2026-08-14,494.4691467285156
2026-08-17,479.44744873046875
2026-08-18,480.72503662109375
2026-08-19,483.3999938964844
2026-08-20,481.1499938964844
2026-08-21,483.239990234375
2026-08-24,487.30999755859375
2026-08-25,491.7099914550781
2026-08-26,496.3699951171875
2026-08-27,505.05999755859375
2026-08-28,513.530029296875
2026-08-31,507.2900085449219
2026-09-01,501.0199890136719
2026-09-02,496.82000732421875
2026-09-03,510.1199951171875
2026-09-04,499.70001220703125
2026-09-08,493.95001220703125
2026-09-09,491.6499938964844
2026-09-10,492.44000244140625
2026-09-11,495.6300048828125
2026-09-14,505.4100036621094
2026-09-15,497.1199951171875
2026-09-16,490.29998779296875
2026-09-17,497.75
2026-09-18,493.7799987792969
2026-09-21,501.6099853515625
2026-09-22,498.0
2026-09-23,500.5899963378906
2026-09-24,497.92999267578125
2026-09-25,516.1699829101562
2026-09-28,509.2200012207031
2026-09-29,508.9599914550781
