date,close
2006-01-03,0.2913300395011902
2006-01-04,0.2994863986968994
2006-01-05,0.3062698245048523
2006-01-06,0.31130048632621765
2006-01-09,0.3199901282787323
2006-01-10,0.32006704807281494
2006-01-11,0.33165255188941956
2006-01-12,0.32692721486091614
2006-01-13,0.32403045892715454
2006-01-17,0.3238016963005066
2006-01-18,0.3254782557487488
2006-01-19,0.34354352951049805
2006-01-20,0.33393916487693787
2006-01-23,0.33584538102149963
2006-01-24,0.3375221788883209
2006-01-25,0.33454933762550354
2006-01-26,0.3459831774234772
2006-01-27,0.3525386154651642
2006-01-30,0.3485743999481201
2006-01-31,0.3427056074142456
2006-02-01,0.3429343104362488
2006-02-02,0.33249130845069885
2006-02-03,0.33553996682167053
2006-02-06,0.3449922502040863
2006-02-07,0.332720011472702
2006-02-08,0.34232425689697266
2006-02-09,0.336531400680542
2006-02-10,0.3346253037452698
2006-02-13,0.33576861023902893
2006-02-14,0.33637866377830505
2006-02-15,0.3428575098514557
2006-02-16,0.35977935791015625
2006-02-17,0.36183738708496094
2006-02-21,0.35413920879364014
2006-02-22,0.3535292446613312
2006-02-23,0.34811702370643616
2006-02-24,0.34804102778434753
2006-02-27,0.3621428310871124
2006-02-28,0.35924598574638367
2006-03-01,0.37289053201675415
2006-03-02,0.3734239339828491
2006-03-03,0.37472009658813477
2006-03-06,0.3739571273326874
2006-03-07,0.36755430698394775
2006-03-08,0.3657248318195343
2006-03-09,0.36763107776641846
2006-03-10,0.36122819781303406
2006-03-13,0.365572988986969
2006-03-14,0.3757104277610779
2006-03-15,0.3817320466041565
2006-03-16,0.36877450346946716
2006-03-17,0.371747225522995
2006-03-20,0.36892637610435486
2006-03-21,0.38714417815208435
2006-03-22,0.37601524591445923
2006-03-23,0.38302797079086304
2006-03-24,0.39598649740219116
2006-03-27,0.4066573977470398
2006-03-28,0.4129084348678589
2006-03-29,0.43508970737457275
2006-03-30,0.4380625784397125
2006-03-31,0.43646180629730225
2006-04-03,0.44133996963500977
2006-04-04,0.4619964361190796
2006-04-05,0.46573197841644287
2006-04-06,0.4666467308998108
2006-04-07,0.46542665362358093
2006-04-10,0.45734700560569763
2006-04-11,0.4462178647518158
2006-04-12,0.4642072021961212
2006-04-13,0.45124882459640503
2006-04-17,0.45246899127960205
2006-04-18,0.4417973458766937
2006-04-19,0.44454121589660645
2006-04-20,0.4439312517642975
2006-04-21,0.4279239773750305
2006-04-24,0.4410352110862732
2006-04-25,0.4407297372817993
2006-04-26,0.43768107891082764
2006-04-27,0.4446941018104553
2006-04-28,0.445455938577652
2006-05-01,0.4710673987865448
2006-05-02,0.47045740485191345
2006-05-03,0.47350695729255676
2006-05-04,0.47045740485191345
2006-05-05,0.4768601357936859
2006-05-08,0.47472620010375977
2006-05-09,0.46024373173713684
2006-05-10,0.4500293433666229
2006-05-11,0.4340223968029022
2006-05-12,0.4013979732990265
2006-05-15,0.4071914255619049
2006-05-16,0.39651989936828613
2006-05-17,0.3805127441883087
2006-05-18,0.36328625679016113
2006-05-19,0.3709084987640381
2006-05-22,0.365877628326416
2006-05-23,0.3619142174720764
2006-05-24,0.3666395843029022
2006-05-25,0.3646583557128906
2006-05-26,0.36542025208473206
2006-05-30,0.35017505288124084
2006-05-31,0.35032784938812256
2006-06-01,0.36862170696258545
2006-06-02,0.36328625679016113
2006-06-05,0.34804102778434753
2006-06-06,0.33874139189720154
2006-06-07,0.33264389634132385
2006-06-08,0.3265456259250641
2006-06-09,0.3254782557487488
2006-06-12,0.30748996138572693
2006-06-13,0.3027637302875519
2006-06-14,0.3116060793399811
2006-06-15,0.33889418840408325
2006-06-16,0.330204576253891
2006-06-19,0.3202957510948181
2006-06-20,0.31526488065719604
2006-06-21,0.3187709450721741
2006-06-22,0.3094711899757385
2006-06-23,0.3096238970756531
2006-06-26,0.3067271411418915
2006-06-27,0.2969709634780884
2006-06-28,0.31343546509742737
2006-06-29,0.32761329412460327
2006-06-30,0.3245636820793152
2006-07-03,0.32928985357284546
2006-07-05,0.31450197100639343
2006-07-06,0.3047458529472351
2006-07-07,0.2952934205532074
2006-07-10,0.2824876010417938
2006-07-11,0.29194024205207825
2006-07-12,0.27791422605514526
2006-07-13,0.2707494795322418
2006-07-14,0.26937738060951233
2006-07-17,0.2715113162994385
2006-07-18,0.2862991392612457
2006-07-19,0.2988002896308899
2006-07-20,0.29285475611686707
2006-07-21,0.270902156829834
2006-07-24,0.2981903851032257
2006-07-25,0.3087092339992523
2006-07-26,0.3087092339992523
2006-07-27,0.3131299614906311
2006-07-28,0.3456016182899475
2006-07-31,0.3375221788883209
2006-08-01,0.3239544928073883
2006-08-02,0.3488030731678009
2006-08-03,0.37075570225715637
2006-08-04,0.3657248318195343
2006-08-07,0.36145687103271484
2006-08-08,0.3710613250732422
2006-08-09,0.3709084987640381
2006-08-10,0.3683171570301056
2006-08-11,0.356730580329895
2006-08-14,0.3549013137817383
2006-08-15,0.3890495300292969
2006-08-16,0.41694769263267517
2006-08-17,0.41039299964904785
2006-08-18,0.4171003997325897
2006-08-21,0.40170353651046753
2006-08-22,0.4010932743549347
2006-08-23,0.40078869462013245
2006-08-24,0.40490490198135376
2006-08-25,0.4036846458911896
2006-08-28,0.4175576865673065
2006-08-29,0.43646180629730225
2006-08-30,0.445455938577652
2006-08-31,0.4437793791294098
2006-09-01,0.42517995834350586
2006-09-05,0.434479683637619
2006-09-06,0.4126797914505005
2006-09-07,0.42091211676597595
2006-09-08,0.42228400707244873
2006-09-11,0.42883872985839844
2006-09-12,0.440120667219162
2006-09-13,0.4436265230178833
2006-09-14,0.4419499635696411
2006-09-15,0.450639545917511
2006-09-18,0.46771320700645447
2006-09-19,0.45551759004592896
2006-09-20,0.4721350371837616
2006-09-21,0.46832334995269775
2006-09-22,0.4544501304626465
2006-09-25,0.4707627594470978
2006-09-26,0.46085312962532043
2006-09-27,0.45948103070259094
2006-09-28,0.45079144835472107
2006-09-29,0.4510970711708069
2006-10-02,0.43966320157051086
2006-10-03,0.4314310848712921
2006-10-04,0.47381147742271423
2006-10-05,0.4603956639766693
2006-10-06,0.47152477502822876
2006-10-09,0.5018622875213623
2006-10-10,0.49042871594429016
2006-10-11,0.49317285418510437
2006-10-12,0.49515408277511597
2006-10-13,0.5148202180862427
2006-10-16,0.5139051675796509
2006-10-17,0.4942392408847809
2006-10-18,0.4811290502548218
2006-10-19,0.49027612805366516
2006-10-20,0.48463520407676697
2006-10-23,0.4814334213733673
2006-10-24,0.495459645986557
2006-10-25,0.5000329613685608
2006-10-26,0.5158873796463013
2006-10-27,0.4936302900314331
2006-10-30,0.4995756447315216
2006-10-31,0.531589925289154
2006-11-01,0.4905804991722107
2006-11-02,0.4872274398803711
2006-11-03,0.4969833791255951
2006-11-06,0.5120759010314941
2006-11-07,0.5198508501052856
2006-11-08,0.5274738073348999
2006-11-09,0.5379927754402161
2006-11-10,0.5250343084335327
2006-11-13,0.5488166809082031
2006-11-14,0.5543045997619629
2006-11-15,0.5451576709747314
2006-11-16,0.5521705746650696
2006-11-17,0.553694486618042
2006-11-20,0.5588780045509338
2006-11-21,0.550188422203064
2006-11-22,0.5596399903297424
2006-11-24,0.5637561082839966
2006-11-27,0.5382974743843079
2006-11-28,0.5483590364456177
2006-11-29,0.5564385652542114
2006-11-30,0.5639089345932007
2006-12-01,0.5418033599853516
2006-12-04,0.5637561082839966
2006-12-05,0.557963490486145
2006-12-06,0.5572013258934021
2006-12-07,0.5437854528427124
2006-12-08,0.5419561266899109
2006-12-11,0.5512558817863464
2006-12-12,0.545615017414093
2006-12-13,0.5520176887512207
2006-12-14,0.5617747902870178
2006-12-15,0.571683943271637
2006-12-18,0.5815927386283875
2006-12-19,0.5899773836135864
2006-12-20,0.5832701921463013
2006-12-21,0.578239381313324
2006-12-22,0.5645191073417664
2006-12-26,0.5643662214279175
2006-12-27,0.5718365907669067
2006-12-28,0.5677202343940735
2006-12-29,0.5642133951187134
2007-01-03,0.5500355958938599
2007-01-04,0.5474446415901184
2007-01-05,0.5131433010101318
2007-01-08,0.5169550776481628
2007-01-09,0.5068930983543396
2007-01-10,0.531894326210022
2007-01-11,0.529912531375885
2007-01-12,0.5370781421661377
2007-01-16,0.5379927754402161
2007-01-17,0.5267108678817749
2007-01-18,0.4831112027168274
2007-01-19,0.48600703477859497
2007-01-22,0.48600703477859497
2007-01-23,0.4861598610877991
2007-01-24,0.5012521147727966
2007-01-25,0.4837205111980438
2007-01-26,0.4797572195529938
2007-01-29,0.46009117364883423
2007-01-30,0.46893370151519775
2007-01-31,0.4672558903694153
2007-02-01,0.47320133447647095
2007-02-02,0.48554956912994385
2007-02-05,0.49347740411758423
2007-02-06,0.5110093951225281
2007-02-07,0.530980110168457
2007-02-08,0.5241197943687439
2007-02-09,0.4977465867996216
2007-02-12,0.5087228417396545
2007-02-13,0.5183267593383789
2007-02-14,0.5114665627479553
2007-02-15,0.5145153403282166
2007-02-16,0.4988129436969757
2007-02-20,0.5032345056533813
2007-02-21,0.4957641363143921
2007-02-22,0.49896562099456787
2007-02-23,0.4977465867996216
2007-02-26,0.4901231527328491
2007-02-27,0.4753364324569702
2007-02-28,0.47259223461151123
2007-03-01,0.4667985439300537
2007-03-02,0.45384103059768677
2007-03-05,0.4384430944919586
2007-03-06,0.4643600881099701
2007-03-07,0.45124882459640503
2007-03-08,0.4698481261730194
2007-03-09,0.46512195467948914
2007-03-12,0.4623778462409973
2007-03-13,0.44286462664604187
2007-03-14,0.4407297372817993
2007-03-15,0.43630897998809814
2007-03-16,0.43219292163848877
2007-03-19,0.43432697653770447
2007-03-20,0.43219292163848877
2007-03-21,0.45688962936401367
2007-03-22,0.46695128083229065
2007-03-23,0.4617677330970764
2007-03-26,0.4626825451850891
2007-03-27,0.4539928436279297
2007-03-28,0.4453032314777374
2007-03-29,0.4375283420085907
2007-03-30,0.4387485980987549
2007-04-02,0.4382912218570709
2007-04-03,0.43661364912986755
2007-04-04,0.4356989860534668
2007-04-05,0.4710673987865448
2007-04-09,0.4625304341316223
2007-04-10,0.45780444145202637
2007-04-11,0.44957205653190613
2007-04-12,0.4623778462409973
2007-04-13,0.466189444065094
2007-04-16,0.4637499749660492
2007-04-17,0.4681706130504608
2007-04-18,0.47396427392959595
2007-04-19,0.4805188477039337
2007-04-20,0.4861598610877991
2007-04-23,0.4782322943210602
2007-04-24,0.4962218403816223
2007-04-25,0.5047581791877747
2007-04-26,0.5110093951225281
2007-04-27,0.5041490197181702
2007-04-30,0.5014050006866455
2007-05-01,0.5067406296730042
2007-05-02,0.5007950663566589
2007-05-03,0.5102465748786926
2007-05-04,0.5139051675796509
2007-05-07,0.5036917924880981
2007-05-08,0.5075024962425232
2007-05-09,0.5097891092300415
2007-05-10,0.500337541103363
2007-05-11,0.5357059240341187
2007-05-14,0.5303699374198914
2007-05-15,0.5256445407867432
2007-05-16,0.5323521494865417
2007-05-17,0.5235095620155334
2007-05-18,0.5338765382766724
2007-05-21,0.5355534553527832
2007-05-22,0.5384501814842224
2007-05-23,0.5241197943687439
2007-05-24,0.5052156448364258
2007-05-25,0.5131433010101318
2007-05-29,0.5186313986778259
2007-05-30,0.5198508501052856
2007-05-31,0.5280829668045044
2007-06-01,0.5317419767379761
2007-06-04,0.5346388220787048
2007-06-05,0.5504929423332214
2007-06-06,0.5546090602874756
2007-06-07,0.5486635565757751
2007-06-08,0.5572013258934021
2007-06-11,0.5591827034950256
2007-06-12,0.5533897876739502
2007-06-13,0.5666530132293701
2007-06-14,0.5767147541046143
2007-06-15,0.6029359698295593
2007-06-18,0.6032407283782959
2007-06-19,0.607052206993103
2007-06-20,0.6076614260673523
2007-06-21,0.6552256941795349
2007-06-22,0.6649826169013977
2007-06-25,0.6474507451057434
2007-06-26,0.6174184679985046
2007-06-27,0.6340357065200806
2007-06-28,0.6401330828666687
2007-06-29,0.6297668218612671
2007-07-02,0.6559884548187256
2007-07-03,0.6570549011230469
2007-07-05,0.6640679836273193
2007-07-06,0.6672692894935608
2007-07-09,0.6866307258605957
2007-07-10,0.6933382153511047
2007-07-11,0.6902895569801331
2007-07-12,0.7035525441169739
2007-07-13,0.6992835402488708
2007-07-16,0.7119364142417908
2007-07-17,0.7088878750801086
2007-07-18,0.6959296464920044
2007-07-19,0.6951674818992615
2007-07-20,0.6875449419021606
2007-07-23,0.6944053173065186
2007-07-24,0.6761114597320557
2007-07-25,0.6729101538658142
2007-07-26,0.676263689994812
2007-07-27,0.6745869517326355
2007-07-30,0.693490743637085
2007-07-31,0.6976071000099182
2007-08-01,0.6924232840538025
2007-08-02,0.6893747448921204
2007-08-03,0.6485180854797363
2007-08-06,0.6540061831474304
2007-08-07,0.664372444152832
2007-08-08,0.6950145959854126
2007-08-09,0.7032469511032104
2007-08-10,0.6706235408782959
2007-08-13,0.6633059978485107
2007-08-14,0.6890690326690674
2007-08-15,0.6599518060684204
2007-08-16,0.6489752531051636
2007-08-17,0.6872396469116211
2007-08-20,0.6844958066940308
2007-08-21,0.7215408086776733
2007-08-22,0.7380053400993347
2007-08-23,0.731755256652832
2007-08-24,0.7355667352676392
2007-08-27,0.7521830201148987
2007-08-28,0.7062965631484985
2007-08-29,0.7463904023170471
2007-08-30,0.7421216368675232
2007-08-31,0.7799291610717773
2007-09-04,0.8040161728858948
2007-09-05,0.797917902469635
2007-09-06,0.8014247417449951
2007-09-07,0.7721543908119202
2007-09-10,0.7742883563041687
2007-09-11,0.7907528877258301
2007-09-12,0.7596535086631775
2007-09-13,0.7598819732666016
2007-09-14,0.7374719977378845
2007-09-17,0.7358711361885071
2007-09-18,0.8003571033477783
2007-09-19,0.7857221961021423
2007-09-20,0.7811486721038818
2007-09-21,0.7886949777603149
2007-09-24,0.8088181614875793
2007-09-25,0.819108784198761
2007-09-26,0.8385459780693054
2007-09-27,0.8410610556602478
2007-09-28,0.8287129998207092
2007-10-01,0.8636999130249023
2007-10-02,0.8554674386978149
2007-10-03,0.819108784198761
2007-10-04,0.8227672576904297
2007-10-05,0.8444913625717163
2007-10-08,0.8582118153572083
2007-10-09,0.843119204044342
2007-10-10,0.84403395652771
2007-10-11,0.8065313100814819
2007-10-12,0.8261972665786743
2007-10-15,0.8321428894996643
2007-10-16,0.8396888971328735
2007-10-17,0.9041751027107239
2007-10-18,0.9034891128540039
2007-10-19,0.8550103306770325
2007-10-22,0.8954854607582092
2007-10-23,0.8998302817344666
2007-10-24,0.8694167733192444
2007-10-25,0.7934972047805786
2007-10-26,0.7866371273994446
2007-10-29,0.7681141495704651
2007-10-30,0.7962414026260376
2007-10-31,0.8090468049049377
2007-11-01,0.8090468049049377
2007-11-02,0.840146541595459
2007-11-05,0.840146541595459
2007-11-06,0.866672694683075
2007-11-07,0.8255115151405334
2007-11-08,0.7738313674926758
2007-11-09,0.7628547549247742
2007-11-12,0.6867064833641052
2007-11-13,0.7473049163818359
2007-11-14,0.7356426119804382
2007-11-15,0.7258097529411316
2007-11-16,0.7420454025268555
2007-11-19,0.6919663548469543
2007-11-20,0.6867064833641052
2007-11-21,0.6793889403343201
2007-11-23,0.6910514831542969
2007-11-26,0.6750443577766418
2007-11-27,0.7040858268737793
2007-11-28,0.751192569732666
2007-11-29,0.7573667764663696
2007-11-30,0.7212364077568054
2007-12-03,0.731755256652832
2007-12-04,0.7310694456100464
2007-12-05,0.7690288424491882
2007-12-06,0.784578800201416
2007-12-07,0.7747458815574646
2007-12-10,0.7832066416740417
2007-12-11,0.784121572971344
2007-12-12,0.811104953289032
2007-12-13,0.7889235019683838
2007-12-14,0.801957905292511
2007-12-17,0.7610254883766174
2007-12-18,0.7804626822471619
2007-12-19,0.787780225276947
2007-12-20,0.8042446374893188
2007-12-21,0.8040161728858948
2007-12-24,0.818193793296814
2007-12-26,0.8291701078414917
2007-12-27,0.8035587668418884
2007-12-28,0.7955551147460938
2007-12-31,0.7779473662376404
2008-01-02,0.754851222038269
2008-01-03,0.7489058971405029
2008-01-04,0.6860207319259644
2008-01-07,0.6151315569877625
2008-01-08,0.628166139125824
2008-01-09,0.6606377959251404
2008-01-10,0.6469175815582275
2008-01-11,0.6185618042945862
2008-01-14,0.6597230434417725
2008-01-15,0.6112444400787354
2008-01-16,0.5421848893165588
2008-01-17,0.5328093767166138
2008-01-18,0.5680252909660339
2008-01-22,0.539669394493103
2008-01-23,0.5495024919509888
2008-01-24,0.5915784239768982
2008-01-25,0.5705403089523315
2008-01-28,0.5636798739433289
2008-01-29,0.5810593962669373
2008-01-30,0.5760285258293152
2008-01-31,0.5623083710670471
2008-02-01,0.6142171621322632
2008-02-04,0.5950084328651428
2008-02-05,0.5577345490455627
2008-02-06,0.5559051632881165
2008-02-07,0.5613934397697449
2008-02-08,0.571455180644989
2008-02-11,0.5732845067977905
2008-02-12,0.5945512056350708
2008-02-13,0.6178755164146423
2008-02-14,0.5170307159423828
2008-02-15,0.5092558860778809
2008-02-19,0.5017098188400269
2008-02-20,0.49805110692977905
2008-02-21,0.4868457615375519
2008-02-22,0.510399580001831
2008-02-25,0.5101705193519592
2008-02-26,0.5145153403282166
2008-02-27,0.522519052028656
2008-02-28,0.5028529167175293
2008-02-29,0.4891325831413269
2008-03-03,0.48341599106788635
2008-03-04,0.47861358523368835
2008-03-05,0.48410189151763916
2008-03-06,0.45368829369544983
2008-03-07,0.44705668091773987
2008-03-10,0.4214453101158142
2008-03-11,0.43539437651634216
2008-03-12,0.42350339889526367
2008-03-13,0.4504867196083069
2008-03-14,0.4189298450946808
2008-03-17,0.40841081738471985
2008-03-18,0.4337936043739319
2008-03-19,0.4038374423980713
2008-03-20,0.42350339889526367
2008-03-24,0.45803302526474
2008-03-25,0.4646646976470947
2008-03-26,0.44980087876319885
2008-03-27,0.4433978796005249
2008-03-28,0.4500293433666229
2008-03-31,0.45254483819007874
2008-04-01,0.48021435737609863
2008-04-02,0.46557918190956116
2008-04-03,0.45688962936401367
2008-04-04,0.4294488728046417
2008-04-07,0.4397391378879547
2008-04-08,0.43722373247146606
2008-04-09,0.44591325521469116
2008-04-10,0.45460304617881775
2008-04-11,0.4237319827079773
2008-04-14,0.4095543920993805
2008-04-15,0.4143564999103546
2008-04-16,0.43082094192504883
2008-04-17,0.424875408411026
2008-04-18,0.43493688106536865
2008-04-21,0.4543743133544922
2008-04-22,0.44591325521469116
2008-04-23,0.4674084782600403
2008-04-24,0.4562036693096161
2008-04-25,0.4607771635055542
2008-04-28,0.45254483819007874
2008-04-29,0.4619204103946686
2008-04-30,0.46992406249046326
2008-05-01,0.4916479289531708
2008-05-02,0.5149728655815125
2008-05-05,0.5021672248840332
2008-05-06,0.5152014493942261
2008-05-07,0.5033105611801147
2008-05-08,0.5019384026527405
2008-05-09,0.5152014493942261
2008-05-12,0.5005660653114319
2008-05-13,0.49027612805366516
2008-05-14,0.5046825408935547
2008-05-15,0.5437854528427124
2008-05-16,0.5581920146942139
2008-05-19,0.5465294718742371
2008-05-20,0.5323521494865417
2008-05-21,0.5280071496963501
2008-05-22,0.5408128499984741
2008-05-23,0.5284644961357117
2008-05-27,0.5341812968254089
2008-05-28,0.5392121076583862
2008-05-29,0.537839949131012
2008-05-30,0.5648236870765686
2008-06-02,0.5671103000640869
2008-06-03,0.5479016304016113
2008-06-04,0.5543045997619629
2008-06-05,0.5682536959648132
2008-06-06,0.550188422203064
2008-06-09,0.5417274236679077
2008-06-10,0.5097135305404663
2008-06-11,0.4859310984611511
2008-06-12,0.4889039993286133
2008-06-13,0.48730340600013733
2008-06-16,0.4806717038154602
2008-06-17,0.4690093398094177
2008-06-18,0.45528891682624817
2008-06-19,0.4541456401348114
2008-06-20,0.45185887813568115
2008-06-23,0.4424833059310913
2008-06-24,0.4571182429790497
2008-06-25,0.4596336781978607
2008-06-26,0.43608030676841736
2008-06-27,0.4408825635910034
2008-06-30,0.42807674407958984
2008-07-01,0.42876285314559937
2008-07-02,0.4122982919216156
2008-07-03,0.28561317920684814
2008-07-07,0.2766948938369751
2008-07-08,0.275094211101532
2008-07-09,0.270292192697525
2008-07-10,0.2696060538291931
2008-07-11,0.26686200499534607
2008-07-14,0.254742294549942
2008-07-15,0.2574864327907562
2008-07-16,0.25885844230651855
2008-07-17,0.25977304577827454
2008-07-18,0.2643466293811798
2008-07-21,0.265947163105011
2008-07-22,0.2602306008338928
2008-07-23,0.2680053114891052
2008-07-24,0.25222691893577576
2008-07-25,0.2643466293811798
2008-07-28,0.263660728931427
2008-07-29,0.2664046883583069
2008-07-30,0.26251715421676636
2008-07-31,0.261602520942688
2008-08-01,0.24788206815719604
2008-08-04,0.2419365495443344
2008-08-05,0.2558857202529907
2008-08-06,0.2627458870410919
2008-08-07,0.25862976908683777
2008-08-08,0.2515408992767334
2008-08-11,0.2568003237247467
2008-08-12,0.2531415522098541
2008-08-13,0.2803537845611572
2008-08-14,0.2972756028175354
2008-08-15,0.2963610291481018
2008-08-18,0.3023064136505127
2008-08-19,0.3068799078464508
2008-08-20,0.32197239995002747
2008-08-21,0.3114534020423889
2008-08-22,0.31122449040412903
2008-08-25,0.30665120482444763
2008-08-26,0.29933372139930725
2008-08-27,0.30162036418914795
2008-08-28,0.30047690868377686
2008-08-29,0.2890433669090271
2008-09-02,0.28172576427459717
2008-09-03,0.26663318276405334
2008-09-04,0.26297447085380554
2008-09-05,0.26686200499534607
2008-09-08,0.2558857202529907
2008-09-09,0.24719597399234772
2008-09-10,0.2474248856306076
2008-09-11,0.2355336993932724
2008-09-12,0.23301832377910614
2008-09-15,0.2126663774251938
2008-09-16,0.2192978709936142
2008-09-17,0.22867350280284882
2008-09-18,0.24902555346488953
2008-09-19,0.26091650128364563
2008-09-22,0.25542837381362915
2008-09-23,0.24811092019081116
2008-09-24,0.2572576701641083
2008-09-25,0.26228851079940796
2008-09-26,0.2673194110393524
2008-09-29,0.2309602051973343
2008-09-30,0.24490931630134583
2008-10-01,0.23804914951324463
2008-10-02,0.21335236728191376
2008-10-03,0.20649217069149017
2008-10-06,0.1795087605714798
2008-10-07,0.1655595600605011
2008-10-08,0.16898973286151886
2008-10-09,0.15824204683303833
2008-10-10,0.15572670102119446
2008-10-13,0.18408219516277313
2008-10-14,0.1799660623073578
2008-10-15,0.16052883863449097
2008-10-16,0.17607858777046204
2008-10-17,0.1749352663755417
2008-10-20,0.1783652901649475
2008-10-21,0.16464492678642273
2008-10-22,0.15847070515155792
2008-10-23,0.14955246448516846
2008-10-24,0.15115320682525635
2008-10-27,0.15938547253608704
2008-10-28,0.183396115899086
2008-10-29,0.1893416941165924
2008-10-30,0.19734527170658112
2008-10-31,0.20031800866127014
2008-11-03,0.19300049543380737
2008-11-04,0.20534881949424744
2008-11-05,0.19460119307041168
2008-11-06,0.17424917221069336
2008-11-07,0.1994033008813858
2008-11-10,0.18659760057926178
2008-11-11,0.1783652901649475
2008-11-12,0.16784636676311493
2008-11-13,0.1815667748451233
2008-11-14,0.16395887732505798
2008-11-17,0.16052883863449097
2008-11-18,0.1552692949771881
2008-11-19,0.1424635946750641
2008-11-20,0.13491734862327576
2008-11-21,0.14589375257492065
2008-11-24,0.15549801290035248
2008-11-25,0.15984274446964264
2008-11-26,0.17402051389217377
2008-11-28,0.17081910371780396
2008-12-01,0.15618401765823364
2008-12-02,0.16487354040145874
2008-12-03,0.17333455383777618
2008-12-04,0.1619008481502533
2008-12-05,0.16830365359783173
2008-12-08,0.16281555593013763
2008-12-09,0.17859399318695068
2008-12-10,0.19551590085029602
2008-12-11,0.18728360533714294
2008-12-12,0.19665928184986115
2008-12-15,0.19025637209415436
2008-12-16,0.20306213200092316
2008-12-17,0.21312372386455536
2008-12-18,0.19345784187316895
2008-12-19,0.19482986629009247
2008-12-22,0.183396115899086
2008-12-23,0.18088077008724213
2008-12-24,0.1765359491109848
2008-12-26,0.17173375189304352
2008-12-29,0.17722196877002716
2008-12-30,0.183396115899086
2008-12-31,0.1845395267009735
2009-01-02,0.19917456805706024
2009-01-05,0.20283342897891998
2009-01-06,0.20969361066818237
2009-01-07,0.19711653888225555
2009-01-08,0.19208574295043945
2009-01-09,0.1813381016254425
2009-01-12,0.17402051389217377
2009-01-13,0.1749352663755417
2009-01-14,0.16716033220291138
2009-01-15,0.17310582101345062
2009-01-16,0.18271012604236603
2009-01-20,0.16487354040145874
2009-01-21,0.17287710309028625
2009-01-22,0.1696757674217224
2009-01-23,0.17630726099014282
2009-01-26,0.18225276470184326
2009-01-27,0.19300049543380737
2009-01-28,0.2010040432214737
2009-01-29,0.1893416941165924
2009-01-30,0.18179547786712646
2009-02-02,0.19162844121456146
2009-02-03,0.19391515851020813
2009-02-04,0.1994033008813858
2009-02-05,0.21403837203979492
2009-02-06,0.22570081055164337
2009-02-09,0.222727969288826
2009-02-10,0.21312372386455536
2009-02-11,0.1863689124584198
2009-02-12,0.19025637209415436
2009-02-13,0.19002765417099
2009-02-17,0.17905139923095703
2009-02-18,0.18385353684425354
2009-02-19,0.1696757674217224
2009-02-20,0.17402051389217377
2009-02-23,0.16601699590682983
2009-02-24,0.18088077008724213
2009-02-25,0.182938814163208
2009-02-26,0.18888428807258606
2009-02-27,0.1893416941165924
2009-03-02,0.17333455383777618
2009-03-03,0.1801946759223938
2009-03-04,0.19345784187316895
2009-03-05,0.18888428807258606
2009-03-06,0.19185703992843628
2009-03-09,0.18979905545711517
2009-03-10,0.20694951713085175
2009-03-11,0.2126663774251938
2009-03-12,0.22524335980415344
2009-03-13,0.2241000235080719
2009-03-16,0.21541047096252441
2009-03-17,0.22615808248519897
2009-03-18,0.23324701189994812
2009-03-19,0.2305028885602951
2009-03-20,0.21792584657669067
2009-03-23,0.23370423913002014
2009-03-24,0.22364266216754913
2009-03-25,0.22730152308940887
2009-03-26,0.24147926270961761
2009-03-27,0.23919254541397095
2009-03-30,0.2238713651895523
2009-03-31,0.2254720777273178
2009-04-01,0.23118892312049866
2009-04-02,0.2419365495443344
2009-04-03,0.25885844230651855
2009-04-06,0.2595444321632385
2009-04-07,0.2506260573863983
2009-04-08,0.26091650128364563
2009-04-09,0.27532294392585754
2009-04-13,0.2664046883583069
2009-04-14,0.2680053114891052
2009-04-15,0.26045912504196167
2009-04-16,0.26709064841270447
2009-04-17,0.268919974565506
2009-04-20,0.2526841461658478
2009-04-21,0.2519982159137726
2009-04-22,0.2595444321632385
2009-04-23,0.25542837381362915
2009-04-24,0.2613737881183624
2009-04-27,0.2519982159137726
2009-04-28,0.2526841461658478
2009-04-29,0.24879662692546844
2009-04-30,0.26251715421676636
2009-05-01,0.26686200499534607
2009-05-04,0.281268447637558
2009-05-05,0.2698346972465515
2009-05-06,0.2643466293811798
2009-05-07,0.24536660313606262
2009-05-08,0.21152299642562866
2009-05-11,0.2156391143798828
2009-05-12,0.20534881949424744
2009-05-13,0.19208574295043945
2009-05-14,0.19482986629009247
2009-05-15,0.19986064732074738
2009-05-18,0.21198034286499023
2009-05-19,0.21609646081924438
2009-05-20,0.2224993258714676
2009-05-21,0.22112728655338287
2009-05-22,0.22455735504627228
2009-05-26,0.23667706549167633
2009-05-27,0.23713445663452148
2009-05-28,0.2403358519077301
2009-05-29,0.2385064959526062
2009-06-01,0.2501687705516815
2009-06-02,0.24811092019081116
2009-06-03,0.2403358519077301
2009-06-04,0.24902555346488953
2009-06-05,0.2476533204317093
2009-06-08,0.24628137052059174
2009-06-09,0.25977304577827454
2009-06-10,0.2680053114891052
2009-06-11,0.26457518339157104
2009-06-12,0.2632032036781311
2009-06-15,0.25885844230651855
2009-06-16,0.251769483089447
2009-06-17,0.25794368982315063
2009-06-18,0.2529129385948181
2009-06-19,0.25565698742866516
2009-06-22,0.24125052988529205
2009-06-23,0.24010717868804932
2009-06-24,0.24811092019081116
2009-06-25,0.2611452341079712
2009-06-26,0.26457518339157104
2009-06-29,0.26457518339157104
2009-06-30,0.25817233324050903
2009-07-01,0.25931569933891296
2009-07-02,0.249254047870636
2009-07-06,0.24125052988529205
2009-07-07,0.2307315468788147
2009-07-08,0.23118892312049866
2009-07-09,0.23621973395347595
2009-07-10,0.23713445663452148
2009-07-13,0.2398786097764969
2009-07-14,0.24490931630134583
2009-07-15,0.25497105717658997
2009-07-16,0.26823410391807556
2009-07-17,0.27600884437561035
2009-07-20,0.2794390022754669
2009-07-21,0.2737223207950592
2009-07-22,0.2805824279785156
2009-07-23,0.2972756028175354
2009-07-24,0.2963610291481018
2009-07-27,0.297732949256897
2009-07-28,0.2981903851032257
2009-07-29,0.29224473237991333
2009-07-30,0.29453131556510925
2009-07-31,0.2956748604774475
2009-08-03,0.3036784529685974
2009-08-04,0.3057364225387573
2009-08-05,0.3064223527908325
2009-08-06,0.30001968145370483
2009-08-07,0.31351137161254883
2009-08-10,0.30322110652923584
2009-08-11,0.29613232612609863
2009-08-12,0.3071085810661316
2009-08-13,0.31625550985336304
2009-08-14,0.3068799078464508
2009-08-17,0.294074147939682
2009-08-18,0.30482175946235657
2009-08-19,0.3013916313648224
2009-08-20,0.31328266859054565
2009-08-21,0.31854215264320374
2009-08-24,0.3096238970756531
2009-08-25,0.3123680353164673
2009-08-26,0.31602683663368225
2009-08-27,0.32037150859832764
2009-08-28,0.33683598041534424
2009-08-31,0.33203399181365967
2009-09-01,0.320828914642334
2009-09-02,0.3254024088382721
2009-09-03,0.3331772983074188
2009-09-04,0.34552574157714844
2009-09-08,0.35512980818748474
2009-09-09,0.36496293544769287
2009-09-10,0.37662529945373535
2009-09-11,0.37319520115852356
2009-09-14,0.36702099442481995
2009-09-15,0.3745672106742859
2009-09-16,0.3645055294036865
2009-09-17,0.3484983444213867
2009-09-18,0.34804102778434753
2009-09-21,0.3464401960372925
2009-09-22,0.3471262454986572
2009-09-23,0.3416382074356079
2009-09-24,0.3370647728443146
2009-09-25,0.3315766155719757
2009-09-28,0.33912280201911926
2009-09-29,0.33294859528541565
2009-09-30,0.3436962068080902
2009-10-01,0.31922826170921326
2009-10-02,0.31671276688575745
2009-10-05,0.31511205434799194
2009-10-06,0.32037150859832764
2009-10-07,0.31785616278648376
2009-10-08,0.319914311170578
2009-10-09,0.32403045892715454
2009-10-12,0.32037150859832764
2009-10-13,0.31922826170921326
2009-10-14,0.3187709450721741
2009-10-15,0.30939528346061707
2009-10-16,0.3023064136505127
2009-10-19,0.31328266859054565
2009-10-20,0.31351137161254883
2009-10-21,0.3059651553630829
2009-10-22,0.30802327394485474
2009-10-23,0.3007057011127472
2009-10-26,0.29681825637817383
2009-10-27,0.28675663471221924
2009-10-28,0.27486559748649597
2009-10-29,0.2869853377342224
2009-10-30,0.27349358797073364
2009-11-02,0.27600884437561035
2009-11-03,0.274636834859848
2009-11-04,0.27395081520080566
2009-11-05,0.2805824279785156
2009-11-06,0.300934374332428
2009-11-09,0.3077944815158844
2009-11-10,0.3002483546733856
2009-11-11,0.3087092339992523
2009-11-12,0.3077944815158844
2009-11-13,0.31008124351501465
2009-11-16,0.31442609429359436
2009-11-17,0.31396883726119995
2009-11-18,0.3091665208339691
2009-11-19,0.29681825637817383
2009-11-20,0.2949886918067932
2009-11-23,0.2972756028175354
2009-11-24,0.2954462766647339
2009-11-25,0.2988763749599457
2009-11-27,0.2924734950065613
2009-11-30,0.29864755272865295
2009-12-01,0.30459311604499817
2009-12-02,0.3137400150299072
2009-12-03,0.31625550985336304
2009-12-04,0.32608839869499207
2009-12-07,0.36793556809425354
2009-12-08,0.350099116563797
2009-12-09,0.3587888777256012
2009-12-10,0.352385938167572
2009-12-11,0.34781232476234436
2009-12-14,0.3583312928676605
2009-12-15,0.3578740060329437
2009-12-16,0.38668695092201233
2009-12-17,0.38485750555992126
2009-12-18,0.38462886214256287
2009-12-21,0.3983491361141205
2009-12-22,0.4088682234287262
2009-12-23,0.41458505392074585
2009-12-24,0.41367030143737793
2009-12-28,0.4070385992527008
2009-12-29,0.412069708108902
2009-12-30,0.4269334673881531
2009-12-31,0.4271620810031891
2010-01-04,0.4228173494338989
2010-01-05,0.4289913773536682
2010-01-06,0.4317355453968048
2010-01-07,0.4232746362686157
2010-01-08,0.4241894483566284
2010-01-11,0.41824379563331604
2010-01-12,0.40406614542007446
2010-01-13,0.4095543920993805
2010-01-14,0.4031514823436737
2010-01-15,0.3912603259086609
2010-01-19,0.3985779285430908
2010-01-20,0.3969770669937134
2010-01-21,0.38988828659057617
2010-01-22,0.3763965964317322
2010-01-25,0.3827994465827942
2010-01-26,0.3706798553466797
2010-01-27,0.3807414174079895
2010-01-28,0.36793556809425354
2010-01-29,0.35192859172821045
2010-02-01,0.3789120316505432
2010-02-02,0.3827994465827942
2010-02-03,0.38600099086761475
2010-02-04,0.36359095573425293
2010-02-05,0.3709084987640381
2010-02-08,0.37022244930267334
2010-02-09,0.36724966764450073
2010-02-10,0.37433844804763794
2010-02-11,0.39148905873298645
2010-02-12,0.3967486023902893
2010-02-16,0.40406614542007446
2010-02-17,0.40795373916625977
2010-02-18,0.38119879364967346
2010-02-19,0.37914055585861206
2010-02-22,0.37982675433158875
2010-02-23,0.3706798553466797
2010-02-24,0.3784545361995697
2010-02-25,0.37502458691596985
2010-02-26,0.37045106291770935
2010-03-01,0.38531485199928284
2010-03-02,0.38508617877960205
2010-03-03,0.3802841305732727
2010-03-04,0.38096994161605835
2010-03-05,0.39263245463371277
2010-03-08,0.3869156837463379
2010-03-09,0.40132197737693787
2010-03-10,0.4022367000579834
2010-03-11,0.3930897116661072
2010-03-12,0.3944617509841919
2010-03-15,0.392403781414032
2010-03-16,0.4061242640018463
2010-03-17,0.4138990342617035
2010-03-18,0.3992639183998108
2010-03-19,0.3944617509841919
2010-03-22,0.4008646011352539
2010-03-23,0.409096896648407
2010-03-24,0.39537644386291504
2010-03-25,0.39651989936828613
2010-03-26,0.39651989936828613
2010-03-29,0.4015507102012634
2010-03-30,0.4031514823436737
2010-03-31,0.3978918492794037
2010-04-01,0.39377573132514954
2010-04-05,0.39972129464149475
2010-04-06,0.38988828659057617
2010-04-07,0.392403781414032
2010-04-08,0.38600099086761475
2010-04-09,0.38851624727249146
2010-04-12,0.39560532569885254
2010-04-13,0.4038374423980713
2010-04-14,0.4088682234287262
2010-04-15,0.4118410348892212
2010-04-16,0.39011695981025696
2010-04-19,0.38828760385513306
2010-04-20,0.38965973258018494
2010-04-21,0.37959811091423035
2010-04-22,0.38119879364967346
2010-04-23,0.3759394884109497
2010-04-26,0.37959811091423035
2010-04-27,0.36885035037994385
2010-04-28,0.3695363998413086
2010-04-29,0.3807414174079895
2010-04-30,0.35924598574638367
2010-05-03,0.35535863041877747
2010-05-04,0.33729347586631775
2010-05-05,0.3315766155719757
2010-05-06,0.3247164785861969
2010-05-07,0.31922826170921326
2010-05-10,0.33294859528541565
2010-05-11,0.32928985357284546
2010-05-12,0.33569273352622986
2010-05-13,0.3350066840648651
2010-05-14,0.2963610291481018
2010-05-17,0.297046959400177
2010-05-18,0.28721389174461365
2010-05-19,0.2917875051498413
2010-05-20,0.2849271893501282
2010-05-21,0.2911013662815094
2010-05-24,0.2826404869556427
2010-05-25,0.29018670320510864
2010-05-26,0.29155871272087097
2010-05-27,0.3087092339992523
2010-05-28,0.30047690868377686
2010-06-01,0.28767120838165283
2010-06-02,0.2908726930618286
2010-06-03,0.2904154062271118
2010-06-04,0.2766948938369751
2010-06-07,0.26297447085380554
2010-06-08,0.25565698742866516
2010-06-09,0.24948281049728394
2010-06-10,0.2595444321632385
2010-06-11,0.2654900550842285
2010-06-14,0.25977304577827454
2010-06-15,0.2725788354873657
2010-06-16,0.26914873719215393
2010-06-17,0.2794390022754669
2010-06-18,0.281268447637558
2010-06-21,0.274636834859848
2010-06-22,0.2643466293811798
2010-06-23,0.2673194110393524
2010-06-24,0.25405624508857727
2010-06-25,0.2533703148365021
2010-06-28,0.2538275718688965
2010-06-29,0.23964978754520416
2010-06-30,0.23347564041614532
2010-07-01,0.23736310005187988
2010-07-02,0.2343902587890625
2010-07-06,0.2318749874830246
2010-07-07,0.24307993054389954
2010-07-08,0.23576238751411438
2010-07-09,0.23667706549167633
2010-07-12,0.24102184176445007
2010-07-13,0.24971136450767517
2010-07-14,0.25222691893577576
2010-07-15,0.24513806402683258
2010-07-16,0.22981683909893036
2010-07-19,0.23919254541397095
2010-07-20,0.24513806402683258
2010-07-21,0.23713445663452148
2010-07-22,0.24102184176445007
2010-07-23,0.23690573871135712
2010-07-26,0.24125052988529205
2010-07-27,0.23919254541397095
2010-07-28,0.23164623975753784
2010-07-29,0.20877884328365326
2010-07-30,0.21015101671218872
2010-08-02,0.20992222428321838
2010-08-03,0.2044341117143631
2010-08-04,0.21312372386455536
2010-08-05,0.2158677726984024
2010-08-06,0.21838320791721344
2010-08-09,0.2204412817955017
2010-08-10,0.21129432320594788
2010-08-11,0.20306213200092316
2010-08-12,0.2048914134502411
2010-08-13,0.21472443640232086
2010-08-16,0.2092362642288208
2010-08-17,0.21198034286499023
2010-08-18,0.21312372386455536
2010-08-19,0.22592943906784058
2010-08-20,0.22798745334148407
2010-08-23,0.22455735504627228
2010-08-24,0.22227060794830322
2010-08-25,0.22684414684772491
2010-08-26,0.2241000235080719
2010-08-27,0.23141762614250183
2010-08-30,0.2204412817955017
2010-08-31,0.21335236728191376
2010-09-01,0.21495306491851807
2010-09-02,0.21884053945541382
2010-09-03,0.22638680040836334
2010-09-07,0.22844481468200684
2010-09-08,0.23599104583263397
2010-09-09,0.23278959095478058
2010-09-10,0.2302742302417755
2010-09-13,0.2433086335659027
2010-09-14,0.24102184176445007
2010-09-15,0.24147926270961761
2010-09-16,0.24170799553394318
2010-09-17,0.24125052988529205
2010-09-20,0.24490931630134583
2010-09-21,0.25817233324050903
2010-09-22,0.26045912504196167
2010-09-23,0.2657186985015869
2010-09-24,0.2803537845611572
2010-09-27,0.27440834045410156
2010-09-28,0.2737223207950592
2010-09-29,0.2716640830039978
2010-09-30,0.26709064841270447
2010-10-01,0.2595444321632385
2010-10-04,0.2570289671421051
2010-10-05,0.25885844230651855
2010-10-06,0.24651005864143372
2010-10-07,0.24468065798282623
2010-10-08,0.24833932518959045
2010-10-11,0.24719597399234772
2010-10-12,0.2519982159137726
2010-10-13,0.25931569933891296
2010-10-14,0.2551997900009155
2010-10-15,0.25817233324050903
2010-10-18,0.25977304577827454
2010-10-19,0.25817233324050903
2010-10-20,0.25817233324050903
2010-10-21,0.2535988390445709
2010-10-22,0.2698346972465515
2010-10-25,0.27235013246536255
2010-10-26,0.2714354693889618
2010-10-27,0.27532294392585754
2010-10-28,0.2755516767501831
2010-10-29,0.27486559748649597
2010-11-01,0.27532294392585754
2010-11-02,0.28103968501091003
2010-11-03,0.28309789299964905
2010-11-04,0.28355515003204346
2010-11-05,0.28835737705230713
2010-11-08,0.2895006239414215
2010-11-09,0.287899911403656
2010-11-10,0.2913300395011902
2010-11-11,0.28835737705230713
2010-11-12,0.30322110652923584
2010-11-15,0.29956233501434326
2010-11-16,0.29064399003982544
2010-11-17,0.2954462766647339
2010-11-18,0.30459311604499817
2010-11-19,0.31442609429359436
2010-11-22,0.3146548271179199
2010-11-23,0.30733722448349
2010-11-24,0.31488341093063354
2010-11-26,0.31099602580070496
2010-11-29,0.31442609429359436
2010-11-30,0.31122449040412903
2010-12-01,0.32494503259658813
2010-12-02,0.3288325369358063
2010-12-03,0.3382081687450409
2010-12-06,0.33180516958236694
2010-12-07,0.34255290031433105
2010-12-08,0.34552574157714844
2010-12-09,0.33980879187583923
2010-12-10,0.3418669104576111
2010-12-13,0.3331772983074188
2010-12-14,0.3336346447467804
2010-12-15,0.32631704211235046
2010-12-16,0.3267744779586792
2010-12-17,0.3286038339138031
2010-12-20,0.32723164558410645
2010-12-21,0.34003746509552
2010-12-22,0.3436962068080902
2010-12-23,0.34118086099624634
2010-12-27,0.3430103659629822
2010-12-28,0.3416382074356079
2010-12-29,0.3416382074356079
2010-12-30,0.34278157353401184
2010-12-31,0.3521571755409241
2011-01-03,0.36176154017448425
2011-01-04,0.3606182038784027
2011-01-05,0.38828760385513306
2011-01-06,0.442025750875473
2011-01-07,0.4543743133544922
2011-01-10,0.4717533588409424
2011-01-11,0.4644359052181244
2011-01-12,0.5339526534080505
2011-01-13,0.5348671674728394
2011-01-14,0.5394407510757446
2011-01-18,0.526863694190979
2011-01-19,0.5124570727348328
2011-01-20,0.512914776802063
2011-01-21,0.5081124901771545
2011-01-24,0.5655099153518677
2011-01-25,0.548130452632904
2011-01-26,0.5611648559570312
2011-01-27,0.5595642328262329
2011-01-28,0.5433281660079956
2011-01-31,0.5469871759414673
2011-02-01,0.5595642328262329
2011-02-02,0.5849469900131226
2011-02-03,0.5739706754684448
2011-02-04,0.5870048403739929
2011-02-07,0.562536895275116
2011-02-08,0.5458436012268066
2011-02-09,0.5325803160667419
2011-02-10,0.5218330025672913
2011-02-11,0.5366964936256409
2011-02-14,0.5284644961357117
2011-02-15,0.5156585574150085
2011-02-16,0.5346388220787048
2011-02-17,0.5872336626052856
2011-02-18,0.5860902070999146
2011-02-22,0.5307512879371643
2011-02-23,0.5055970549583435
2011-02-24,0.5179454684257507
2011-02-25,0.5286932587623596
2011-02-28,0.5181741118431091
2011-03-01,0.4950779676437378
2011-03-02,0.47449758648872375
2011-03-03,0.4772416651248932
2011-03-04,0.47472620010375977
2011-03-07,0.4680945873260498
2011-03-08,0.44705668091773987
2011-03-09,0.43768107891082764
2011-03-10,0.4097828269004822
2011-03-11,0.4127557575702667
2011-03-14,0.41618579626083374
2011-03-15,0.4038374423980713
2011-03-16,0.4008646011352539
2011-03-17,0.40841081738471985
2011-03-18,0.40292268991470337
2011-03-21,0.4061242640018463
2011-03-22,0.39903533458709717
2011-03-23,0.40726757049560547
2011-03-24,0.4397391378879547
2011-03-25,0.42601877450942993
2011-03-28,0.4417973458766937
2011-03-29,0.4383671283721924
2011-03-30,0.4219025671482086
2011-03-31,0.42213141918182373
2011-04-01,0.41618579626083374
2011-04-04,0.40132197737693787
2011-04-05,0.4020080864429474
2011-04-06,0.3992639183998108
2011-04-07,0.4138990342617035
2011-04-08,0.40132197737693787
2011-04-11,0.39606255292892456
2011-04-12,0.39720582962036133
2011-04-13,0.4061242640018463
2011-04-14,0.4232746362686157
2011-04-15,0.427848219871521
2011-04-18,0.41367030143737793
2011-04-19,0.412069708108902
2011-04-20,0.4246467351913452
2011-04-21,0.42350339889526367
2011-04-25,0.4301348030567169
2011-04-26,0.44133996963500977
2011-04-27,0.44133996963500977
2011-04-28,0.4461420774459839
2011-04-29,0.45734700560569763
2011-05-02,0.4511728584766388
2011-05-03,0.42967739701271057
2011-05-04,0.42647603154182434
2011-05-05,0.4267047345638275
2011-05-06,0.4417973458766937
2011-05-09,0.45163020491600037
2011-05-10,0.45231616497039795
2011-05-11,0.4543743133544922
2011-05-12,0.468780517578125
2011-05-13,0.4175576865673065
2011-05-16,0.404752254486084
2011-05-17,0.4031514823436737
2011-05-18,0.4125271141529083
2011-05-19,0.4065815508365631
2011-05-20,0.41367030143737793
2011-05-23,0.4132131040096283
2011-05-24,0.41481390595436096
2011-05-25,0.41984444856643677
2011-05-26,0.4303635358810425
2011-05-27,0.44591325521469116
2011-05-31,0.4582616090774536
2011-06-01,0.43768107891082764
2011-06-02,0.4356229603290558
2011-06-03,0.42213141918182373
2011-06-06,0.4132131040096283
2011-06-07,0.41298434138298035
2011-06-08,0.4017793834209442
2011-06-09,0.39720582962036133
2011-06-10,0.39148905873298645
2011-06-13,0.3887450098991394
2011-06-14,0.3919464647769928
2011-06-15,0.38348546624183655
2011-06-16,0.37022244930267334
2011-06-17,0.3615328073501587
2011-06-20,0.35718798637390137
2011-06-21,0.36496293544769287
2011-06-22,0.3599321246147156
2011-06-23,0.3706798553466797
2011-06-24,0.3599321246147156
2011-06-27,0.352385938167572
2011-06-28,0.3544439375400543
2011-06-29,0.3599321246147156
2011-06-30,0.3645055294036865
2011-07-01,0.3693076968193054
2011-07-05,0.3631335496902466
2011-07-06,0.3583312928676605
2011-07-07,0.35970351099967957
2011-07-08,0.35284319519996643
2011-07-11,0.34049490094184875
2011-07-12,0.33592143654823303
2011-07-13,0.3352353572845459
2011-07-14,0.32197239995002747
2011-07-15,0.3224296569824219
2011-07-18,0.31556937098503113
2011-07-19,0.3251737058162689
2011-07-20,0.32105767726898193
2011-07-21,0.3361501097679138
2011-07-22,0.3430103659629822
2011-07-25,0.3375221788883209
2011-07-26,0.32928985357284546
2011-07-27,0.31694141030311584
2011-07-28,0.31625550985336304
2011-07-29,0.31625550985336304
2011-08-01,0.3331772983074188
2011-08-02,0.3297470808029175
2011-08-03,0.3386653959751129
2011-08-04,0.3064223527908325
2011-08-05,0.29613232612609863
2011-08-08,0.2728075087070465
2011-08-09,0.2956748604774475
2011-08-10,0.28218311071395874
2011-08-11,0.30665120482444763
2011-08-12,0.29453131556510925
2011-08-15,0.3057364225387573
2011-08-16,0.297046959400177
2011-08-17,0.2929307520389557
2011-08-18,0.2730361521244049
2011-08-19,0.26823410391807556
2011-08-22,0.2730361521244049
2011-08-23,0.3025350272655487
2011-08-24,0.2981903851032257
2011-08-25,0.28538456559181213
2011-08-26,0.2975042164325714
2011-08-29,0.30550774931907654
2011-08-30,0.31282541155815125
2011-08-31,0.30436450242996216
2011-09-01,0.3036784529685974
2011-09-02,0.2954462766647339
2011-09-06,0.3013916313648224
2011-09-07,0.3258596658706665
2011-09-08,0.32425904273986816
2011-09-09,0.3173988163471222
2011-09-12,0.32494503259658813
2011-09-13,0.33226263523101807
2011-09-14,0.3494131565093994
2011-09-15,0.3544439375400543
2011-09-16,0.3535292446613312
2011-09-19,0.34621164202690125
2011-09-20,0.33729347586631775
2011-09-21,0.3308906555175781
2011-09-22,0.30893775820732117
2011-09-23,0.31534090638160706
2011-09-26,0.31602683663368225
2011-09-27,0.31648409366607666
2011-09-28,0.3068799078464508
2011-09-29,0.29933372139930725
2011-09-30,0.2860705852508545
2011-10-03,0.27006348967552185
2011-10-04,0.2949886918067932
2011-10-05,0.30550774931907654
2011-10-06,0.31762754917144775
2011-10-07,0.32357287406921387
2011-10-10,0.3379794657230377
2011-10-11,0.33432066440582275
2011-10-12,0.33409199118614197
2011-10-13,0.3535292446613312
2011-10-14,0.35947471857070923
2011-10-17,0.3416382074356079
2011-10-18,0.3539866507053375
2011-10-19,0.34689778089523315
2011-10-20,0.3295184373855591
2011-10-21,0.3311191201210022
2011-10-24,0.34346750378608704
2011-10-25,0.3304331600666046
2011-10-26,0.33432066440582275
2011-10-27,0.3487270474433899
2011-10-28,0.356730580329895
2011-10-31,0.33843669295310974
2011-11-01,0.3215150535106659
2011-11-02,0.31602683663368225
2011-11-03,0.3350066840648651
2011-11-04,0.33889418840408325
2011-11-07,0.3370647728443146
2011-11-08,0.3448396325111389
2011-11-09,0.3274604380130768
2011-11-10,0.3308906555175781
2011-11-11,0.34255290031433105
2011-11-14,0.33592143654823303
2011-11-15,0.34026622772216797
2011-11-16,0.3334059417247772
2011-11-17,0.3215150535106659
2011-11-18,0.31854215264320374
2011-11-21,0.33454933762550354
2011-11-22,0.3448396325111389
2011-11-23,0.330204576253891
2011-11-25,0.32105767726898193
2011-11-28,0.33912280201911926
2011-11-29,0.3409522473812103
2011-11-30,0.35741665959358215
2011-12-01,0.36176154017448425
2011-12-02,0.35947471857070923
2011-12-05,0.3539866507053375
2011-12-06,0.34895583987236023
2011-12-07,0.34689778089523315
2011-12-08,0.33592143654823303
2011-12-09,0.34072354435920715
2011-12-12,0.33226263523101807
2011-12-13,0.32311558723449707
2011-12-14,0.3105385899543762
2011-12-15,0.3077944815158844
2011-12-16,0.30893775820732117
2011-12-19,0.300934374332428
2011-12-20,0.31785616278648376
2011-12-21,0.3137400150299072
2011-12-22,0.32723164558410645
2011-12-23,0.32403045892715454
2011-12-27,0.3215150535106659
2011-12-28,0.31351137161254883
2011-12-29,0.31945690512657166
2011-12-30,0.31694141030311584
2012-01-03,0.32105767726898193
2012-01-04,0.3247164785861969
2012-01-05,0.33637866377830505
2012-01-06,0.33249130845069885
2012-01-09,0.33249130845069885
2012-01-10,0.3311191201210022
2012-01-11,0.3244876265525818
2012-01-12,0.3224296569824219
2012-01-13,0.31396883726119995
2012-01-17,0.3091665208339691
2012-01-18,0.3196854889392853
2012-01-19,0.3281465470790863
2012-01-20,0.3251737058162689
2012-01-23,0.33409199118614197
2012-01-24,0.3416382074356079
2012-01-25,0.33958014845848083
2012-01-26,0.33637866377830505
2012-01-27,0.3409522473812103
2012-01-30,0.33843669295310974
2012-01-31,0.33775070309638977
2012-02-01,0.3414096236228943
2012-02-02,0.3542152941226959
2012-02-03,0.36176154017448425
2012-02-06,0.3590175211429596
2012-02-07,0.3599321246147156
2012-02-08,0.37296655774116516
2012-02-09,0.3727378249168396
2012-02-10,0.36359095573425293
2012-02-13,0.3693076968193054
2012-02-14,0.3713657855987549
2012-02-15,0.369765043258667
2012-02-16,0.3761678636074066
2012-02-17,0.3624475300312042
2012-02-21,0.3642769455909729
2012-02-22,0.36176154017448425
2012-02-23,0.3638194799423218
2012-02-24,0.3610755205154419
2012-02-27,0.3537580072879791
2012-02-28,0.35055652260780334
2012-02-29,0.3464401960372925
2012-03-01,0.3487270474433899
2012-03-02,0.3516998887062073
2012-03-05,0.33980879187583923
2012-03-06,0.33660730719566345
2012-03-07,0.3386653959751129
2012-03-08,0.33980879187583923
2012-03-09,0.33889418840408325
2012-03-12,0.3336346447467804
2012-03-13,0.3382081687450409
2012-03-14,0.3286038339138031
2012-03-15,0.3334059417247772
2012-03-16,0.33386340737342834
2012-03-19,0.33477795124053955
2012-03-20,0.32928985357284546
2012-03-21,0.3306620121002197
2012-03-22,0.330204576253891
2012-03-23,0.332720011472702
2012-03-26,0.33660730719566345
2012-03-27,0.33889418840408325
2012-03-28,0.34666910767555237
2012-03-29,0.34826982021331787
2012-03-30,0.3521571755409241
2012-04-02,0.35055652260780334
2012-04-03,0.3448396325111389
2012-04-04,0.3350066840648651
2012-04-05,0.33454933762550354
2012-04-09,0.330204576253891
2012-04-10,0.3238016963005066
2012-04-11,0.32791775465011597
2012-04-12,0.33569273352622986
2012-04-13,0.3238016963005066
2012-04-16,0.319914311170578
2012-04-17,0.3206001818180084
2012-04-18,0.3171702027320862
2012-04-19,0.3123680353164673
2012-04-20,0.30619382858276367
2012-04-23,0.3025350272655487
2012-04-24,0.293159544467926
2012-04-25,0.2991049289703369
2012-04-26,0.29933372139930725
2012-04-27,0.29681825637817383
2012-04-30,0.2972756028175354
2012-05-01,0.3025350272655487
2012-05-02,0.29384538531303406
2012-05-03,0.2888146936893463
2012-05-04,0.2803537845611572
2012-05-07,0.28515589237213135
2012-05-08,0.2849271893501282
2012-05-09,0.2860705852508545
2012-05-10,0.28401264548301697
2012-05-11,0.30207768082618713
2012-05-14,0.3002483546733856
2012-05-15,0.2972756028175354
2012-05-16,0.2913300395011902
2012-05-17,0.2892720401287079
2012-05-18,0.2762375771999359
2012-05-21,0.28103968501091003
2012-05-22,0.27760958671569824
2012-05-23,0.284469872713089
2012-05-24,0.27692362666130066
2012-05-25,0.28355515003204346
2012-05-29,0.2908726930618286
2012-05-30,0.2874426543712616
2012-05-31,0.2842412292957306
2012-06-01,0.27395081520080566
2012-06-04,0.26823410391807556
2012-06-05,0.27600884437561035
2012-06-06,0.28332650661468506
2012-06-07,0.2718927264213562
2012-06-08,0.27715229988098145
2012-06-11,0.2803537845611572
2012-06-12,0.2860705852508545
2012-06-13,0.2785244584083557
2012-06-14,0.275094211101532
2012-06-15,0.28103968501091003
2012-06-18,0.28355515003204346
2012-06-19,0.3027637302875519
2012-06-20,0.3075657784938812
2012-06-21,0.2936168313026428
2012-06-22,0.2972756028175354
2012-06-25,0.287899911403656
2012-06-26,0.2911013662815094
2012-06-27,0.30047690868377686
2012-06-28,0.3027637302875519
2012-06-29,0.31602683663368225
2012-07-02,0.3075657784938812
2012-07-03,0.31556937098503113
2012-07-05,0.3123680353164673
2012-07-06,0.3064223527908325
2012-07-09,0.3023064136505127
2012-07-10,0.293159544467926
2012-07-11,0.28835737705230713
2012-07-12,0.28355515003204346
2012-07-13,0.28721389174461365
2012-07-16,0.28812867403030396
2012-07-17,0.2828691005706787
2012-07-18,0.29864755272865295
2012-07-19,0.30162036418914795
2012-07-20,0.2929307520389557
2012-07-23,0.29681825637817383
2012-07-24,0.2936168313026428
2012-07-25,0.29933372139930725
2012-07-26,0.3007057011127472
2012-07-27,0.30825191736221313
2012-07-30,0.30482175946235657
2012-07-31,0.3096238970756531
2012-08-01,0.30619382858276367
2012-08-02,0.30733722448349
2012-08-03,0.3137400150299072
2012-08-06,0.32037150859832764
2012-08-07,0.32357287406921387
2012-08-08,0.3254024088382721
2012-08-09,0.33637866377830505
2012-08-10,0.33432066440582275
2012-08-13,0.3386653959751129
2012-08-14,0.3336346447467804
2012-08-15,0.3311191201210022
2012-08-16,0.3379794657230377
2012-08-17,0.3350066840648651
2012-08-20,0.3350066840648651
2012-08-21,0.33409199118614197
2012-08-22,0.33477795124053955
2012-08-23,0.32723164558410645
2012-08-24,0.33386340737342834
2012-08-27,0.3281465470790863
2012-08-28,0.3267744779586792
2012-08-29,0.3274604380130768
2012-08-30,0.32128629088401794
2012-08-31,0.320828914642334
2012-09-04,0.3036784529685974
2012-09-05,0.30459311604499817
2012-09-06,0.31396883726119995
2012-09-07,0.3064223527908325
2012-09-10,0.3036784529685974
2012-09-11,0.30733722448349
2012-09-12,0.31076717376708984
2012-09-13,0.31282541155815125
2012-09-14,0.31648409366607666
2012-09-17,0.3077944815158844
2012-09-18,0.30985262989997864
2012-09-19,0.31351137161254883
2012-09-20,0.31122449040412903
2012-09-21,0.3125966191291809
2012-09-24,0.3123680353164673
2012-09-25,0.30665120482444763
2012-09-26,0.3013916313648224
2012-09-27,0.3036784529685974
2012-09-28,0.3050503730773926
2012-10-01,0.30001968145370483
2012-10-02,0.30116307735443115
2012-10-03,0.2981903851032257
2012-10-04,0.3114534020423889
2012-10-05,0.3041357100009918
2012-10-08,0.30116307735443115
2012-10-09,0.29476022720336914
2012-10-10,0.28972938656806946
2012-10-11,0.2913300395011902
2012-10-12,0.2888146936893463
2012-10-15,0.2924734950065613
2012-10-16,0.300934374332428
2012-10-17,0.29864755272865295
2012-10-18,0.294074147939682
2012-10-19,0.27692362666130066
2012-10-22,0.2737223207950592
2012-10-23,0.28195446729660034
2012-10-24,0.2782955765724182
2012-10-25,0.2785244584083557
2012-10-26,0.2755516767501831
2012-10-31,0.27395081520080566
2012-11-01,0.2869853377342224
2012-11-02,0.28561317920684814
2012-11-05,0.297732949256897
2012-11-06,0.2975042164325714
2012-11-07,0.28835737705230713
2012-11-08,0.28995808959007263
2012-11-09,0.2787531018257141
2012-11-12,0.2725788354873657
2012-11-13,0.2705206871032715
2012-11-14,0.2638891935348511
2012-11-15,0.2650326192378998
2012-11-16,0.2602306008338928
2012-11-19,0.26754799485206604
2012-11-20,0.26444104313850403
2012-11-21,0.2720358371734619
2012-11-23,0.2738771140575409
2012-11-26,0.2787102460861206
2012-11-27,0.2798610031604767
2012-11-28,0.2821623980998993
2012-11-29,0.2770991325378418
2012-11-30,0.2754881978034973
2012-12-03,0.2704247236251831
2012-12-04,0.27848005294799805
2012-12-05,0.27525797486305237
2012-12-06,0.27571818232536316
2012-12-07,0.27525797486305237
2012-12-10,0.28446388244628906
2012-12-11,0.29113826155662537
2012-12-12,0.2881462872028351
2012-12-13,0.28837651014328003
2012-12-14,0.2897574305534363
2012-12-17,0.2886066138744354
2012-12-18,0.28906694054603577
2012-12-19,0.29113826155662537
2012-12-20,0.2909081280231476
2012-12-21,0.2842337191104889
2012-12-24,0.28193238377571106
2012-12-26,0.2817021608352661
2012-12-27,0.2798610031604767
2012-12-28,0.27848005294799805
2012-12-31,0.2821623980998993
2013-01-02,0.29274922609329224
2013-01-03,0.2929794490337372
2013-01-04,0.3026457130908966
2013-01-07,0.2939000427722931
2013-01-08,0.2874559462070465
2013-01-09,0.281011700630188
2013-01-10,0.2814720571041107
2013-01-11,0.281011700630188
2013-01-14,0.2807815670967102
2013-01-15,0.27571818232536316
2013-01-16,0.27824997901916504
2013-01-17,0.28193238377571106
2013-01-18,0.2800910770893097
2013-01-22,0.2787102460861206
2013-01-23,0.27917054295539856
2013-01-24,0.2805514335632324
2013-01-25,0.28561460971832275
2013-01-28,0.29021766781806946
2013-01-29,0.28400370478630066
2013-01-30,0.2835434079170227
2013-01-31,0.2821623980998993
2013-02-01,0.28469401597976685
2013-02-04,0.2798610031604767
2013-02-05,0.28630512952804565
2013-02-06,0.28400370478630066
2013-02-07,0.2828529179096222
2013-02-08,0.28469401597976685
2013-02-11,0.2879161834716797
2013-02-12,0.28607505559921265
2013-02-13,0.28469401597976685
2013-02-14,0.2929794490337372
2013-02-15,0.2929794490337372
2013-02-19,0.28906694054603577
2013-02-20,0.28492432832717896
2013-02-21,0.2828529179096222
2013-02-22,0.2881462872028351
2013-02-25,0.28308308124542236
2013-02-26,0.2864406704902649
2013-02-27,0.29176652431488037
2013-02-28,0.2931559681892395
2013-03-01,0.2943137586116791
2013-03-04,0.2931559681892395
2013-03-05,0.2963978052139282
2013-03-06,0.2961663007736206
2013-03-07,0.2954716086387634
2013-03-08,0.2968609929084778
2013-03-11,0.2940822243690491
2013-03-12,0.29500845074653625
2013-03-13,0.29500845074653625
2013-03-14,0.29524004459381104
2013-03-15,0.2926928400993347
2013-03-18,0.2906089425086975
2013-03-19,0.28875628113746643
2013-03-20,0.2922295928001404
2013-03-21,0.28759849071502686
2013-03-22,0.28898778557777405
2013-03-25,0.2873668372631073
2013-03-26,0.28945106267929077
2013-03-27,0.2929244041442871
2013-03-28,0.29709240794181824
2013-04-01,0.2873668372631073
2013-04-02,0.2843567430973053
2013-04-03,0.2808833122253418
2013-04-04,0.28366193175315857
2013-04-05,0.28852471709251404
2013-04-08,0.28783002495765686
2013-04-09,0.2924613058567047
2013-04-10,0.29709240794181824
2013-04-11,0.29570311307907104
2013-04-12,0.30311319231987
2013-04-15,0.2968609929084778
2013-04-16,0.30010277032852173
2013-04-17,0.2961663007736206
2013-04-18,0.2903771698474884
2013-04-19,0.2910718023777008
2013-04-22,0.29153504967689514
2013-04-23,0.29917657375335693
2013-04-24,0.30936524271965027
2013-04-25,0.3119123876094818
2013-04-26,0.31052300333976746
2013-04-29,0.31422799825668335
2013-04-30,0.3188592195510864
2013-05-01,0.3160805106163025
2013-05-02,0.31978556513786316
2013-05-03,0.3211747407913208
2013-05-06,0.3202485740184784
2013-05-07,0.3160805106163025
2013-05-08,0.32186949253082275
2013-05-09,0.3221009373664856
2013-05-10,0.3366893529891968
2013-05-13,0.3297424614429474
2013-05-14,0.33460530638694763
2013-05-15,0.3403942883014679
2013-05-16,0.33877331018447876
2013-05-17,0.34433087706565857
2013-05-20,0.34363627433776855
2013-05-21,0.3472437560558319
2013-05-22,0.3351413607597351
2013-05-23,0.3404942750930786
2013-05-24,0.3383994698524475
2013-05-28,0.3381667733192444
2013-05-29,0.33607229590415955
2013-05-30,0.3404942750930786
2013-05-31,0.33677053451538086
2013-06-03,0.3363049626350403
2013-06-04,0.33677053451538086
2013-06-05,0.3295556306838989
2013-06-06,0.3316502869129181
2013-06-07,0.3363049626350403
2013-06-10,0.33607229590415955
2013-06-11,0.32978832721710205
2013-06-12,0.3269955515861511
2013-06-13,0.3344431221485138
2013-06-14,0.333977609872818
2013-06-17,0.3372358977794647
2013-06-18,0.3351413607597351
2013-06-19,0.34538179636001587
2013-06-20,0.33607229590415955
2013-06-21,0.33560675382614136
2013-06-24,0.3286246359348297
2013-06-25,0.3309520184993744
2013-06-26,0.3290902078151703
2013-06-27,0.3260645270347595
2013-06-28,0.3267627954483032
2013-07-01,0.3281593918800354
2013-07-02,0.3279264271259308
2013-07-03,0.3288573622703552
2013-07-05,0.33141767978668213
2013-07-08,0.32978832721710205
2013-07-09,0.33141767978668213
2013-07-10,0.33583948016166687
2013-07-11,0.3404942750930786
2013-07-12,0.3407270312309265
2013-07-15,0.34002867341041565
2013-07-16,0.34189075231552124
2013-07-17,0.34002867341041565
2013-07-18,0.33863237500190735
2013-07-19,0.33141767978668213
2013-07-22,0.33118489384651184
2013-07-23,0.33071932196617126
2013-07-24,0.33071932196617126
2013-07-25,0.331883043050766
2013-07-26,0.3304864764213562
2013-07-29,0.32978832721710205
2013-07-30,0.33537396788597107
2013-07-31,0.33607229590415955
2013-08-01,0.3407270312309265
2013-08-02,0.34351983666419983
2013-08-05,0.3451489806175232
2013-08-06,0.34002867341041565
2013-08-07,0.33979594707489014
2013-08-08,0.342123419046402
2013-08-09,0.3372358977794647
2013-08-12,0.3344431221485138
2013-08-13,0.33560675382614136
2013-08-14,0.34980374574661255
2013-08-15,0.35213106870651245
2013-08-16,0.35352757573127747
2013-08-19,0.34794187545776367
2013-08-20,0.3496960699558258
2013-08-21,0.3480587601661682
2013-08-22,0.3499301075935364
2013-08-23,0.3499301075935364
2013-08-26,0.35063186287879944
2013-08-27,0.3461875915527344
2013-08-28,0.3461875915527344
2013-08-29,0.34548574686050415
2013-08-30,0.3450179398059845
2013-09-03,0.3452518582344055
2013-09-04,0.3485267460346222
2013-09-05,0.3494623303413391
2013-09-06,0.3480587601661682
2013-09-09,0.3539065718650818
2013-09-10,0.36139175295829773
2013-09-11,0.36747339367866516
2013-09-12,0.3672395646572113
2013-09-13,0.3695785701274872
2013-09-16,0.3698124289512634
2013-09-17,0.3709820806980133
2013-09-18,0.37425678968429565
2013-09-19,0.3726193606853485
2013-09-20,0.3693445920944214
2013-09-23,0.3658360540866852
2013-09-24,0.3672395646572113
2013-09-25,0.3677072823047638
2013-09-26,0.36653783917427063
2013-09-27,0.36443260312080383
2013-09-30,0.36396482586860657
2013-10-01,0.3637307584285736
2013-10-02,0.36349689960479736
2013-10-03,0.359754353761673
2013-10-04,0.36466649174690247
2013-10-07,0.36466649174690247
2013-10-08,0.361625611782074
2013-10-09,0.3560117483139038
2013-10-10,0.3599883019924164
2013-10-11,0.3569473624229431
2013-10-14,0.36232733726501465
2013-10-15,0.36045604944229126
2013-10-16,0.3649003207683563
2013-10-17,0.365602046251297
2013-10-18,0.3698124289512634
2013-10-21,0.3707480728626251
2013-10-22,0.3688768446445465
2013-10-23,0.3625612258911133
2013-10-24,0.3599883019924164
2013-10-25,0.35647961497306824
2013-10-28,0.35577788949012756
2013-10-29,0.35624560713768005
2013-10-30,0.3560117483139038
2013-10-31,0.3553100824356079
2013-11-01,0.3569473624229431
2013-11-04,0.34665533900260925
2013-11-05,0.3461875915527344
2013-11-06,0.3485267460346222
2013-11-07,0.340339720249176
2013-11-08,0.36396482586860657
2013-11-11,0.3670055866241455
2013-11-12,0.3677072823047638
2013-11-13,0.377765417098999
2013-11-14,0.379402756690979
2013-11-15,0.3782333433628082
2013-11-18,0.36911073327064514
2013-11-19,0.363113671541214
2013-11-20,0.35770469903945923
2013-11-21,0.3605267405509949
2013-11-22,0.3569990396499634
2013-11-25,0.36476004123687744
2013-11-26,0.36781731247901917
2013-11-27,0.36922842264175415
2013-11-29,0.3668765723705292
2013-12-02,0.37040427327156067
2013-12-03,0.3701690137386322
2013-12-04,0.37534287571907043
2013-12-05,0.36922842264175415
2013-12-06,0.36381933093070984
2013-12-09,0.35770469903945923
2013-12-10,0.36593589186668396
2013-12-11,0.3624081611633301
2013-12-12,0.35535287857055664
2013-12-13,0.35323628783226013
2013-12-16,0.35370659828186035
2013-12-17,0.35535287857055664
2013-12-18,0.36029163002967834
2013-12-19,0.36170274019241333
2013-12-20,0.36899322271347046
2013-12-23,0.3711097538471222
2013-12-24,0.37205055356025696
2013-12-26,0.36852291226387024
2013-12-27,0.37063929438591003
2013-12-30,0.3755781650543213
2013-12-31,0.37675410509109497
2014-01-02,0.37299126386642456
2014-01-03,0.36852291226387024
2014-01-06,0.3734615743160248
2014-01-07,0.37957605719566345
2014-01-08,0.38475003838539124
2014-01-09,0.37040427327156067
2014-01-10,0.3699338138103485
2014-01-13,0.36123237013816833
2014-01-14,0.3725208044052124
2014-01-15,0.37651893496513367
2014-01-16,0.3776947259902954
2014-01-17,0.37604856491088867
2014-01-21,0.3774595558643341
2014-01-22,0.3769892156124115
2014-01-23,0.3755781650543213
2014-01-24,0.36593589186668396
2014-01-27,0.36358407139778137
2014-01-28,0.36711177229881287
2014-01-29,0.36358407139778137
2014-01-30,0.369698703289032
2014-01-31,0.36922842264175415
2014-02-03,0.36428964138031006
2014-02-04,0.36640626192092896
2014-02-05,0.363113671541214
2014-02-06,0.36781731247901917
2014-02-07,0.3732262849807739
2014-02-10,0.3744021952152252
2014-02-11,0.3821631669998169
2014-02-12,0.39580339193344116
2014-02-13,0.40826770663261414
2014-02-14,0.42120248079299927
2014-02-18,0.4209671914577484
2014-02-19,0.42661163210868835
2014-02-20,0.4416629374027252
2014-02-21,0.43837034702301025
2014-02-24,0.4447201192378998
2014-02-25,0.44271209836006165
2014-02-26,0.442003458738327
2014-02-27,0.4370424449443817
2014-02-28,0.43420764803886414
2014-03-03,0.4320814609527588
2014-03-04,0.43657001852989197
2014-03-05,0.440349817276001
2014-03-06,0.43420764803886414
2014-03-07,0.4337352216243744
2014-03-10,0.42735663056373596
2014-03-11,0.4316089153289795
2014-03-12,0.4327901601791382
2014-03-13,0.41908836364746094
2014-03-14,0.4209781587123871
2014-03-17,0.4209781587123871
2014-03-18,0.4309001564979553
2014-03-19,0.43845999240875244
2014-03-20,0.43869611620903015
2014-03-21,0.43798741698265076
2014-03-24,0.43586137890815735
2014-03-25,0.43586137890815735
2014-03-26,0.42593914270401
2014-03-27,0.4202694892883301
2014-03-28,0.42286816239356995
2014-03-31,0.42310434579849243
2014-04-01,0.4405860900878906
2014-04-02,0.4377511441707611
2014-04-03,0.4424760043621063
2014-04-04,0.42877405881881714
2014-04-07,0.4301914870738983
2014-04-08,0.44554710388183594
2014-04-09,0.44507449865341187
2014-04-10,0.43420764803886414
2014-04-11,0.4280655086040497
2014-04-14,0.4327901601791382
2014-04-15,0.43586137890815735
2014-04-16,0.4368062913417816
2014-04-17,0.43845999240875244
2014-04-21,0.442003458738327
2014-04-22,0.4457832872867584
2014-04-23,0.4509805738925934
2014-04-24,0.45499667525291443
2014-04-25,0.4424760043621063
2014-04-28,0.4405860900878906
2014-04-29,0.4415310323238373
2014-04-30,0.4363337755203247
2014-05-01,0.43869611620903015
2014-05-02,0.43538883328437805
2014-05-05,0.44011354446411133
2014-05-06,0.43113648891448975
2014-05-07,0.4316089153289795
2014-05-08,0.4370424449443817
2014-05-09,0.42641162872314453
2014-05-12,0.4389323592185974
2014-05-13,0.43184518814086914
2014-05-14,0.427592933177948
2014-05-15,0.4252304434776306
2014-05-16,0.42428553104400635
2014-05-19,0.43798741698265076
2014-05-20,0.4328847825527191
2014-05-21,0.4328847825527191
2014-05-22,0.4347834885120392
2014-05-23,0.438818097114563
2014-05-27,0.44664981961250305
2014-05-28,0.450447142124176
2014-05-29,0.4497351050376892
2014-05-30,0.45092177391052246
2014-06-02,0.4494978189468384
2014-06-03,0.4475992023944855
2014-06-04,0.44807374477386475
2014-06-05,0.4499725103378296
2014-06-06,0.4516337215900421
2014-06-09,0.45210838317871094
2014-06-10,0.45448175072669983
2014-06-11,0.46041491627693176
2014-06-12,0.46326273679733276
2014-06-13,0.46373745799064636
2014-06-16,0.46231335401535034
2014-06-17,0.4653986394405365
2014-06-18,0.46492406725883484
2014-06-19,0.45424437522888184
2014-06-20,0.4492604732513428
2014-06-23,0.4440391957759857
2014-06-24,0.4371567666530609
2014-06-25,0.4416660964488983
2014-06-26,0.43573296070098877
2014-06-27,0.4362076222896576
2014-06-30,0.44000470638275146
2014-07-01,0.4449886381626129
2014-07-02,0.44332727789878845
2014-07-03,0.4473618268966675
2014-07-07,0.4438019394874573
2014-07-08,0.44024211168289185
2014-07-09,0.45353245735168457
2014-07-10,0.4511590898036957
2014-07-11,0.45210838317871094
2014-07-14,0.45780423283576965
2014-07-15,0.45970281958580017
2014-07-16,0.4592282474040985
2014-07-17,0.45804157853126526
2014-07-18,0.4376314580440521
2014-07-21,0.44024211168289185
2014-07-22,0.4383434057235718
2014-07-23,0.4290876090526581
2014-07-24,0.4297996163368225
2014-07-25,0.4222051203250885
2014-07-28,0.4205438792705536
2014-07-29,0.42196786403656006
2014-07-30,0.4290876090526581
2014-07-31,0.4153226613998413
2014-08-01,0.41983187198638916
2014-08-04,0.4188825488090515
2014-08-05,0.4191199541091919
2014-08-06,0.4186452627182007
2014-08-07,0.41437333822250366
2014-08-08,0.45092177391052246
2014-08-11,0.44854849576950073
2014-08-12,0.44854849576950073
2014-08-13,0.4511590898036957
2014-08-14,0.4461751878261566
2014-08-15,0.45187103748321533
2014-08-18,0.45804157853126526
2014-08-19,0.46173638105392456
2014-08-20,0.4588759243488312
2014-08-21,0.45458510518074036
2014-08-22,0.45482340455055237
2014-08-25,0.4555385708808899
2014-08-26,0.4636434316635132
2014-08-27,0.4583991765975952
2014-08-28,0.4622131288051605
2014-08-29,0.4636434316635132
2014-09-02,0.4648352265357971
2014-09-03,0.4691261649131775
2014-09-04,0.4774693548679352
2014-09-05,0.47603899240493774
2014-09-08,0.47174832224845886
2014-09-09,0.46578875184059143
2014-09-10,0.46745747327804565
2014-09-11,0.46268990635871887
2014-09-12,0.45577704906463623
2014-09-15,0.44957923889160156
2014-09-16,0.4562537372112274
2014-09-17,0.4564920961856842
2014-09-18,0.46340516209602356
2014-09-19,0.45482340455055237
2014-09-22,0.45029425621032715
2014-09-23,0.44838735461235046
2014-09-24,0.4510094225406647
2014-09-25,0.4412359297275543
2014-09-26,0.442189484834671
2014-09-29,0.4414742588996887
2014-09-30,0.43980568647384644
2014-10-01,0.43551498651504517
2014-10-02,0.43360790610313416
2014-10-03,0.4345614016056061
2014-10-06,0.43193936347961426
2014-10-07,0.4274100959300995
2014-10-08,0.43527650833129883
2014-10-09,0.4269334077835083
2014-10-10,0.4016653895378113
2014-10-13,0.4002351462841034
2014-10-14,0.4095318913459778
2014-10-15,0.4157296419143677
2014-10-16,0.41596800088882446
2014-10-17,0.41525283455848694
2014-10-20,0.4188285171985626
2014-10-21,0.4367067217826843
2014-10-22,0.42645666003227234
2014-10-23,0.43599167466163635
2014-10-24,0.44052085280418396
2014-10-27,0.44075921177864075
2014-10-28,0.45124781131744385
2014-10-29,0.44838735461235046
2014-10-30,0.44552671909332275
2014-10-31,0.46578875184059143
2014-11-03,0.4736552834510803
2014-11-04,0.47985291481018066
2014-11-05,0.47985291481018066
2014-11-06,0.4819984436035156
2014-11-07,0.47174832224845886
2014-11-10,0.477230966091156
2014-11-11,0.47150975465774536
2014-11-12,0.4684109091758728
2014-11-13,0.4660272002220154
2014-11-14,0.47174832224845886
2014-11-17,0.46960288286209106
2014-11-18,0.48080646991729736
2014-11-19,0.4790112376213074
2014-11-20,0.4869108498096466
2014-11-21,0.4895441234111786
2014-11-24,0.4926561415195465
2014-11-25,0.49241673946380615
2014-11-26,0.5007953643798828
2014-11-28,0.5019921660423279
2014-12-01,0.4926561415195465
2014-12-02,0.49337443709373474
2014-12-03,0.5060617327690125
2014-12-04,0.5015133023262024
2014-12-05,0.5043861865997314
2014-12-08,0.4979225993156433
2014-12-09,0.49624690413475037
2014-12-10,0.4852352738380432
2014-12-11,0.48499584197998047
2014-12-12,0.4699145257472992
2014-12-15,0.4684782028198242
2014-12-16,0.46321168541908264
2014-12-17,0.4821232557296753
2014-12-18,0.48403823375701904
2014-12-19,0.48882606625556946
2014-12-22,0.4974440336227417
2014-12-23,0.49433189630508423
2014-12-24,0.49241673946380615
2014-12-26,0.49289557337760925
2014-12-29,0.4921773672103882
2014-12-30,0.4876289963722229
2014-12-31,0.47996872663497925
2015-01-02,0.4818837642669678
2015-01-05,0.47374477982521057
2015-01-06,0.4593816101551056
2015-01-07,0.4581846594810486
2015-01-08,0.4754202961921692
2015-01-09,0.47733548283576965
2015-01-12,0.471350759267807
2015-01-13,0.4706327021121979
2015-01-14,0.4725476801395416
2015-01-15,0.4691963195800781
2015-01-16,0.4778142273426056
2015-01-20,0.47925060987472534
2015-01-21,0.48595336079597473
2015-01-22,0.49433189630508423
2015-01-23,0.49576807022094727
2015-01-26,0.49361369013786316
2015-01-27,0.4699145257472992
2015-01-28,0.46225419640541077
2015-01-29,0.47350525856018066
2015-01-30,0.4596209228038788
2015-02-02,0.4696751534938812
2015-02-03,0.481405109167099
2015-02-04,0.48260197043418884
2015-02-05,0.49050161242485046
2015-02-06,0.48834729194641113
2015-02-09,0.48786839842796326
2015-02-10,0.5015133023262024
2015-02-11,0.49816209077835083
2015-02-12,0.5338305234909058
2015-02-13,0.534069836139679
2015-02-17,0.5357456207275391
2015-02-18,0.5295213460922241
2015-02-19,0.5309579968452454
2015-02-20,0.5347881317138672
2015-02-23,0.530478835105896
2015-02-24,0.5361263751983643
2015-02-25,0.5320413708686829
2015-02-26,0.5334829092025757
2015-02-27,0.5301186442375183
2015-03-02,0.5430952906608582
2015-03-03,0.5330024361610413
2015-03-04,0.5390099287033081
2015-03-05,0.5493431687355042
2015-03-06,0.5418936610221863
2015-03-09,0.5433356165885925
2015-03-10,0.5527076125144958
2015-03-11,0.5498239398002625
2015-03-12,0.5447774529457092
2015-03-13,0.5454983115196228
2015-03-16,0.5519865155220032
2015-03-17,0.5587153434753418
2015-03-18,0.5495836138725281
2015-03-19,0.5579943060874939
2015-03-20,0.5640022158622742
2015-03-23,0.5457386374473572
2015-03-24,0.5382891893386841
2015-03-25,0.5056073069572449
2015-03-26,0.5039252042770386
2015-03-27,0.5137777328491211
2015-03-30,0.5159404873847961
2015-03-31,0.5029638409614563
2015-04-01,0.5048863291740417
2015-04-02,0.5060880780220032
2015-04-06,0.5207467675209045
2015-04-07,0.5253125429153442
2015-04-08,0.5291574597358704
2015-04-09,0.5414133667945862
2015-04-10,0.5469401478767395
2015-04-13,0.5418936610221863
2015-04-14,0.5373279452323914
2015-04-15,0.5438162684440613
2015-04-16,0.5404520034790039
2015-04-17,0.5334829092025757
2015-04-20,0.5308395624160767
2015-04-21,0.5301186442375183
2015-04-22,0.5361263751983643
2015-04-23,0.5339633822441101
2015-04-24,0.5293975472450256
2015-04-27,0.5334829092025757
2015-04-28,0.5361263751983643
2015-04-29,0.5320413708686829
2015-04-30,0.5334829092025757
2015-05-01,0.5466997623443604
2015-05-04,0.5433356165885925
2015-05-05,0.5293975472450256
2015-05-06,0.531079888343811
2015-05-07,0.5404520034790039
2015-05-08,0.5005606412887573
2015-05-11,0.4957547187805176
2015-05-12,0.5005606412887573
2015-05-13,0.5034444332122803
2015-05-14,0.5116150975227356
2015-05-15,0.5118553638458252
2015-05-18,0.5111345052719116
2015-05-19,0.5079479217529297
2015-05-20,0.5079479217529297
2015-05-21,0.504326343536377
2015-05-22,0.5036020278930664
2015-05-26,0.500463604927063
2015-05-27,0.5272614359855652
2015-05-28,0.5345035791397095
2015-05-29,0.534262478351593
2015-06-01,0.5402978658676147
2015-06-02,0.5296756029129028
2015-06-03,0.5238813161849976
2015-06-04,0.5332966446876526
2015-06-05,0.5374009609222412
2015-06-08,0.5250884294509888
2015-06-09,0.5277439951896667
2015-06-10,0.5183284878730774
2015-06-11,0.5238813161849976
2015-06-12,0.5096374750137329
2015-06-15,0.5086719989776611
2015-06-16,0.5149487853050232
2015-06-17,0.5209841728210449
2015-06-18,0.5296756029129028
2015-06-19,0.5279854536056519
2015-06-22,0.5258126854896545
2015-06-23,0.5122931599617004
2015-06-24,0.5072232484817505
2015-06-25,0.5110862255096436
2015-06-26,0.5007050633430481
2015-06-29,0.4857370853424072
2015-06-30,0.48549556732177734
2015-07-01,0.49249663949012756
2015-07-02,0.4929795265197754
2015-07-06,0.48694413900375366
2015-07-07,0.477770060300827
2015-07-08,0.47439029812812805
2015-07-09,0.46859610080718994
2015-07-10,0.4768044352531433
2015-07-13,0.47994279861450195
2015-07-14,0.4801843762397766
2015-07-15,0.4768044352531433
2015-07-16,0.48742708563804626
2015-07-17,0.484529972076416
2015-07-20,0.4755973517894745
2015-07-21,0.477770060300827
2015-07-22,0.46859610080718994
2015-07-23,0.47439029812812805
2015-07-24,0.4688376486301422
2015-07-27,0.46618205308914185
2015-07-28,0.47632163763046265
2015-07-29,0.48211565613746643
2015-07-30,0.48332273960113525
2015-07-31,0.481632798910141
2015-08-03,0.48984119296073914
2015-08-04,0.49177244305610657
2015-08-05,0.49684247374534607
2015-08-06,0.4937037527561188
2015-08-07,0.554783046245575
2015-08-10,0.5740967988967896
2015-08-11,0.5711995959281921
2015-08-12,0.5726480484008789
2015-08-13,0.5678197145462036
2015-08-14,0.5683025121688843
2015-08-17,0.5646812319755554
2015-08-18,0.5595417022705078
2015-08-19,0.5573596954345703
2015-08-20,0.537237823009491
2015-08-21,0.5205094218254089
2015-08-24,0.5020844340324402
2015-08-25,0.4916597008705139
2015-08-26,0.528752326965332
2015-08-27,0.548632025718689
2015-08-28,0.5510565638542175
2015-08-31,0.5449956059455872
2015-09-01,0.5226913094520569
2015-09-02,0.5384498238563538
2015-09-03,0.5399042367935181
2015-09-04,0.5272977948188782
2015-09-08,0.5498440861701965
2015-09-09,0.5389345288276672
2015-09-10,0.5474198460578918
2015-09-11,0.5491169095039368
2015-09-14,0.5500867366790771
2015-09-15,0.556147575378418
2015-09-16,0.5600266456604004
2015-09-17,0.5651176571846008
2015-09-18,0.5646328330039978
2015-09-21,0.5704513788223267
2015-09-22,0.5549354553222656
2015-09-23,0.5576021671295166
2015-09-24,0.5682693123817444
2015-09-25,0.5723907947540283
2015-09-28,0.5648753046989441
2015-09-29,0.5748152136802673
2015-09-30,0.5976038575172424
2015-10-01,0.5859673619270325
2015-10-02,0.6012406349182129
2015-10-05,0.6162717342376709
2015-10-06,0.624271810054779
2015-10-07,0.6308177709579468
2015-10-08,0.6344543695449829
2015-10-09,0.6320302486419678
2015-10-12,0.6388183236122131
2015-10-13,0.6400305032730103
2015-10-14,0.6633042693138123
2015-10-15,0.6650014519691467
2015-10-16,0.6754260659217834
2015-10-19,0.6742137670516968
2015-10-20,0.6732439994812012
2015-10-21,0.6645164489746094
2015-10-22,0.6885172724723816
2015-10-23,0.6931236386299133
2015-10-26,0.6899723410606384
2015-10-27,0.6894870400428772
2015-10-28,0.6950634121894836
2015-10-29,0.671062171459198
2015-10-30,0.6877902746200562
2015-11-02,0.6957905292510986
2015-11-03,0.6909418106079102
2015-11-04,0.6795473098754883
2015-11-05,0.6717894673347473
2015-11-06,0.7648845911026001
2015-11-09,0.7614906430244446
2015-11-10,0.7469446063041687
2015-11-11,0.739671528339386
2015-11-12,0.7370046973228455
2015-11-13,0.72245854139328
2015-11-16,0.7370046973228455
2015-11-17,0.7370046973228455
2015-11-18,0.7551347017288208
2015-11-19,0.7573248147964478
2015-11-20,0.7638953328132629
2015-11-23,0.7524577379226685
2015-11-24,0.7585417032241821
2015-11-25,0.7575684189796448
2015-11-27,0.7638953328132629
2015-11-30,0.7719264030456543
2015-12-01,0.7969921827316284
2015-12-02,0.79090815782547
2015-12-03,0.7892045974731445
2015-12-04,0.8213277459144592
2015-12-07,0.8057528734207153
2015-12-08,0.8167037963867188
2015-12-09,0.7960186004638672
2015-12-10,0.8025890588760376
2015-12-11,0.7906648516654968
2015-12-14,0.7926116585731506
2015-12-15,0.8023457527160645
2015-12-16,0.8072130084037781
2015-12-17,0.7950449585914612
2015-12-18,0.7821474671363831
2015-12-21,0.8006424903869629
2015-12-22,0.8013723492622375
2015-12-23,0.804535984992981
2015-12-24,0.8072130084037781
2015-12-28,0.8064828515052795
2015-12-29,0.8196241855621338
2015-12-30,0.8125668168067932
2015-12-31,0.8021025061607361
2016-01-04,0.7877442836761475
2016-01-05,0.8003988265991211
2016-01-06,0.7673025727272034
2016-01-07,0.7368828654289246
2016-01-08,0.7210649847984314
2016-01-11,0.7222815752029419
2016-01-12,0.7344493269920349
2016-01-13,0.7120605707168579
2016-01-14,0.6977025866508484
2016-01-15,0.6597389578819275
2016-01-19,0.6650928854942322
2016-01-20,0.6687431931495667
2016-01-21,0.676530659198761
2016-01-22,0.6923485994338989
2016-01-25,0.691618800163269
2016-01-26,0.6984326839447021
2016-01-27,0.6901586055755615
2016-01-28,0.6826145052909851
2016-01-29,0.7127906084060669
2016-02-01,0.7130340337753296
2016-02-02,0.682857871055603
2016-02-03,0.6862649321556091
2016-02-04,0.6865079402923584
2016-02-05,0.6431908011436462
2016-02-08,0.6137444972991943
2016-02-09,0.6203153729438782
2016-02-10,0.6188551783561707
2016-02-11,0.6156916618347168
2016-02-12,0.6261563301086426
2016-02-16,0.6568185091018677
2016-02-17,0.6731235384941101
2016-02-18,0.7310426235198975
2016-02-19,0.7407767176628113
2016-02-22,0.7670593857765198
2016-02-23,0.769006073474884
2016-02-24,0.7743598818778992
2016-02-25,0.7760633230209351
2016-02-26,0.7709528207778931
2016-02-29,0.7659459114074707
2016-03-01,0.7998958230018616
2016-03-02,0.8045362830162048
2016-03-03,0.7974533438682556
2016-03-04,0.7950107455253601
2016-03-07,0.7898816466331482
2016-03-08,0.7754714488983154
2016-03-09,0.774982750415802
2016-03-10,0.7737616300582886
2016-03-11,0.7869507074356079
2016-03-14,0.7889048457145691
2016-03-15,0.7849969863891602
2016-03-16,0.8084440231323242
2016-03-17,0.8016054630279541
2016-03-18,0.8257853984832764
2016-03-21,0.8282278776168823
2016-03-22,0.8267624378204346
2016-03-23,0.8409284949302673
2016-03-24,0.842149555683136
2016-03-28,0.8506982922554016
2016-03-29,0.8643757700920105
2016-03-30,0.8734128475189209
2016-03-31,0.8702375888824463
2016-04-01,0.8829382658004761
2016-04-04,0.8743897676467896
2016-04-05,0.8731684684753418
2016-04-06,0.8743897676467896
2016-04-07,0.8653528094291687
2016-04-08,0.8709704279899597
2016-04-11,0.8763437271118164
2016-04-12,0.8753669261932373
2016-04-13,0.8973485827445984
2016-04-14,0.8997910022735596
2016-04-15,0.9068738222122192
2016-04-18,0.9029661417007446
2016-04-19,0.8868459463119507
2016-04-20,0.8902654647827148
2016-04-21,0.8892884850502014
2016-04-22,0.8858690857887268
2016-04-25,0.8902654647827148
2016-04-26,0.8909982442855835
2016-04-27,0.9112703800201416
2016-04-28,0.8841595649719238
2016-04-29,0.8677952289581299
2016-05-02,0.8792744874954224
2016-05-03,0.8687722682952881
2016-05-04,0.8489884734153748
2016-05-05,0.8541175723075867
2016-05-06,0.8629100918769836
2016-05-09,0.8616891503334045
2016-05-10,0.878297746181488
2016-05-11,0.8807401657104492
2016-05-12,0.8687722682952881
2016-05-13,1.0009074211120605
2016-05-16,1.030461311340332
2016-05-17,1.0326592922210693
2016-05-18,1.059037685394287
2016-05-19,1.0636780261993408
2016-05-20,1.0827288627624512
2016-05-23,1.084438681602478
2016-05-24,1.1107628345489502
2016-05-25,1.106110692024231
2016-05-26,1.1178646087646484
2016-05-27,1.1239864826202393
2016-05-31,1.144066333770752
2016-06-01,1.146270513534546
2016-06-02,1.1543514728546143
2016-06-03,1.1381888389587402
2016-06-06,1.1323119401931763
2016-06-07,1.1345158815383911
2016-06-08,1.1308428049087524
2016-06-09,1.160227656364441
2016-06-10,1.1313326358795166
2016-06-13,1.1457806825637817
2016-06-14,1.147984266281128
2016-06-15,1.1597387790679932
2016-06-16,1.164391040802002
2016-06-17,1.144066333770752
2016-06-20,1.1646358966827393
2016-06-21,1.1575342416763306
2016-06-22,1.15655517578125
2016-06-23,1.1874098777770996
2016-06-24,1.1198232173919678
2016-06-27,1.107824444770813
2016-06-28,1.1239864826202393
2016-06-29,1.1423524618148804
2016-06-30,1.151167869567871
2016-07-01,1.1425968408584595
2016-07-05,1.1594936847686768
2016-07-06,1.1668394804000854
2016-07-07,1.19720458984375
2016-07-08,1.2452006340026855
2016-07-11,1.2738512754440308
2016-07-12,1.2929515838623047
2016-07-13,1.29246187210083
2016-07-14,1.3056854009628296
2016-07-15,1.2905030250549316
2016-07-18,1.2971144914627075
2016-07-19,1.3105828762054443
2016-07-20,1.3277242183685303
2016-07-21,1.3032362461090088
2016-07-22,1.3387435674667358
2016-07-25,1.363476037979126
2016-07-26,1.3867393732070923
2016-07-27,1.3727816343307495
2016-07-28,1.3757203817367554
2016-07-29,1.3982487916946411
2016-08-01,1.389188289642334
2016-08-02,1.3722918033599854
2016-08-03,1.3759651184082031
2016-08-04,1.4014320373535156
2016-08-05,1.4251854419708252
2016-08-08,1.4384089708328247
2016-08-09,1.4420818090438843
2016-08-10,1.4327762126922607
2016-08-11,1.4619165658950806
2016-08-12,1.543705701828003
2016-08-15,1.5422366857528687
2016-08-16,1.5329310894012451
2016-08-17,1.4974240064620972
2016-08-18,1.5206869840621948
2016-08-19,1.52460515499115
2016-08-22,1.5309720039367676
2016-08-23,1.5433613061904907
2016-08-24,1.5195647478103638
2016-08-25,1.5095062255859375
2016-08-26,1.5217725038528442
2016-08-29,1.520790934562683
2016-08-30,1.5119593143463135
2016-08-31,1.5048446655273438
2016-09-01,1.549249291419983
2016-09-02,1.5340389013290405
2016-09-06,1.5485132932662964
2016-09-07,1.5256973505020142
2016-09-08,1.536737322807312
2016-09-09,1.4601950645446777
2016-09-12,1.490370273590088
2016-09-13,1.4687813520431519
2016-09-14,1.4817839860916138
2016-09-15,1.5379638671875
2016-09-16,1.5416442155838013
2016-09-19,1.5620064735412598
2016-09-20,1.5477769374847412
2016-09-21,1.5912004709243774
2016-09-22,1.5951257944107056
2016-09-23,1.5934081077575684
2016-09-26,1.5784435272216797
2016-09-27,1.632415533065796
2016-09-28,1.6383036375045776
2016-09-29,1.6535135507583618
2016-09-30,1.6809905767440796
2016-10-03,1.679273247718811
2016-10-04,1.6755931377410889
2016-10-05,1.673876166343689
2016-10-06,1.6520417928695679
2016-10-07,1.640020489692688
2016-10-10,1.6461541652679443
2016-10-11,1.6223574876785278
2016-10-12,1.6297166347503662
2016-10-13,1.6032214164733887
2016-10-14,1.618922472000122
2016-10-17,1.6095999479293823
2016-10-18,1.6341325044631958
2016-10-19,1.6306984424591064
2016-10-20,1.6616095304489136
2016-10-21,1.656948208808899
2016-10-24,1.734717607498169
2016-10-25,1.7631758451461792
2016-10-26,1.7702900171279907
2016-10-27,1.7339814901351929
2016-10-28,1.7310374975204468
2016-10-31,1.7457573413848877
2016-11-01,1.6939927339553833
2016-11-02,1.6868782043457031
2016-11-03,1.6672520637512207
2016-11-04,1.657684564590454
2016-11-07,1.7484558820724487
2016-11-08,1.7457573413848877
2016-11-09,1.716318130493164
2016-11-10,1.662590742111206
2016-11-11,2.158154010772705
2016-11-14,2.051927089691162
2016-11-15,2.1144859790802
2016-11-16,2.2479443550109863
2016-11-17,2.266589879989624
2016-11-18,2.290386438369751
2016-11-21,2.2810637950897217
2016-11-22,2.2975003719329834
2016-11-23,2.308802843093872
2016-11-25,2.313471555709839
2016-11-28,2.3122429847717285
2016-11-29,2.2911126613616943
2016-11-30,2.2653157711029053
2016-12-01,2.1532773971557617
2016-12-02,2.1731789112091064
2016-12-05,2.257452964782715
2016-12-06,2.294552803039551
2016-12-07,2.335829734802246
2016-12-08,2.2967636585235596
2016-12-09,2.2559783458709717
2016-12-12,2.201188325881958
2016-12-13,2.2400081157684326
2016-12-14,2.3697352409362793
2016-12-15,2.4252634048461914
2016-12-16,2.467031240463257
2016-12-19,2.4970061779022217
2016-12-20,2.58398175239563
2016-12-21,2.6001980304718018
2016-12-22,2.6316468715667725
2016-12-23,2.6972479820251465
2016-12-27,2.8825035095214844
2016-12-28,2.6842265129089355
2016-12-29,2.7377872467041016
2016-12-30,2.622556447982788
2017-01-03,2.5063424110412598
2017-01-04,2.564817428588867
2017-01-05,2.499708414077759
2017-01-06,2.533123254776001
2017-01-09,2.635824203491211
2017-01-10,2.6159229278564453
2017-01-11,2.5837366580963135
2017-01-12,2.5414772033691406
2017-01-13,2.541231155395508
2017-01-17,2.4842300415039062
2017-01-18,2.529437780380249
2017-01-19,2.5837366580963135
2017-01-20,2.5554819107055664
2017-01-23,2.5820157527923584
2017-01-24,2.637052297592163
2017-01-25,2.648355007171631
2017-01-26,2.6940536499023438
2017-01-27,2.7461414337158203
2017-01-30,2.7031443119049072
2017-01-31,2.6825056076049805
2017-02-01,2.7997031211853027
2017-02-02,2.835083484649658
2017-02-03,2.810267686843872
2017-02-06,2.8822574615478516
2017-02-07,2.926973342895508
2017-02-08,2.9141976833343506
2017-02-09,2.8594071865081787
2017-02-10,2.791594982147217
2017-02-13,2.662851095199585
2017-02-14,2.6726784706115723
2017-02-15,2.6780834197998047
2017-02-16,2.635087251663208
2017-02-17,2.634594440460205
2017-02-21,2.728943347930908
2017-02-22,2.7247612476348877
2017-02-23,2.4721128940582275
2017-02-24,2.4959747791290283
2017-02-27,2.568546772003174
2017-02-28,2.496467113494873
2017-03-01,2.528693437576294
2017-03-02,2.435457229614258
2017-03-03,2.421435594558716
2017-03-06,2.402738094329834
2017-03-07,2.429060935974121
2017-03-08,2.424633502960205
2017-03-09,2.4241414070129395
2017-03-10,2.4384098052978516
2017-03-13,2.50557017326355
2017-03-14,2.5038468837738037
2017-03-15,2.5227901935577393
2017-03-16,2.553786277770996
2017-03-17,2.609384059906006
2017-03-20,2.692533254623413
2017-03-21,2.60544753074646
2017-03-22,2.6585850715637207
2017-03-23,2.634476661682129
2017-03-24,2.643824815750122
2017-03-27,2.663013458251953
2017-03-28,2.6492366790771484
2017-03-29,2.6406264305114746
2017-03-30,2.6913034915924072
2017-03-31,2.679741859436035
2017-04-03,2.6662111282348633
2017-04-04,2.4792468547821045
2017-04-05,2.4607956409454346
2017-04-06,2.4787545204162598
2017-04-07,2.4681763648986816
2017-04-10,2.405198812484741
2017-04-11,2.413808822631836
2017-04-12,2.3938827514648438
2017-04-13,2.349109411239624
2017-04-17,2.4411165714263916
2017-04-18,2.442592144012451
2017-04-19,2.4521865844726562
2017-04-20,2.4910552501678467
2017-04-21,2.50138783454895
2017-04-24,2.5326297283172607
2017-04-25,2.576665163040161
2017-04-26,2.5589535236358643
2017-04-27,2.598806142807007
2017-04-28,2.565840721130371
2017-05-01,2.6234049797058105
2017-05-02,2.545668125152588
2017-05-03,2.5646111965179443
2017-05-04,2.5547707080841064
2017-05-05,2.5550169944763184
2017-05-08,2.5282015800476074
2017-05-09,2.532383918762207
2017-05-10,2.98380446434021
2017-05-11,3.1119742393493652
2017-05-12,3.1461679935455322
2017-05-15,3.3041040897369385
2017-05-16,3.365605592727661
2017-05-17,3.14198637008667
2017-05-18,3.27359938621521
2017-05-19,3.349203586578369
2017-05-22,3.4206197261810303
2017-05-23,3.3745687007904053
2017-05-24,3.4124932289123535
2017-05-25,3.4048590660095215
2017-05-26,3.4930217266082764
2017-05-30,3.5676403045654297
2017-05-31,3.5548343658447266
2017-06-01,3.555079698562622
2017-06-02,3.5373499393463135
2017-06-05,3.6449666023254395
2017-06-06,3.628467082977295
2017-06-07,3.672302484512329
2017-06-08,3.9387617111206055
2017-06-09,3.6841237545013428
2017-06-12,3.693235397338867
2017-06-13,3.728450298309326
2017-06-14,3.7363314628601074
2017-06-15,3.7523386478424072
2017-06-16,3.7338695526123047
2017-06-19,3.874239683151245
2017-06-20,3.8685755729675293
2017-06-21,3.9271867275238037
2017-06-22,3.900097370147705
2017-06-23,3.7882933616638184
2017-06-26,3.7469210624694824
2017-06-27,3.6097519397735596
2017-06-28,3.737069606781006
2017-06-29,3.6122140884399414
2017-06-30,3.5600054264068604
2017-07-03,3.431209087371826
2017-07-05,3.522819757461548
2017-07-06,3.533409595489502
2017-07-07,3.6141834259033203
2017-07-10,3.785092353820801
2017-07-11,3.838777780532837
2017-07-12,4.002050876617432
2017-07-13,3.9557533264160156
2017-07-14,4.062140941619873
2017-07-17,4.0449018478393555
2017-07-18,4.087012767791748
2017-07-19,4.065835475921631
2017-07-20,4.124936580657959
2017-07-21,4.13971471786499
2017-07-24,4.091691017150879
2017-07-25,4.071991443634033
2017-07-26,4.119027137756348
2017-07-27,3.9830894470214844
2017-07-28,4.048349380493164
2017-07-31,4.002050876617432
2017-08-01,4.050810813903809
2017-08-02,4.048349380493164
2017-08-03,4.099817276000977
2017-08-04,4.117795467376709
2017-08-07,4.2443766593933105
2017-08-08,4.193892002105713
2017-08-09,4.238466262817383
2017-08-10,4.056967258453369
2017-08-11,3.840747594833374
2017-08-14,4.147100925445557
2017-08-15,4.112131595611572
2017-08-16,4.067063808441162
2017-08-17,3.9764397144317627
2017-08-18,3.9771783351898193
2017-08-21,3.9193062782287598
2017-08-22,4.006560802459717
2017-08-23,4.086666107177734
2017-08-24,4.071630954742432
2017-08-25,4.037615776062012
2017-08-28,4.066208362579346
2017-08-29,4.059554576873779
2017-08-30,4.083712100982666
2017-08-31,4.17638635635376
2017-09-01,4.201528549194336
2017-09-05,4.08937931060791
2017-09-06,4.086913108825684
2017-09-07,4.105893611907959
2017-09-08,4.034658432006836
2017-09-11,4.165541172027588
2017-09-12,4.180577278137207
2017-09-13,4.199310302734375
2017-09-14,4.175401210784912
2017-09-15,4.439382076263428
2017-09-18,4.6227641105651855
2017-09-19,4.617835998535156
2017-09-20,4.580615997314453
2017-09-21,4.455402851104736
2017-09-22,4.412022590637207
2017-09-25,4.214837074279785
2017-09-26,4.238498687744141
2017-09-27,4.331424236297607
2017-09-28,4.330191135406494
2017-09-29,4.4063544273376465
2017-10-02,4.412022590637207
2017-10-03,4.421143531799316
2017-10-04,4.458116054534912
2017-10-05,4.4556498527526855
2017-10-06,4.468714714050293
2017-10-09,4.56952428817749
2017-10-10,4.6567792892456055
2017-10-11,4.706319808959961
2017-10-12,4.7085418701171875
2017-10-13,4.796287536621094
2017-10-16,4.878612995147705
2017-10-17,4.874175071716309
2017-10-18,4.8699870109558105
2017-10-19,4.875409126281738
2017-10-20,4.853225231170654
2017-10-23,4.846323013305664
2017-10-24,4.897099018096924
2017-10-25,4.773365497589111
2017-10-26,4.823400497436523
2017-10-27,4.975480079650879
2017-10-30,5.0242838859558105
2017-10-31,5.097489356994629
2017-11-01,5.1071014404296875
2017-11-02,5.076045989990234
2017-11-03,5.143826961517334
2017-11-06,5.166996955871582
2017-11-07,5.226151943206787
2017-11-08,5.155412197113037
2017-11-09,5.060764312744141
2017-11-10,5.327455997467041
2017-11-13,5.240941524505615
2017-11-14,5.279145240783691
2017-11-15,5.175622463226318
2017-11-16,5.215800762176514
2017-11-17,5.2096381187438965
2017-11-20,5.276681423187256
2017-11-21,5.325239658355713
2017-11-22,5.301312446594238
2017-11-24,5.351382255554199
2017-11-27,5.281827449798584
2017-11-28,5.197224140167236
2017-11-29,4.844757556915283
2017-11-30,4.950571537017822
2017-12-01,4.875836372375488
2017-12-04,4.604024887084961
2017-12-05,4.63066291809082
2017-12-06,4.668155193328857
2017-12-07,4.735490322113037
2017-12-08,4.7231574058532715
2017-12-11,4.801346778869629
2017-12-12,4.707125663757324
2017-12-13,4.592184543609619
2017-12-14,4.599339008331299
2017-12-15,4.724884510040283
2017-12-18,4.881261825561523
2017-12-19,4.8371100425720215
2017-12-20,4.85413122177124
2017-12-21,4.831686019897461
2017-12-22,4.816391944885254
2017-12-26,4.869914531707764
2017-12-27,4.863256931304932
2017-12-28,4.868929386138916
2017-12-29,4.772735118865967
2018-01-02,4.917026996612549
2018-01-03,5.240636348724365
2018-01-04,5.268261432647705
2018-01-05,5.312903881072998
2018-01-08,5.475695610046387
2018-01-09,5.474216938018799
2018-01-10,5.517134189605713
2018-01-11,5.5269999504089355
2018-01-12,5.499867916107178
2018-01-16,5.429080009460449
2018-01-17,5.54278564453125
2018-01-18,5.535881042480469
2018-01-19,5.675731182098389
2018-01-22,5.764033794403076
2018-01-23,5.892788410186768
2018-01-24,5.816077709197998
2018-01-25,5.829643726348877
2018-01-26,6.001806735992432
2018-01-29,6.08862829208374
2018-01-30,5.986761569976807
2018-01-31,6.0627312660217285
2018-02-01,5.932004928588867
2018-02-02,5.7598395347595215
2018-02-05,5.270973205566406
2018-02-06,5.563998222351074
2018-02-07,5.6434197425842285
2018-02-08,5.3651957511901855
2018-02-09,5.724322319030762
2018-02-12,5.624427318572998
2018-02-13,5.737887859344482
2018-02-14,5.954694747924805
2018-02-15,6.079995632171631
2018-02-16,6.01438570022583
2018-02-20,6.143632411956787
2018-02-21,5.956917762756348
2018-02-22,5.976414203643799
2018-02-23,6.069706439971924
2018-02-26,6.085750102996826
2018-02-27,6.072915554046631
2018-02-28,5.97271203994751
2018-03-01,5.731088161468506
2018-03-02,5.837956428527832
2018-03-05,5.8159894943237305
2018-03-06,5.976658821105957
2018-03-07,5.9687628746032715
2018-03-08,5.952474594116211
2018-03-09,6.054898738861084
2018-03-12,6.16423225402832
2018-03-13,6.1136369705200195
2018-03-14,6.1390581130981445
2018-03-15,6.153867721557617
2018-03-16,6.182003498077393
2018-03-19,5.948030471801758
2018-03-20,6.159791946411133
2018-03-21,6.134619235992432
2018-03-22,5.969010353088379
2018-03-23,5.7498459815979
2018-03-26,6.033921241760254
2018-03-27,5.565974712371826
2018-03-28,5.463057518005371
2018-03-29,5.715786457061768
2018-04-02,5.455652713775635
2018-04-03,5.561779975891113
2018-04-04,5.583745002746582
2018-04-05,5.463796615600586
2018-04-06,5.287824630737305
2018-04-09,5.316453456878662
2018-04-10,5.624960899353027
2018-04-11,5.583745002746582
2018-04-12,5.790074825286865
2018-04-13,5.713564395904541
2018-04-16,5.713319301605225
2018-04-17,5.862636566162109
2018-04-18,5.83375883102417
2018-04-19,5.652850151062012
2018-04-20,5.644708156585693
2018-04-23,5.525496959686279
2018-04-24,5.45935583114624
2018-04-25,5.3473052978515625
2018-04-26,5.558570384979248
2018-04-27,5.58596658706665
2018-04-30,5.55067253112793
2018-05-01,5.60595703125
2018-05-02,5.585472106933594
2018-05-03,5.750338554382324
2018-05-04,5.90015172958374
2018-05-07,6.137577533721924
2018-05-08,6.180029392242432
2018-05-09,6.312809944152832
2018-05-10,6.420172214508057
2018-05-11,6.2819600105285645
2018-05-14,6.302445411682129
2018-05-15,6.060575485229492
2018-05-16,6.071681499481201
2018-05-17,6.1136369705200195
2018-05-18,6.0699543952941895
2018-05-21,6.02799654006958
2018-05-22,5.989988327026367
2018-05-23,6.11322021484375
2018-05-24,6.11692476272583
2018-05-25,6.156190872192383
2018-05-29,6.139149188995361
2018-05-30,6.247814178466797
2018-05-31,6.228055953979492
2018-06-01,6.362155437469482
2018-06-04,6.540705680847168
2018-06-05,6.546139717102051
2018-06-06,6.548116207122803
2018-06-07,6.492550373077393
2018-06-08,6.477237224578857
2018-06-11,6.436241626739502
2018-06-12,6.484647274017334
2018-06-13,6.48020076751709
2018-06-14,6.591579914093018
2018-06-15,6.550830841064453
2018-06-18,6.546633243560791
2018-06-19,6.4251298904418945
2018-06-20,6.4779791831970215
2018-06-21,6.3495612144470215
2018-06-22,6.197434425354004
2018-06-25,5.9052815437316895
2018-06-26,5.976158618927002
2018-06-27,5.821315765380859
2018-06-28,5.948251724243164
2018-06-29,5.8504557609558105
2018-07-02,5.982332229614258
2018-07-03,5.848974704742432
2018-07-05,5.9944329261779785
2018-07-06,6.108032703399658
2018-07-09,6.155450820922852
2018-07-10,6.25423526763916
2018-07-11,6.112973690032959
2018-07-12,6.204347610473633
2018-07-13,6.157179355621338
2018-07-16,6.129518032073975
2018-07-17,6.265100955963135
2018-07-18,6.215956687927246
2018-07-19,6.2241058349609375
2018-07-20,6.195952415466309
2018-07-23,6.159402847290039
2018-07-24,6.142114162445068
2018-07-25,6.22015380859375
2018-07-26,6.293502330780029
2018-07-27,6.2238593101501465
2018-07-30,6.0290069580078125
2018-07-31,6.0470356941223145
2018-08-01,6.086793899536133
2018-08-02,6.189284801483154
2018-08-03,6.225832939147949
2018-08-06,6.273496627807617
2018-08-07,6.345607757568359
2018-08-08,6.381913185119629
2018-08-09,6.3335089683532715
2018-08-10,6.292265892028809
2018-08-13,6.325110912322998
2018-08-14,6.456247329711914
2018-08-15,6.39821195602417
2018-08-16,6.3577094078063965
2018-08-17,6.046047210693359
2018-08-20,6.120629787445068
2018-08-21,6.255963325500488
2018-08-22,6.490572929382324
2018-08-23,6.589850902557373
2018-08-24,6.722715377807617
2018-08-27,6.813596248626709
2018-08-28,6.776058673858643
2018-08-29,6.881319522857666
2018-08-30,6.864516258239746
2018-08-31,6.935434818267822
2018-09-04,7.01005744934082
2018-09-05,6.87959098815918
2018-09-06,6.7387471199035645
2018-09-07,6.717498302459717
2018-09-10,6.788412570953369
2018-09-11,6.740723609924316
2018-09-12,6.627061367034912
2018-09-13,6.704648017883301
2018-09-14,6.830418586730957
2018-09-17,6.768646240234375
2018-09-18,6.696741580963135
2018-09-19,6.720461845397949
2018-09-20,6.579619407653809
2018-09-21,6.50969123840332
2018-09-24,6.565287113189697
2018-09-25,6.632249355316162
2018-09-26,6.595432281494141
2018-09-27,6.607292652130127
2018-09-28,6.9438347816467285
2018-10-01,7.149911403656006
2018-10-02,7.078750133514404
2018-10-03,7.084926605224609
2018-10-04,6.901088237762451
2018-10-05,6.668078899383545
2018-10-08,6.567017555236816
2018-10-09,6.561333179473877
2018-10-10,6.0708537101745605
2018-10-11,5.809920310974121
2018-10-12,6.091854095458984
2018-10-15,5.816098690032959
2018-10-16,6.07431173324585
2018-10-17,6.005866050720215
2018-10-18,5.918641090393066
2018-10-19,5.66265344619751
2018-10-22,5.713307857513428
2018-10-23,5.4622602462768555
2018-10-24,4.927300930023193
2018-10-25,5.13560152053833
2018-10-26,4.899628162384033
2018-10-29,4.5865583419799805
2018-10-30,5.0160088539123535
2018-10-31,5.209482192993164
2018-11-01,5.38936710357666
2018-11-02,5.310544967651367
2018-11-05,5.232710838317871
2018-11-06,5.2151665687561035
2018-11-07,5.282622814178467
2018-11-08,5.089888572692871
2018-11-09,5.081982612609863
2018-11-12,4.683419704437256
2018-11-13,4.924832344055176
2018-11-14,4.872446060180664
2018-11-15,5.0009355545043945
2018-11-16,4.062967777252197
2018-11-19,3.5754497051239014
2018-11-20,3.6836767196655273
2018-11-21,3.575697660446167
2018-11-23,3.5828630924224854
2018-11-26,3.781773328781128
2018-11-27,3.798576593399048
2018-11-28,3.955233097076416
2018-11-29,3.8921611309051514
2018-11-30,4.042296886444092
2018-12-03,4.205790042877197
2018-12-04,3.885977268218994
2018-12-06,3.9151649475097656
2018-12-07,3.651003360748291
2018-12-10,3.7561230659484863
2018-12-11,3.6653499603271484
2018-12-12,3.682910919189453
2018-12-13,3.6826627254486084
2018-12-14,3.6223127841949463
2018-12-17,3.5513250827789307
2018-12-18,3.634432077407837
2018-12-19,3.4259235858917236
2018-12-20,3.341580390930176
2018-12-21,3.2048003673553467
2018-12-24,3.143212080001831
2018-12-26,3.292111873626709
2018-12-27,3.244374990463257
2018-12-28,3.3057150840759277
2018-12-31,3.3020055294036865
2019-01-02,3.3692824840545654
2019-01-03,3.165719985961914
2019-01-04,3.3685402870178223
2019-01-07,3.546873092651367
2019-01-08,3.4585723876953125
2019-01-09,3.5265917778015137
2019-01-10,3.5921366214752197
2019-01-11,3.6811792850494385
2019-01-14,3.721001148223877
2019-01-15,3.7069032192230225
2019-01-16,3.681427240371704
2019-01-17,3.7526614665985107
2019-01-18,3.881525993347168
2019-01-22,3.6796951293945312
2019-01-23,3.6925573348999023
2019-01-24,3.904033899307251
2019-01-25,3.9611692428588867
2019-01-28,3.4135560989379883
2019-01-29,3.2550108432769775
2019-01-30,3.398221492767334
2019-01-31,3.555530071258545
2019-02-01,3.5797693729400635
2019-02-04,3.689836263656616
2019-02-05,3.7088816165924072
2019-02-06,3.78432035446167
2019-02-07,3.6463043689727783
2019-02-08,3.6648547649383545
2019-02-11,3.6223127841949463
2019-02-12,3.7390570640563965
2019-02-13,3.7813527584075928
2019-02-14,3.8221638202667236
2019-02-15,3.8916666507720947
2019-02-19,3.8743531703948975
2019-02-20,3.9215946197509766
2019-02-21,3.8528339862823486
2019-02-22,3.937424659729004
2019-02-25,3.925058126449585
2019-02-26,3.885730504989624
2019-02-27,3.8439297676086426
2019-02-28,3.819417953491211
2019-03-01,3.8736414909362793
2019-03-04,3.8818130493164062
2019-03-05,3.8753747940063477
2019-03-06,3.7646989822387695
2019-03-07,3.69562029838562
2019-03-08,3.7297885417938232
2019-03-11,3.9897639751434326
2019-03-12,4.023932933807373
2019-03-13,4.1749653816223145
2019-03-14,4.099200248718262
2019-03-15,4.204430103302002
2019-03-18,4.1831374168396
2019-03-19,4.35051155090332
2019-03-20,4.318077087402344
2019-03-21,4.554283618927002
2019-03-22,4.394830226898193
2019-03-25,4.302725315093994
2019-03-26,4.379233360290527
2019-03-27,4.370071887969971
2019-03-28,4.388641357421875
2019-03-29,4.445835590362549
2019-04-01,4.513183116912842
2019-04-02,4.531007766723633
2019-04-03,4.6701579093933105
2019-04-04,4.661245346069336
2019-04-05,4.727848529815674
2019-04-08,4.748645782470703
2019-04-09,4.686005115509033
2019-04-10,4.756321907043457
2019-04-11,4.74245548248291
2019-04-12,4.704574108123779
2019-04-15,4.5731000900268555
2019-04-16,4.660006523132324
2019-04-17,4.637228965759277
2019-04-18,4.612715244293213
2019-04-22,4.666444778442383
2019-04-23,4.7209153175354
2019-04-24,4.73329496383667
2019-04-25,4.627818584442139
2019-04-26,4.409438610076904
2019-04-29,4.4401421546936035
2019-04-30,4.481490135192871
2019-05-01,4.468367576599121
2019-05-02,4.535714149475098
2019-05-03,4.531256198883057
2019-05-06,4.453017711639404
2019-05-07,4.286137580871582
2019-05-08,4.3061909675598145
2019-05-09,4.213839054107666
2019-05-10,4.179916858673096
2019-05-13,3.9231607913970947
2019-05-14,4.012046813964844
2019-05-15,3.951138973236084
2019-05-16,3.966242551803589
2019-05-17,3.875621795654297
2019-05-20,3.7572710514068604
2019-05-21,3.8392257690429688
2019-05-22,3.768413782119751
2019-05-23,3.6475863456726074
2019-05-24,3.593858480453491
2019-05-28,3.548794746398926
2019-05-29,3.474764823913574
2019-05-30,3.4482407569885254
2019-05-31,3.357764720916748
2019-06-03,3.3161213397979736
2019-06-04,3.5446650981903076
2019-06-05,3.502031087875366
2019-06-06,3.5640015602111816
2019-06-07,3.606635332107544
2019-06-10,3.679264545440674
2019-06-11,3.736771583557129
2019-06-12,3.6239864826202393
2019-06-13,3.6750502586364746
2019-06-14,3.585317850112915
2019-06-17,3.5949854850769043
2019-06-18,3.789569616317749
2019-06-19,3.7955193519592285
2019-06-20,3.8198115825653076
2019-06-21,3.761807680130005
2019-06-24,3.784116506576538
2019-06-25,3.7548670768737793
2019-06-26,3.9477169513702393
2019-06-27,4.046125411987305
2019-06-28,4.070913314819336
2019-07-01,4.119002819061279
2019-07-02,4.021336555480957
2019-07-03,4.034226417541504
2019-07-05,3.971761703491211
2019-07-08,3.8969006538391113
2019-07-09,3.8993802070617676
2019-07-10,3.9675474166870117
2019-07-11,4.121726989746094
2019-07-12,4.154695510864258
2019-07-15,4.146267890930176
2019-07-16,4.141558647155762
2019-07-17,4.206749439239502
2019-07-18,4.218400955200195
2019-07-19,4.17526912689209
2019-07-22,4.246658802032471
2019-07-23,4.354238510131836
2019-07-24,4.428601264953613
2019-07-25,4.297720432281494
2019-07-26,4.339613437652588
2019-07-29,4.333416938781738
2019-07-30,4.349032402038574
2019-07-31,4.182209491729736
2019-08-01,4.088016033172607
2019-08-02,3.9955575466156006
2019-08-05,3.7377634048461914
2019-08-06,3.776432752609253
2019-08-07,3.814605951309204
2019-08-08,3.922929286956787
2019-08-09,3.821793794631958
2019-08-12,3.7541239261627197
2019-08-13,3.868147850036621
2019-08-14,3.719916820526123
2019-08-15,3.687692403793335
2019-08-16,3.9551539421081543
2019-08-19,4.233272552490234
2019-08-20,4.161139965057373
2019-08-21,4.244426727294922
2019-08-22,4.2506256103515625
2019-08-23,4.0265421867370605
2019-08-26,4.10115385055542
2019-08-27,4.010678768157959
2019-08-28,4.000256538391113
2019-08-29,4.143673419952393
2019-08-30,4.156326770782471
2019-09-03,4.073453426361084
2019-09-04,4.187342166900635
2019-09-05,4.459783554077148
2019-09-06,4.432737827301025
2019-09-09,4.478640079498291
2019-09-10,4.545136451721191
2019-09-11,4.573672771453857
2019-09-12,4.572184085845947
2019-09-13,4.514369010925293
2019-09-16,4.4714460372924805
2019-09-17,4.492783069610596
2019-09-18,4.465737342834473
2019-09-19,4.390307903289795
2019-09-20,4.284855842590332
2019-09-23,4.338202476501465
2019-09-24,4.280885219573975
2019-09-25,4.4223151206970215
2019-09-26,4.400232791900635
2019-09-27,4.261779308319092
2019-09-30,4.31909704208374
2019-10-01,4.317359924316406
2019-10-02,4.293539524078369
2019-10-03,4.498739242553711
2019-10-04,4.515113830566406
2019-10-07,4.573672771453857
2019-10-08,4.39750337600708
2019-10-09,4.483850479125977
2019-10-10,4.541415214538574
2019-10-11,4.614861011505127
2019-10-14,4.628258228302002
2019-10-15,4.872413158416748
2019-10-16,4.818818092346191
2019-10-17,4.820804595947266
2019-10-18,4.726515769958496
2019-10-21,4.863481521606445
2019-10-22,4.853556156158447
2019-10-23,4.8406524658203125
2019-10-24,4.884570598602295
2019-10-25,5.075131416320801
2019-10-28,5.1309590339660645
2019-10-29,5.034934997558594
2019-10-30,5.036919116973877
2019-10-31,4.987791538238525
2019-11-01,5.02674674987793
2019-11-04,5.223012447357178
2019-11-05,5.200929164886475
2019-11-06,5.1518025398254395
2019-11-07,5.169416904449463
2019-11-08,5.155522346496582
2019-11-11,5.16544771194458
2019-11-12,5.200929164886475
2019-11-13,5.175124168395996
2019-11-14,5.2053961753845215
2019-11-15,5.0664472579956055
2019-11-18,5.267178535461426
2019-11-19,5.160733699798584
2019-11-20,5.239884376525879
2019-11-21,5.215071678161621
2019-11-22,5.232690811157227
2019-11-25,5.488753318786621
2019-11-26,5.384293079376221
2019-11-27,5.419055938720703
2019-11-29,5.381809234619141
2019-12-02,5.195827007293701
2019-12-03,5.15634822845459
2019-12-04,5.200047969818115
2019-12-05,5.183165073394775
2019-12-06,5.2683329582214355
2019-12-09,5.2683329582214355
2019-12-10,5.3132781982421875
2019-12-11,5.3967084884643555
2019-12-12,5.563819408416748
2019-12-13,5.561832904815674
2019-12-16,5.590636730194092
2019-12-17,5.668605327606201
2019-12-18,5.698897838592529
2019-12-19,5.8466410636901855
2019-12-20,5.943728923797607
2019-12-23,5.930072784423828
2019-12-24,5.925106525421143
2019-12-26,5.939260005950928
2019-12-27,5.88165283203125
2019-12-30,5.768672466278076
2019-12-31,5.842668533325195
2020-01-02,5.957138538360596
2020-01-03,5.861787796020508
2020-01-06,5.8863701820373535
2020-01-07,5.957634925842285
2020-01-08,5.968808650970459
2020-01-09,6.034360408782959
2020-01-10,6.0666422843933105
2020-01-13,6.256845951080322
2020-01-14,6.140140056610107
2020-01-15,6.09768009185791
2020-01-16,6.18110990524292
2020-01-17,6.18980073928833
2020-01-21,6.156527519226074
2020-01-22,6.2104105949401855
2020-01-23,6.278696060180664
2020-01-24,6.219598770141602
2020-01-27,5.964339733123779
2020-01-28,6.157272815704346
2020-01-29,6.096935749053955
2020-01-30,6.103639602661133
2020-01-31,5.870726585388184
2020-02-03,5.967566967010498
2020-02-04,6.136415481567383
2020-02-05,6.226551532745361
2020-02-06,6.3132100105285645
2020-02-07,6.2471604347229
2020-02-10,6.529733657836914
2020-02-11,6.651902198791504
2020-02-12,6.767364025115967
2020-02-13,6.723662853240967
2020-02-14,7.195694923400879
2020-02-18,7.364046096801758
2020-02-19,7.814226150512695
2020-02-20,7.665243625640869
2020-02-21,7.301969528198242
2020-02-24,6.785737991333008
2020-02-25,6.506889820098877
2020-02-26,6.645941257476807
2020-02-27,6.275991439819336
2020-02-28,6.710043430328369
2020-03-02,6.868061065673828
2020-03-03,6.606189250946045
2020-03-04,7.068813323974609
2020-03-05,6.790046691894531
2020-03-06,6.609916687011719
2020-03-09,6.098097324371338
2020-03-10,6.48668098449707
2020-03-11,6.123688220977783
2020-03-12,5.374345779418945
2020-03-13,5.98380708694458
2020-03-16,4.879669189453125
2020-03-17,5.398198127746582
2020-03-18,5.039178848266602
2020-03-19,5.2913618087768555
2020-03-20,5.111976146697998
2020-03-23,5.284404754638672
2020-03-24,6.191019535064697
2020-03-25,6.102569103240967
2020-03-26,6.391275405883789
2020-03-27,6.279221534729004
2020-03-30,6.59873628616333
2020-03-31,6.549292087554932
2020-04-01,6.039212226867676
2020-04-02,6.347299098968506
2020-04-03,6.060083389282227
2020-04-06,6.668551445007324
2020-04-07,6.435748100280762
2020-04-08,6.6325249671936035
2020-04-09,6.533142566680908
2020-04-13,6.7045769691467285
2020-04-14,7.054899215698242
2020-04-15,6.9776291847229
2020-04-16,7.321990013122559
2020-04-17,7.262857437133789
2020-04-20,7.131921768188477
2020-04-21,6.69612979888916
2020-04-22,7.109561443328857
2020-04-23,7.056389808654785
2020-04-24,7.195028305053711
2020-04-27,7.3811211585998535
2020-04-28,7.239005088806152
2020-04-29,7.415408611297607
2020-04-30,7.261863708496094
2020-05-01,7.02583122253418
2020-05-04,7.237265586853027
2020-05-05,7.298137664794922
2020-05-06,7.3987627029418945
2020-05-07,7.5746684074401855
2020-05-08,7.76423978805542
2020-05-11,8.015681266784668
2020-05-12,7.754302501678467
2020-05-13,7.731942653656006
2020-05-14,7.980894088745117
2020-05-15,8.438302993774414
2020-05-18,8.696198463439941
2020-05-19,8.751107215881348
2020-05-20,8.914593696594238
2020-05-21,8.721044540405273
2020-05-22,8.970495223999023
2020-05-26,8.663898468017578
2020-05-27,8.472590446472168
2020-05-28,8.434576034545898
2020-05-29,8.820672035217285
2020-06-01,8.751852989196777
2020-06-02,8.770733833312988
2020-06-03,8.715328216552734
2020-06-04,8.716323852539062
2020-06-05,8.868945121765137
2020-06-08,8.75460433959961
2020-06-09,8.994221687316895
2020-06-10,9.313138961791992
2020-06-11,8.745905876159668
2020-06-12,8.881377220153809
2020-06-15,9.121241569519043
2020-06-16,9.016592979431152
2020-06-17,9.183137893676758
2020-06-18,9.165239334106445
2020-06-19,9.208243370056152
2020-06-22,9.472220420837402
2020-06-23,9.395909309387207
2020-06-24,9.182640075683594
2020-06-25,9.43568229675293
2020-06-26,9.102599143981934
2020-06-29,9.147342681884766
2020-06-30,9.443388938903809
2020-07-01,9.47545337677002
2020-07-02,9.557232856750488
2020-07-06,9.782933235168457
2020-07-07,9.81524658203125
2020-07-08,10.157526016235352
2020-07-09,10.448847770690918
2020-07-10,10.419269561767578
2020-07-13,9.994712829589844
2020-07-14,10.317605018615723
2020-07-15,10.16871452331543
2020-07-16,10.076743125915527
2020-07-17,10.143113136291504
2020-07-20,10.450591087341309
2020-07-21,10.269384384155273
2020-07-22,10.37900161743164
2020-07-23,10.071769714355469
2020-07-24,10.136152267456055
2020-07-27,10.361852645874023
2020-07-28,10.157028198242188
2020-07-29,10.405599594116211
2020-07-30,10.553251266479492
2020-07-31,10.553996086120605
2020-08-03,10.94723129272461
2020-08-04,11.163484573364258
2020-08-05,11.222148895263672
2020-08-06,11.270622253417969
2020-08-07,11.135397911071777
2020-08-10,11.101096153259277
2020-08-11,10.787899017333984
2020-08-12,11.374770164489746
2020-08-13,11.3775053024292
2020-08-14,11.497814178466797
2020-08-17,12.266387939453125
2020-08-18,12.190573692321777
2020-08-19,12.069024085998535
2020-08-20,12.071510314941406
2020-08-21,12.6109037399292
2020-08-24,12.647444725036621
2020-08-25,12.677027702331543
2020-08-26,12.6998929977417
2020-08-27,12.555973052978516
2020-08-28,13.072495460510254
2020-08-31,13.297950744628906
2020-09-01,13.746005058288574
2020-09-02,14.268651962280273
2020-09-03,12.944878578186035
2020-09-04,12.554011344909668
2020-09-08,11.848358154296875
2020-09-09,12.646007537841797
2020-09-10,12.244943618774414
2020-09-11,12.098495483398438
2020-09-14,12.802401542663574
2020-09-15,12.920509338378906
2020-09-16,12.446593284606934
2020-09-17,12.395870208740234
2020-09-18,12.12310791015625
2020-09-21,12.449331283569336
2020-09-22,12.569175720214844
2020-09-23,12.057965278625488
2020-09-24,12.280997276306152
2020-09-25,12.803894996643066
2020-09-28,12.964269638061523
2020-09-29,13.153983116149902
2020-09-30,13.457082748413086
2020-10-01,13.54062557220459
2020-10-02,12.991373062133789
2020-10-05,13.568472862243652
2020-10-06,13.66196346282959
2020-10-07,13.888228416442871
2020-10-08,13.76365852355957
2020-10-09,13.688070297241211
2020-10-12,14.148805618286133
2020-10-13,14.170936584472656
2020-10-14,14.018768310546875
2020-10-15,13.89419937133789
2020-10-16,13.736557960510254
2020-10-19,13.424511909484863
2020-10-20,13.571456909179688
2020-10-21,13.451361656188965
2020-10-22,13.28849983215332
2020-10-23,13.516508102416992
2020-10-26,13.069942474365234
2020-10-27,13.324058532714844
2020-10-28,12.558484077453613
2020-10-29,12.953330039978027
2020-10-30,12.465988159179688
2020-11-02,12.512484550476074
2020-11-03,12.948853492736816
2020-11-04,13.719398498535156
2020-11-05,14.083165168762207
2020-11-06,14.482986450195312
2020-11-09,13.556787490844727
2020-11-10,12.700708389282227
2020-11-11,13.345196723937988
2020-11-12,13.383731842041016
2020-11-13,13.224846839904785
2020-11-16,13.441914558410645
2020-11-17,13.349417686462402
2020-11-18,13.35588264465332
2020-11-19,13.367323875427246
2020-11-20,13.016733169555664
2020-11-23,13.06870174407959
2020-11-24,12.887439727783203
2020-11-25,13.162938117980957
2020-11-27,13.18929386138916
2020-11-30,13.328784942626953
2020-12-01,13.317343711853027
2020-12-02,13.471006393432617
2020-12-03,13.32724666595459
2020-12-04,13.488665580749512
2020-12-07,13.536913871765137
2020-12-08,13.281484603881836
2020-12-09,12.864385604858398
2020-12-10,12.905672073364258
2020-12-11,12.94646167755127
2020-12-14,13.240446090698242
2020-12-15,13.29193115234375
2020-12-16,13.174535751342773
2020-12-17,13.272781372070312
2020-12-18,13.203885078430176
2020-12-21,13.263827323913574
2020-12-22,13.210102081298828
2020-12-23,12.942481994628906
2020-12-24,12.927061080932617
2020-12-28,12.833793640136719
2020-12-29,12.876822471618652
2020-12-30,13.078282356262207
2020-12-31,12.987998008728027
2021-01-04,13.046196937561035
2021-01-05,13.335951805114746
2021-01-06,12.549759864807129
2021-01-07,13.275517463684082
2021-01-08,13.208611488342285
2021-01-11,13.551590919494629
2021-01-12,13.415543556213379
2021-01-13,13.462299346923828
2021-01-14,13.132500648498535
2021-01-15,12.793500900268555
2021-01-19,12.95840072631836
2021-01-20,13.297154426574707
2021-01-21,13.796327590942383
2021-01-22,13.642123222351074
2021-01-25,13.58317756652832
2021-01-26,13.366294860839844
2021-01-27,12.85145378112793
2021-01-28,12.984017372131348
2021-01-29,12.923084259033203
2021-02-01,13.169066429138184
2021-02-02,13.48717212677002
2021-02-03,13.461055755615234
2021-02-04,13.594120979309082
2021-02-05,13.521247863769531
2021-02-08,14.364646911621094
2021-02-09,14.190048217773438
2021-02-10,14.688477516174316
2021-02-11,15.172477722167969
2021-02-12,14.884464263916016
2021-02-16,15.251570701599121
2021-02-17,14.829497337341309
2021-02-18,14.752893447875977
2021-02-19,14.849892616271973
2021-02-22,14.282073974609375
2021-02-23,14.069418907165527
2021-02-24,14.42458724975586
2021-02-25,13.239203453063965
2021-02-26,13.644115447998047
2021-03-01,13.770709991455078
2021-03-02,13.337443351745605
2021-03-03,12.739033699035645
2021-03-04,12.306763648986816
2021-03-05,12.397546768188477
2021-03-08,11.533750534057617
2021-03-09,12.46029281616211
2021-03-10,12.40854263305664
2021-03-11,12.9312744140625
2021-03-12,12.79443359375
2021-03-15,13.128079414367676
2021-03-16,13.227601051330566
2021-03-17,13.277361869812012
2021-03-18,12.66157341003418
2021-03-19,12.784235000610352
2021-03-22,13.1231050491333
2021-03-23,13.00815486907959
2021-03-24,12.582454681396484
2021-03-25,12.4752197265625
2021-03-26,12.777763366699219
2021-03-29,12.886241912841797
2021-03-30,12.810110092163086
2021-03-31,13.28432846069336
2021-04-01,13.745606422424316
2021-04-05,13.920514106750488
2021-04-06,13.795117378234863
2021-04-07,14.07576847076416
2021-04-08,14.248437881469727
2021-04-09,14.33104133605957
2021-04-12,15.136163711547852
2021-04-13,15.604412078857422
2021-04-14,15.203840255737305
2021-04-15,16.059968948364258
2021-04-16,15.836295127868652
2021-04-19,15.28818130493164
2021-04-20,15.09859561920166
2021-04-21,15.28693962097168
2021-04-22,14.779133796691895
2021-04-23,15.192146301269531
2021-04-26,15.403877258300781
2021-04-27,15.308090209960938
2021-04-28,15.203592300415039
2021-04-29,15.251359939575195
2021-04-30,14.937621116638184
2021-05-03,14.765697479248047
2021-05-04,14.282524108886719
2021-05-05,14.38925838470459
2021-05-06,14.453451156616211
2021-05-07,14.741312980651855
2021-05-10,14.197432518005371
2021-05-11,14.237739562988281
2021-05-12,13.692609786987305
2021-05-13,13.599807739257812
2021-05-14,14.174793243408203
2021-05-17,14.097661972045898
2021-05-18,13.948630332946777
2021-05-19,13.998391151428223
2021-05-20,14.542522430419922
2021-05-21,14.919954299926758
2021-05-24,15.537235260009766
2021-05-25,15.572816848754883
2021-05-26,15.6248140335083
2021-05-27,15.413826942443848
2021-05-28,16.166706085205078
2021-06-01,16.186613082885742
2021-06-02,16.69790267944336
2021-06-03,16.888484954833984
2021-06-04,17.494068145751953
2021-06-07,17.534622192382812
2021-06-08,17.373401641845703
2021-06-09,17.27907943725586
2021-06-10,17.345523834228516
2021-06-11,17.743955612182617
2021-06-14,17.936569213867188
2021-06-15,17.707368850708008
2021-06-16,17.729015350341797
2021-06-17,18.572158813476562
2021-06-18,18.553739547729492
2021-06-21,18.34320831298828
2021-06-22,18.800609588623047
2021-06-23,18.9703311920166
2021-06-24,19.117908477783203
2021-06-25,18.944198608398438
2021-06-28,19.89385223388672
2021-06-29,19.93541145324707
2021-06-30,19.911277770996094
2021-07-01,20.119815826416016
2021-07-02,20.39356231689453
2021-07-06,20.60409927368164
2021-07-07,20.278839111328125
2021-07-08,19.81197738647461
2021-07-09,19.958803176879883
2021-07-12,20.4189510345459
2021-07-13,20.157644271850586
2021-07-14,19.751005172729492
2021-07-15,18.879745483398438
2021-07-16,18.078166961669922
2021-07-19,18.6940975189209
2021-07-20,18.527111053466797
2021-07-21,19.321474075317383
2021-07-22,19.5046329498291
2021-07-23,19.46879768371582
2021-07-26,19.206005096435547
2021-07-27,19.120397567749023
2021-07-28,19.414051055908203
2021-07-29,19.572324752807617
2021-07-30,19.410066604614258
2021-08-02,19.659921646118164
2021-08-03,19.72463035583496
2021-08-04,20.181537628173828
2021-08-05,20.542875289916992
2021-08-06,20.273113250732422
2021-08-09,20.202442169189453
2021-08-10,19.845073699951172
2021-08-11,19.60915756225586
2021-08-12,19.814218521118164
2021-08-13,20.095924377441406
2021-08-16,19.859012603759766
2021-08-17,19.36925506591797
2021-08-18,18.953166961669922
2021-08-19,19.707698822021484
2021-08-20,20.72106170654297
2021-08-23,21.857851028442383
2021-08-24,21.693603515625
2021-08-25,22.111692428588867
2021-08-26,21.96735191345215
2021-08-27,22.532758712768555
2021-08-30,22.58452606201172
2021-08-31,22.286836624145508
2021-09-01,22.342588424682617
2021-09-02,22.297786712646484
2021-09-03,22.742826461791992
2021-09-07,22.562620162963867
2021-09-08,22.241037368774414
2021-09-09,22.07974624633789
2021-09-10,22.379423141479492
2021-09-13,22.054859161376953
2021-09-14,22.144458770751953
2021-09-15,22.243024826049805
2021-09-16,22.144458770751953
2021-09-17,21.80396270751953
2021-09-20,21.020416259765625
2021-09-21,21.152828216552734
2021-09-22,21.84478759765625
2021-09-23,22.38340950012207
2021-09-24,21.984169006347656
2021-09-27,21.56501579284668
2021-09-28,20.608226776123047
2021-09-29,20.42702865600586
2021-09-30,20.625152587890625
2021-10-01,20.65104103088379
2021-10-04,19.645469665527344
2021-10-05,20.361316680908203
2021-10-06,20.609224319458008
2021-10-07,20.982576370239258
2021-10-08,20.739652633666992
2021-10-11,20.604248046875
2021-10-12,20.580352783203125
2021-10-13,20.84717559814453
2021-10-14,21.650638580322266
2021-10-15,21.76612663269043
2021-10-18,22.12455177307129
2021-10-19,22.1922550201416
2021-10-20,22.006072998046875
2021-10-21,22.592485427856445
2021-10-22,22.626338958740234
2021-10-25,23.064407348632812
2021-10-26,24.60860252380371
2021-10-27,24.343780517578125
2021-10-28,24.831626892089844
2021-10-29,25.45488166809082
2021-11-01,25.7137393951416
2021-11-02,26.28522300720215
2021-11-03,26.481361389160156
2021-11-04,29.670312881469727
2021-11-05,29.621530532836914
2021-11-08,30.668916702270508
2021-11-09,30.522558212280273
2021-11-10,29.329814910888672
2021-11-11,30.256731033325195
2021-11-12,30.256731033325195
2021-11-15,29.893329620361328
2021-11-16,30.070552825927734
2021-11-17,29.1326847076416
2021-11-18,31.536096572875977
2021-11-19,32.84035110473633
2021-11-22,31.815868377685547
2021-11-23,31.606786727905273
2021-11-24,32.53070831298828
2021-11-26,31.36484718322754
2021-11-29,33.22962951660156
2021-11-30,32.53269577026367
2021-12-01,31.300979614257812
2021-12-02,31.98902702331543
2021-12-03,30.56214714050293
2021-12-06,29.90894317626953
2021-12-07,32.28874969482422
2021-12-08,31.6903133392334
2021-12-09,30.36001205444336
2021-12-10,30.069255828857422
2021-12-13,28.040937423706055
2021-12-14,28.216188430786133
2021-12-15,30.32913589477539
2021-12-16,28.265975952148438
2021-12-17,27.682477951049805
2021-12-20,27.6008243560791
2021-12-21,28.951045989990234
2021-12-22,29.274656295776367
2021-12-23,29.513635635375977
2021-12-27,30.81307029724121
2021-12-28,30.192724227905273
2021-12-29,29.873090744018555
2021-12-30,29.459863662719727
2021-12-31,29.28560447692871
2022-01-03,29.992584228515625
2022-01-04,29.165128707885742
2022-01-05,27.48631477355957
2022-01-06,28.0578670501709
2022-01-07,27.130836486816406
2022-01-10,27.28318214416504
2022-01-11,27.69840431213379
2022-01-12,27.87963104248047
2022-01-13,26.461700439453125
2022-01-14,26.827136993408203
2022-01-18,25.792564392089844
2022-01-19,24.960128784179688
2022-01-20,24.04704475402832
2022-01-21,23.274349212646484
2022-01-24,23.272357940673828
2022-01-25,22.228824615478516
2022-01-26,22.674911499023438
2022-01-27,21.850446701049805
2022-01-28,22.74262237548828
2022-01-31,24.381607055664062
2022-02-01,24.532957077026367
2022-02-02,25.134380340576172
2022-02-03,23.845901489257812
2022-02-04,24.215314865112305
2022-02-07,24.62257957458496
2022-02-08,25.000953674316406
2022-02-09,26.591150283813477
2022-02-10,25.71390151977539
2022-02-11,23.84689712524414
2022-02-14,24.163536071777344
2022-02-15,26.382041931152344
2022-02-16,26.397977828979492
2022-02-17,24.402517318725586
2022-02-18,23.54120445251465
2022-02-22,23.290279388427734
2022-02-23,22.29155731201172
2022-02-24,23.64674949645996
2022-02-25,24.054006576538086
2022-02-28,24.28104019165039
2022-03-01,23.376907348632812
2022-03-02,24.120849609375
2022-03-03,23.616918563842773
2022-03-04,22.84210777282715
2022-03-07,21.264585494995117
2022-03-08,21.42592430114746
2022-03-09,22.91978645324707
2022-03-10,22.565244674682617
2022-03-11,22.009531021118164
2022-03-14,21.242679595947266
2022-03-15,22.878952026367188
2022-03-16,24.395719528198242
2022-03-17,24.66461944580078
2022-03-18,26.344709396362305
2022-03-21,26.62455940246582
2022-03-22,26.415416717529297
2022-03-23,25.529062271118164
2022-03-24,28.034761428833008
2022-03-25,27.578636169433594
2022-03-28,28.103479385375977
2022-03-29,28.53868865966797
2022-03-30,27.576642990112305
2022-03-31,27.174297332763672
2022-04-01,26.602649688720703
2022-04-04,27.248001098632812
2022-04-05,25.824846267700195
2022-04-06,24.307086944580078
2022-04-07,24.10890007019043
2022-04-08,23.024356842041016
2022-04-11,21.827280044555664
2022-04-12,21.415969848632812
2022-04-13,22.112104415893555
2022-04-14,21.17097282409668
2022-04-18,21.693828582763672
2022-04-19,22.10712432861328
2022-04-20,21.394058227539062
2022-04-21,20.100378036499023
2022-04-22,19.435110092163086
2022-04-25,19.820526123046875
2022-04-26,18.71108627319336
2022-04-27,18.33961296081543
2022-04-28,19.701013565063477
2022-04-29,18.471073150634766
2022-05-02,19.453039169311523
2022-05-03,19.521751403808594
2022-05-04,20.25075912475586
2022-05-05,18.766857147216797
2022-05-06,18.59854507446289
2022-05-09,16.880613327026367
2022-05-10,17.52297019958496
2022-05-11,16.561922073364258
2022-05-12,16.108779907226562
2022-05-13,17.633516311645508
2022-05-16,17.19332504272461
2022-05-17,18.102584838867188
2022-05-18,16.86865997314453
2022-05-19,17.05390167236328
2022-05-20,16.62565803527832
2022-05-23,16.828826904296875
2022-05-24,16.087871551513672
2022-05-25,16.905508041381836
2022-05-26,17.777915954589844
2022-05-27,18.733993530273438
2022-05-31,18.595563888549805
2022-06-01,18.245004653930664
2022-06-02,19.51179313659668
2022-06-03,18.64336395263672
2022-06-06,18.70909309387207
2022-06-07,18.84851837158203
2022-06-08,18.57558822631836
2022-06-09,17.97791862487793
2022-06-10,16.9080867767334
2022-06-13,15.586241722106934
2022-06-14,15.774505615234375
2022-06-15,16.462825775146484
2022-06-16,15.54041576385498
2022-06-17,15.818336486816406
2022-06-21,16.501672744750977
2022-06-22,16.29647445678711
2022-06-23,16.161998748779297
2022-06-24,17.059494018554688
2022-06-27,16.803495407104492
2022-06-28,15.919939994812012
2022-06-29,15.481648445129395
2022-06-30,15.100133895874023
2022-07-01,14.466604232788086
2022-07-05,14.905891418457031
2022-07-06,15.071247100830078
2022-07-07,15.796419143676758
2022-07-08,15.77649974822998
2022-07-11,15.093162536621094
2022-07-12,15.02343463897705
2022-07-13,15.105114936828613
2022-07-14,15.31230640411377
2022-07-15,15.700793266296387
2022-07-18,16.038475036621094
2022-07-19,16.9260196685791
2022-07-20,17.737852096557617
2022-07-21,17.979909896850586
2022-07-22,17.25174903869629
2022-07-25,16.9578914642334
2022-07-26,16.468801498413086
2022-07-27,17.720916748046875
2022-07-28,17.914167404174805
2022-07-29,18.092470169067383
2022-08-01,18.3693904876709
2022-08-02,18.454059600830078
2022-08-03,18.81963539123535
2022-08-04,19.1403865814209
2022-08-05,18.915258407592773
2022-08-08,17.72390365600586
2022-08-09,17.019655227661133
2022-08-10,18.02672004699707
2022-08-11,17.87232780456543
2022-08-12,18.636348724365234
2022-08-15,18.958097457885742
2022-08-16,18.805688858032227
2022-08-17,18.26380157470703
2022-08-18,18.70009994506836
2022-08-19,17.779687881469727
2022-08-22,16.96785545349121
2022-08-23,17.11427879333496
2022-08-24,17.155122756958008
2022-08-25,17.843441009521484
2022-08-26,16.196861267089844
2022-08-29,15.739641189575195
2022-08-30,15.407938003540039
2022-08-31,15.035386085510254
2022-09-01,13.882881164550781
2022-09-02,13.594005584716797
2022-09-06,13.412713050842285
2022-09-07,13.664803504943848
2022-09-08,13.93981647491455
2022-09-09,14.3353910446167
2022-09-12,14.452967643737793
2022-09-13,13.08389663696289
2022-09-14,13.080906867980957
2022-09-15,12.882619857788086
2022-09-16,13.150654792785645
2022-09-19,13.333995819091797
2022-09-20,13.12873363494873
2022-09-21,13.213432312011719
2022-09-22,12.51594066619873
2022-09-23,12.471101760864258
2022-09-26,12.184135437011719
2022-09-27,12.368474006652832
2022-09-28,12.690314292907715
2022-09-29,12.176166534423828
2022-09-30,12.09545612335205
2022-10-03,12.467118263244629
2022-10-04,13.119767189025879
2022-10-05,13.161613464355469
2022-10-06,13.082901000976562
2022-10-07,12.03268051147461
2022-10-10,11.62813663482666
2022-10-11,11.544438362121582
2022-10-12,11.458745956420898
2022-10-13,11.917096138000488
2022-10-14,11.186726570129395
2022-10-17,11.845354080200195
2022-10-18,11.924071311950684
2022-10-19,12.007770538330078
2022-10-20,12.15025806427002
2022-10-21,12.421280860900879
2022-10-24,12.553805351257324
2022-10-25,13.213432312011719
2022-10-26,12.849738121032715
2022-10-27,13.12873363494873
2022-10-28,13.784374237060547
2022-10-31,13.448582649230957
2022-11-01,13.494420051574707
2022-11-02,13.17158031463623
2022-11-03,13.372856140136719
2022-11-04,14.105218887329102
2022-11-07,14.249699592590332
2022-11-08,14.549620628356934
2022-11-09,13.726584434509277
2022-11-10,15.693502426147461
2022-11-11,16.2684326171875
2022-11-14,16.23654556274414
2022-11-15,16.606216430664062
2022-11-16,15.852928161621094
2022-11-17,15.620765686035156
2022-11-18,15.353724479675293
2022-11-21,15.262056350708008
2022-11-22,15.980467796325684
2022-11-23,16.459741592407227
2022-11-25,16.211637496948242
2022-11-28,15.770224571228027
2022-11-29,15.58289909362793
2022-11-30,16.866607666015625
2022-12-01,17.077903747558594
2022-12-02,16.81976890563965
2022-12-05,16.554649353027344
2022-12-06,15.933727264404297
2022-12-07,16.0662841796875
2022-12-08,17.111791610717773
2022-12-09,16.944347381591797
2022-12-12,17.4765682220459
2022-12-13,18.01177978515625
2022-12-14,17.615102767944336
2022-12-15,16.895509719848633
2022-12-16,16.515779495239258
2022-12-19,16.19983673095703
2022-12-20,16.031400680541992
2022-12-21,16.446012496948242
2022-12-22,15.287885665893555
2022-12-23,15.1553316116333
2022-12-27,14.073946952819824
2022-12-28,13.989228248596191
2022-12-29,14.554339408874512
2022-12-30,14.565300941467285
2023-01-03,14.267297744750977
2023-01-04,14.699851036071777
2023-01-05,14.2174654006958
2023-01-06,14.80948543548584
2023-01-09,15.575922966003418
2023-01-10,15.855987548828125
2023-01-11,15.947677612304688
2023-01-12,16.455978393554688
2023-01-13,16.842689514160156
2023-01-17,17.64301300048828
2023-01-18,17.319095611572266
2023-01-19,16.70913314819336
2023-01-20,17.779556274414062
2023-01-23,19.12904167175293
2023-01-24,19.200803756713867
2023-01-25,19.25861358642578
2023-01-26,19.73601531982422
2023-01-27,20.29714012145996
2023-01-30,19.0981502532959
2023-01-31,19.47189712524414
2023-02-01,20.87321662902832
2023-02-02,21.63665771484375
2023-02-03,21.029687881469727
2023-02-06,21.01872444152832
2023-02-07,22.09911346435547
2023-02-08,22.131006240844727
2023-02-09,22.262563705444336
2023-02-10,21.19413948059082
2023-02-13,21.715394973754883
2023-02-14,22.894453048706055
2023-02-15,22.688142776489258
2023-02-16,21.928682327270508
2023-02-17,21.316730499267578
2023-02-21,20.586172103881836
2023-02-22,20.684837341308594
2023-02-23,23.585145950317383
2023-02-24,23.208406448364258
2023-02-27,23.422685623168945
2023-02-28,23.138639450073242
2023-03-01,22.622364044189453
2023-03-02,23.236312866210938
2023-03-03,23.810388565063477
2023-03-06,23.47551727294922
2023-03-07,23.214340209960938
2023-03-08,24.104515075683594
2023-03-09,23.361873626708984
2023-03-10,22.89236068725586
2023-03-13,22.893356323242188
2023-03-14,23.986888885498047
2023-03-15,24.151369094848633
2023-03-16,25.460216522216797
2023-03-17,25.643634796142578
2023-03-20,25.818078994750977
2023-03-21,26.116132736206055
2023-03-22,26.3842830657959
2023-03-23,27.10499382019043
2023-03-24,26.694292068481445
2023-03-27,26.447084426879883
2023-03-28,26.32646369934082
2023-03-29,26.89864730834961
2023-03-30,27.296388626098633
2023-03-31,27.689138412475586
2023-04-03,27.876544952392578
2023-04-04,27.366165161132812
2023-04-05,26.795974731445312
2023-04-06,26.951478958129883
2023-04-10,27.49176597595215
2023-04-11,27.083065032958984
2023-04-12,26.411195755004883
2023-04-13,26.37929916381836
2023-04-14,26.67336082458496
2023-04-17,26.916593551635742
2023-04-18,27.57948875427246
2023-04-19,27.842655181884766
2023-04-20,27.018268585205078
2023-04-21,27.03322410583496
2023-04-24,26.956466674804688
2023-04-25,26.15799903869629
2023-04-26,26.870737075805664
2023-04-27,27.139883041381836
2023-04-28,27.66123390197754
2023-05-01,28.818553924560547
2023-05-02,28.120773315429688
2023-05-03,27.71405792236328
2023-05-04,27.474822998046875
2023-05-05,28.589284896850586
2023-05-08,29.058792114257812
2023-05-09,28.480627059936523
2023-05-10,28.793636322021484
2023-05-11,28.487606048583984
2023-05-12,28.2503604888916
2023-05-15,28.86142349243164
2023-05-16,29.120595932006836
2023-05-17,30.082548141479492
2023-05-18,31.577800750732422
2023-05-19,31.16511344909668
2023-05-22,31.077394485473633
2023-05-23,30.590930938720703
2023-05-24,30.441410064697266
2023-05-25,37.8598747253418
2023-05-26,38.82280731201172
2023-05-30,39.984130859375
2023-05-31,37.714332580566406
2023-06-01,39.64420700073242
2023-06-02,39.20261001586914
2023-06-05,39.04710006713867
2023-06-06,38.531734466552734
2023-06-07,37.36033630371094
2023-06-08,38.39215850830078
2023-06-09,38.65137481689453
2023-06-12,39.36118698120117
2023-06-13,40.89647674560547
2023-06-14,42.865440368652344
2023-06-15,42.522491455078125
2023-06-16,42.56137466430664
2023-06-20,43.6739616394043
2023-06-21,42.91328811645508
2023-06-22,42.89335250854492
2023-06-23,42.07985305786133
2023-06-26,40.50767135620117
2023-06-27,41.74787139892578
2023-06-28,40.99118423461914
2023-06-29,40.69709014892578
2023-06-30,42.17256546020508
2023-07-03,42.28321838378906
2023-07-05,42.18751907348633
2023-07-06,41.974178314208984
2023-07-07,42.372947692871094
2023-07-10,42.050933837890625
2023-07-11,42.275238037109375
2023-07-12,43.767662048339844
2023-07-13,45.8363151550293
2023-07-14,45.329872131347656
2023-07-17,46.3188362121582
2023-07-18,47.348670959472656
2023-07-19,46.932945251464844
2023-07-20,45.38071823120117
2023-07-21,44.17341995239258
2023-07-24,44.475494384765625
2023-07-25,45.53923416137695
2023-07-26,45.312923431396484
2023-07-27,45.75955581665039
2023-07-28,46.60695266723633
2023-07-31,46.58600997924805
2023-08-01,46.36469650268555
2023-08-02,44.133548736572266
2023-08-03,44.378787994384766
2023-08-04,44.54328918457031
2023-08-07,45.27803039550781
2023-08-08,44.5273323059082
2023-08-09,42.42378616333008
2023-08-10,42.258296966552734
2023-08-11,40.7299919128418
2023-08-14,43.61912155151367
2023-08-15,43.805545806884766
2023-08-16,43.35293960571289
2023-08-17,43.21138000488281
2023-08-18,43.16651153564453
2023-08-21,46.82329559326172
2023-08-22,45.528263092041016
2023-08-23,46.971832275390625
2023-08-24,47.01869201660156
2023-08-25,45.87718963623047
2023-08-28,46.69169616699219
2023-08-29,48.634727478027344
2023-08-30,49.11326217651367
2023-08-31,49.203983306884766
2023-09-01,48.36056900024414
2023-09-05,48.399452209472656
2023-09-06,46.920860290527344
2023-09-07,46.10330581665039
2023-09-08,45.43629837036133
2023-09-11,45.04347610473633
2023-09-12,44.73638916015625
2023-09-13,45.34955978393555
2023-09-14,45.44527053833008
2023-09-15,43.7692756652832
2023-09-18,43.835079193115234
2023-09-19,43.39041519165039
2023-09-20,42.11322021484375
2023-09-21,40.89485549926758
2023-09-22,41.48609924316406
2023-09-25,42.09627914428711
2023-09-26,41.786197662353516
2023-09-27,42.34153747558594
2023-09-28,42.960697174072266
2023-09-29,43.369468688964844
2023-10-02,44.648651123046875
2023-10-03,43.387420654296875
2023-10-04,43.909854888916016
2023-10-05,44.554931640625
2023-10-06,45.62574005126953
2023-10-09,45.138187408447266
2023-10-10,45.66162872314453
2023-10-11,46.6666259765625
2023-10-12,46.80521011352539
2023-10-13,45.32563400268555
2023-10-16,45.95774841308594
2023-10-17,43.80716323852539
2023-10-18,42.07034683227539
2023-10-19,41.97563552856445
2023-10-20,41.263763427734375
2023-10-23,42.8470344543457
2023-10-24,43.532981872558594
2023-10-25,41.65459060668945
2023-10-26,40.20591735839844
2023-10-27,40.37940216064453
2023-10-30,41.03843307495117
2023-10-31,40.65856170654297
2023-11-01,42.1989631652832
2023-11-02,43.3764533996582
2023-11-03,44.87099075317383
2023-11-06,45.61476516723633
2023-11-07,45.81816101074219
2023-11-08,46.43532180786133
2023-11-09,46.81019592285156
2023-11-10,48.19106674194336
2023-11-13,48.4752197265625
2023-11-14,49.50813293457031
2023-11-15,48.7424201965332
2023-11-16,49.33266830444336
2023-11-17,49.15121078491211
2023-11-20,50.2588996887207
2023-11-21,49.79528045654297
2023-11-22,48.57093811035156
2023-11-24,47.63373565673828
2023-11-27,48.098350524902344
2023-11-28,47.6786003112793
2023-11-29,47.99665069580078
2023-11-30,46.63072967529297
2023-12-01,46.6257438659668
2023-12-04,45.374481201171875
2023-12-05,46.431419372558594
2023-12-06,45.371490478515625
2023-12-07,46.461341857910156
2023-12-08,47.368709564208984
2023-12-11,46.49224090576172
2023-12-12,47.5192756652832
2023-12-13,47.949031829833984
2023-12-14,48.210262298583984
2023-12-15,48.74870300292969
2023-12-18,49.93227767944336
2023-12-19,49.46063995361328
2023-12-20,47.971954345703125
2023-12-21,48.84841537475586
2023-12-22,48.68887710571289
2023-12-26,49.13658142089844
2023-12-27,49.27418899536133
2023-12-28,49.37887954711914
2023-12-29,49.37887954711914
2024-01-02,48.02878952026367
2024-01-03,47.431522369384766
2024-01-04,47.85928726196289
2024-01-05,48.95509719848633
2024-01-08,52.10198974609375
2024-01-09,52.986419677734375
2024-01-10,54.192928314208984
2024-01-11,54.66355895996094
2024-01-12,54.5518798828125
2024-01-16,56.219051361083984
2024-01-17,55.89100646972656
2024-01-18,56.94196319580078
2024-01-19,59.319068908691406
2024-01-22,59.48159408569336
2024-01-23,59.6999626159668
2024-01-24,61.18465805053711
2024-01-25,61.43891906738281
2024-01-26,60.8546142578125
2024-01-29,62.28447341918945
2024-01-30,62.59257888793945
2024-01-31,61.34918975830078
2024-02-01,62.844844818115234
2024-02-02,65.96880340576172
2024-02-05,69.13162994384766
2024-02-06,68.02583312988281
2024-02-07,69.89640045166016
2024-02-08,69.43972778320312
2024-02-09,71.92454528808594
2024-02-12,72.0391845703125
2024-02-13,71.9195556640625
2024-02-14,73.6864242553711
2024-02-15,72.44801330566406
2024-02-16,72.40314483642578
2024-02-20,69.25128173828125
2024-02-21,67.27701568603516
2024-02-22,78.31104278564453
2024-02-23,78.58922576904297
2024-02-26,78.8634262084961
2024-02-27,78.47354888916016
2024-02-28,77.43854522705078
2024-02-29,78.88336181640625
2024-03-01,82.04122161865234
2024-03-04,84.99065399169922
2024-03-05,85.71958923339844
2024-03-06,88.44780731201172
2024-03-07,92.405517578125
2024-03-08,87.27912902832031
2024-03-11,85.53012084960938
2024-03-12,91.65167236328125
2024-03-13,90.62957763671875
2024-03-14,87.69395446777344
2024-03-15,87.58726501464844
2024-03-18,88.2034912109375
2024-03-19,89.1438217163086
2024-03-20,90.11505889892578
2024-03-21,91.1750259399414
2024-03-22,94.02091217041016
2024-03-25,94.73188781738281
2024-03-26,92.29782104492188
2024-03-27,89.99340057373047
2024-03-28,90.0990982055664
2024-04-01,90.1060791015625
2024-04-02,89.19766235351562
2024-04-03,88.71105194091797
2024-04-04,85.66075134277344
2024-04-05,87.75777435302734
2024-04-08,86.88526153564453
2024-04-09,85.11131286621094
2024-04-10,86.79153442382812
2024-04-11,90.35834503173828
2024-04-12,87.93526458740234
2024-04-15,85.75646209716797
2024-04-16,87.16646575927734
2024-04-17,83.79607391357422
2024-04-18,84.43024444580078
2024-04-19,75.98333740234375
2024-04-22,79.29190826416016
2024-04-23,82.18864440917969
2024-04-24,79.45046997070312
2024-04-25,82.39705657958984
2024-04-26,87.48554992675781
2024-04-29,87.50748443603516
2024-04-30,86.15634155273438
2024-05-01,82.80490112304688
2024-05-02,85.572998046875
2024-05-03,88.53655242919922
2024-05-06,91.87801361083984
2024-05-07,90.29652404785156
2024-05-08,90.1549301147461
2024-05-09,88.49466705322266
2024-05-10,89.6224365234375
2024-05-13,90.1419677734375
2024-05-14,91.09626007080078
2024-05-15,94.3609390258789
2024-05-16,94.09070587158203
2024-05-17,92.21605682373047
2024-05-20,94.51051330566406
2024-05-21,95.11479187011719
2024-05-22,94.68002319335938
2024-05-23,103.50389099121094
2024-05-24,106.1662826538086
2024-05-28,113.5771484375
2024-05-29,114.49850463867188
2024-05-30,110.18582153320312
2024-05-31,109.32127380371094
2024-06-03,114.67301940917969
2024-06-04,116.1059341430664
2024-06-05,122.09187316894531
2024-06-06,120.65396881103516
2024-06-07,120.54428100585938
2024-06-10,121.44371795654297
2024-06-11,120.57611846923828
2024-06-12,124.8542709350586
2024-06-13,129.25209045410156
2024-06-14,131.51585388183594
2024-06-17,130.61831665039062
2024-06-18,135.2056121826172
2024-06-20,130.4188995361328
2024-06-21,126.22048950195312
2024-06-24,117.78384399414062
2024-06-25,125.7418212890625
2024-06-26,126.05095672607422
2024-06-27,123.64762115478516
2024-06-28,123.1988754272461
2024-07-01,123.95675659179688
2024-07-02,122.33125305175781
2024-07-03,127.92577362060547
2024-07-05,125.48253631591797
2024-07-08,127.84597778320312
2024-07-09,131.01724243164062
2024-07-10,134.53746032714844
2024-07-11,127.0481948852539
2024-07-12,128.8831024169922
2024-07-15,128.08531188964844
2024-07-16,126.01107025146484
2024-07-17,117.6641845703125
2024-07-18,120.75560760498047
2024-07-19,117.6043472290039
2024-07-22,123.1988754272461
2024-07-23,122.25148010253906
2024-07-24,113.93452453613281
2024-07-25,111.96996307373047
2024-07-26,112.74779510498047
2024-07-29,111.28185272216797
2024-07-30,103.44356536865234
2024-07-31,116.69686126708984
2024-08-01,108.9084243774414
2024-08-02,106.97378540039062
2024-08-05,100.17261505126953
2024-08-06,103.96212768554688
2024-08-07,98.63687133789062
2024-08-08,104.68013000488281
2024-08-09,104.46075439453125
2024-08-12,108.71894836425781
2024-08-13,115.81929779052734
2024-08-14,117.7539291381836
2024-08-15,122.52073669433594
2024-08-16,124.23599243164062
2024-08-19,129.64100646972656
2024-08-20,126.89861297607422
2024-08-21,128.14515686035156
2024-08-22,123.3982925415039
2024-08-23,129.01275634765625
2024-08-26,126.11080169677734
2024-08-27,127.94572448730469
2024-08-28,125.26314544677734
2024-08-29,117.2652816772461
2024-08-30,119.0403823852539
2024-09-03,107.70176696777344
2024-09-04,105.91671752929688
2024-09-05,106.91395568847656
2024-09-06,102.5460433959961
2024-09-09,106.1760025024414
2024-09-10,107.80148315429688
2024-09-11,116.58717346191406
2024-09-12,118.82118225097656
2024-09-13,118.7812728881836
2024-09-16,116.46749877929688
2024-09-17,115.28067779541016
2024-09-18,113.0666275024414
2024-09-19,117.55458068847656
2024-09-20,115.68958282470703
2024-09-23,115.94888305664062
2024-09-24,120.54654693603516
2024-09-25,123.17947387695312
2024-09-26,123.70806884765625
2024-09-27,121.07512664794922
2024-09-30,121.11502838134766
2024-10-01,116.6868896484375
2024-10-02,118.53195190429688
2024-10-03,122.52124786376953
2024-10-04,124.58570861816406
2024-10-07,127.37820434570312
2024-10-08,132.53436279296875
2024-10-09,132.29502868652344
2024-10-10,134.44923400878906
2024-10-11,134.43927001953125
2024-10-14,137.70053100585938
2024-10-15,131.2478485107422
2024-10-16,135.3568115234375
2024-10-17,136.5635528564453
2024-10-18,137.63070678710938
2024-10-21,143.325439453125
2024-10-22,143.20571899414062
2024-10-23,139.18653869628906
2024-10-24,140.03427124023438
2024-10-25,141.16123962402344
2024-10-28,140.14395141601562
2024-10-29,140.8720245361328
2024-10-30,138.9671173095703
2024-10-31,132.40472412109375
2024-11-01,135.03765869140625
2024-11-04,135.68592834472656
2024-11-05,139.5355987548828
2024-11-06,145.2203369140625
2024-11-07,148.48159790039062
2024-11-08,147.2349090576172
2024-11-11,144.87127685546875
2024-11-12,147.89317321777344
2024-11-13,145.8785858154297
2024-11-14,146.3672637939453
2024-11-15,141.60003662109375
2024-11-18,139.7749481201172
2024-11-19,146.61659240722656
2024-11-20,145.49960327148438
2024-11-21,146.2774658203125
2024-11-22,141.57012939453125
2024-11-25,135.65599060058594
2024-11-26,136.5535888671875
2024-11-27,134.97781372070312
2024-11-29,137.88003540039062
2024-12-02,138.25904846191406
2024-12-03,139.8846435546875
2024-12-04,144.75157165527344
2024-12-05,144.68177795410156
2024-12-06,142.06861877441406
2024-12-09,138.44805908203125
2024-12-10,134.71783447265625
2024-12-11,138.94677734375
2024-12-12,136.98190307617188
2024-12-13,133.89996337890625
2024-12-16,131.6558074951172
2024-12-17,130.0500030517578
2024-12-18,128.5738983154297
2024-12-19,130.33924865722656
2024-12-20,134.34878540039062
2024-12-23,139.30580139160156
2024-12-24,139.85438537597656
2024-12-26,139.5651397705078
2024-12-27,136.6527557373047
2024-12-30,137.1315155029297
2024-12-31,133.9398651123047
2025-01-02,137.94935607910156
2025-01-03,144.09329223632812
2025-01-06,149.0404052734375
2025-01-07,139.7746124267578
2025-01-08,139.74468994140625
2025-01-10,135.55564880371094
2025-01-13,132.8826446533203
2025-01-14,131.41644287109375
2025-01-15,135.88478088378906
2025-01-16,133.2217559814453
2025-01-17,137.3509521484375
2025-01-21,140.4628143310547
2025-01-22,146.68655395507812
2025-01-23,146.8361358642578
2025-01-24,142.24815368652344
2025-01-27,118.11124420166016
2025-01-28,128.65367126464844
2025-01-29,123.37747192382812
2025-01-30,124.32498931884766
2025-01-31,119.7569351196289
2025-02-03,116.35582733154297
2025-02-04,118.34063720703125
2025-02-05,124.50452423095703
2025-02-06,128.344482421875
2025-02-07,129.50144958496094
2025-02-10,133.2217559814453
2025-02-11,132.4537353515625
2025-02-12,130.79806518554688
2025-02-13,134.93724060058594
2025-02-14,138.4879608154297
2025-02-18,139.03651428222656
2025-02-19,138.8669891357422
2025-02-20,139.74468994140625
2025-02-21,134.07949829101562
2025-02-24,129.94033813476562
2025-02-25,126.2998275756836
2025-02-26,130.9376983642578
2025-02-27,119.83673095703125
2025-02-28,124.59429168701172
2025-03-03,113.76261138916016
2025-03-04,115.68757629394531
2025-03-05,116.99417114257812
2025-03-06,110.28170013427734
2025-03-07,112.39618682861328
2025-03-10,106.70106506347656
2025-03-11,108.4764175415039
2025-03-12,115.44884490966797
2025-03-13,115.28924560546875
2025-03-14,121.36392211914062
2025-03-17,119.22930908203125
2025-03-18,115.1396255493164
2025-03-19,117.22435760498047
2025-03-20,118.23182678222656
2025-03-21,117.4039077758789
2025-03-24,121.10458374023438
2025-03-25,120.38639068603516
2025-03-26,113.47382354736328
2025-03-27,111.14968872070312
2025-03-28,109.39411926269531
2025-03-31,108.10736083984375
2025-04-01,109.87291717529297
2025-04-02,110.14221954345703
2025-04-03,101.54391479492188
2025-04-04,94.07275390625
2025-04-07,97.39437866210938
2025-04-08,96.05775451660156
2025-04-09,114.04239654541016
2025-04-10,107.29939270019531
2025-04-11,110.65094757080078
2025-04-14,110.43150329589844
2025-04-15,111.9177474975586
2025-04-16,104.2271499633789
2025-04-17,101.23469543457031
2025-04-21,96.66622161865234
2025-04-22,98.64122009277344
2025-04-23,102.45162200927734
2025-04-24,106.16226196289062
2025-04-25,110.73075103759766
2025-04-28,108.45648193359375
2025-04-29,108.74574279785156
2025-04-30,108.64599609375
2025-05-01,111.32923889160156
2025-05-02,114.21196746826172
2025-05-05,113.53367614746094
2025-05-06,113.25438690185547
2025-05-07,116.7655258178711
2025-05-08,117.07474517822266
2025-05-09,116.3565673828125
2025-05-12,122.69058227539062
2025-05-13,129.6031494140625
2025-05-14,134.99954223632812
2025-05-15,134.49082946777344
2025-05-16,135.05938720703125
2025-05-19,135.2289581298828
2025-05-20,134.0419464111328
2025-05-21,131.46844482421875
2025-05-22,132.49583435058594
2025-05-23,130.959716796875
2025-05-27,135.1591339111328
2025-05-28,134.47085571289062
2025-05-29,138.83985900878906
2025-05-30,134.7900848388672
2025-06-02,137.03440856933594
2025-06-03,140.86474609375
2025-06-04,141.56298828125
2025-06-05,139.63784790039062
2025-06-06,141.36349487304688
2025-06-09,142.27122497558594
2025-06-10,143.59786987304688
2025-06-11,142.4805908203125
2025-06-12,144.64527893066406
2025-06-13,141.62269592285156
2025-06-16,144.33602905273438
2025-06-17,143.7674102783203
2025-06-18,145.1240997314453
2025-06-20,143.49807739257812
2025-06-23,143.8173065185547
2025-06-24,147.53817749023438
2025-06-25,153.93251037597656
2025-06-26,154.64076232910156
2025-06-27,157.36407470703125
2025-06-30,157.603515625
2025-07-01,152.9250030517578
2025-07-02,156.8653106689453
2025-07-03,158.95021057128906
2025-07-07,157.85289001464844
2025-07-08,159.60858154296875
2025-07-09,162.48155212402344
2025-07-10,163.69857788085938
2025-07-11,164.5165557861328
2025-07-14,163.66864013671875
2025-07-15,170.2823944091797
2025-07-16,170.95077514648438
2025-07-17,172.57679748535156
2025-07-18,171.9882354736328
2025-07-21,170.96075439453125
2025-07-22,166.6213836669922
2025-07-23,170.36221313476562
2025-07-24,173.31497192382812
2025-07-25,173.0755615234375
2025-07-28,176.31761169433594
2025-07-29,175.08062744140625
2025-07-30,178.83145141601562
2025-07-31,177.4348602294922
2025-08-01,173.29502868652344
2025-08-04,179.55966186523438
2025-08-05,177.8239288330078
2025-08-06,178.98106384277344
2025-08-07,180.32777404785156
2025-08-08,182.2530517578125
2025-08-11,181.6146240234375
2025-08-12,182.71192932128906
2025-08-13,181.14576721191406
2025-08-14,181.57472229003906
2025-08-15,180.00856018066406
2025-08-18,181.56472778320312
2025-08-19,175.21031188964844
2025-08-20,174.97091674804688
2025-08-21,174.55194091796875
2025-08-22,177.55458068847656
2025-08-25,179.3701171875
2025-08-26,181.32533264160156
2025-08-27,181.15574645996094
2025-08-28,179.729248046875
2025-08-29,173.75389099121094
2025-09-02,170.36221313476562
2025-09-03,170.20262145996094
2025-09-04,171.24008178710938
2025-09-05,166.61141967773438
2025-09-08,167.8982696533203
2025-09-09,170.34225463867188
2025-09-10,176.8961944580078
2025-09-11,176.74655151367188
2025-09-12,177.39498901367188
2025-09-15,177.3251495361328
2025-09-16,174.46202087402344
2025-09-17,169.88299560546875
2025-09-18,175.81878662109375
2025-09-19,176.2477264404297
2025-09-22,183.17117309570312
2025-09-23,178.0035400390625
2025-09-24,176.54701232910156
2025-09-25,177.26531982421875
2025-09-26,177.7641143798828
2025-09-29,181.41537475585938
2025-09-30,186.13404846191406
2025-10-01,186.79249572753906
2025-10-02,188.43853759765625
2025-10-03,187.1715545654297
2025-10-06,185.09654235839844
2025-10-07,184.5977325439453
2025-10-08,188.6580047607422
2025-10-09,192.1097412109375
2025-10-10,182.7222442626953
2025-10-13,187.86990356445312
2025-10-14,179.59971618652344
2025-10-15,179.4001922607422
2025-10-16,181.37545776367188
2025-10-17,182.78208923339844
2025-10-20,182.2034912109375
2025-10-21,180.72702026367188
2025-10-22,179.84910583496094
2025-10-23,181.72462463378906
2025-10-24,185.81480407714844
2025-10-27,191.03231811523438
2025-10-28,200.54953002929688
2025-10-29,206.545166015625
2025-10-30,202.4050750732422
2025-10-31,202.00604248046875
2025-11-03,206.38552856445312
2025-11-04,198.21510314941406
2025-11-05,194.74343872070312
2025-11-06,187.6304931640625
2025-11-07,187.70030212402344
2025-11-10,198.5742645263672
2025-11-11,192.69833374023438
2025-11-12,193.3367919921875
2025-11-13,186.41339111328125
2025-11-14,189.71546936035156
2025-11-17,186.15402221679688
2025-11-18,180.92652893066406
2025-11-19,186.07420349121094
2025-11-20,180.208251953125
2025-11-21,178.45245361328125
2025-11-24,182.11367797851562
2025-11-25,177.39498901367188
2025-11-26,179.8291473388672
2025-11-28,176.5769500732422
2025-12-01,179.489990234375
2025-12-02,181.02630615234375
2025-12-03,179.1607666015625
2025-12-04,182.95188903808594
2025-12-05,181.98416137695312
2025-12-08,185.11683654785156
2025-12-09,184.53817749023438
2025-12-10,183.35096740722656
2025-12-11,180.50759887695312
2025-12-12,174.6114044189453
2025-12-15,175.87841796875
2025-12-16,177.3050994873047
2025-12-17,170.54092407226562
2025-12-18,173.73345947265625
2025-12-19,180.56748962402344
2025-12-22,183.26116943359375
2025-12-23,188.76829528808594
2025-12-24,188.169677734375
2025-12-26,190.085205078125
2025-12-29,187.7805938720703
2025-12-30,187.1021728515625
2025-12-31,186.06460571289062
2026-01-02,188.4091339111328
2026-01-05,187.6808319091797
2026-01-06,186.80288696289062
2026-01-07,188.66851806640625
2026-01-08,184.60800170898438
2026-01-09,184.42843627929688
2026-01-12,184.5082550048828
2026-01-13,185.376220703125
2026-01-14,182.7124481201172
2026-01-15,186.61331176757812
2026-01-16,185.79522705078125
2026-01-20,177.654296875
2026-01-21,182.8920440673828
2026-01-22,184.40847778320312
2026-01-23,187.23187255859375
2026-01-26,186.03468322753906
2026-01-27,188.07989501953125
2026-01-28,191.0728759765625
2026-01-29,192.06057739257812
2026-01-30,190.68380737304688
2026-02-02,185.1766815185547
2026-02-03,179.91897583007812
2026-02-04,173.78335571289062
2026-02-05,171.47874450683594
2026-02-06,184.97715759277344
2026-02-09,189.59634399414062
2026-02-10,188.09983825683594
2026-02-11,189.60633850097656
2026-02-12,186.5035858154297
2026-02-13,182.38320922851562
2026-02-17,184.53817749023438
2026-02-18,187.5411376953125
2026-02-19,187.46133422851562
2026-02-20,189.3768768310547
2026-02-23,191.10281372070312
2026-02-24,192.39979553222656
2026-02-25,195.10345458984375
2026-02-26,184.45835876464844
2026-02-27,176.77635192871094
2026-03-02,182.0540008544922
2026-03-03,179.62965393066406
2026-03-04,182.61268615722656
2026-03-05,182.91197204589844
2026-03-06,177.40489196777344
2026-03-09,182.2235870361328
2026-03-10,184.33863830566406
2026-03-11,185.60574340820312
2026-03-12,182.72235107421875
2026-03-13,179.83892822265625
2026-03-16,182.8021697998047
2026-03-17,181.5150909423828
2026-03-18,179.98858642578125
2026-03-19,178.1527862548828
2026-03-20,172.30613708496094
2026-03-23,175.23944091796875
2026-03-24,174.80044555664062
2026-03-25,178.2725067138672
2026-03-26,170.8494873046875
2026-03-27,167.13795471191406
2026-03-30,164.79331970214844
2026-03-31,174.0022735595703
2026-04-01,175.3491973876953
2026-04-02,176.98544311523438
2026-04-06,177.23487854003906
2026-04-07,177.69383239746094
2026-04-08,181.66476440429688
2026-04-09,183.49058532714844
2026-04-10,188.1998291015625
2026-04-13,188.87826538085938
2026-04-14,196.0618438720703
2026-04-15,198.41647338867188
2026-04-16,197.8976593017578
2026-04-17,201.2200469970703
2026-04-20,201.59918212890625
2026-04-21,199.42417907714844
2026-04-22,202.03819274902344
2026-04-23,199.18470764160156
2026-04-24,207.79502868652344
2026-04-27,216.1160125732422
2026-04-28,212.68385314941406
2026-04-29,208.77279663085938
2026-04-30,199.11488342285156
2026-05-01,197.99742126464844
2026-05-04,198.02734375
2026-05-05,196.05186462402344
2026-05-06,207.3560333251953
2026-05-07,211.01766967773438
2026-05-08,214.709228515625
2026-05-11,218.93955993652344
2026-05-12,220.27650451660156
2026-05-13,225.3149871826172
2026-05-14,235.202392578125
2026-05-15,224.80616760253906
2026-05-18,221.81300354003906
2026-05-19,220.1068878173828
2026-05-20,222.9603729248047
2026-05-21,219.0093994140625
2026-05-22,214.83892822265625
2026-05-26,214.37001037597656
2026-05-27,212.1151580810547
2026-05-28,213.76138305664062
2026-05-29,210.6584930419922
2026-06-01,223.8483428955078
2026-06-02,222.3118438720703
2026-06-03,214.26025390625
2026-06-04,218.4156036376953
2026-06-05,204.87075805664062
2026-06-08,208.40679931640625
2026-06-09,207.95730590820312
2026-06-10,200.19598388671875
2026-06-11,204.64100646972656
2026-06-12,204.96066284179688
2026-06-15,212.21253967285156
2026-06-16,207.1781768798828
2026-06-17,204.42124938964844
2026-06-18,210.4545135498047
2026-06-22,208.41677856445312
2026-06-23,199.81640625
2026-06-24,198.77757263183594
2026-06-25,195.52122497558594
2026-06-26,192.31480407714844
2026-06-29,194.7520751953125
2026-06-30,199.86634826660156
2026-07-01,197.35916137695312
2026-07-02,194.61224365234375
2026-07-06,195.33143615722656
2026-07-07,196.7098846435547
2026-07-08,203.891845703125
2026-07-09,202.5533447265625
2026-07-10,210.72421264648438
2026-07-13,203.30250549316406
2026-07-14,211.5632781982422
2026-07-15,212.26248168945312
2026-07-16,207.16818237304688
2026-07-17,202.58331298828125
2026-07-20,203.05279541015625
2026-07-21,207.0583038330078
2026-07-22,211.82298278808594
2026-07-23,208.5266571044922
2026-07-24,206.6088104248047
2026-07-27,196.2903594970703
2026-07-28,196.789794921875
2026-07-29,189.79762268066406
2026-07-30,194.82199096679688
2026-07-31,200.52561950683594
2026-08-03,206.40904235839844
2026-08-04,211.70310974121094
2026-08-05,218.9749755859375
2026-08-06,218.7452392578125
2026-08-07,223.70968627929688
2026-08-10,217.3068389892578
2026-08-11,217.25689697265625
2026-08-12,223.8395233154297
2026-08-13,225.04818725585938
2026-08-14,224.90834045410156
2026-08-17,224.7584991455078
2026-08-18,219.49440002441406
2026-08-19,217.31683349609375
2026-08-20,216.60763549804688
2026-08-21,214.48001098632812
2026-08-24,208.24697875976562
2026-08-25,212.81187438964844
2026-08-26,209.4256591796875
2026-08-27,227.7251739501953
2026-08-28,217.3068389892578
2026-08-31,220.53323364257812
2026-09-01,217.1969757080078
2026-09-02,224.1591796875
2026-09-03,228.1946563720703
2026-09-04,230.10252380371094
2026-09-08,225.47769165039062
2026-09-09,223.4199981689453
2026-09-10,218.36000061035156
2026-09-11,218.2899932861328
2026-09-14,210.9600067138672
2026-09-15,212.1699981689453
2026-09-16,213.89999389648438
2026-09-17,219.33999633789062
2026-09-18,222.27000427246094
2026-09-21,227.3800048828125
2026-09-22,228.8699951171875
2026-09-23,225.50999450683594
2026-09-24,224.5800018310547
2026-09-25,225.07000732421875
2026-09-28,228.86000061035156
2026-09-29,227.2100067138672
