date,close
2006-01-03,35.237037658691406
2006-01-04,35.60383224487305
2006-01-05,35.75737380981445
2006-01-06,36.40564727783203
2006-01-09,36.550636291503906
2006-01-10,36.57624435424805
2006-01-11,36.85773468017578
2006-01-12,36.678585052490234
2006-01-13,36.66154098510742
2006-01-17,36.42270278930664
2006-01-18,36.00471115112305
2006-01-19,36.26915740966797
2006-01-20,35.185855865478516
2006-01-23,35.19438934326172
2006-01-24,35.347923278808594
2006-01-25,35.19438934326172
2006-01-26,35.4417724609375
2006-01-27,35.91943359375
2006-01-30,35.98768615722656
2006-01-31,35.82560348510742
2006-02-01,35.95356750488281
2006-02-02,35.33940505981445
2006-02-03,34.90436935424805
2006-02-06,34.810546875
2006-02-07,34.657005310058594
2006-02-08,35.05790710449219
2006-02-09,34.72525405883789
2006-02-10,34.93850326538086
2006-02-13,34.537593841552734
2006-02-14,34.8873291015625
2006-02-15,35.10909652709961
2006-02-16,35.43324661254883
2006-02-17,35.151771545410156
2006-02-21,34.7593879699707
2006-02-22,35.19438934326172
2006-02-23,35.10057830810547
2006-02-24,35.19438934326172
2006-02-27,35.58677673339844
2006-02-28,35.05790710449219
2006-03-01,35.535606384277344
2006-03-02,35.561187744140625
2006-03-03,35.35646057128906
2006-03-06,35.04939270019531
2006-03-07,34.844661712646484
2006-03-08,34.861724853515625
2006-03-09,34.56318283081055
2006-03-10,34.59732437133789
2006-03-13,34.69967269897461
2006-03-14,35.2882080078125
2006-03-15,35.58677673339844
2006-03-16,35.2882080078125
2006-03-17,35.38125991821289
2006-03-20,35.46662902832031
2006-03-21,35.091033935546875
2006-03-22,35.17641830444336
2006-03-23,35.073970794677734
2006-03-24,35.25321578979492
2006-03-27,35.26176452636719
2006-03-28,35.116641998291016
2006-03-29,35.78245544433594
2006-03-30,35.893428802490234
2006-03-31,35.79100799560547
2006-04-03,35.83367156982422
2006-04-04,36.029991149902344
2006-04-05,36.371437072753906
2006-04-06,36.473854064941406
2006-04-07,36.12388229370117
2006-04-10,36.07267761230469
2006-04-11,35.78245544433594
2006-04-12,35.79100799560547
2006-04-13,35.93611145019531
2006-04-17,35.5605354309082
2006-04-18,36.243404388427734
2006-04-19,36.40557098388672
2006-04-20,36.277523040771484
2006-04-21,35.85073471069336
2006-04-24,35.816612243652344
2006-04-25,35.73978042602539
2006-04-26,35.73125076293945
2006-04-27,36.07267761230469
2006-04-28,35.72270202636719
2006-05-01,35.372737884521484
2006-05-02,35.46662902832031
2006-05-03,35.4154167175293
2006-05-04,35.70563507080078
2006-05-05,35.987308502197266
2006-05-08,36.02147674560547
2006-05-09,35.8848762512207
2006-05-10,35.56907272338867
2006-05-11,34.775238037109375
2006-05-12,34.30574417114258
2006-05-15,34.2801399230957
2006-05-16,34.02406311035156
2006-05-17,33.56311798095703
2006-05-18,33.33266830444336
2006-05-19,33.58872604370117
2006-05-22,33.26435089111328
2006-05-23,32.94000244140625
2006-05-24,33.16193389892578
2006-05-25,33.59724807739258
2006-05-26,33.70823287963867
2006-05-30,32.982688903808594
2006-05-31,33.13632583618164
2006-06-01,33.92163848876953
2006-06-02,33.83628845214844
2006-06-05,33.10218811035156
2006-06-06,33.076576232910156
2006-06-07,32.829044342041016
2006-06-08,32.77783203125
2006-06-09,32.56443405151367
2006-06-12,31.924236297607422
2006-06-13,31.796207427978516
2006-06-14,32.12054443359375
2006-06-15,32.991233825683594
2006-06-16,32.74863052368164
2006-06-19,32.48385238647461
2006-06-20,32.52656555175781
2006-06-21,33.039058685302734
2006-06-22,32.620521545410156
2006-06-23,32.58635330200195
2006-06-26,32.67176818847656
2006-06-27,32.056758880615234
2006-06-28,32.29591751098633
2006-06-29,33.278221130371094
2006-06-30,33.11591339111328
2006-07-03,33.31239318847656
2006-07-05,32.58635330200195
2006-07-06,32.55217742919922
2006-07-07,32.19342803955078
2006-07-10,31.91156768798828
2006-07-11,32.150718688964844
2006-07-12,31.544261932373047
2006-07-13,31.01470947265625
2006-07-14,30.69864273071289
2006-07-17,30.775516510009766
2006-07-18,30.87802505493164
2006-07-19,31.279476165771484
2006-07-20,30.818235397338867
2006-07-21,30.493637084960938
2006-07-24,31.100095748901367
2006-07-25,31.279476165771484
2006-07-26,31.253849029541016
2006-07-27,31.048851013183594
2006-07-28,31.698026657104492
2006-07-31,31.689453125
2006-08-01,31.159896850585938
2006-08-02,31.51009178161621
2006-08-03,31.706546783447266
2006-08-04,31.561355590820312
2006-08-07,31.3563289642334
2006-08-08,31.159896850585938
2006-08-09,31.202592849731445
2006-08-10,31.4246826171875
2006-08-11,31.202592849731445
2006-08-14,31.407594680786133
2006-08-15,32.20198059082031
2006-08-16,32.96216583251953
2006-08-17,33.08177185058594
2006-08-18,33.13301086425781
2006-08-21,32.81696319580078
2006-08-22,32.82551574707031
2006-08-23,32.57780075073242
2006-08-24,32.67176818847656
2006-08-25,32.7315559387207
2006-08-28,32.97926712036133
2006-08-29,33.08177185058594
2006-08-30,33.235496520996094
2006-08-31,33.20133972167969
2006-09-01,33.380714416503906
2006-09-05,33.705299377441406
2006-09-06,33.03052520751953
2006-09-07,32.876766204833984
2006-09-08,33.07323455810547
2006-09-11,33.278221130371094
2006-09-12,33.89320755004883
2006-09-13,34.12385559082031
2006-09-14,34.15799331665039
2006-09-15,34.28022766113281
2006-09-18,34.28876495361328
2006-09-19,34.05801010131836
2006-09-20,34.5536994934082
2006-09-21,34.34005355834961
2006-09-22,34.07509231567383
2006-09-25,34.67335891723633
2006-09-26,34.84429168701172
2006-09-27,34.80156326293945
2006-09-28,34.89557647705078
2006-09-29,34.741729736328125
2006-10-02,34.30585479736328
2006-10-03,34.45115280151367
2006-10-04,35.29724884033203
2006-10-05,35.468196868896484
2006-10-06,35.391273498535156
2006-10-09,35.51093292236328
2006-10-10,35.570716857910156
2006-10-11,35.50236892700195
2006-10-12,36.066463470458984
2006-10-13,36.26301956176758
2006-10-16,36.29721450805664
2006-10-17,35.89551544189453
2006-10-18,35.724586486816406
2006-10-19,35.810062408447266
2006-10-20,35.89551544189453
2006-10-23,36.26301956176758
2006-10-24,36.01517105102539
2006-10-25,36.26301956176758
2006-10-26,36.596336364746094
2006-10-27,36.07500457763672
2006-10-30,36.305763244628906
2006-10-31,36.39122009277344
2006-11-01,35.89551544189453
2006-11-02,35.92971420288086
2006-11-03,35.835689544677734
2006-11-06,36.35704803466797
2006-11-07,36.604888916015625
2006-11-08,36.77581024169922
2006-11-09,36.604888916015625
2006-11-10,36.77581024169922
2006-11-13,37.1518669128418
2006-11-14,37.54499816894531
2006-11-15,37.698848724365234
2006-11-16,37.86122131347656
2006-11-17,37.86122131347656
2006-11-20,37.93815994262695
2006-11-21,37.98942565917969
2006-11-22,38.22871780395508
2006-11-24,38.16035079956055
2006-11-27,37.29715347290039
2006-11-28,37.40825653076172
2006-11-29,37.66465759277344
2006-11-30,37.63899612426758
2006-12-01,37.31425094604492
2006-12-04,37.827022552490234
2006-12-05,37.963802337646484
2006-12-06,37.827022552490234
2006-12-07,37.34843826293945
2006-12-08,37.51934814453125
2006-12-11,37.65611267089844
2006-12-12,37.43389892578125
2006-12-13,37.502262115478516
2006-12-14,37.92105484008789
2006-12-15,38.01860046386719
2006-12-18,37.64208221435547
2006-12-19,37.52229690551758
2006-12-20,37.38538360595703
2006-12-21,37.120121002197266
2006-12-22,36.73505401611328
2006-12-26,36.88909149169922
2006-12-27,37.07733154296875
2006-12-28,36.89763641357422
2006-12-29,36.93186569213867
2007-01-03,37.000328063964844
2007-01-04,37.70199966430664
2007-01-05,37.52229690551758
2007-01-08,37.547969818115234
2007-01-09,37.73624038696289
2007-01-10,38.18117904663086
2007-01-11,38.574790954589844
2007-01-12,38.77162170410156
2007-01-16,38.74593734741211
2007-01-17,38.42933654785156
2007-01-18,37.71910095214844
2007-01-19,37.796104431152344
2007-01-22,37.38538360595703
2007-01-23,37.291263580322266
2007-01-24,37.90736389160156
2007-01-25,37.419620513916016
2007-01-26,37.2827033996582
2007-01-29,37.316951751708984
2007-01-30,37.334041595458984
2007-01-31,37.71054458618164
2007-02-01,37.65065383911133
2007-02-02,37.787559509277344
2007-02-05,37.753334045410156
2007-02-06,37.70199966430664
2007-02-07,38.044281005859375
2007-02-08,38.03572082519531
2007-02-09,37.547969818115234
2007-02-12,37.402496337890625
2007-02-13,37.530853271484375
2007-02-14,38.16407012939453
2007-02-15,38.386558532714844
2007-02-16,38.258201599121094
2007-02-20,38.549137115478516
2007-02-21,38.66893005371094
2007-02-22,38.8657341003418
2007-02-23,38.72883987426758
2007-02-26,38.54058074951172
2007-02-27,36.95754623413086
2007-02-28,37.07733154296875
2007-03-01,36.906192779541016
2007-03-02,36.34999465942383
2007-03-05,36.067596435546875
2007-03-06,36.66657638549805
2007-03-07,36.52113342285156
2007-03-08,36.769287109375
2007-03-09,36.73505401611328
2007-03-12,36.97464370727539
2007-03-13,36.25587463378906
2007-03-14,36.786399841308594
2007-03-15,36.70083236694336
2007-03-16,36.672569274902344
2007-03-19,37.049312591552734
2007-03-20,37.314762115478516
2007-03-21,38.033992767333984
2007-03-22,37.8969841003418
2007-03-23,37.7771110534668
2007-03-26,37.93124008178711
2007-03-27,37.6657829284668
2007-03-28,37.263370513916016
2007-03-29,37.30617904663086
2007-03-30,37.27193832397461
2007-04-02,37.323333740234375
2007-04-03,37.81135559082031
2007-04-04,37.965492248535156
2007-04-05,38.153873443603516
2007-04-09,38.05967712402344
2007-04-10,38.256622314453125
2007-04-11,37.85418701171875
2007-04-12,38.153873443603516
2007-04-13,38.23092269897461
2007-04-16,38.581974029541016
2007-04-17,38.66759490966797
2007-04-18,38.53915023803711
2007-04-19,38.65904235839844
2007-04-20,38.873111724853516
2007-04-23,38.93303298950195
2007-04-24,39.129981994628906
2007-04-25,39.65226745605469
2007-04-26,39.85776901245117
2007-04-27,39.87489700317383
2007-04-30,39.35258865356445
2007-05-01,39.31831741333008
2007-05-02,39.746463775634766
2007-05-03,39.892024993896484
2007-05-04,39.9262809753418
2007-05-07,39.9262809753418
2007-05-08,40.01188659667969
2007-05-09,40.09749984741211
2007-05-10,39.549522399902344
2007-05-11,40.05470275878906
2007-05-14,39.78070831298828
2007-05-15,39.47245788574219
2007-05-16,39.85776901245117
2007-05-17,39.66939163208008
2007-05-18,39.99477005004883
2007-05-21,40.251644134521484
2007-05-22,40.28589630126953
2007-05-23,40.09749984741211
2007-05-24,39.52383804321289
2007-05-25,39.77214050292969
2007-05-29,40.08039093017578
2007-05-30,40.40575408935547
2007-05-31,40.59412384033203
2007-06-01,40.61981964111328
2007-06-04,40.73970031738281
2007-06-05,40.73970031738281
2007-06-06,40.30302429199219
2007-06-07,39.67796325683594
2007-06-08,40.166019439697266
2007-06-11,40.088958740234375
2007-06-12,39.84920883178711
2007-06-13,40.28589630126953
2007-06-14,40.55132293701172
2007-06-15,40.925804138183594
2007-06-18,40.93434524536133
2007-06-19,40.925804138183594
2007-06-20,40.54018783569336
2007-06-21,40.908660888671875
2007-06-22,40.52303695678711
2007-06-25,40.35165786743164
2007-06-26,40.12030029296875
2007-06-27,40.737266540527344
2007-06-28,40.72013473510742
2007-06-29,40.7886962890625
2007-07-02,41.15715408325195
2007-07-03,41.3970832824707
2007-07-05,41.697021484375
2007-07-06,41.86838150024414
2007-07-09,41.89409637451172
2007-07-10,41.542755126953125
2007-07-11,41.82554626464844
2007-07-12,42.46822738647461
2007-07-13,42.75955581665039
2007-07-16,42.71670913696289
2007-07-17,43.04235076904297
2007-07-18,42.990928649902344
2007-07-19,43.119468688964844
2007-07-20,42.88812255859375
2007-07-23,42.90523910522461
2007-07-24,42.271148681640625
2007-07-25,42.33111572265625
2007-07-26,41.97121047973633
2007-07-27,41.122886657714844
2007-07-30,41.60274887084961
2007-07-31,40.728694915771484
2007-08-01,41.04574203491211
2007-08-02,41.42277908325195
2007-08-03,40.634437561035156
2007-08-06,41.10573959350586
2007-08-07,41.3970832824707
2007-08-08,41.851234436035156
2007-08-09,40.88294982910156
2007-08-10,40.514469146728516
2007-08-13,40.7886962890625
2007-08-14,40.0945930480957
2007-08-15,39.33196258544922
2007-08-16,38.94634246826172
2007-08-17,39.68327331542969
2007-08-20,39.87178421020508
2007-08-21,40.29167938232422
2007-08-22,40.840087890625
2007-08-23,40.728694915771484
2007-08-24,41.302818298339844
2007-08-27,41.02860641479492
2007-08-28,40.05175018310547
2007-08-29,41.20000457763672
2007-08-30,41.414222717285156
2007-08-31,41.87696838378906
2007-09-04,42.57105255126953
2007-09-05,42.142601013183594
2007-09-06,42.108333587646484
2007-09-07,41.32853698730469
2007-09-10,41.302818298339844
2007-09-11,41.92837905883789
2007-09-12,41.93693542480469
2007-09-13,42.142601013183594
2007-09-14,42.1768798828125
2007-09-17,41.82554626464844
2007-09-18,42.87954330444336
2007-09-19,42.990928649902344
2007-09-20,42.8709831237793
2007-09-21,43.17618179321289
2007-09-24,43.373355865478516
2007-09-25,43.78489303588867
2007-09-26,43.999229431152344
2007-09-27,44.22214889526367
2007-09-28,44.076419830322266
2007-10-01,44.58222961425781
2007-10-02,44.5908203125
2007-10-03,44.28216552734375
2007-10-04,44.385040283203125
2007-10-05,45.28527069091797
2007-10-08,45.568199157714844
2007-10-09,45.765384674072266
2007-10-10,45.876834869384766
2007-10-11,45.14809036254883
2007-10-12,45.893985748291016
2007-10-15,45.54247283935547
2007-10-16,45.32814025878906
2007-10-17,45.91111755371094
2007-10-18,46.10832977294922
2007-10-19,44.9594612121582
2007-10-22,45.49959182739258
2007-10-23,46.45125198364258
2007-10-24,46.09976577758789
2007-10-25,45.48246765136719
2007-10-26,46.236934661865234
2007-10-29,46.4255256652832
2007-10-30,46.51983642578125
2007-10-31,47.180015563964844
2007-11-01,46.296932220458984
2007-11-02,46.65703201293945
2007-11-05,46.35695266723633
2007-11-06,46.879913330078125
2007-11-07,45.739654541015625
2007-11-08,44.35074996948242
2007-11-09,42.86753845214844
2007-11-12,41.7786979675293
2007-11-13,43.50197219848633
2007-11-14,42.94468688964844
2007-11-15,42.71320343017578
2007-11-16,43.10759735107422
2007-11-19,42.61033248901367
2007-11-20,42.781803131103516
2007-11-21,42.275970458984375
2007-11-23,42.73036193847656
2007-11-26,41.9930305480957
2007-11-27,42.83323287963867
2007-11-28,44.136409759521484
2007-11-29,44.32503890991211
2007-11-30,43.99066925048828
2007-12-03,43.62200927734375
2007-12-04,43.44194412231445
2007-12-05,44.22214889526367
2007-12-06,44.8565788269043
2007-12-07,44.86515808105469
2007-12-10,45.04521179199219
2007-12-11,43.999229431152344
2007-12-12,44.39361572265625
2007-12-13,44.153568267822266
2007-12-14,43.69916534423828
2007-12-17,42.63604736328125
2007-12-18,42.77322769165039
2007-12-19,42.76465606689453
2007-12-20,43.639183044433594
2007-12-21,44.4999885559082
2007-12-24,44.83469772338867
2007-12-26,45.05784225463867
2007-12-27,44.51713180541992
2007-12-28,44.474205017089844
2007-12-31,43.95927429199219
2008-01-02,43.26411056518555
2008-01-03,43.4443359375
2008-01-04,41.53904342651367
2008-01-07,41.34162902832031
2008-01-08,40.268821716308594
2008-01-09,41.12706756591797
2008-01-10,41.187137603759766
2008-01-11,40.3803825378418
2008-01-14,41.08415222167969
2008-01-15,39.9512825012207
2008-01-16,39.522159576416016
2008-01-17,38.9728889465332
2008-01-18,38.921390533447266
2008-01-22,37.917240142822266
2008-01-23,37.771331787109375
2008-01-24,38.54374313354492
2008-01-25,37.754154205322266
2008-01-28,38.04597473144531
2008-01-29,38.11464309692383
2008-01-30,38.080291748046875
2008-01-31,38.7325553894043
2008-02-01,39.12733840942383
2008-02-04,38.578094482421875
2008-02-05,37.479530334472656
2008-02-06,36.741432189941406
2008-02-07,36.99890899658203
2008-02-08,37.419456481933594
2008-02-11,37.82282257080078
2008-02-12,37.6082649230957
2008-02-13,38.43217086791992
2008-02-14,37.73700714111328
2008-02-15,37.6082649230957
2008-02-19,37.53961944580078
2008-02-20,37.71125411987305
2008-02-21,37.35079574584961
2008-02-22,37.488121032714844
2008-02-25,37.67692947387695
2008-02-26,37.82282257080078
2008-02-27,38.01164245605469
2008-02-28,37.86574172973633
2008-02-29,36.86159133911133
2008-03-03,36.62128829956055
2008-03-04,36.82725524902344
2008-03-05,37.00749588012695
2008-03-06,36.192161560058594
2008-03-07,36.1063346862793
2008-03-10,35.41115188598633
2008-03-11,36.75862121582031
2008-03-12,36.65561294555664
2008-03-13,36.938846588134766
2008-03-14,36.26081085205078
2008-03-17,35.599979400634766
2008-03-18,37.18773651123047
2008-03-19,36.269405364990234
2008-03-20,37.01065444946289
2008-03-24,38.290435791015625
2008-03-25,38.505149841308594
2008-03-26,38.39350509643555
2008-03-27,37.54317855834961
2008-03-28,37.35422134399414
2008-03-31,37.55176544189453
2008-04-01,39.15793228149414
2008-04-02,39.07204818725586
2008-04-03,39.15793228149414
2008-04-04,39.38984298706055
2008-04-07,39.303958892822266
2008-04-08,39.003334045410156
2008-04-09,38.565277099609375
2008-04-10,39.114994049072266
2008-04-11,38.032772064208984
2008-04-14,37.86096954345703
2008-04-15,37.91250991821289
2008-04-16,38.96897888183594
2008-04-17,38.883079528808594
2008-04-18,40.11992645263672
2008-04-21,40.403350830078125
2008-04-22,39.8021354675293
2008-04-23,40.24016189575195
2008-04-24,40.60091018676758
2008-04-25,40.49784851074219
2008-04-28,40.57515335083008
2008-04-29,40.88435745239258
2008-04-30,40.54937744140625
2008-05-01,41.82916259765625
2008-05-02,41.8892936706543
2008-05-05,41.76903533935547
2008-05-06,42.02671432495117
2008-05-07,41.26226806640625
2008-05-08,41.571495056152344
2008-05-09,41.40830612182617
2008-05-12,42.16413497924805
2008-05-13,42.27579879760742
2008-05-14,42.18130874633789
2008-05-15,42.91998291015625
2008-05-16,42.95432662963867
2008-05-19,42.645145416259766
2008-05-20,42.3187255859375
2008-05-21,41.38251495361328
2008-05-22,41.5285530090332
2008-05-23,41.39970397949219
2008-05-27,42.129791259765625
2008-05-28,42.30156326293945
2008-05-29,42.67947006225586
2008-05-30,42.95432662963867
2008-06-02,42.430397033691406
2008-06-03,42.1984977722168
2008-06-04,42.73960494995117
2008-06-05,43.41814041137695
2008-06-06,42.11260986328125
2008-06-09,41.8892936706543
2008-06-10,41.691749572753906
2008-06-11,40.686805725097656
2008-06-12,40.72975540161133
2008-06-13,41.545719146728516
2008-06-16,41.9150505065918
2008-06-17,41.691749572753906
2008-06-18,41.24510955810547
2008-06-19,41.8892936706543
2008-06-20,40.758148193359375
2008-06-23,40.44013595581055
2008-06-24,40.2338752746582
2008-06-25,40.8870849609375
2008-06-26,39.23682403564453
2008-06-27,39.23682403564453
2008-06-30,38.82426452636719
2008-07-01,39.37434005737305
2008-07-02,38.428871154785156
2008-07-03,38.3601188659668
2008-07-07,38.592201232910156
2008-07-08,39.511878967285156
2008-07-09,38.4632568359375
2008-07-10,38.918800354003906
2008-07-11,38.29993438720703
2008-07-14,38.01630783081055
2008-07-15,38.02491760253906
2008-07-16,38.97038269042969
2008-07-17,39.228206634521484
2008-07-18,38.325740814208984
2008-07-21,38.489044189453125
2008-07-22,38.489044189453125
2008-07-23,38.996158599853516
2008-07-24,38.411712646484375
2008-07-25,38.91020584106445
2008-07-28,38.17962646484375
2008-07-29,38.97038269042969
2008-07-30,39.16805648803711
2008-07-31,39.073516845703125
2008-08-01,38.57499694824219
2008-08-04,38.18821716308594
2008-08-05,39.47748947143555
2008-08-06,40.07916259765625
2008-08-07,39.76971435546875
2008-08-08,40.67220687866211
2008-08-11,41.04179382324219
2008-08-12,41.08479690551758
2008-08-13,40.99883270263672
2008-08-14,41.47157669067383
2008-08-15,41.394203186035156
2008-08-18,40.91287612915039
2008-08-19,40.4057731628418
2008-08-20,40.47453308105469
2008-08-21,40.28544235229492
2008-08-22,40.81834030151367
2008-08-25,39.95882797241211
2008-08-26,39.90724182128906
2008-08-27,40.16508865356445
2008-08-28,40.49171447753906
2008-08-29,39.64079666137695
2008-09-02,39.15085983276367
2008-09-03,38.781288146972656
2008-09-04,37.526405334472656
2008-09-05,37.34589767456055
2008-09-08,37.27714538574219
2008-09-09,36.48638916015625
2008-09-10,36.78721237182617
2008-09-11,37.47483444213867
2008-09-12,37.32870864868164
2008-09-15,36.168365478515625
2008-09-16,36.45199966430664
2008-09-17,34.56105422973633
2008-09-18,35.730003356933594
2008-09-19,36.89802932739258
2008-09-22,35.16061782836914
2008-09-23,34.89400100708008
2008-09-24,35.134822845458984
2008-09-25,35.69389343261719
2008-09-26,35.332645416259766
2008-09-29,32.52872085571289
2008-09-30,33.46623611450195
2008-10-01,33.113609313964844
2008-10-02,31.608430862426758
2008-10-03,31.118181228637695
2008-10-06,29.98284912109375
2008-10-07,28.082056045532227
2008-10-08,27.85842514038086
2008-10-09,27.110151290893555
2008-10-10,26.938135147094727
2008-10-13,30.215085983276367
2008-10-14,28.907747268676758
2008-10-15,26.31886100769043
2008-10-16,27.74662208557129
2008-10-17,27.781015396118164
2008-10-20,28.55510139465332
2008-10-21,27.075746536254883
2008-10-22,26.327470779418945
2008-10-23,26.22425079345703
2008-10-24,25.38136100769043
2008-10-27,24.67608070373535
2008-10-28,27.4025821685791
2008-10-29,27.333782196044922
2008-10-30,28.245479583740234
2008-10-31,28.28847885131836
2008-11-03,28.228260040283203
2008-11-04,29.028165817260742
2008-11-05,27.514389038085938
2008-11-06,26.284460067749023
2008-11-07,26.82631492614746
2008-11-10,26.465070724487305
2008-11-11,25.88882064819336
2008-11-12,24.69329071044922
2008-11-13,26.19845199584961
2008-11-14,24.92551612854004
2008-11-17,24.40085792541504
2008-11-18,24.37505531311035
2008-11-19,23.10211181640625
2008-11-20,21.98399543762207
2008-11-21,22.938697814941406
2008-11-24,24.340652465820312
2008-11-25,24.228845596313477
2008-11-26,25.243743896484375
2008-11-28,25.045923233032227
2008-12-01,23.162321090698242
2008-12-02,23.9364013671875
2008-12-03,24.615875244140625
2008-12-04,23.919198989868164
2008-12-05,24.891115188598633
2008-12-08,25.871618270874023
2008-12-09,25.811403274536133
2008-12-10,25.72539710998535
2008-12-11,25.020124435424805
2008-12-12,25.527570724487305
2008-12-15,25.080333709716797
2008-12-16,26.284460067749023
2008-12-17,25.966224670410156
2008-12-18,25.510385513305664
2008-12-19,25.71967887878418
2008-12-22,25.159812927246094
2008-12-23,25.030603408813477
2008-12-24,25.09950828552246
2008-12-26,25.090896606445312
2008-12-29,24.884185791015625
2008-12-30,25.400981903076172
2008-12-31,25.616315841674805
2009-01-02,26.72745132446289
2009-01-05,26.718835830688477
2009-01-06,26.985857009887695
2009-01-07,26.219261169433594
2009-01-08,26.494895935058594
2009-01-09,25.900554656982422
2009-01-12,25.42682456970215
2009-01-13,25.435436248779297
2009-01-14,24.660226821899414
2009-01-15,25.065065383911133
2009-01-16,25.34069061279297
2009-01-20,24.083131790161133
2009-01-21,25.10813331604004
2009-01-22,24.772197723388672
2009-01-23,24.892789840698242
2009-01-26,25.073678970336914
2009-01-27,25.25455665588379
2009-01-28,26.14174461364746
2009-01-29,25.47850227355957
2009-01-30,25.030603408813477
2009-02-02,25.33208465576172
2009-02-03,25.728288650512695
2009-02-04,25.762744903564453
2009-02-05,26.331235885620117
2009-02-06,27.020307540893555
2009-02-09,27.13228416442871
2009-02-10,26.13312530517578
2009-02-11,26.012544631958008
2009-02-12,26.331235885620117
2009-02-13,26.210641860961914
2009-02-17,25.16842269897461
2009-02-18,25.185644149780273
2009-02-19,24.798044204711914
2009-02-20,24.866952896118164
2009-02-23,23.996997833251953
2009-02-24,24.789432525634766
2009-02-25,24.62578582763672
2009-02-26,23.936704635620117
2009-02-27,23.712757110595703
2009-03-02,22.946163177490234
2009-03-03,22.928930282592773
2009-03-04,23.540481567382812
2009-03-05,22.83418083190918
2009-03-06,22.653301239013672
2009-03-09,22.170949935913086
2009-03-10,23.540481567382812
2009-03-11,23.902244567871094
2009-03-12,24.69468116760254
2009-03-13,24.754985809326172
2009-03-16,24.341537475585938
2009-03-17,25.263172149658203
2009-03-18,25.581865310668945
2009-03-19,25.564640045166016
2009-03-20,25.175535202026367
2009-03-23,26.659488677978516
2009-03-24,26.167720794677734
2009-03-25,26.288497924804688
2009-03-26,27.099504470825195
2009-03-27,26.590465545654297
2009-03-30,25.934768676757812
2009-03-31,26.159088134765625
2009-04-01,26.547330856323242
2009-04-02,27.401479721069336
2009-04-03,27.91049575805664
2009-04-06,27.841476440429688
2009-04-07,27.108131408691406
2009-04-08,27.565401077270508
2009-04-09,28.419532775878906
2009-04-13,28.376394271850586
2009-04-14,28.031295776367188
2009-04-15,27.953641891479492
2009-04-16,28.678361892700195
2009-04-17,28.7387638092041
2009-04-20,27.815593719482422
2009-04-21,28.203838348388672
2009-04-22,28.290117263793945
2009-04-23,28.56621742248535
2009-04-24,29.066612243652344
2009-04-27,29.101116180419922
2009-04-28,28.885448455810547
2009-04-29,29.28230857849121
2009-04-30,29.575654983520508
2009-05-01,29.653303146362305
2009-05-04,30.239965438842773
2009-05-05,30.214088439941406
2009-05-06,30.22272300720215
2009-05-07,29.515249252319336
2009-05-08,29.53249740600586
2009-05-11,29.636037826538086
2009-05-12,29.27367401123047
2009-05-13,28.48856544494629
2009-05-14,28.80777359008789
2009-05-15,28.79052734375
2009-05-18,29.541128158569336
2009-05-19,29.679180145263672
2009-05-20,29.575654983520508
2009-05-21,29.0321102142334
2009-05-22,28.937211990356445
2009-05-26,30.01565170288086
2009-05-27,29.8085880279541
2009-05-28,30.153697967529297
2009-05-29,30.52467918395996
2009-06-01,31.396080017089844
2009-06-02,31.439212799072266
2009-06-03,31.34431266784668
2009-06-04,31.69805145263672
2009-06-05,31.732553482055664
2009-06-08,31.63764190673828
2009-06-09,31.87923240661621
2009-06-10,31.767066955566406
2009-06-11,31.767066955566406
2009-06-12,31.620405197143555
2009-06-15,30.973329544067383
2009-06-16,30.671348571777344
2009-06-17,30.96470069885254
2009-06-18,30.904308319091797
2009-06-19,31.236011505126953
2009-06-22,30.30307388305664
2009-06-23,30.23397445678711
2009-06-24,30.743637084960938
2009-06-25,31.348316192626953
2009-06-26,31.41742706298828
2009-06-29,31.486526489257812
2009-06-30,31.426061630249023
2009-07-01,31.443344116210938
2009-07-02,30.752260208129883
2009-07-06,30.58814811706543
2009-07-07,29.827980041503906
2009-07-08,29.98345947265625
2009-07-09,30.03529167175293
2009-07-10,30.16486167907715
2009-07-13,30.743637084960938
2009-07-14,30.855924606323242
2009-07-15,31.89252281188965
2009-07-16,32.272605895996094
2009-07-17,32.445369720458984
2009-07-20,32.7563362121582
2009-07-21,32.980960845947266
2009-07-22,33.25737380981445
2009-07-23,33.99162673950195
2009-07-24,33.73246765136719
2009-07-27,33.99162673950195
2009-07-28,33.75840377807617
2009-07-29,33.98299789428711
2009-07-30,34.181671142578125
2009-07-31,34.0779914855957
2009-08-03,34.587669372558594
2009-08-04,34.587669372558594
2009-08-05,34.31987762451172
2009-08-06,34.017539978027344
2009-08-07,34.449466705322266
2009-08-10,34.207584381103516
2009-08-11,33.91388702392578
2009-08-12,34.44081497192383
2009-08-13,34.630855560302734
2009-08-14,34.233497619628906
2009-08-17,33.240081787109375
2009-08-18,33.71519470214844
2009-08-19,33.94843292236328
2009-08-20,34.34578323364258
2009-08-21,34.803627014160156
2009-08-24,34.76907730102539
2009-08-25,34.87273025512695
2009-08-26,34.8122444152832
2009-08-27,34.898651123046875
2009-08-28,34.933189392089844
2009-08-31,34.57902526855469
2009-09-01,33.9311408996582
2009-09-02,33.90523910522461
2009-09-03,34.12983703613281
2009-09-04,34.864105224609375
2009-09-08,35.19234848022461
2009-09-09,35.494693756103516
2009-09-10,35.831600189208984
2009-09-11,35.86614227294922
2009-09-14,36.004329681396484
2009-09-15,36.11664581298828
2009-09-16,36.64357376098633
2009-09-17,36.63494873046875
2009-09-18,36.69633865356445
2009-09-21,36.80874252319336
2009-09-22,36.87791061401367
2009-09-23,36.70497512817383
2009-09-24,36.37639617919922
2009-09-25,36.05648422241211
2009-09-28,36.670387268066406
2009-09-29,36.506107330322266
2009-09-30,36.53204345703125
2009-10-01,35.451202392578125
2009-10-02,35.34742736816406
2009-10-05,35.63279342651367
2009-10-06,36.26399612426758
2009-10-07,36.36776351928711
2009-10-08,36.52342224121094
2009-10-09,36.73092269897461
2009-10-12,36.80874252319336
2009-10-13,36.8173713684082
2009-10-14,37.31888961791992
2009-10-15,37.232418060302734
2009-10-16,36.99031066894531
2009-10-19,37.36210632324219
2009-10-20,37.37076187133789
2009-10-21,37.30160140991211
2009-10-22,37.44858932495117
2009-10-23,37.29293441772461
2009-10-26,37.17190170288086
2009-10-27,36.609867095947266
2009-10-28,35.7884407043457
2009-10-29,36.39369201660156
2009-10-30,35.4166259765625
2009-11-02,35.563621520996094
2009-11-03,35.67601013183594
2009-11-04,35.73655319213867
2009-11-05,36.618526458740234
2009-11-06,36.83469009399414
2009-11-09,37.62151336669922
2009-11-10,37.71663284301758
2009-11-11,37.958736419677734
2009-11-12,37.74257278442383
2009-11-13,38.053829193115234
2009-11-16,38.44295883178711
2009-11-17,38.56399917602539
2009-11-18,38.34782028198242
2009-11-19,37.75121307373047
2009-11-20,37.56097412109375
2009-11-23,38.16624450683594
2009-11-24,38.03656005859375
2009-11-25,38.200843811035156
2009-11-27,37.62151336669922
2009-11-30,37.664764404296875
2009-12-01,38.053829193115234
2009-12-02,38.105735778808594
2009-12-03,37.950077056884766
2009-12-04,38.14897537231445
2009-12-07,37.967369079589844
2009-12-08,37.733909606933594
2009-12-09,38.11437225341797
2009-12-10,38.304588317871094
2009-12-11,38.15761184692383
2009-12-14,38.52076721191406
2009-12-15,38.304588317871094
2009-12-16,38.35647964477539
2009-12-17,37.88957214355469
2009-12-18,38.507102966308594
2009-12-21,38.94014358520508
2009-12-22,39.17399978637695
2009-12-23,39.459800720214844
2009-12-24,39.82358169555664
2009-12-28,40.03144836425781
2009-12-29,39.86687088012695
2009-12-30,39.988128662109375
2009-12-31,39.62437438964844
2010-01-04,40.20465850830078
2010-01-05,40.20465850830078
2010-01-06,39.96214294433594
2010-01-07,39.988128662109375
2010-01-08,40.317283630371094
2010-01-11,40.1526985168457
2010-01-12,39.65034866333008
2010-01-13,40.14403533935547
2010-01-14,40.178688049316406
2010-01-15,39.711002349853516
2010-01-19,40.35191345214844
2010-01-20,39.7716064453125
2010-01-21,39.399173736572266
2010-01-22,38.24726486206055
2010-01-25,38.37718200683594
2010-01-26,38.41181564331055
2010-01-27,38.714969635009766
2010-01-28,37.71893310546875
2010-01-29,37.060707092285156
2010-02-01,37.467769622802734
2010-02-02,37.8055534362793
2010-02-03,38.0134162902832
2010-02-04,36.913455963134766
2010-02-05,37.22526168823242
2010-02-08,36.95676803588867
2010-02-09,37.33784484863281
2010-02-10,37.2598991394043
2010-02-11,37.8228645324707
2010-02-12,37.90080642700195
2010-02-16,38.385841369628906
2010-02-17,38.60237121582031
2010-02-18,38.84489440917969
2010-02-19,38.827545166015625
2010-02-22,38.749610900878906
2010-02-23,38.24726486206055
2010-02-24,38.637027740478516
2010-02-25,38.62834548950195
2010-02-26,38.76694107055664
2010-03-01,39.32989501953125
2010-03-02,39.45115280151367
2010-03-03,39.49444580078125
2010-03-04,39.62437438964844
2010-03-05,40.22197723388672
2010-03-08,40.29993438720703
2010-03-09,40.52511978149414
2010-03-10,40.854248046875
2010-03-11,41.01013946533203
2010-03-12,41.018798828125
2010-03-15,40.91486740112305
2010-03-16,41.17470932006836
2010-03-17,41.28730010986328
2010-03-18,41.42589569091797
2010-03-19,41.175296783447266
2010-03-22,41.548118591308594
2010-03-23,41.83424758911133
2010-03-24,41.63484191894531
2010-03-25,41.57413864135742
2010-03-26,41.617488861083984
2010-03-29,41.81691360473633
2010-03-30,41.95563888549805
2010-03-31,41.75621032714844
2010-04-01,41.75621032714844
2010-04-05,42.14639663696289
2010-04-06,42.26777267456055
2010-04-07,42.16372299194336
2010-04-08,42.25909423828125
2010-04-09,42.51051712036133
2010-04-12,42.54521179199219
2010-04-13,42.76197814941406
2010-04-14,43.27352523803711
2010-04-15,43.464263916015625
2010-04-16,42.944053649902344
2010-04-19,42.91802978515625
2010-04-20,43.134788513183594
2010-04-21,43.3775749206543
2010-04-22,43.62033462524414
2010-04-23,43.802406311035156
2010-04-26,43.707035064697266
2010-04-27,42.779300689697266
2010-04-28,42.80531311035156
2010-04-29,43.55097579956055
2010-04-30,42.692604064941406
2010-05-03,43.290855407714844
2010-05-04,41.99032211303711
2010-05-05,41.7735595703125
2010-05-06,40.377628326416016
2010-05-07,39.37187576293945
2010-05-10,41.41806411743164
2010-05-11,41.37471008300781
2010-05-12,42.15504455566406
2010-05-13,41.487430572509766
2010-05-14,40.68976593017578
2010-05-17,40.81984329223633
2010-05-18,40.256248474121094
2010-05-19,39.93544387817383
2010-05-20,38.45281219482422
2010-05-21,38.877681732177734
2010-05-24,38.72160720825195
2010-05-25,38.756290435791016
2010-05-26,38.32277297973633
2010-05-27,39.77070999145508
2010-05-28,39.53661346435547
2010-06-01,39.1724739074707
2010-06-02,40.10017776489258
2010-06-03,40.48168182373047
2010-06-04,39.09442901611328
2010-06-07,38.38346862792969
2010-06-08,38.31411361694336
2010-06-09,37.99330139160156
2010-06-10,39.07708740234375
2010-06-11,39.44990539550781
2010-06-14,39.44123840332031
2010-06-15,40.499019622802734
2010-06-16,40.66375732421875
2010-06-17,40.79380798339844
2010-06-18,40.82768249511719
2010-06-21,40.48021697998047
2010-06-22,40.167510986328125
2010-06-23,40.002445220947266
2010-06-24,39.39436721801758
2010-06-25,39.40219497680664
2010-06-28,39.26295471191406
2010-06-29,37.74849319458008
2010-06-30,37.17403030395508
2010-07-01,37.06958770751953
2010-07-02,36.96513366699219
2010-07-06,37.07828140258789
2010-07-07,38.26200866699219
2010-07-08,38.47089767456055
2010-07-09,38.83646011352539
2010-07-12,38.94961166381836
2010-07-13,39.454444885253906
2010-07-14,39.65460205078125
2010-07-15,39.68942642211914
2010-07-16,38.592750549316406
2010-07-19,38.923500061035156
2010-07-20,39.393489837646484
2010-07-21,38.8538818359375
2010-07-22,39.837406158447266
2010-07-23,40.08980941772461
2010-07-26,40.420555114746094
2010-07-27,40.40315246582031
2010-07-28,40.08110046386719
2010-07-29,39.78517532348633
2010-07-30,39.872222900390625
2010-08-02,40.62074279785156
2010-08-03,40.44667434692383
2010-08-04,40.855751037597656
2010-08-05,40.76000213623047
2010-08-06,40.699073791503906
2010-08-09,40.97760009765625
2010-08-10,40.62074279785156
2010-08-11,39.515357971191406
2010-08-12,39.20200729370117
2010-08-13,38.923500061035156
2010-08-16,38.99312973022461
2010-08-17,39.48924255371094
2010-08-18,39.64590072631836
2010-08-19,39.04536819458008
2010-08-20,39.09757995605469
2010-08-23,38.7146110534668
2010-08-24,37.992191314697266
2010-08-25,38.35774612426758
2010-08-26,37.89645767211914
2010-08-27,38.35774612426758
2010-08-30,37.95737838745117
2010-08-31,37.82683181762695
2010-09-01,38.958316802978516
2010-09-02,39.393489837646484
2010-09-03,40.04629135131836
2010-09-07,39.7764778137207
2010-09-08,40.255157470703125
2010-09-09,40.4118537902832
2010-09-10,40.55983352661133
2010-09-13,41.125587463378906
2010-09-14,41.299644470214844
2010-09-15,41.560752868652344
2010-09-16,41.72612762451172
2010-09-17,41.867462158203125
2010-09-20,42.600303649902344
2010-09-21,42.5915641784668
2010-09-22,42.478153228759766
2010-09-23,42.46071243286133
2010-09-24,43.324405670166016
2010-09-27,43.08885192871094
2010-09-28,43.0713996887207
2010-09-29,43.00162124633789
2010-09-30,42.80967712402344
2010-10-01,42.75731658935547
2010-10-04,42.294960021972656
2010-10-05,43.324405670166016
2010-10-06,42.94927215576172
2010-10-07,43.10630798339844
2010-10-08,43.40292739868164
2010-10-11,43.420372009277344
2010-10-12,43.71699523925781
2010-10-13,44.0746955871582
2010-10-14,43.98744583129883
2010-10-15,44.92094421386719
2010-10-18,44.755184173583984
2010-10-19,44.33640670776367
2010-10-20,44.65921401977539
2010-10-21,44.74646759033203
2010-10-22,45.051795959472656
2010-10-25,45.26990509033203
2010-10-26,45.39206314086914
2010-10-27,45.5316162109375
2010-10-28,45.62759780883789
2010-10-29,45.52289962768555
2010-11-01,45.55780792236328
2010-11-02,46.04634094238281
2010-11-03,46.255733489990234
2010-11-04,46.82280731201172
2010-11-05,46.82280731201172
2010-11-08,46.88388442993164
2010-11-09,46.630855560302734
2010-11-10,46.8664436340332
2010-11-11,46.569820404052734
2010-11-12,45.81080627441406
2010-11-15,45.63632583618164
2010-11-16,44.88603591918945
2010-11-17,45.01689529418945
2010-11-18,45.74101638793945
2010-11-19,45.77590560913086
2010-11-22,46.15978240966797
2010-11-23,45.42694091796875
2010-11-24,46.34298324584961
2010-11-26,46.037628173828125
2010-11-29,46.00274658203125
2010-11-30,45.44438171386719
2010-12-01,46.40404510498047
2010-12-02,46.87515640258789
2010-12-03,46.99729537963867
2010-12-06,46.97984313964844
2010-12-07,47.006038665771484
2010-12-08,47.180511474609375
2010-12-09,47.2241325378418
2010-12-10,47.53820037841797
2010-12-13,47.3724365234375
2010-12-14,47.45966720581055
2010-12-15,47.25030517578125
2010-12-16,47.61671829223633
2010-12-17,47.658668518066406
2010-12-20,47.693634033203125
2010-12-21,47.98211669921875
2010-12-22,47.973365783691406
2010-12-23,47.85099792480469
2010-12-27,47.877193450927734
2010-12-28,47.789791107177734
2010-12-29,47.89469528198242
2010-12-30,47.781063079833984
2010-12-31,47.6062126159668
2011-01-03,48.34925079345703
2011-01-04,48.31428146362305
2011-01-05,48.72514724731445
2011-01-06,48.88248062133789
2011-01-07,48.838783264160156
2011-01-10,49.02235794067383
2011-01-11,49.092281341552734
2011-01-12,49.441932678222656
2011-01-13,49.45942687988281
2011-01-14,49.82658004760742
2011-01-18,49.9664306640625
2011-01-19,49.39822769165039
2011-01-20,49.04857635498047
2011-01-21,48.672698974609375
2011-01-24,49.34578323364258
2011-01-25,49.41572570800781
2011-01-26,49.6779670715332
2011-01-27,49.98392105102539
2011-01-28,48.716407775878906
2011-01-31,48.952415466308594
2011-02-01,49.870262145996094
2011-02-02,49.79161834716797
2011-02-03,49.8790283203125
2011-02-04,50.15876007080078
2011-02-07,50.394771575927734
2011-02-08,50.7269401550293
2011-02-09,50.6395378112793
2011-02-10,50.718196868896484
2011-02-11,51.0853385925293
2011-02-14,51.20772933959961
2011-02-15,51.13778305053711
2011-02-16,51.469966888427734
2011-02-17,51.452484130859375
2011-02-18,51.3388671875
2011-02-22,49.8527946472168
2011-02-23,49.441932678222656
2011-02-24,49.704200744628906
2011-02-25,50.394771575927734
2011-02-28,50.49966049194336
2011-03-01,49.68671417236328
2011-03-02,49.948951721191406
2011-03-03,50.936744689941406
2011-03-04,50.67449951171875
2011-03-07,49.9926643371582
2011-03-08,50.193721771240234
2011-03-09,49.8527946472168
2011-03-10,49.07481384277344
2011-03-11,49.38076400756836
2011-03-14,49.20592498779297
2011-03-15,48.50660705566406
2011-03-16,47.33524703979492
2011-03-17,47.77232360839844
2011-03-18,47.66464614868164
2011-03-21,48.58378982543945
2011-03-22,48.49626541137695
2011-03-23,48.76762390136719
2011-03-24,49.634254455566406
2011-03-25,49.7568244934082
2011-03-28,49.48544692993164
2011-03-29,49.9669075012207
2011-03-30,50.2032585144043
2011-03-31,50.273284912109375
2011-04-01,50.299530029296875
2011-04-04,50.13322067260742
2011-04-05,50.00190734863281
2011-04-06,50.12446212768555
2011-04-07,50.089473724365234
2011-04-08,49.85310745239258
2011-04-11,49.68678665161133
2011-04-12,49.34537887573242
2011-04-13,49.76557159423828
2011-04-14,49.67802810668945
2011-04-15,49.59049606323242
2011-04-18,49.240333557128906
2011-04-19,49.546714782714844
2011-04-20,50.66720962524414
2011-04-21,51.069889068603516
2011-04-25,51.201202392578125
2011-04-26,51.49007034301758
2011-04-27,51.84022521972656
2011-04-28,51.761444091796875
2011-04-29,51.717681884765625
2011-05-02,51.62138748168945
2011-05-03,51.37628173828125
2011-05-04,51.29747772216797
2011-05-05,51.01734924316406
2011-05-06,51.183692932128906
2011-05-09,51.37628173828125
2011-05-10,51.813961029052734
2011-05-11,51.437538146972656
2011-05-12,51.743927001953125
2011-05-13,51.13115692138672
2011-05-16,50.24705123901367
2011-05-17,50.3870849609375
2011-05-18,50.807289123535156
2011-05-19,50.95609664916992
2011-05-20,50.57090759277344
2011-05-23,49.826839447021484
2011-05-24,49.52046585083008
2011-05-25,49.71303939819336
2011-05-26,50.01942443847656
2011-05-27,50.273284912109375
2011-05-31,51.08742141723633
2011-06-01,49.97566223144531
2011-06-02,50.080692291259766
2011-06-03,49.32786178588867
2011-06-06,48.925193786621094
2011-06-07,48.837650299072266
2011-06-08,48.48749542236328
2011-06-09,48.57503890991211
2011-06-10,47.83097457885742
2011-06-13,47.83097457885742
2011-06-14,48.4437370300293
2011-06-15,47.52458572387695
2011-06-16,47.340755462646484
2011-06-17,47.1924934387207
2011-06-20,47.43813705444336
2011-06-21,48.45585632324219
2011-06-22,48.10493087768555
2011-06-23,48.552371978759766
2011-06-24,47.710113525390625
2011-06-27,48.47339630126953
2011-06-28,49.192840576171875
2011-06-29,49.394630432128906
2011-06-30,50.05262756347656
2011-07-01,50.80715560913086
2011-07-05,51.06159591674805
2011-07-06,51.228275299072266
2011-07-07,51.930152893066406
2011-07-08,51.78977584838867
2011-07-11,50.85100555419922
2011-07-12,50.464996337890625
2011-07-13,50.67555236816406
2011-07-14,50.087730407714844
2011-07-15,50.75449752807617
2011-07-18,50.482513427734375
2011-07-19,51.6318473815918
2011-07-20,51.41250991821289
2011-07-21,51.75468826293945
2011-07-22,52.28987121582031
2011-07-25,52.18458557128906
2011-07-26,52.31617736816406
2011-07-27,50.96506881713867
2011-07-28,51.05281448364258
2011-07-29,50.88612365722656
2011-08-01,50.649234771728516
2011-08-02,49.36829376220703
2011-08-03,49.84208297729492
2011-08-04,47.52587890625
2011-08-05,47.22758483886719
2011-08-08,44.38495635986328
2011-08-09,46.52568435668945
2011-08-10,44.62184524536133
2011-08-11,46.58709716796875
2011-08-12,46.99946975708008
2011-08-15,47.69256591796875
2011-08-16,47.288997650146484
2011-08-17,47.008243560791016
2011-08-18,44.700801849365234
2011-08-19,43.893653869628906
2011-08-22,44.05156707763672
2011-08-23,45.86769104003906
2011-08-24,46.227394104003906
2011-08-25,45.472900390625
2011-08-26,46.613433837890625
2011-08-29,47.91189956665039
2011-08-30,48.22773742675781
2011-08-31,48.30671691894531
2011-09-01,47.86803436279297
2011-09-02,46.74504089355469
2011-09-06,46.75380325317383
2011-09-07,47.938236236572266
2011-09-08,47.718875885009766
2011-09-09,46.65730285644531
2011-09-12,47.25388717651367
2011-09-13,47.885581970214844
2011-09-14,48.56991195678711
2011-09-15,49.28934860229492
2011-09-16,49.74114227294922
2011-09-19,49.75871658325195
2011-09-20,49.53897476196289
2011-09-21,48.67756271362305
2011-09-22,47.095420837402344
2011-09-23,47.596431732177734
2011-09-26,48.15019226074219
2011-09-27,48.65121078491211
2011-09-28,47.93044662475586
2011-09-29,47.35911178588867
2011-09-30,46.13734436035156
2011-10-03,44.95071029663086
2011-10-04,45.873634338378906
2011-10-05,47.05146789550781
2011-10-06,47.842525482177734
2011-10-07,47.5261344909668
2011-10-10,49.169803619384766
2011-10-11,49.50381088256836
2011-10-12,49.74992752075195
2011-10-13,50.207000732421875
2011-10-14,51.13869857788086
2011-10-17,50.347618103027344
2011-10-18,50.97172546386719
2011-10-19,49.987247467041016
2011-10-20,49.74114227294922
2011-10-21,50.36520004272461
2011-10-24,51.41119384765625
2011-10-25,50.40036392211914
2011-10-26,50.33884811401367
2011-10-27,51.727622985839844
2011-10-28,51.806732177734375
2011-10-31,50.9365234375
2011-11-01,49.60928726196289
2011-11-02,50.03120040893555
2011-11-03,51.068389892578125
2011-11-04,50.804691314697266
2011-11-07,51.16505432128906
2011-11-08,51.753990173339844
2011-11-09,49.93450164794922
2011-11-10,49.908138275146484
2011-11-11,50.8486442565918
2011-11-14,50.53221893310547
2011-11-15,51.09476089477539
2011-11-16,50.250938415527344
2011-11-17,49.0731201171875
2011-11-18,48.69517517089844
2011-11-21,47.7634391784668
2011-11-22,47.92164993286133
2011-11-23,46.84051513671875
2011-11-25,46.480140686035156
2011-11-28,48.097450256347656
2011-11-29,47.79861068725586
2011-11-30,49.565345764160156
2011-12-01,49.908138275146484
2011-12-02,49.76749801635742
2011-12-05,50.312461853027344
2011-12-06,50.171836853027344
2011-12-07,50.171836853027344
2011-12-08,49.328006744384766
2011-12-09,50.11909103393555
2011-12-12,49.55656051635742
2011-12-13,49.011592864990234
2011-12-14,48.24686813354492
2011-12-15,48.115028381347656
2011-12-16,48.362762451171875
2011-12-19,47.8867073059082
2011-12-20,49.30603790283203
2011-12-21,48.60078811645508
2011-12-22,49.01511001586914
2011-12-23,49.43825912475586
2011-12-27,49.622676849365234
2011-12-28,49.04915237426758
2011-12-29,49.40208053588867
2011-12-30,49.260929107666016
2012-01-03,50.205013275146484
2012-01-04,50.416786193847656
2012-01-05,50.83147430419922
2012-01-06,51.00794982910156
2012-01-09,50.84031295776367
2012-01-10,51.210899353027344
2012-01-11,51.3167724609375
2012-01-12,51.519691467285156
2012-01-13,51.334415435791016
2012-01-17,51.80204391479492
2012-01-18,52.49026870727539
2012-01-19,52.81673812866211
2012-01-20,52.73732376098633
2012-01-23,52.754981994628906
2012-01-24,52.657894134521484
2012-01-25,53.319664001464844
2012-01-26,53.13438415527344
2012-01-27,53.29319763183594
2012-01-30,53.337318420410156
2012-01-31,53.40788650512695
2012-02-01,53.84024429321289
2012-02-02,54.00788116455078
2012-02-03,54.74905776977539
2012-02-06,54.704925537109375
2012-02-07,54.819637298583984
2012-02-08,55.110816955566406
2012-02-09,55.50787353515625
2012-02-10,55.1196403503418
2012-02-13,55.63138961791992
2012-02-14,55.772560119628906
2012-02-15,55.38433837890625
2012-02-16,56.14313888549805
2012-02-17,55.9666862487793
2012-02-21,56.12551498413086
2012-02-22,55.8696174621582
2012-02-23,56.240203857421875
2012-02-24,56.434322357177734
2012-02-27,56.513736724853516
2012-02-28,57.087249755859375
2012-02-29,56.83138656616211
2012-03-01,57.281368255615234
2012-03-02,57.237266540527344
2012-03-05,56.64607620239258
2012-03-06,56.0901985168457
2012-03-07,56.52254104614258
2012-03-08,57.131370544433594
2012-03-09,57.36957550048828
2012-03-12,57.39606475830078
2012-03-13,58.46369171142578
2012-03-14,58.6666374206543
2012-03-15,58.83428192138672
2012-03-16,58.792724609375
2012-03-19,59.2081298828125
2012-03-20,59.3142204284668
2012-03-21,59.32303237915039
2012-03-22,59.199275970458984
2012-03-23,59.1639518737793
2012-03-26,60.19801712036133
2012-03-27,60.28642272949219
2012-03-28,60.047813415527344
2012-03-29,59.81798553466797
2012-03-30,59.70309829711914
2012-04-02,60.32178497314453
2012-04-03,60.30410385131836
2012-04-04,59.482120513916016
2012-04-05,59.853355407714844
2012-04-09,59.402584075927734
2012-04-10,58.44804382324219
2012-04-11,58.73088455200195
2012-04-12,59.402584075927734
2012-04-13,58.50107192993164
2012-04-16,57.84703063964844
2012-04-17,59.02253341674805
2012-04-18,58.87226104736328
2012-04-19,58.209407806396484
2012-04-20,58.05031967163086
2012-04-23,57.52001953125
2012-04-24,57.2106819152832
2012-04-25,58.73088455200195
2012-04-26,59.0755615234375
2012-04-27,59.42910385131836
2012-04-30,59.004852294921875
2012-05-01,59.102073669433594
2012-05-02,59.27002716064453
2012-05-03,58.642486572265625
2012-05-04,57.184146881103516
2012-05-07,57.237205505371094
2012-05-08,57.02507400512695
2012-05-09,56.848297119140625
2012-05-10,56.7334098815918
2012-05-11,56.72456741333008
2012-05-14,56.194271087646484
2012-05-15,56.00865936279297
2012-05-16,55.62860870361328
2012-05-17,54.453121185302734
2012-05-18,53.746063232421875
2012-05-21,55.248565673828125
2012-05-22,55.18667984008789
2012-05-23,55.292747497558594
2012-05-24,54.93037796020508
2012-05-25,54.85966110229492
2012-05-29,55.557899475097656
2012-05-30,55.089473724365234
2012-05-31,54.850833892822266
2012-06-01,53.39249038696289
2012-06-04,53.79905319213867
2012-06-05,54.0200309753418
2012-06-06,55.25739669799805
2012-06-07,55.036434173583984
2012-06-08,55.566741943359375
2012-06-11,54.6298713684082
2012-06-12,55.292747497558594
2012-06-13,54.91271209716797
2012-06-14,55.115989685058594
2012-06-15,55.800750732421875
2012-06-18,56.323429107666016
2012-06-19,56.908111572265625
2012-06-20,56.952362060546875
2012-06-21,55.53499221801758
2012-06-22,56.11966323852539
2012-06-25,55.03891372680664
2012-06-26,55.384395599365234
2012-06-27,55.72102737426758
2012-06-28,55.10092544555664
2012-06-29,56.83723831176758
2012-07-02,57.00553512573242
2012-07-03,57.48390579223633
2012-07-05,57.519371032714844
2012-07-06,56.801795959472656
2012-07-09,56.69548416137695
2012-07-10,56.137393951416016
2012-07-11,55.82734680175781
2012-07-12,55.304683685302734
2012-07-13,56.14624786376953
2012-07-16,55.98679733276367
2012-07-17,56.27912521362305
2012-07-18,57.04095458984375
2012-07-19,57.669925689697266
2012-07-20,56.908111572265625
2012-07-23,56.21710968017578
2012-07-24,55.774173736572266
2012-07-25,55.40211868286133
2012-07-26,56.137393951416016
2012-07-27,57.466190338134766
2012-07-30,57.42190170288086
2012-07-31,57.4041633605957
2012-08-01,57.235870361328125
2012-08-02,57.032127380371094
2012-08-03,58.11286544799805
2012-08-06,58.55581283569336
2012-08-07,59.04304504394531
2012-08-08,59.01647186279297
2012-08-09,59.19362258911133
2012-08-10,59.22906494140625
2012-08-13,59.37079620361328
2012-08-14,59.39737319946289
2012-08-15,59.547977447509766
2012-08-16,60.25667190551758
2012-08-17,60.52242660522461
2012-08-20,60.61101531982422
2012-08-21,60.37184143066406
2012-08-22,60.619850158691406
2012-08-23,60.12378692626953
2012-08-24,60.495853424072266
2012-08-27,60.593299865722656
2012-08-28,60.593299865722656
2012-08-29,60.593299865722656
2012-08-30,59.98204803466797
2012-08-31,60.38068771362305
2012-09-04,60.318695068359375
2012-09-05,60.25667190551758
2012-09-06,61.594329833984375
2012-09-07,61.505733489990234
2012-09-10,60.71731948852539
2012-09-11,60.619850158691406
2012-09-12,60.79703903198242
2012-09-13,61.62089157104492
2012-09-14,62.170127868652344
2012-09-17,62.19669723510742
2012-09-18,62.24989318847656
2012-09-19,62.36503601074219
2012-09-20,62.30302429199219
2012-09-21,62.32080078125
2012-09-24,61.9565315246582
2012-09-25,61.08591842651367
2012-09-26,60.58840560913086
2012-09-27,61.42350387573242
2012-09-28,60.91712951660156
2012-10-01,60.82829284667969
2012-10-02,61.00595474243164
2012-10-03,61.39684295654297
2012-10-04,61.61006164550781
2012-10-05,61.2813835144043
2012-10-08,60.72168731689453
2012-10-09,59.75333786010742
2012-10-10,59.45126724243164
2012-10-11,59.264705657958984
2012-10-12,59.23805236816406
2012-10-15,59.67337417602539
2012-10-16,60.517356872558594
2012-10-17,60.481807708740234
2012-10-18,59.77999496459961
2012-10-19,58.34966278076172
2012-10-22,58.6517333984375
2012-10-23,58.092041015625
2012-10-24,57.88770294189453
2012-10-25,57.88770294189453
2012-10-26,58.05649185180664
2012-10-31,57.70114517211914
2012-11-01,58.51846694946289
2012-11-02,57.896583557128906
2012-11-05,58.278587341308594
2012-11-06,58.385223388671875
2012-11-07,57.00819396972656
2012-11-08,56.110931396484375
2012-11-09,56.35078048706055
2012-11-12,56.341888427734375
2012-11-13,55.95100784301758
2012-11-14,55.29361343383789
2012-11-15,55.10702896118164
2012-11-16,55.346900939941406
2012-11-19,56.661720275878906
2012-11-20,56.67949676513672
2012-11-21,56.794979095458984
2012-11-23,57.65673065185547
2012-11-26,57.90546417236328
2012-11-27,57.71001052856445
2012-11-28,58.20752716064453
2012-11-29,58.55400848388672
2012-11-30,58.45627212524414
2012-12-03,58.34076690673828
2012-12-04,58.30524826049805
2012-12-05,57.65673065185547
2012-12-06,58.02985382080078
2012-12-07,57.68339920043945
2012-12-10,57.8521728515625
2012-12-11,58.607322692871094
2012-12-12,58.4829216003418
2012-12-13,58.02096176147461
2012-12-14,57.47017288208008
2012-12-17,58.23418426513672
2012-12-18,59.12258529663086
2012-12-19,58.86494064331055
2012-12-20,58.86494064331055
2012-12-21,58.2458610534668
2012-12-24,58.12971496582031
2012-12-26,57.62051773071289
2012-12-27,57.53118133544922
2012-12-28,56.9773063659668
2012-12-31,58.183311462402344
2013-01-02,60.032527923583984
2013-01-03,59.71985626220703
2013-01-04,59.5233268737793
2013-01-07,59.54121398925781
2013-01-08,59.42504119873047
2013-01-09,59.648399353027344
2013-01-10,60.0057258605957
2013-01-11,60.08613204956055
2013-01-14,59.81812286376953
2013-01-15,59.5233268737793
2013-01-16,59.7645378112793
2013-01-17,60.05038070678711
2013-01-18,59.9163932800293
2013-01-22,60.01466751098633
2013-01-23,60.380943298339844
2013-01-24,59.55013656616211
2013-01-25,59.853851318359375
2013-01-28,59.98786163330078
2013-01-29,59.99681091308594
2013-01-30,59.87173080444336
2013-01-31,59.73771286010742
2013-02-01,60.4434814453125
2013-02-04,59.38935852050781
2013-02-05,60.26479721069336
2013-02-06,60.068275451660156
2013-02-07,60.12187957763672
2013-02-08,60.73828887939453
2013-02-11,60.75613784790039
2013-02-12,60.50599670410156
2013-02-13,60.720428466796875
2013-02-14,60.70255661010742
2013-02-15,60.52388000488281
2013-02-19,60.96159362792969
2013-02-20,60.02361297607422
2013-02-21,59.38038635253906
2013-02-22,59.97892761230469
2013-02-25,59.23745346069336
2013-02-26,59.460792541503906
2013-02-27,60.068275451660156
2013-02-28,59.94321060180664
2013-03-01,60.19334411621094
2013-03-04,60.46134567260742
2013-03-05,61.354679107666016
2013-03-06,61.20281219482422
2013-03-07,61.363624572753906
2013-03-08,61.435081481933594
2013-03-11,61.6137580871582
2013-03-12,61.39043426513672
2013-03-13,61.31001281738281
2013-03-14,61.515464782714844
2013-03-15,61.34445571899414
2013-03-18,61.210140228271484
2013-03-19,61.09375
2013-03-20,61.5235481262207
2013-03-21,60.82511901855469
2013-03-22,61.41609191894531
2013-03-25,61.192222595214844
2013-03-26,61.5235481262207
2013-03-27,61.6041374206543
2013-03-28,61.7563591003418
2013-04-01,61.33550262451172
2013-04-02,61.81901931762695
2013-04-03,61.254913330078125
2013-04-04,61.27283477783203
2013-04-05,60.76243591308594
2013-04-08,61.08479690551758
2013-04-09,61.496673583984375
2013-04-10,62.69652557373047
2013-04-11,62.6696662902832
2013-04-12,62.6248893737793
2013-04-15,61.38920974731445
2013-04-16,62.20405197143555
2013-04-17,60.986297607421875
2013-04-18,60.14459991455078
2013-04-19,60.968387603759766
2013-04-22,61.59515380859375
2013-04-23,62.18611526489258
2013-04-24,62.15925598144531
2013-04-25,62.490596771240234
2013-04-26,62.293575286865234
2013-04-29,62.86665344238281
2013-04-30,63.32331466674805
2013-05-01,63.027828216552734
2013-05-02,63.824745178222656
2013-05-03,64.57687377929688
2013-05-06,64.82762908935547
2013-05-07,64.79180145263672
2013-05-08,65.10517120361328
2013-05-09,65.0156478881836
2013-05-10,65.40962219238281
2013-05-13,65.49019622802734
2013-05-14,65.83043670654297
2013-05-15,65.96477508544922
2013-05-16,65.89314270019531
2013-05-17,66.52883911132812
2013-05-20,66.43038940429688
2013-05-21,66.50199890136719
2013-05-22,65.92001342773438
2013-05-23,65.76778411865234
2013-05-24,65.7319564819336
2013-05-28,66.16175842285156
2013-05-29,65.8483657836914
2013-05-30,66.19758605957031
2013-05-31,65.58868408203125
2013-06-03,65.70512390136719
2013-06-04,65.36487579345703
2013-06-05,64.51419067382812
2013-06-06,64.82762908935547
2013-06-07,65.71404266357422
2013-06-10,65.74092102050781
2013-06-11,65.08729553222656
2013-06-12,64.33513641357422
2013-06-13,65.14993286132812
2013-06-14,64.7201156616211
2013-06-17,65.34695434570312
2013-06-18,65.88420104980469
2013-06-19,65.14993286132812
2013-06-20,63.600860595703125
2013-06-21,63.263179779052734
2013-06-24,62.634376525878906
2013-06-25,63.09248352050781
2013-06-26,63.65840148925781
2013-06-27,63.92782211303711
2013-06-28,64.01766204833984
2013-07-01,64.41288757324219
2013-07-02,64.43983459472656
2013-07-03,64.70036315917969
2013-07-05,65.19438934326172
2013-07-08,65.2572250366211
2013-07-09,65.65247344970703
2013-07-10,66.02972412109375
2013-07-11,67.34117889404297
2013-07-12,67.63761138916016
2013-07-15,67.79031372070312
2013-07-16,67.70047760009766
2013-07-17,67.87116241455078
2013-07-18,67.70047760009766
2013-07-19,66.99983215332031
2013-07-22,67.19745635986328
2013-07-23,66.70341491699219
2013-07-24,66.91898345947266
2013-07-25,67.34117889404297
2013-07-26,67.70047760009766
2013-07-29,67.57472229003906
2013-07-30,67.93399810791016
2013-07-31,68.05975341796875
2013-08-01,68.75140380859375
2013-08-02,69.13764953613281
2013-08-05,69.18256378173828
2013-08-06,68.76937103271484
2013-08-07,68.64363098144531
2013-08-08,68.98495483398438
2013-08-09,68.70647430419922
2013-08-12,68.86820220947266
2013-08-13,69.25443267822266
2013-08-14,68.99392700195312
2013-08-15,67.82621765136719
2013-08-16,67.79926300048828
2013-08-19,67.68250274658203
2013-08-20,67.97891998291016
2013-08-21,67.74537658691406
2013-08-22,68.41009521484375
2013-08-23,68.86820220947266
2013-08-26,68.90409851074219
2013-08-27,67.49386596679688
2013-08-28,67.75434875488281
2013-08-29,68.23043060302734
2013-08-30,67.79031372070312
2013-09-03,68.17655181884766
2013-09-04,68.90409851074219
2013-09-05,69.02086639404297
2013-09-06,69.10173797607422
2013-09-09,69.9101333618164
2013-09-10,70.25145721435547
2013-09-11,70.11673736572266
2013-09-12,70.07182312011719
2013-09-13,70.11673736572266
2013-09-16,69.92809295654297
2013-09-17,70.39518737792969
2013-09-18,71.2395248413086
2013-09-19,71.41021728515625
2013-09-20,71.1651611328125
2013-09-23,71.02101135253906
2013-09-24,71.02101135253906
2013-09-25,70.77774047851562
2013-09-26,71.32732391357422
2013-09-27,71.23721313476562
2013-09-30,71.0660171508789
2013-10-01,71.78678131103516
2013-10-02,71.75977325439453
2013-10-03,70.9218978881836
2013-10-04,71.53453063964844
2013-10-07,70.93989562988281
2013-10-08,69.57048034667969
2013-10-09,69.35426330566406
2013-10-10,70.82279968261719
2013-10-11,71.38139343261719
2013-10-14,71.88587951660156
2013-10-15,71.60662078857422
2013-10-16,72.4174575805664
2013-10-17,72.83189392089844
2013-10-18,74.01209259033203
2013-10-21,74.17427825927734
2013-10-22,74.28241729736328
2013-10-23,73.83194732666016
2013-10-24,74.15625
2013-10-25,74.68783569335938
2013-10-28,74.70581817626953
2013-10-29,74.83196258544922
2013-10-30,74.7598876953125
2013-10-31,74.58871459960938
2013-11-01,74.60671997070312
2013-11-04,74.71480560302734
2013-11-05,74.79592895507812
2013-11-06,74.77790069580078
2013-11-07,73.37242889404297
2013-11-08,74.36349487304688
2013-11-11,74.24634552001953
2013-11-12,74.36349487304688
2013-11-13,75.26438903808594
2013-11-14,75.49866485595703
2013-11-15,75.64281463623047
2013-11-18,74.90404510498047
2013-11-19,74.68783569335938
2013-11-20,74.50762176513672
2013-11-21,75.26438903808594
2013-11-22,75.66985321044922
2013-11-25,75.85004425048828
2013-11-26,76.24642181396484
2013-11-27,76.77798461914062
2013-11-29,77.23745727539062
2013-12-02,77.0122299194336
2013-12-03,76.94918060302734
2013-12-04,77.021240234375
2013-12-05,76.92213439941406
2013-12-06,77.48070526123047
2013-12-09,77.79603576660156
2013-12-10,77.74198913574219
2013-12-11,76.74195098876953
2013-12-12,76.54374694824219
2013-12-13,76.4446792602539
2013-12-16,76.8680648803711
2013-12-17,76.71495056152344
2013-12-18,77.60684967041016
2013-12-19,77.39061737060547
2013-12-20,78.17874145507812
2013-12-23,79.00120544433594
2013-12-24,79.0373764038086
2013-12-26,79.29946899414062
2013-12-27,79.10063171386719
2013-12-30,78.98314666748047
2013-12-31,79.498291015625
2014-01-02,78.8746566772461
2014-01-03,78.30528259277344
2014-01-06,78.01606750488281
2014-01-07,78.7391128540039
2014-01-08,78.91082000732422
2014-01-09,78.64872741699219
2014-01-10,78.90177154541016
2014-01-13,77.73587799072266
2014-01-14,79.2181396484375
2014-01-15,79.86886596679688
2014-01-16,79.8779296875
2014-01-17,79.42596435546875
2014-01-21,80.03154754638672
2014-01-22,80.23938751220703
2014-01-23,79.96826934814453
2014-01-24,78.39564514160156
2014-01-27,77.63648986816406
2014-01-28,77.5912857055664
2014-01-29,76.7597885131836
2014-01-30,78.17874145507812
2014-01-31,77.97087860107422
2014-02-03,76.18133544921875
2014-02-04,76.74169158935547
2014-02-05,76.54289245605469
2014-02-06,77.5189437866211
2014-02-07,78.90177154541016
2014-02-10,79.35369873046875
2014-02-11,80.25748443603516
2014-02-12,80.41117095947266
2014-02-13,81.00763702392578
2014-02-14,81.17034149169922
2014-02-18,81.5680160522461
2014-02-19,81.00763702392578
2014-02-20,81.38725280761719
2014-02-21,81.27876281738281
2014-02-24,81.71260070800781
2014-02-25,81.62223052978516
2014-02-26,81.54993438720703
2014-02-27,82.07904052734375
2014-02-28,81.98826599121094
2014-03-03,81.3802261352539
2014-03-04,82.41480255126953
2014-03-05,82.6417007446289
2014-03-06,82.569091796875
2014-03-07,82.16072082519531
2014-03-10,82.23332214355469
2014-03-11,81.87936401367188
2014-03-12,82.18793487548828
2014-03-13,81.02628326416016
2014-03-14,80.47264862060547
2014-03-17,81.18053436279297
2014-03-18,82.16072082519531
2014-03-19,81.71599578857422
2014-03-20,81.9428939819336
2014-03-21,80.95686340332031
2014-03-24,80.24736022949219
2014-03-25,80.51113891601562
2014-03-26,79.47417449951172
2014-03-27,79.0284652709961
2014-03-28,79.1830825805664
2014-03-31,79.74703979492188
2014-04-01,81.1478500366211
2014-04-02,81.3570785522461
2014-04-03,80.71125030517578
2014-04-04,78.56452178955078
2014-04-07,77.8186264038086
2014-04-08,78.53724670410156
2014-04-09,79.88349914550781
2014-04-10,77.40930938720703
2014-04-11,76.50879669189453
2014-04-14,77.10912322998047
2014-04-15,77.36381530761719
2014-04-16,78.39168548583984
2014-04-17,78.40988159179688
2014-04-21,78.99208068847656
2014-04-22,79.61970520019531
2014-04-23,78.91928100585938
2014-04-24,79.67426300048828
2014-04-25,78.40081024169922
2014-04-28,78.65550994873047
2014-04-29,79.28311920166016
2014-04-30,79.49237060546875
2014-05-01,79.72887420654297
2014-05-02,79.58331298828125
2014-05-05,80.00172424316406
2014-05-06,78.96479034423828
2014-05-07,78.73738098144531
2014-05-08,78.66460418701172
2014-05-09,78.9557113647461
2014-05-12,80.25645446777344
2014-05-13,80.3110122680664
2014-05-14,79.89256286621094
2014-05-15,79.26495361328125
2014-05-16,79.783447265625
2014-05-19,80.33828735351562
2014-05-20,80.04723358154297
2014-05-21,80.81133270263672
2014-05-22,81.16608428955078
2014-05-23,81.75732421875
2014-05-27,82.77610778808594
2014-05-28,82.52140808105469
2014-05-29,83.04899597167969
2014-05-30,83.05809020996094
2014-06-02,82.97622680664062
2014-06-03,82.93983459472656
2014-06-04,83.24910736083984
2014-06-05,83.94953918457031
2014-06-06,84.431640625
2014-06-09,84.36796569824219
2014-06-10,84.51349639892578
2014-06-11,84.49532318115234
2014-06-12,83.7312240600586
2014-06-13,83.97682189941406
2014-06-16,84.04959869384766
2014-06-17,84.09506225585938
2014-06-18,84.568115234375
2014-06-19,84.51349639892578
2014-06-20,84.61293029785156
2014-06-23,84.63115692138672
2014-06-24,84.5490493774414
2014-06-25,85.08717346191406
2014-06-26,85.13280487060547
2014-06-27,85.50674438476562
2014-06-30,85.65270233154297
2014-07-01,86.59209442138672
2014-07-02,86.7380599975586
2014-07-03,87.28524780273438
2014-07-07,87.0207748413086
2014-07-08,85.97190856933594
2014-07-09,86.61033630371094
2014-07-10,86.33672332763672
2014-07-11,86.89306640625
2014-07-14,87.41297149658203
2014-07-15,87.11198425292969
2014-07-16,87.45858764648438
2014-07-17,86.30023956298828
2014-07-18,87.66837310791016
2014-07-21,87.55892181396484
2014-07-22,88.11528015136719
2014-07-23,88.68074798583984
2014-07-24,88.58042907714844
2014-07-25,88.23384857177734
2014-07-28,88.26119232177734
2014-07-29,88.10613250732422
2014-07-30,88.45272827148438
2014-07-31,86.66507720947266
2014-08-01,86.3458480834961
2014-08-04,86.93865203857422
2014-08-05,86.27288818359375
2014-08-06,86.20903015136719
2014-08-07,85.93540954589844
2014-08-08,86.55558013916016
2014-08-11,87.06634521484375
2014-08-12,87.02991485595703
2014-08-13,87.95112609863281
2014-08-14,88.4071273803711
2014-08-15,88.8358154296875
2014-08-18,89.51986694335938
2014-08-19,90.02147674560547
2014-08-20,90.02147674560547
2014-08-21,90.20391845703125
2014-08-22,90.3407211303711
2014-08-25,90.65998077392578
2014-08-26,90.75117492675781
2014-08-27,90.76943969726562
2014-08-28,90.66907501220703
2014-08-29,91.00652313232422
2014-09-02,91.2710189819336
2014-09-03,90.73291015625
2014-09-04,90.65081787109375
2014-09-05,91.10687255859375
2014-09-08,91.28016662597656
2014-09-09,90.5231704711914
2014-09-10,91.2710189819336
2014-09-11,91.19805908203125
2014-09-12,90.73291015625
2014-09-15,89.85733795166016
2014-09-16,90.64173126220703
2014-09-17,90.77854919433594
2014-09-18,91.46259307861328
2014-09-19,91.40589904785156
2014-09-22,90.55564880371094
2014-09-23,90.30876922607422
2014-09-24,91.27788543701172
2014-09-25,89.35797882080078
2014-09-26,90.30876922607422
2014-09-29,90.18994140625
2014-09-30,90.31795501708984
2014-10-01,88.8734359741211
2014-10-02,88.8734359741211
2014-10-03,89.75112915039062
2014-10-06,89.55908966064453
2014-10-07,88.28829956054688
2014-10-08,90.007080078125
2014-10-09,88.55347442626953
2014-10-10,86.34100341796875
2014-10-13,84.9879379272461
2014-10-14,84.99705505371094
2014-10-15,84.448486328125
2014-10-16,83.91825866699219
2014-10-17,85.02446746826172
2014-10-20,86.2952651977539
2014-10-21,88.56259155273438
2014-10-22,88.10547637939453
2014-10-23,89.4311294555664
2014-10-24,90.16252899169922
2014-10-27,90.22653198242188
2014-10-28,91.58876037597656
2014-10-29,91.25047302246094
2014-10-30,91.44246673583984
2014-10-31,92.7041244506836
2014-11-03,92.9783935546875
2014-11-04,92.66757202148438
2014-11-05,92.67668914794922
2014-11-06,92.96925354003906
2014-11-07,92.88694763183594
2014-11-10,93.21607208251953
2014-11-11,93.5086669921875
2014-11-12,93.67322540283203
2014-11-13,94.07547760009766
2014-11-14,94.3680419921875
2014-11-17,94.08462524414062
2014-11-18,94.78857421875
2014-11-19,94.35890197753906
2014-11-20,94.7794418334961
2014-11-21,94.9623031616211
2014-11-24,95.70282745361328
2014-11-25,95.84908294677734
2014-11-26,96.47078704833984
2014-11-28,96.91876983642578
2014-12-01,95.8216781616211
2014-12-02,96.20567321777344
2014-12-03,96.37934875488281
2014-12-04,96.33366394042969
2014-12-05,96.34275817871094
2014-12-08,95.6570816040039
2014-12-09,95.95881652832031
2014-12-10,94.45030975341797
2014-12-11,94.89830780029297
2014-12-12,93.86518859863281
2014-12-15,92.89611053466797
2014-12-16,91.40589904785156
2014-12-17,93.06983184814453
2014-12-18,95.3096694946289
2014-12-19,95.72908020019531
2014-12-22,95.9676742553711
2014-12-23,95.62812042236328
2014-12-24,95.71072387695312
2014-12-26,96.38977813720703
2014-12-29,96.37141418457031
2014-12-30,95.72908020019531
2014-12-31,94.7471923828125
2015-01-02,94.46273040771484
2015-01-05,93.0770492553711
2015-01-06,91.82907104492188
2015-01-07,93.01285552978516
2015-01-08,94.7930908203125
2015-01-09,94.16908264160156
2015-01-12,93.18718719482422
2015-01-13,93.15966796875
2015-01-14,92.64578247070312
2015-01-15,91.44366455078125
2015-01-16,92.51729583740234
2015-01-20,93.25141906738281
2015-01-21,93.72857666015625
2015-01-22,95.46297454833984
2015-01-23,95.67401885986328
2015-01-26,95.56390380859375
2015-01-27,93.08624267578125
2015-01-28,92.60908508300781
2015-01-29,93.49918365478516
2015-01-30,92.77422332763672
2015-02-02,93.58174896240234
2015-02-03,94.4810791015625
2015-02-04,94.39847564697266
2015-02-05,95.21521759033203
2015-02-06,94.6370849609375
2015-02-09,94.33423614501953
2015-02-10,95.80245971679688
2015-02-11,96.15119934082031
2015-02-12,97.27070617675781
2015-02-13,98.10578155517578
2015-02-17,98.19756317138672
2015-02-18,98.335205078125
2015-02-19,98.82157135009766
2015-02-20,99.48225402832031
2015-02-23,99.58320617675781
2015-02-24,99.6566162109375
2015-02-25,99.4088363647461
2015-02-26,99.9135513305664
2015-02-27,99.47308349609375
2015-03-02,100.3723373413086
2015-03-03,99.90438842773438
2015-03-04,99.51895904541016
2015-03-05,99.69330596923828
2015-03-06,98.56461334228516
2015-03-09,98.84910583496094
2015-03-10,97.01378631591797
2015-03-11,96.45398712158203
2015-03-12,97.08719635009766
2015-03-13,96.66507720947266
2015-03-16,97.9130859375
2015-03-17,98.06908416748047
2015-03-18,99.03260803222656
2015-03-19,99.179443359375
2015-03-20,99.82141876220703
2015-03-23,99.62826538085938
2015-03-24,99.26954650878906
2015-03-25,96.99776458740234
2015-03-26,96.66665649414062
2015-03-27,97.05293273925781
2015-03-30,98.16583251953125
2015-03-31,97.12654113769531
2015-04-01,96.62067413330078
2015-04-02,96.68501281738281
2015-04-06,97.47603607177734
2015-04-07,97.31048583984375
2015-04-08,98.08305358886719
2015-04-09,98.69928741455078
2015-04-10,99.10403442382812
2015-04-13,98.85567474365234
2015-04-14,98.57054901123047
2015-04-15,99.18677520751953
2015-04-16,99.04883575439453
2015-04-17,97.50363159179688
2015-04-20,98.96602630615234
2015-04-21,99.3891372680664
2015-04-22,99.93180847167969
2015-04-23,100.30889892578125
2015-04-24,101.67015838623047
2015-04-27,101.41261291503906
2015-04-28,101.21028137207031
2015-04-29,100.57563781738281
2015-04-30,98.99363708496094
2015-05-01,100.29969024658203
2015-05-04,100.46524810791016
2015-05-05,98.82806396484375
2015-05-06,98.14743041992188
2015-05-07,98.73609924316406
2015-05-08,99.96858215332031
2015-05-11,99.582275390625
2015-05-12,99.13158416748047
2015-05-13,99.3339614868164
2015-05-14,100.78718566894531
2015-05-15,100.78718566894531
2015-05-18,101.22863006591797
2015-05-19,101.11827850341797
2015-05-20,101.18266296386719
2015-05-21,101.70692443847656
2015-05-22,101.60575103759766
2015-05-26,100.43767547607422
2015-05-27,102.05643463134766
2015-05-28,101.82650756835938
2015-05-29,101.21947479248047
2015-06-01,101.55977630615234
2015-06-02,101.23786163330078
2015-06-03,101.54136657714844
2015-06-04,100.76878356933594
2015-06-05,100.52964782714844
2015-06-08,99.50869750976562
2015-06-09,99.3431396484375
2015-06-10,100.70438385009766
2015-06-11,100.8515396118164
2015-06-12,100.02377319335938
2015-06-15,99.527099609375
2015-06-16,100.06977844238281
2015-06-17,100.3456802368164
2015-06-18,101.80809783935547
2015-06-19,101.30477142333984
2015-06-22,102.0514907836914
2015-06-23,102.13443756103516
2015-06-24,101.60895538330078
2015-06-25,101.4061508178711
2015-06-26,100.7331771850586
2015-06-29,98.35478973388672
2015-06-30,98.70506286621094
2015-07-01,99.48863983154297
2015-07-02,99.51631927490234
2015-07-06,99.28585052490234
2015-07-07,99.53474426269531
2015-07-08,97.8016357421875
2015-07-09,97.74632263183594
2015-07-10,99.2397232055664
2015-07-13,100.98210906982422
2015-07-14,101.6458511352539
2015-07-15,101.7564697265625
2015-07-16,103.19462585449219
2015-07-17,104.71570587158203
2015-07-20,105.07523345947266
2015-07-21,105.01068115234375
2015-07-22,103.82146453857422
2015-07-23,103.4343032836914
2015-07-24,102.42022705078125
2015-07-27,101.57209014892578
2015-07-28,102.4478988647461
2015-07-29,102.83506774902344
2015-07-30,103.32366943359375
2015-07-31,103.20379638671875
2015-08-03,102.88114166259766
2015-08-04,102.68755340576172
2015-08-05,103.48040008544922
2015-08-06,101.82101440429688
2015-08-07,101.69196319580078
2015-08-10,102.853515625
2015-08-11,101.53522491455078
2015-08-12,101.88553619384766
2015-08-13,101.71959686279297
2015-08-14,101.87632751464844
2015-08-17,102.72444152832031
2015-08-18,102.19896697998047
2015-08-19,101.52601623535156
2015-08-20,98.71429443359375
2015-08-21,94.39993286132812
2015-08-24,90.76773071289062
2015-08-25,90.42664337158203
2015-08-26,94.98069763183594
2015-08-27,97.38679504394531
2015-08-28,97.36833953857422
2015-08-31,96.1606674194336
2015-09-01,93.1554183959961
2015-09-02,95.78275299072266
2015-09-03,95.31258392333984
2015-09-04,94.17865753173828
2015-09-08,96.83366394042969
2015-09-09,95.74583435058594
2015-09-10,96.78758239746094
2015-09-11,97.3222427368164
2015-09-14,97.0272445678711
2015-09-15,98.17041015625
2015-09-16,98.72352600097656
2015-09-17,98.76038360595703
2015-09-18,97.35572814941406
2015-09-21,97.66069793701172
2015-09-22,96.20055389404297
2015-09-23,96.27452087402344
2015-09-24,95.92337799072266
2015-09-25,95.11011505126953
2015-09-28,92.40245819091797
2015-09-29,91.92190551757812
2015-09-30,94.03816223144531
2015-10-01,94.46324920654297
2015-10-02,96.11742401123047
2015-10-05,97.49435424804688
2015-10-06,97.03229522705078
2015-10-07,97.6144790649414
2015-10-08,98.00260925292969
2015-10-09,98.44617462158203
2015-10-12,98.68645477294922
2015-10-13,98.04878234863281
2015-10-14,97.89170837402344
2015-10-15,99.49967193603516
2015-10-16,99.9155502319336
2015-10-19,100.48851013183594
2015-10-20,99.97102355957031
2015-10-21,99.36107635498047
2015-10-22,101.38488006591797
2015-10-23,104.221923828125
2015-10-26,104.28662109375
2015-10-27,104.49916076660156
2015-10-28,105.36782836914062
2015-10-29,105.20146179199219
2015-10-30,104.73019409179688
2015-11-02,105.91305541992188
2015-11-03,106.28270721435547
2015-11-04,106.29196166992188
2015-11-05,106.00546264648438
2015-11-06,106.07939910888672
2015-11-09,104.95195770263672
2015-11-10,104.68396759033203
2015-11-11,104.55461120605469
2015-11-12,103.53807830810547
2015-11-13,101.50502014160156
2015-11-16,102.96511840820312
2015-11-17,103.02980041503906
2015-11-18,105.00743103027344
2015-11-19,105.08136749267578
2015-11-20,105.79290771484375
2015-11-23,105.48794555664062
2015-11-24,105.39556884765625
2015-11-25,105.48794555664062
2015-11-27,105.63582611083984
2015-11-30,105.36782836914062
2015-12-01,106.42131805419922
2015-12-02,105.76519012451172
2015-12-03,103.97240447998047
2015-12-04,106.40283966064453
2015-12-07,105.92228698730469
2015-12-08,105.93154907226562
2015-12-09,104.32357788085938
2015-12-10,104.79489135742188
2015-12-11,102.3829116821289
2015-12-14,103.1592025756836
2015-12-15,103.7875747680664
2015-12-16,105.33087158203125
2015-12-17,103.79683685302734
2015-12-18,101.80575561523438
2015-12-21,102.93663024902344
2015-12-22,103.61328125
2015-12-23,104.3826675415039
2015-12-24,104.36408996582031
2015-12-28,104.30854034423828
2015-12-29,105.94918060302734
2015-12-30,104.99443054199219
2015-12-31,103.68742370605469
2016-01-04,101.4998550415039
2016-01-05,101.3237533569336
2016-01-06,100.35045623779297
2016-01-07,97.20814514160156
2016-01-08,96.4109878540039
2016-01-11,96.70758819580078
2016-01-12,97.82918548583984
2016-01-13,94.45513153076172
2016-01-14,96.46658325195312
2016-01-15,93.47258758544922
2016-01-19,93.67649841308594
2016-01-20,93.38916015625
2016-01-21,93.48182678222656
2016-01-22,96.18851470947266
2016-01-25,94.76102447509766
2016-01-26,95.61380767822266
2016-01-27,93.23155212402344
2016-01-28,94.5478515625
2016-01-29,96.522216796875
2016-02-01,96.78175354003906
2016-02-02,94.6868896484375
2016-02-03,94.23267364501953
2016-02-04,94.2234115600586
2016-02-05,90.9512939453125
2016-02-08,89.56088256835938
2016-02-09,89.28279876708984
2016-02-10,89.62577819824219
2016-02-11,89.49600219726562
2016-02-12,90.85859680175781
2016-02-16,92.90714263916016
2016-02-17,95.01129150390625
2016-02-18,93.92677307128906
2016-02-19,94.20482635498047
2016-02-22,95.73429870605469
2016-02-23,94.15850067138672
2016-02-24,95.0576400756836
2016-02-25,95.99383544921875
2016-02-26,95.87332153320312
2016-02-29,95.01129150390625
2016-03-01,98.0609359741211
2016-03-02,98.0979995727539
2016-03-03,97.91259765625
2016-03-04,97.94969940185547
2016-03-07,97.3471908569336
2016-03-08,96.54074096679688
2016-03-09,97.16178894042969
2016-03-10,97.01348876953125
2016-03-11,98.70977783203125
2016-03-14,98.87664031982422
2016-03-15,98.83955383300781
2016-03-16,99.72015380859375
2016-03-17,99.6645278930664
2016-03-18,99.82071685791016
2016-03-21,100.21117401123047
2016-03-22,100.51797485351562
2016-03-23,99.6905517578125
2016-03-24,99.71846008300781
2016-03-28,99.5790023803711
2016-03-29,101.17808532714844
2016-03-30,101.67082977294922
2016-03-31,101.52204132080078
2016-04-01,102.6004867553711
2016-04-04,102.21001434326172
2016-04-05,101.22456359863281
2016-04-06,102.88871002197266
2016-04-07,101.41048431396484
2016-04-08,101.33612823486328
2016-04-11,100.96422576904297
2016-04-12,101.81022644042969
2016-04-13,103.11181640625
2016-04-14,103.12110900878906
2016-04-15,102.86077880859375
2016-04-18,103.40929412841797
2016-04-19,102.7771224975586
2016-04-20,102.86077880859375
2016-04-21,102.87010192871094
2016-04-22,101.31752014160156
2016-04-25,101.31752014160156
2016-04-26,100.82479095458984
2016-04-27,100.0159683227539
2016-04-28,98.80734252929688
2016-04-29,98.28672790527344
2016-05-02,99.21643829345703
2016-05-03,98.29603576660156
2016-05-04,97.66383361816406
2016-05-05,97.63595581054688
2016-05-06,98.1565933227539
2016-05-09,98.43547058105469
2016-05-10,99.78353881835938
2016-05-11,98.88172912597656
2016-05-12,98.44475555419922
2016-05-13,98.08219909667969
2016-05-16,99.30938720703125
2016-05-17,98.0635986328125
2016-05-18,98.41685485839844
2016-05-19,97.90554809570312
2016-05-20,98.98400115966797
2016-05-23,98.85385131835938
2016-05-24,100.83407592773438
2016-05-25,101.5592269897461
2016-05-26,101.85672760009766
2016-05-27,102.38665771484375
2016-05-31,102.5819091796875
2016-06-01,102.5911865234375
2016-06-02,102.80500793457031
2016-06-03,102.32156372070312
2016-06-06,102.69345092773438
2016-06-07,102.43315887451172
2016-06-08,102.60979461669922
2016-06-09,102.44239807128906
2016-06-10,101.28032684326172
2016-06-13,100.43431091308594
2016-06-14,100.43431091308594
2016-06-15,100.14611053466797
2016-06-16,100.44358825683594
2016-06-17,99.26628112792969
2016-06-20,99.89083862304688
2016-06-21,100.20777130126953
2016-06-22,99.96540069580078
2016-06-23,101.39159393310547
2016-06-24,97.21553802490234
2016-06-27,95.2859115600586
2016-06-28,97.37398529052734
2016-06-29,99.09847259521484
2016-06-30,100.24504852294922
2016-07-01,100.7484359741211
2016-07-05,100.13319396972656
2016-07-06,100.95350646972656
2016-07-07,101.25177001953125
2016-07-08,102.81782531738281
2016-07-11,103.40509033203125
2016-07-12,103.92710876464844
2016-07-13,103.67540740966797
2016-07-14,104.3838882446289
2016-07-15,104.21607208251953
2016-07-18,104.9058609008789
2016-07-19,104.52369689941406
2016-07-20,105.74481201171875
2016-07-21,105.50248718261719
2016-07-22,105.94055938720703
2016-07-25,105.94992065429688
2016-07-26,106.0710678100586
2016-07-27,106.80748748779297
2016-07-28,107.18037414550781
2016-07-29,107.41339111328125
2016-08-01,107.98201751708984
2016-08-02,107.16169738769531
2016-08-03,107.51596069335938
2016-08-04,107.82356262207031
2016-08-05,108.8582763671875
2016-08-08,108.73706817626953
2016-08-09,108.98875427246094
2016-08-10,108.7091293334961
2016-08-11,109.17518615722656
2016-08-12,109.2497787475586
2016-08-15,109.71585083007812
2016-08-16,109.10995483398438
2016-08-17,109.30571746826172
2016-08-18,109.33367919921875
2016-08-19,109.30571746826172
2016-08-22,109.38957214355469
2016-08-23,109.58533477783203
2016-08-24,108.87691497802734
2016-08-25,108.69979858398438
2016-08-26,108.8582763671875
2016-08-29,109.00740814208984
2016-08-30,108.65318298339844
2016-08-31,108.54129791259766
2016-09-01,108.82098388671875
2016-09-02,109.17518615722656
2016-09-06,109.85567474365234
2016-09-07,109.92093658447266
2016-09-08,109.27772521972656
2016-09-09,106.52784729003906
2016-09-12,108.43880462646484
2016-09-13,107.4693603515625
2016-09-14,107.98201751708984
2016-09-15,109.65994262695312
2016-09-16,109.60757446289062
2016-09-19,109.1310043334961
2016-09-20,109.33659362792969
2016-09-21,110.41123962402344
2016-09-22,111.28968811035156
2016-09-23,110.57948303222656
2016-09-26,109.65432739257812
2016-09-27,110.73834228515625
2016-09-28,110.92523956298828
2016-09-29,110.1215591430664
2016-09-30,110.94393157958984
2016-10-03,110.78506469726562
2016-10-04,110.61685943603516
2016-10-05,111.00934600830078
2016-10-06,110.95327758789062
2016-10-07,110.71031188964844
2016-10-10,111.41116333007812
2016-10-11,109.82254028320312
2016-10-12,109.72908020019531
2016-10-13,109.33659362792969
2016-10-14,109.46739959716797
2016-10-17,109.16837310791016
2016-10-18,110.14024353027344
2016-10-19,110.13092803955078
2016-10-20,110.00011444091797
2016-10-21,110.41123962402344
2016-10-24,111.73825073242188
2016-10-25,111.38314056396484
2016-10-26,110.62618255615234
2016-10-27,110.1215591430664
2016-10-28,109.43002319335938
2016-10-31,109.32726287841797
2016-11-01,108.50487518310547
2016-11-02,107.63581085205078
2016-11-03,106.5798110961914
2016-11-04,106.20597076416016
2016-11-07,108.72917175292969
2016-11-08,109.43939971923828
2016-11-09,109.94398498535156
2016-11-10,108.1684799194336
2016-11-11,108.21519470214844
2016-11-14,107.1218032836914
2016-11-15,108.60768127441406
2016-11-16,109.25247955322266
2016-11-17,110.04681396484375
2016-11-18,109.6356201171875
2016-11-21,110.77572631835938
2016-11-22,111.11214447021484
2016-11-23,110.66358184814453
2016-11-25,111.01870727539062
2016-11-28,110.76636505126953
2016-11-29,111.14952087402344
2016-11-30,109.80384063720703
2016-12-01,107.90681457519531
2016-12-02,108.12173461914062
2016-12-05,108.96278381347656
2016-12-06,109.22444152832031
2016-12-07,110.60750579833984
2016-12-08,110.80377197265625
2016-12-09,111.67282104492188
2016-12-12,111.16820526123047
2016-12-13,112.56995391845703
2016-12-14,112.33634948730469
2016-12-15,112.51388549804688
2016-12-16,112.09678649902344
2016-12-19,112.55608367919922
2016-12-20,112.98719787597656
2016-12-21,112.90286254882812
2016-12-22,112.58419799804688
2016-12-23,112.65917205810547
2016-12-27,113.24026489257812
2016-12-28,112.35926055908203
2016-12-29,112.19988250732422
2016-12-30,111.04706573486328
2017-01-03,112.04059600830078
2017-01-04,112.64981079101562
2017-01-05,113.2871322631836
2017-01-06,114.28065490722656
2017-01-09,114.6555404663086
2017-01-10,114.9085922241211
2017-01-11,115.2178955078125
2017-01-12,115.03984069824219
2017-01-13,115.43345642089844
2017-01-17,115.08671569824219
2017-01-18,115.32099914550781
2017-01-19,115.26476287841797
2017-01-20,115.517822265625
2017-01-23,115.61155700683594
2017-01-24,116.38947296142578
2017-01-25,117.56108093261719
2017-01-26,117.68290710449219
2017-01-27,117.90786743164062
2017-01-30,116.98933410644531
2017-01-31,116.7550048828125
2017-02-01,117.56108093261719
2017-02-02,117.45795440673828
2017-02-03,117.7953872680664
2017-02-06,117.93595886230469
2017-02-07,118.36711120605469
2017-02-08,118.5639419555664
2017-02-09,118.99506378173828
2017-02-10,119.38871765136719
2017-02-13,120.06354522705078
2017-02-14,120.46658325195312
2017-02-15,121.17887878417969
2017-02-16,121.14140319824219
2017-02-17,121.66626739501953
2017-02-21,122.26611328125
2017-02-22,122.31303405761719
2017-02-23,121.85372924804688
2017-02-24,122.0880355834961
2017-02-27,122.23799133300781
2017-02-28,121.86309814453125
2017-03-01,123.19400024414062
2017-03-02,122.57543182373047
2017-03-03,122.80037689208984
2017-03-06,122.52852630615234
2017-03-07,122.3223648071289
2017-03-08,122.53793334960938
2017-03-09,122.63168334960938
2017-03-10,123.14712524414062
2017-03-13,123.3533706665039
2017-03-14,123.05340576171875
2017-03-15,123.8126220703125
2017-03-16,123.728271484375
2017-03-17,123.68507385253906
2017-03-20,123.7977294921875
2017-03-21,121.91934204101562
2017-03-22,122.74584197998047
2017-03-23,122.43590545654297
2017-03-24,122.68948364257812
2017-03-27,122.8867416381836
2017-03-28,123.6381607055664
2017-03-29,124.21098327636719
2017-03-30,124.41763305664062
2017-03-31,124.3331069946289
2017-04-03,124.2579345703125
2017-04-04,124.4552001953125
2017-04-05,123.94802856445312
2017-04-06,124.01380920410156
2017-04-07,123.94802856445312
2017-04-10,123.99493408203125
2017-04-11,123.45964050292969
2017-04-12,122.96183013916016
2017-04-13,122.47347259521484
2017-04-17,123.48784637451172
2017-04-18,123.29996490478516
2017-04-19,123.49720001220703
2017-04-20,124.53034973144531
2017-04-21,124.50215911865234
2017-04-24,126.00489807128906
2017-04-25,126.91598510742188
2017-04-26,126.73748779296875
2017-04-27,127.49825286865234
2017-04-28,127.72372436523438
2017-05-01,128.86009216308594
2017-05-02,129.076171875
2017-05-03,128.662841796875
2017-05-04,128.70986938476562
2017-05-05,129.179443359375
2017-05-08,129.46119689941406
2017-05-09,129.912109375
2017-05-10,129.98721313476562
2017-05-11,129.88388061523438
2017-05-12,130.17498779296875
2017-05-15,130.58824157714844
2017-05-16,131.13299560546875
2017-05-17,127.7988052368164
2017-05-18,128.91644287109375
2017-05-19,129.46119689941406
2017-05-22,130.5507049560547
2017-05-23,130.6822052001953
2017-05-24,131.2832794189453
2017-05-25,132.40093994140625
2017-05-26,132.63572692871094
2017-05-30,132.74850463867188
2017-05-31,132.70152282714844
2017-06-01,133.21812438964844
2017-06-02,134.73956298828125
2017-06-05,134.71141052246094
2017-06-06,134.17611694335938
2017-06-07,134.7019500732422
2017-06-08,134.84291076660156
2017-06-09,131.4711151123047
2017-06-12,130.76673889160156
2017-06-13,131.82803344726562
2017-06-14,131.25514221191406
2017-06-15,130.67279052734375
2017-06-16,130.1058807373047
2017-06-19,132.28135681152344
2017-06-20,131.2454071044922
2017-06-21,132.5450439453125
2017-06-22,132.50733947753906
2017-06-23,133.0159454345703
2017-06-26,132.39434814453125
2017-06-27,129.99282836914062
2017-06-28,131.86692810058594
2017-06-29,129.57846069335938
2017-06-30,129.62550354003906
2017-07-03,128.25997924804688
2017-07-05,129.5219268798828
2017-07-06,128.35414123535156
2017-07-07,129.73855590820312
2017-07-10,130.58615112304688
2017-07-11,130.9534454345703
2017-07-12,132.50733947753906
2017-07-13,132.79934692382812
2017-07-14,133.8446807861328
2017-07-17,133.91064453125
2017-07-18,134.80526733398438
2017-07-19,135.59642028808594
2017-07-20,135.7753448486328
2017-07-21,135.71884155273438
2017-07-24,136.3404083251953
2017-07-25,135.99191284179688
2017-07-26,136.4345703125
2017-07-27,135.5775604248047
2017-07-28,135.4645233154297
2017-07-31,134.8900604248047
2017-08-01,135.20086669921875
2017-08-02,135.56814575195312
2017-08-03,135.04071044921875
2017-08-04,135.28564453125
2017-08-07,136.1426239013672
2017-08-08,135.90719604492188
2017-08-09,135.72825622558594
2017-08-10,132.81817626953125
2017-08-11,133.8258514404297
2017-08-14,135.54931640625
2017-08-15,135.6435089111328
2017-08-16,135.87892150878906
2017-08-17,133.10072326660156
2017-08-18,133.00648498535156
2017-08-21,132.8369903564453
2017-08-22,134.86178588867188
2017-08-23,134.38150024414062
2017-08-24,133.98602294921875
2017-08-25,133.70343017578125
2017-08-28,134.1178436279297
2017-08-29,134.64517211914062
2017-08-30,136.2273406982422
2017-08-31,137.6871337890625
2017-09-01,137.49874877929688
2017-09-05,136.26502990722656
2017-09-06,136.67941284179688
2017-09-07,136.99960327148438
2017-09-08,135.81301879882812
2017-09-11,137.37631225585938
2017-09-12,137.70587158203125
2017-09-13,137.89434814453125
2017-09-14,137.0843505859375
2017-09-15,137.55528259277344
2017-09-18,137.375
2017-09-19,137.61094665527344
2017-09-20,137.1862030029297
2017-09-21,136.34625244140625
2017-09-22,136.214111328125
2017-09-25,134.77952575683594
2017-09-26,135.128662109375
2017-09-27,136.34625244140625
2017-09-28,136.29896545410156
2017-09-29,137.2805633544922
2017-10-02,137.40338134765625
2017-10-03,137.69589233398438
2017-10-04,137.82801818847656
2017-10-05,139.17774963378906
2017-10-06,139.3665008544922
2017-10-09,139.2060546875
2017-10-10,139.30982971191406
2017-10-11,139.72515869140625
2017-10-12,139.47032165527344
2017-10-13,140.00828552246094
2017-10-16,140.48959350585938
2017-10-17,140.6689910888672
2017-10-18,140.49908447265625
2017-10-19,139.97999572753906
2017-10-20,140.3575439453125
2017-10-23,139.4419708251953
2017-10-24,139.677978515625
2017-10-25,139.14935302734375
2017-10-26,138.7057647705078
2017-10-27,142.74545288085938
2017-10-30,143.06631469726562
2017-10-31,143.60435485839844
2017-11-01,143.55709838867188
2017-11-02,143.28341674804688
2017-11-03,144.6614532470703
2017-11-06,145.15216064453125
2017-11-07,145.23707580566406
2017-11-08,145.82235717773438
2017-11-09,145.05783081054688
2017-11-10,145.0483856201172
2017-11-13,145.22767639160156
2017-11-14,144.69915771484375
2017-11-15,144.01956176757812
2017-11-16,145.86004638671875
2017-11-17,145.30320739746094
2017-11-20,145.18995666503906
2017-11-21,146.76617431640625
2017-11-22,146.94546508789062
2017-11-24,147.48342895507812
2017-11-27,147.41738891601562
2017-11-28,147.79489135742188
2017-11-29,145.21827697753906
2017-11-30,146.4358367919922
2017-12-01,145.8129119873047
2017-12-04,144.1328887939453
2017-12-05,144.22723388671875
2017-12-06,144.8784942626953
2017-12-07,145.36927795410156
2017-12-08,146.0111083984375
2017-12-11,147.1436767578125
2017-12-12,146.94546508789062
2017-12-13,147.2286376953125
2017-12-14,147.12484741210938
2017-12-15,148.79541015625
2017-12-18,150.04290771484375
2017-12-19,149.15383911132812
2017-12-20,148.99305725097656
2017-12-21,149.01199340820312
2017-12-22,148.8417205810547
2017-12-26,148.03781127929688
2017-12-27,148.0567169189453
2017-12-28,148.23641967773438
2017-12-29,147.31895446777344
2018-01-02,149.9010467529297
2018-01-03,151.35757446289062
2018-01-04,151.6223907470703
2018-01-05,153.14517211914062
2018-01-08,153.7410125732422
2018-01-09,153.75048828125
2018-01-10,153.39105224609375
2018-01-11,154.44091796875
2018-01-12,155.57594299316406
2018-01-16,155.13137817382812
2018-01-17,156.80548095703125
2018-01-18,156.83380126953125
2018-01-19,157.32562255859375
2018-01-22,159.0091552734375
2018-01-23,160.3238525390625
2018-01-24,159.2834930419922
2018-01-25,159.22674560546875
2018-01-26,161.6669464111328
2018-01-29,160.88186645507812
2018-01-30,159.55772399902344
2018-01-31,160.21981811523438
2018-02-01,158.8578338623047
2018-02-02,155.6893768310547
2018-02-05,149.55111694335938
2018-02-06,153.5139923095703
2018-02-07,151.52784729003906
2018-02-08,145.13417053222656
2018-02-09,147.6405792236328
2018-02-12,150.2604217529297
2018-02-13,151.03604125976562
2018-02-14,153.86395263671875
2018-02-15,156.7203369140625
2018-02-16,156.0204620361328
2018-02-20,156.33251953125
2018-02-21,155.88796997070312
2018-02-22,155.8690948486328
2018-02-23,159.0564727783203
2018-02-26,161.16558837890625
2018-02-27,159.169921875
2018-02-28,158.14846801757812
2018-03-01,155.56643676757812
2018-03-02,156.99456787109375
2018-03-05,158.73486328125
2018-03-06,159.4064178466797
2018-03-07,159.77528381347656
2018-03-08,160.6548614501953
2018-03-09,163.7760467529297
2018-03-12,164.64620971679688
2018-03-13,162.4046173095703
2018-03-14,162.376220703125
2018-03-15,162.23439025878906
2018-03-16,161.75204467773438
2018-03-19,158.3008270263672
2018-03-20,158.82186889648438
2018-03-21,158.1303253173828
2018-03-22,154.2273406982422
2018-03-23,150.16314697265625
2018-03-26,155.74302673339844
2018-03-27,150.70315551757812
2018-03-28,148.9695587158203
2018-03-29,151.69786071777344
2018-04-02,147.32115173339844
2018-04-03,148.97903442382812
2018-04-04,151.32839965820312
2018-04-05,152.1904296875
2018-04-06,148.38217163085938
2018-04-09,149.42428588867188
2018-04-10,152.7209930419922
2018-04-11,151.8399658203125
2018-04-12,153.6682891845703
2018-04-13,152.87254333496094
2018-04-16,154.03781127929688
2018-04-17,157.353515625
2018-04-18,157.67559814453125
2018-04-19,156.2261962890625
2018-04-20,153.7536163330078
2018-04-23,153.36521911621094
2018-04-24,150.1157989501953
2018-04-25,150.29576110839844
2018-04-26,153.4599151611328
2018-04-27,153.5546875
2018-04-30,152.46524047851562
2018-05-01,154.20831298828125
2018-05-02,153.29891967773438
2018-05-03,153.27989196777344
2018-05-04,156.188232421875
2018-05-07,157.48614501953125
2018-05-08,157.32510375976562
2018-05-09,159.03981018066406
2018-05-10,160.68820190429688
2018-05-11,160.5365753173828
2018-05-14,160.81129455566406
2018-05-15,159.03030395507812
2018-05-16,160.0818634033203
2018-05-17,159.46609497070312
2018-05-18,158.64190673828125
2018-05-21,159.5323944091797
2018-05-22,159.323974609375
2018-05-23,160.66917419433594
2018-05-24,160.621826171875
2018-05-25,160.78289794921875
2018-05-29,160.0723876953125
2018-05-30,161.21865844726562
2018-05-31,161.11448669433594
2018-06-01,163.6438751220703
2018-06-04,165.1217498779297
2018-06-05,165.6332550048828
2018-06-06,166.59957885742188
2018-06-07,165.2448272705078
2018-06-08,165.25433349609375
2018-06-11,165.6995849609375
2018-06-12,166.57115173339844
2018-06-13,166.5616912841797
2018-06-14,168.24789428710938
2018-06-15,167.66058349609375
2018-06-18,167.56373596191406
2018-06-19,167.0890350341797
2018-06-20,168.2758026123047
2018-06-21,166.8137969970703
2018-06-22,166.44349670410156
2018-06-25,162.6934356689453
2018-06-26,163.35800170898438
2018-06-27,161.13656616210938
2018-06-28,162.5226593017578
2018-06-29,162.9592742919922
2018-07-02,164.05108642578125
2018-07-03,162.15232849121094
2018-07-05,164.16497802734375
2018-07-06,166.71881103515625
2018-07-09,168.21881103515625
2018-07-10,168.3422393798828
2018-07-11,167.48782348632812
2018-07-12,170.37391662597656
2018-07-13,170.5162811279297
2018-07-16,170.1079864501953
2018-07-17,171.14285278320312
2018-07-18,170.82003784179688
2018-07-19,169.9656982421875
2018-07-20,169.9276580810547
2018-07-23,170.4688262939453
2018-07-24,171.17137145996094
2018-07-25,173.56375122070312
2018-07-26,170.93405151367188
2018-07-27,168.62704467773438
2018-07-30,166.244140625
2018-07-31,167.5162811279297
2018-08-01,168.15234375
2018-08-02,170.44032287597656
2018-08-03,170.9624786376953
2018-08-06,171.9688262939453
2018-08-07,172.59539794921875
2018-08-08,172.8042755126953
2018-08-09,172.6998291015625
2018-08-10,171.38023376464844
2018-08-13,171.1903533935547
2018-08-14,172.26309204101562
2018-08-15,170.15554809570312
2018-08-16,170.7156524658203
2018-08-17,170.7536163330078
2018-08-20,170.6017303466797
2018-08-21,171.22830200195312
2018-08-22,171.8928680419922
2018-08-23,171.6460418701172
2018-08-24,173.240966796875
2018-08-27,175.0067901611328
2018-08-28,175.2631378173828
2018-08-29,177.2852783203125
2018-08-30,176.97206115722656
2018-08-31,177.1998748779297
2018-09-04,176.4403533935547
2018-09-05,174.16183471679688
2018-09-06,172.6048583984375
2018-09-07,171.9403533935547
2018-09-10,172.5194854736328
2018-09-11,173.84854125976562
2018-09-12,173.3359375
2018-09-13,175.1871795654297
2018-09-14,174.67457580566406
2018-09-17,172.15869140625
2018-09-18,173.58273315429688
2018-09-19,173.44985961914062
2018-09-20,175.3675994873047
2018-09-21,174.40872192382812
2018-09-24,174.89378356933594
2018-09-25,175.13153076171875
2018-09-26,175.2551727294922
2018-09-27,176.73883056640625
2018-09-28,176.70077514648438
2018-10-01,177.0621795654297
2018-10-02,176.66275024414062
2018-10-03,176.85296630859375
2018-10-04,173.45761108398438
2018-10-05,171.33668518066406
2018-10-08,170.29054260253906
2018-10-09,170.8421630859375
2018-10-10,163.3286590576172
2018-10-11,161.30282592773438
2018-10-12,165.79193115234375
2018-10-15,163.78517150878906
2018-10-16,168.55007934570312
2018-10-17,168.61660766601562
2018-10-18,164.70770263671875
2018-10-19,164.5554962158203
2018-10-22,165.40196228027344
2018-10-23,164.7932891845703
2018-10-24,157.25125122070312
2018-10-25,162.69142150878906
2018-10-26,158.5066375732422
2018-10-29,155.2444610595703
2018-10-30,157.80282592773438
2018-10-31,161.51210021972656
2018-11-01,163.64251708984375
2018-11-02,161.09364318847656
2018-11-05,160.6941375732422
2018-11-06,161.91159057617188
2018-11-07,166.99029541015625
2018-11-08,165.9251708984375
2018-11-09,163.12892150878906
2018-11-12,158.19284057617188
2018-11-13,158.3259735107422
2018-11-14,157.1180877685547
2018-11-15,159.8667449951172
2018-11-16,159.30555725097656
2018-11-19,154.13172912597656
2018-11-20,151.37362670898438
2018-11-21,152.52439880371094
2018-11-23,151.42111206054688
2018-11-26,154.921142578125
2018-11-27,155.44422912597656
2018-11-28,160.44686889648438
2018-11-29,159.92376708984375
2018-11-30,161.08407592773438
2018-12-03,163.8992919921875
2018-12-04,157.6126251220703
2018-12-06,158.7254180908203
2018-12-07,153.4849853515625
2018-12-10,155.0923309326172
2018-12-11,155.60589599609375
2018-12-12,156.9754180908203
2018-12-13,157.0229949951172
2018-12-14,153.19964599609375
2018-12-17,149.7282257080078
2018-12-18,150.6697540283203
2018-12-19,146.97006225585938
2018-12-20,144.83969116210938
2018-12-21,140.35060119628906
2018-12-24,136.8701629638672
2018-12-26,145.4161834716797
2018-12-27,145.9789276123047
2018-12-28,145.90264892578125
2018-12-31,147.133056640625
2019-01-02,147.7244110107422
2019-01-03,142.898193359375
2019-01-04,149.01199340820312
2019-01-07,150.78614807128906
2019-01-08,152.1500701904297
2019-01-09,153.38999938964844
2019-01-10,153.82872009277344
2019-01-11,153.26600646972656
2019-01-14,151.91163635253906
2019-01-15,154.87789916992188
2019-01-16,154.8492889404297
2019-01-17,156.07015991210938
2019-01-18,157.61529541015625
2019-01-22,154.45822143554688
2019-01-23,154.65853881835938
2019-01-24,155.6599884033203
2019-01-25,157.51992797851562
2019-01-28,155.57420349121094
2019-01-29,154.1053924560547
2019-01-30,158.0254364013672
2019-01-31,160.39085388183594
2019-02-01,159.713623046875
2019-02-04,161.69754028320312
2019-02-05,163.1282501220703
2019-02-06,162.641845703125
2019-02-07,160.4575653076172
2019-02-08,160.77244567871094
2019-02-11,160.61976623535156
2019-02-12,162.9947509765625
2019-02-13,163.10916137695312
2019-02-14,163.3094940185547
2019-02-15,163.99623107910156
2019-02-19,164.3205108642578
2019-02-20,164.2919158935547
2019-02-21,163.69100952148438
2019-02-22,164.90232849121094
2019-02-25,165.50323486328125
2019-02-26,165.67491149902344
2019-02-27,165.57000732421875
2019-02-28,165.1884765625
2019-03-01,166.33302307128906
2019-03-04,166.3616485595703
2019-03-05,166.48568725585938
2019-03-06,165.5413818359375
2019-03-07,163.50979614257812
2019-03-08,163.26174926757812
2019-03-11,166.65733337402344
2019-03-12,167.57293701171875
2019-03-13,168.8319549560547
2019-03-14,168.54586791992188
2019-03-15,170.11009216308594
2019-03-18,170.5152130126953
2019-03-19,171.0885009765625
2019-03-20,171.76699829101562
2019-03-21,174.45201110839844
2019-03-22,170.62034606933594
2019-03-25,170.2954559326172
2019-03-26,171.0885009765625
2019-03-27,169.98963928222656
2019-03-28,170.38143920898438
2019-03-29,171.67141723632812
2019-04-01,173.9456024169922
2019-04-02,174.60488891601562
2019-04-03,175.60824584960938
2019-04-04,175.54136657714844
2019-04-05,176.4490966796875
2019-04-08,176.898193359375
2019-04-09,176.27711486816406
2019-04-10,177.2230987548828
2019-04-11,176.80264282226562
2019-04-12,177.56707763671875
2019-04-15,177.595703125
2019-04-16,178.207275390625
2019-04-17,178.82835388183594
2019-04-18,179.0576934814453
2019-04-22,179.5641326904297
2019-04-23,181.8478240966797
2019-04-24,181.27452087402344
2019-04-25,182.0102996826172
2019-04-26,182.17269897460938
2019-04-29,182.52627563476562
2019-04-30,181.1121063232422
2019-05-01,180.52915954589844
2019-05-02,179.7456817626953
2019-05-03,182.6123046875
2019-05-06,181.49432373046875
2019-05-07,177.95883178710938
2019-05-08,177.50975036621094
2019-05-09,176.55419921875
2019-05-10,176.77398681640625
2019-05-13,170.63941955566406
2019-05-14,172.51226806640625
2019-05-15,174.94888305664062
2019-05-16,176.7070770263672
2019-05-17,174.901123046875
2019-05-20,171.9485321044922
2019-05-21,173.7449493408203
2019-05-22,172.97091674804688
2019-05-23,170.32412719726562
2019-05-24,170.23809814453125
2019-05-28,169.59788513183594
2019-05-29,168.2028350830078
2019-05-30,168.90989685058594
2019-05-31,166.21533203125
2019-06-03,162.5556182861328
2019-06-04,167.13265991210938
2019-06-05,168.37478637695312
2019-06-06,169.71253967285156
2019-06-07,172.99002075195312
2019-06-10,175.00624084472656
2019-06-11,175.24508666992188
2019-06-12,174.23223876953125
2019-06-13,175.2642059326172
2019-06-14,174.51890563964844
2019-06-17,175.5700225830078
2019-06-18,178.12127685546875
2019-06-19,178.79014587402344
2019-06-20,180.45281982421875
2019-06-21,180.18527221679688
2019-06-24,180.19102478027344
2019-06-25,177.09779357910156
2019-06-26,177.92137145996094
2019-06-27,178.60128784179688
2019-06-28,178.8311309814453
2019-07-01,181.24435424804688
2019-07-02,181.962646484375
2019-07-03,183.33209228515625
2019-07-05,182.95855712890625
2019-07-08,181.67530822753906
2019-07-09,182.58505249023438
2019-07-10,184.40460205078125
2019-07-11,184.27053833007812
2019-07-12,185.33352661132812
2019-07-15,185.92730712890625
2019-07-16,184.96961975097656
2019-07-17,184.05984497070312
2019-07-18,184.27053833007812
2019-07-19,182.9202880859375
2019-07-22,184.37586975097656
2019-07-23,185.58251953125
2019-07-24,186.8849334716797
2019-07-25,185.11328125
2019-07-26,187.01895141601562
2019-07-29,186.37741088867188
2019-07-30,185.57290649414062
2019-07-31,183.0064697265625
2019-08-01,182.09671020507812
2019-08-02,179.41531372070312
2019-08-05,173.07566833496094
2019-08-06,175.49851989746094
2019-08-07,176.44659423828125
2019-08-08,180.28677368164062
2019-08-09,178.59170532226562
2019-08-12,176.54232788085938
2019-08-13,180.4112091064453
2019-08-14,175.01968383789062
2019-08-15,174.81858825683594
2019-08-16,177.62448120117188
2019-08-19,180.4495391845703
2019-08-20,179.05137634277344
2019-08-21,180.64111328125
2019-08-22,180.0569305419922
2019-08-23,174.35890197753906
2019-08-26,176.99246215820312
2019-08-27,176.61898803710938
2019-08-28,177.25103759765625
2019-08-29,179.96112060546875
2019-08-30,179.53021240234375
2019-09-03,177.7872772216797
2019-09-04,180.35382080078125
2019-09-05,183.65768432617188
2019-09-06,183.47569274902344
2019-09-09,183.09266662597656
2019-09-10,182.56597900390625
2019-09-11,184.2801513671875
2019-09-12,185.0462188720703
2019-09-13,184.38546752929688
2019-09-16,183.56185913085938
2019-09-17,184.44293212890625
2019-09-18,184.3663330078125
2019-09-19,184.67274475097656
2019-09-20,182.7191619873047
2019-09-23,182.79978942871094
2019-09-24,180.37197875976562
2019-09-25,182.3967742919922
2019-09-26,181.72503662109375
2019-09-27,179.47003173828125
2019-09-30,181.17808532714844
2019-10-01,179.70033264160156
2019-10-02,176.6104736328125
2019-10-03,178.54884338378906
2019-10-04,181.17808532714844
2019-10-07,180.631103515625
2019-10-08,177.92507934570312
2019-10-09,179.6619415283203
2019-10-10,181.05337524414062
2019-10-11,183.38510131835938
2019-10-14,183.3659210205078
2019-10-15,185.6976776123047
2019-10-16,185.2371063232422
2019-10-17,185.72650146484375
2019-10-18,183.94166564941406
2019-10-21,185.57290649414062
2019-10-22,184.09521484375
2019-10-23,184.45022583007812
2019-10-24,186.2446746826172
2019-10-25,187.7320098876953
2019-10-28,189.58401489257812
2019-10-29,188.1157989501953
2019-10-30,189.0274658203125
2019-10-31,189.1138153076172
2019-11-01,190.8313751220703
2019-11-04,192.01170349121094
2019-11-05,192.11732482910156
2019-11-06,191.6855010986328
2019-11-07,192.328369140625
2019-11-08,193.09603881835938
2019-11-11,192.8369598388672
2019-11-12,193.39352416992188
2019-11-13,193.4414825439453
2019-11-14,193.28794860839844
2019-11-15,194.70814514160156
2019-11-18,194.86166381835938
2019-11-19,195.14956665039062
2019-11-20,193.9788818359375
2019-11-21,193.5470428466797
2019-11-22,193.6717987060547
2019-11-25,195.9651641845703
2019-11-26,196.33941650390625
2019-11-27,197.7116241455078
2019-11-29,196.8096160888672
2019-12-02,194.7945098876953
2019-12-03,193.26878356933594
2019-12-04,194.24752807617188
2019-12-05,194.63137817382812
2019-12-06,196.71365356445312
2019-12-09,195.82122802734375
2019-12-10,195.65809631347656
2019-12-11,196.6944580078125
2019-12-12,198.16265869140625
2019-12-13,198.81512451171875
2019-12-16,200.81106567382812
2019-12-17,200.9262237548828
2019-12-18,201.07974243164062
2019-12-19,202.33676147460938
2019-12-20,203.15243530273438
2019-12-23,203.68907165527344
2019-12-24,203.79481506347656
2019-12-26,205.59312438964844
2019-12-27,205.42005920410156
2019-12-30,204.07371520996094
2019-12-31,204.45838928222656
2020-01-02,207.87220764160156
2020-01-03,205.9681396484375
2020-01-06,207.2952423095703
2020-01-07,207.26638793945312
2020-01-08,208.8242950439453
2020-01-09,210.59376525878906
2020-01-10,210.0552215576172
2020-01-13,212.47862243652344
2020-01-14,211.6419677734375
2020-01-15,211.72850036621094
2020-01-16,213.7576141357422
2020-01-17,214.81544494628906
2020-01-21,214.71922302246094
2020-01-22,215.28663635253906
2020-01-23,215.9790802001953
2020-01-24,214.16151428222656
2020-01-27,209.7379150390625
2020-01-28,212.9593963623047
2020-01-29,213.30560302734375
2020-01-30,214.06533813476562
2020-01-31,210.6707000732422
2020-02-03,213.85377502441406
2020-02-04,218.7486114501953
2020-02-05,219.4698944091797
2020-02-06,221.36436462402344
2020-02-07,220.4123077392578
2020-02-10,223.07606506347656
2020-02-11,223.11448669433594
2020-02-12,225.28785705566406
2020-02-13,224.99942016601562
2020-02-14,225.64373779296875
2020-02-18,225.73025512695312
2020-02-19,227.8939666748047
2020-02-20,225.7783966064453
2020-02-21,221.44126892089844
2020-02-24,212.90171813964844
2020-02-25,207.11257934570312
2020-02-26,208.179931640625
2020-02-27,197.75558471679688
2020-02-28,197.9094696044922
2020-03-02,208.12228393554688
2020-03-03,201.44837951660156
2020-03-04,209.85330200195312
2020-03-05,203.47750854492188
2020-03-06,200.04437255859375
2020-03-09,186.14837646484375
2020-03-10,196.28428649902344
2020-03-11,187.73513793945312
2020-03-12,170.52139282226562
2020-03-13,184.96554565429688
2020-03-16,162.80889892578125
2020-03-17,175.15660095214844
2020-03-18,169.8290252685547
2020-03-19,170.848388671875
2020-03-20,164.15518188476562
2020-03-23,164.27374267578125
2020-03-24,176.9947052001953
2020-03-25,175.68406677246094
2020-03-26,184.93568420410156
2020-03-27,178.57518005371094
2020-03-30,185.07057189941406
2020-03-31,183.49008178710938
2020-04-01,175.6937255859375
2020-04-02,179.25941467285156
2020-04-03,176.71522521972656
2020-04-06,189.34947204589844
2020-04-07,189.27239990234375
2020-04-08,193.291015625
2020-04-09,193.5704803466797
2020-04-13,195.66172790527344
2020-04-14,204.1713104248047
2020-04-15,201.8294677734375
2020-04-16,205.51084899902344
2020-04-17,207.476806640625
2020-04-20,205.01934814453125
2020-04-21,197.45423889160156
2020-04-22,203.31361389160156
2020-04-23,202.87991333007812
2020-04-24,206.07945251464844
2020-04-27,207.73699951171875
2020-04-28,203.82437133789062
2020-04-29,211.05218505859375
2020-04-30,210.96543884277344
2020-05-01,205.01934814453125
2020-05-04,207.40936279296875
2020-05-05,209.76084899902344
2020-05-06,211.05218505859375
2020-05-07,213.7698516845703
2020-05-08,216.6995086669922
2020-05-11,218.6365509033203
2020-05-12,214.0589141845703
2020-05-13,211.37982177734375
2020-05-14,213.7794952392578
2020-05-15,215.167236328125
2020-05-18,219.17623901367188
2020-05-19,218.62689208984375
2020-05-20,222.99252319335938
2020-05-21,220.56398010253906
2020-05-22,221.32533264160156
2020-05-26,220.7278289794922
2020-05-27,221.9324951171875
2020-05-28,221.643310546875
2020-05-29,224.89105224609375
2020-06-01,225.56561279296875
2020-06-02,227.07864379882812
2020-06-03,228.10020446777344
2020-06-04,226.5004119873047
2020-06-05,230.9912872314453
2020-06-08,232.78379821777344
2020-06-09,234.47027587890625
2020-06-10,237.2843780517578
2020-06-11,225.527099609375
2020-06-12,227.319580078125
2020-06-15,230.08541870117188
2020-06-16,234.0366668701172
2020-06-17,234.7786865234375
2020-06-18,235.41473388671875
2020-06-19,235.37619018554688
2020-06-22,238.19898986816406
2020-06-23,240.2262420654297
2020-06-24,235.27386474609375
2020-06-25,237.5135040283203
2020-06-26,231.90464782714844
2020-06-29,234.43399047851562
2020-06-30,239.0291748046875
2020-07-01,241.81915283203125
2020-07-02,243.46031188964844
2020-07-06,249.44570922851562
2020-07-07,247.727294921875
2020-07-08,250.99032592773438
2020-07-09,253.1044921875
2020-07-10,254.83251953125
2020-07-13,249.59056091308594
2020-07-14,251.3571319580078
2020-07-15,251.8688201904297
2020-07-16,250.15040588378906
2020-07-17,250.44000244140625
2020-07-20,257.5452880859375
2020-07-21,254.86146545410156
2020-07-22,255.75929260253906
2020-07-23,249.07882690429688
2020-07-24,246.7136688232422
2020-07-27,251.11581420898438
2020-07-28,247.92037963867188
2020-07-29,250.7779083251953
2020-07-30,252.09092712402344
2020-07-31,256.5896301269531
2020-08-03,260.0553283691406
2020-08-04,261.0207214355469
2020-08-05,261.6674499511719
2020-08-06,265.1332092285156
2020-08-07,262.0729064941406
2020-08-10,260.9530944824219
2020-08-11,256.01031494140625
2020-08-12,262.4494323730469
2020-08-13,263.0480041503906
2020-08-14,262.7390441894531
2020-08-17,265.7896728515625
2020-08-18,268.34796142578125
2020-08-19,266.54266357421875
2020-08-20,270.24005126953125
2020-08-21,272.1130065917969
2020-08-24,273.8119812011719
2020-08-25,275.9647521972656
2020-08-26,281.85369873046875
2020-08-27,280.9751281738281
2020-08-28,282.4039611816406
2020-08-31,284.6725769042969
2020-09-01,289.5381774902344
2020-09-02,292.2798767089844
2020-09-03,277.461181640625
2020-09-04,273.7637023925781
2020-09-08,260.6055603027344
2020-09-09,268.260986328125
2020-09-10,262.912841796875
2020-09-11,261.0882873535156
2020-09-14,265.6351318359375
2020-09-15,269.40020751953125
2020-09-16,265.1041564941406
2020-09-17,260.9627380371094
2020-09-18,257.6321716308594
2020-09-21,258.25
2020-09-22,263.0480041503906
2020-09-23,255.0159912109375
2020-09-24,256.2033996582031
2020-09-25,262.15985107421875
2020-09-28,267.6046142578125
2020-09-29,266.3978271484375
2020-09-30,268.2224426269531
2020-10-01,272.4798278808594
2020-10-02,264.8146667480469
2020-10-05,270.462158203125
2020-10-06,265.6351318359375
2020-10-07,270.2304992675781
2020-10-08,271.66888427734375
2020-10-09,275.8200378417969
2020-10-12,284.3346862792969
2020-10-13,284.3250427246094
2020-10-14,281.95013427734375
2020-10-15,280.0580139160156
2020-10-16,278.5230712890625
2020-10-19,273.9761047363281
2020-10-20,274.5650634765625
2020-10-21,274.3525695800781
2020-10-22,274.3429870605469
2020-10-23,274.883544921875
2020-10-26,270.7613525390625
2020-10-27,272.87554931640625
2020-10-28,262.2370910644531
2020-10-29,266.8226013183594
2020-10-30,260.0553283691406
2020-11-02,260.6344299316406
2020-11-03,265.1428527832031
2020-11-04,276.97845458984375
2020-11-05,284.1995544433594
2020-11-06,284.41192626953125
2020-11-09,278.60028076171875
2020-11-10,273.6092834472656
2020-11-11,279.7298583984375
2020-11-12,278.41680908203125
2020-11-13,280.8592529296875
2020-11-16,283.05072021484375
2020-11-17,282.15289306640625
2020-11-18,280.0677185058594
2020-11-19,282.2591247558594
2020-11-20,280.328369140625
2020-11-23,280.3379821777344
2020-11-24,284.2767639160156
2020-11-25,286.02423095703125
2020-11-27,288.65960693359375
2020-11-30,289.2485046386719
2020-12-01,292.95556640625
2020-12-02,293.3320617675781
2020-12-03,293.7471923828125
2020-12-04,294.94427490234375
2020-12-07,296.61431884765625
2020-12-08,297.618408203125
2020-12-09,290.8800354003906
2020-12-10,292.048095703125
2020-12-11,291.4012451171875
2020-12-14,293.5155029296875
2020-12-15,296.65301513671875
2020-12-16,298.2843933105469
2020-12-17,300.2344665527344
2020-12-18,299.3271179199219
2020-12-21,298.76715087890625
2020-12-22,299.5795593261719
2020-12-23,298.0707092285156
2020-12-24,299.3861083984375
2020-12-28,302.4035949707031
2020-12-29,302.6742858886719
2020-12-30,302.6840515136719
2020-12-31,303.4287414550781
2021-01-04,299.1444396972656
2021-01-05,301.6104736328125
2021-01-06,297.43255615234375
2021-01-07,304.62786865234375
2021-01-08,308.54486083984375
2021-01-11,304.08636474609375
2021-01-12,303.60284423828125
2021-01-13,305.65313720703125
2021-01-14,304.0186767578125
2021-01-15,301.6104736328125
2021-01-19,306.0110778808594
2021-01-20,313.1290283203125
2021-01-21,315.6339111328125
2021-01-22,314.7248840332031
2021-01-25,317.3264465332031
2021-01-26,317.79058837890625
2021-01-27,308.9316711425781
2021-01-28,310.7596435546875
2021-01-29,304.2217712402344
2021-02-01,311.823486328125
2021-02-02,316.9105529785156
2021-02-03,315.6533203125
2021-02-04,319.3863830566406
2021-02-05,320.4696350097656
2021-02-08,322.61663818359375
2021-02-09,322.54901123046875
2021-02-10,321.8139343261719
2021-02-11,323.5837707519531
2021-02-12,325.3923645019531
2021-02-16,324.51220703125
2021-02-17,322.9551696777344
2021-02-18,321.54315185546875
2021-02-19,320.1407775878906
2021-02-22,311.8427734375
2021-02-23,310.9143371582031
2021-02-24,313.47723388671875
2021-02-25,302.5485534667969
2021-02-26,303.8156433105469
2021-03-01,312.95501708984375
2021-03-02,307.9355773925781
2021-03-03,298.999267578125
2021-03-04,294.1055908203125
2021-03-05,298.5350036621094
2021-03-08,290.08233642578125
2021-03-09,301.52337646484375
2021-03-10,300.66278076171875
2021-03-11,307.58734130859375
2021-03-12,305.09222412109375
2021-03-15,308.3514099121094
2021-03-16,310.0439147949219
2021-03-17,311.3204345703125
2021-03-18,301.7846374511719
2021-03-19,302.84844970703125
2021-03-22,308.5278015136719
2021-03-23,307.1818542480469
2021-03-24,302.00115966796875
2021-03-25,301.4782409667969
2021-03-26,306.00042724609375
2021-03-29,305.91326904296875
2021-03-30,304.3736877441406
2021-03-31,309.0314636230469
2021-04-01,314.2992248535156
2021-04-05,320.57415771484375
2021-04-06,320.3515319824219
2021-04-07,321.1260681152344
2021-04-08,324.4766540527344
2021-04-09,326.4424133300781
2021-04-12,326.0163879394531
2021-04-13,329.8219299316406
2021-04-14,325.8614196777344
2021-04-15,330.79998779296875
2021-04-16,331.1873474121094
2021-04-19,328.15643310546875
2021-04-20,325.76458740234375
2021-04-21,328.5534362792969
2021-04-22,324.5929260253906
2021-04-23,328.6792907714844
2021-04-26,330.8194580078125
2021-04-27,329.38623046875
2021-04-28,328.2726135253906
2021-04-29,329.4540100097656
2021-04-30,327.29461669921875
2021-05-03,325.551513671875
2021-05-04,319.6930236816406
2021-05-05,318.6180419921875
2021-05-06,321.0196228027344
2021-05-07,323.62451171875
2021-05-10,315.4515075683594
2021-05-11,315.0157470703125
2021-05-12,306.8623046875
2021-05-13,309.2347717285156
2021-05-14,316.0617370605469
2021-05-17,314.1443176269531
2021-05-18,312.02362060546875
2021-05-19,312.3818664550781
2021-05-20,318.42449951171875
2021-05-21,316.6619873046875
2021-05-24,321.9880065917969
2021-05-25,322.4335021972656
2021-05-26,323.5567626953125
2021-05-27,322.3462829589844
2021-05-28,323.3630676269531
2021-06-01,322.2881774902344
2021-06-02,322.9176025390625
2021-06-03,319.557373046875
2021-06-04,324.9802551269531
2021-06-07,325.9485778808594
2021-06-08,326.103515625
2021-06-09,326.1809387207031
2021-06-10,329.57989501953125
2021-06-11,330.4418640136719
2021-06-14,333.6082763671875
2021-06-15,331.4294738769531
2021-06-16,330.218994140625
2021-06-17,334.4120178222656
2021-06-18,331.7877502441406
2021-06-21,333.849853515625
2021-06-22,336.96185302734375
2021-06-23,337.12664794921875
2021-06-24,339.2110900878906
2021-06-25,338.79412841796875
2021-06-28,342.9144592285156
2021-06-29,344.1553649902344
2021-06-30,343.61248779296875
2021-07-01,343.74822998046875
2021-07-02,347.6939697265625
2021-07-06,349.1966552734375
2021-07-07,349.9335021972656
2021-07-08,347.82000732421875
2021-07-09,349.9916076660156
2021-07-12,351.3585510253906
2021-07-13,351.3585510253906
2021-07-14,351.98870849609375
2021-07-15,349.5166015625
2021-07-16,346.6857604980469
2021-07-19,343.8451843261719
2021-07-20,347.8394470214844
2021-07-21,350.52484130859375
2021-07-22,352.8419189453125
2021-07-23,356.9621887207031
2021-07-26,357.2432861328125
2021-07-27,353.3072204589844
2021-07-28,354.66455078125
2021-07-29,355.29473876953125
2021-07-30,353.4430236816406
2021-08-02,353.4720764160156
2021-08-03,355.6146240234375
2021-08-04,356.1284484863281
2021-08-05,358.3873291015625
2021-08-06,356.8167419433594
2021-08-09,357.4760437011719
2021-08-10,355.6437072753906
2021-08-11,355.0329284667969
2021-08-12,356.3127136230469
2021-08-13,357.5633544921875
2021-08-16,357.7184143066406
2021-08-17,354.5675964355469
2021-08-18,351.155029296875
2021-08-19,352.8515930175781
2021-08-20,356.5065612792969
2021-08-23,361.8386535644531
2021-08-24,362.94390869140625
2021-08-25,363.3608093261719
2021-08-26,361.0534362792969
2021-08-27,364.5628967285156
2021-08-30,368.65423583984375
2021-08-31,368.3534851074219
2021-09-01,368.9643249511719
2021-09-02,368.789794921875
2021-09-03,369.9241943359375
2021-09-07,370.4476623535156
2021-09-08,369.1582336425781
2021-09-09,367.88824462890625
2021-09-10,365.0960998535156
2021-09-13,364.84405517578125
2021-09-14,363.8067626953125
2021-09-15,366.5115661621094
2021-09-16,366.76361083984375
2021-09-17,362.42034912109375
2021-09-20,354.9316101074219
2021-09-21,355.36834716796875
2021-09-22,358.6875915527344
2021-09-23,361.9971923828125
2021-09-24,362.3369140625
2021-09-27,359.4446105957031
2021-09-28,349.2732238769531
2021-09-29,348.7005615234375
2021-09-30,347.41949462890625
2021-10-01,349.5740966796875
2021-10-04,342.2367858886719
2021-10-05,346.8565979003906
2021-10-06,349.0791320800781
2021-10-07,352.281982421875
2021-10-08,350.52520751953125
2021-10-11,347.83685302734375
2021-10-12,346.6236267089844
2021-10-13,349.39935302734375
2021-10-14,355.83416748046875
2021-10-15,358.0762023925781
2021-10-18,361.67694091796875
2021-10-19,364.4138488769531
2021-10-20,363.9383544921875
2021-10-21,366.160888671875
2021-10-22,363.0841979980469
2021-10-25,366.80145263671875
2021-10-26,367.9564208984375
2021-10-27,368.8103942871094
2021-10-28,372.9061584472656
2021-10-29,374.7405700683594
2021-11-01,376.0216369628906
2021-11-02,377.5940246582031
2021-11-03,381.60247802734375
2021-11-04,386.4940490722656
2021-11-05,386.8628234863281
2021-11-08,386.3387145996094
2021-11-09,383.67938232421875
2021-11-10,378.04046630859375
2021-11-11,379.08868408203125
2021-11-12,383.0775451660156
2021-11-15,382.9903564453125
2021-11-16,385.7175598144531
2021-11-17,385.9213562011719
2021-11-18,389.9200134277344
2021-11-19,392.0941162109375
2021-11-22,387.5421447753906
2021-11-23,385.7757568359375
2021-11-24,387.0181579589844
2021-11-26,379.6807861328125
2021-11-29,387.920654296875
2021-11-30,382.2235107421875
2021-12-01,375.7208557128906
2021-12-02,378.4286804199219
2021-12-03,371.84832763671875
2021-12-06,374.82794189453125
2021-12-07,386.1154479980469
2021-12-08,387.84295654296875
2021-12-09,382.13623046875
2021-12-10,386.2901611328125
2021-12-13,380.7095031738281
2021-12-14,376.7690734863281
2021-12-15,385.3584289550781
2021-12-16,375.4490661621094
2021-12-17,373.5759582519531
2021-12-20,369.9521484375
2021-12-21,378.2318115234375
2021-12-22,382.8380432128906
2021-12-23,385.7243347167969
2021-12-27,392.09930419921875
2021-12-28,390.281982421875
2021-12-29,390.2237243652344
2021-12-30,389.05755615234375
2021-12-31,386.6281433105469
2022-01-03,390.35003662109375
2022-01-04,385.2869567871094
2022-01-05,373.45062255859375
2022-01-06,373.18817138671875
2022-01-07,369.1455993652344
2022-01-10,369.3883972167969
2022-01-11,374.9373474121094
2022-01-12,376.42425537109375
2022-01-13,367.0075378417969
2022-01-14,369.2912902832031
2022-01-18,360.0981140136719
2022-01-19,356.1429748535156
2022-01-20,351.5171203613281
2022-01-21,341.77001953125
2022-01-24,343.3346862792969
2022-01-25,335.3757629394531
2022-01-26,334.85089111328125
2022-01-27,331.4787292480469
2022-01-28,341.87701416015625
2022-01-31,352.8095703125
2022-02-01,355.21002197265625
2022-02-02,358.0962219238281
2022-02-03,343.57757568359375
2022-02-04,347.91180419921875
2022-02-07,345.1130676269531
2022-02-08,348.9905090332031
2022-02-09,356.3858337402344
2022-02-10,348.3199157714844
2022-02-11,337.2706604003906
2022-02-14,337.68853759765625
2022-02-15,346.0848693847656
2022-02-16,345.9974060058594
2022-02-17,335.70611572265625
2022-02-18,331.87725830078125
2022-02-22,328.5439453125
2022-02-23,320.1282043457031
2022-02-24,330.88592529296875
2022-02-25,336.0169982910156
2022-02-28,337.01800537109375
2022-03-01,331.8576965332031
2022-03-02,337.4261474609375
2022-03-03,332.6061096191406
2022-03-04,327.7859191894531
2022-03-07,315.6968688964844
2022-03-08,314.2294921875
2022-03-09,325.54107666015625
2022-03-10,321.92596435546875
2022-03-11,315.24969482421875
2022-03-14,309.1955871582031
2022-03-15,318.89404296875
2022-03-16,330.7207946777344
2022-03-17,334.7245788574219
2022-03-18,341.57574462890625
2022-03-21,340.6260681152344
2022-03-22,347.3202819824219
2022-03-23,342.3287658691406
2022-03-24,349.9376525878906
2022-03-25,349.6457824707031
2022-03-28,355.0555725097656
2022-03-29,361.1659851074219
2022-03-30,357.1767578125
2022-03-31,352.74957275390625
2022-04-01,352.0782165527344
2022-04-04,359.3270568847656
2022-04-05,351.3484802246094
2022-04-06,343.7202453613281
2022-04-07,344.5375061035156
2022-04-08,339.72119140625
2022-04-11,331.6842956542969
2022-04-12,330.28314208984375
2022-04-13,336.996826171875
2022-04-14,329.2906799316406
2022-04-18,329.543701171875
2022-04-19,336.90924072265625
2022-04-20,331.99566650390625
2022-04-21,325.1262512207031
2022-04-22,316.612548828125
2022-04-25,320.6796569824219
2022-04-26,308.5757141113281
2022-04-27,308.2059326171875
2022-04-28,319.1521301269531
2022-04-29,304.7906494140625
2022-05-02,309.8794860839844
2022-05-03,310.21026611328125
2022-05-04,320.69915771484375
2022-05-05,304.54736328125
2022-05-06,300.8986511230469
2022-05-09,289.12542724609375
2022-05-10,292.6379699707031
2022-05-11,283.9588623046875
2022-05-12,283.2874450683594
2022-05-13,293.78607177734375
2022-05-16,290.3805847167969
2022-05-17,297.90191650390625
2022-05-18,283.27783203125
2022-05-19,281.7598876953125
2022-05-20,280.8841857910156
2022-05-23,285.5545654296875
2022-05-24,279.48309326171875
2022-05-25,283.3946228027344
2022-05-26,291.2466125488281
2022-05-27,300.75274658203125
2022-05-31,299.95489501953125
2022-06-01,297.7364807128906
2022-06-02,305.8901672363281
2022-06-03,297.9311218261719
2022-06-06,298.9234924316406
2022-06-07,301.501953125
2022-06-08,299.3322448730469
2022-06-09,291.3147277832031
2022-06-10,281.03985595703125
2022-06-13,267.9725341796875
2022-06-14,268.45904541015625
2022-06-15,275.1629638671875
2022-06-16,264.0611572265625
2022-06-17,267.2719421386719
2022-06-21,274.01513671875
2022-06-22,273.6155090332031
2022-06-23,277.69036865234375
2022-06-24,287.2050476074219
2022-06-27,285.0993957519531
2022-06-28,276.4132995605469
2022-06-29,276.666748046875
2022-06-30,273.2352600097656
2022-07-01,275.038818359375
2022-07-05,279.7473449707031
2022-07-06,281.54107666015625
2022-07-07,287.5657958984375
2022-07-08,287.92645263671875
2022-07-11,281.7750244140625
2022-07-12,279.0454406738281
2022-07-13,278.47027587890625
2022-07-14,279.46466064453125
2022-07-15,284.533935546875
2022-07-18,282.12603759765625
2022-07-19,290.8022766113281
2022-07-20,295.4134216308594
2022-07-21,299.6541442871094
2022-07-22,294.3995666503906
2022-07-25,292.7227783203125
2022-07-26,286.97113037109375
2022-07-27,299.0984191894531
2022-07-28,302.0229797363281
2022-07-29,307.5310363769531
2022-08-01,307.3457946777344
2022-08-02,306.4293212890625
2022-08-03,314.7742614746094
2022-08-04,316.2462463378906
2022-08-05,313.6628723144531
2022-08-08,312.6490478515625
2022-08-09,309.1102600097656
2022-08-10,317.73785400390625
2022-08-11,315.934326171875
2022-08-12,322.0857849121094
2022-08-15,324.6886291503906
2022-08-16,323.92822265625
2022-08-17,320.2335205078125
2022-08-18,321.00372314453125
2022-08-19,314.7449645996094
2022-08-22,306.4586181640625
2022-08-23,306.2052917480469
2022-08-24,307.09234619140625
2022-08-25,312.5223388671875
2022-08-26,299.712646484375
2022-08-29,296.7587585449219
2022-08-30,293.4539489746094
2022-08-31,291.7479553222656
2022-09-01,291.87469482421875
2022-09-02,287.7510070800781
2022-09-06,285.68426513671875
2022-09-07,291.45550537109375
2022-09-08,292.96649169921875
2022-09-09,299.37139892578125
2022-09-12,302.9296569824219
2022-09-13,286.3179626464844
2022-09-14,288.5893859863281
2022-09-15,283.7833251953125
2022-09-16,282.0480651855469
2022-09-19,284.24444580078125
2022-09-20,281.9787292480469
2022-09-21,276.9295654296875
2022-09-22,273.5212097167969
2022-09-23,269.06781005859375
2022-09-26,267.9544982910156
2022-09-27,268.06195068359375
2022-09-28,273.3942565917969
2022-09-29,265.51287841796875
2022-09-30,261.01068115234375
2022-10-03,267.1341552734375
2022-10-04,275.5330810546875
2022-10-05,275.3865661621094
2022-10-06,273.2184143066406
2022-10-07,262.80767822265625
2022-10-10,260.18060302734375
2022-10-11,256.6061706542969
2022-10-12,256.5182800292969
2022-10-13,262.5343017578125
2022-10-14,254.64317321777344
2022-10-17,263.05181884765625
2022-10-18,265.1320495605469
2022-10-19,264.16522216796875
2022-10-20,262.8174743652344
2022-10-21,268.9799499511719
2022-10-24,271.9390869140625
2022-10-25,277.56439208984375
2022-10-26,271.4312438964844
2022-10-27,266.48956298828125
2022-10-28,274.644287109375
2022-10-31,271.45074462890625
2022-11-01,268.67718505859375
2022-11-02,259.4676513671875
2022-11-03,254.3990020751953
2022-11-04,258.4910583496094
2022-11-07,261.33306884765625
2022-11-08,263.2373352050781
2022-11-09,257.162841796875
2022-11-10,276.1385192871094
2022-11-11,281.2266845703125
2022-11-14,278.7656555175781
2022-11-15,282.6232604980469
2022-11-16,278.7656555175781
2022-11-17,278.1503601074219
2022-11-18,278.1601867675781
2022-11-21,275.2986755371094
2022-11-22,279.2637023925781
2022-11-23,282.06658935546875
2022-11-25,280.2110595703125
2022-11-28,276.0994873046875
2022-11-29,274.0094909667969
2022-11-30,286.5004577636719
2022-12-01,286.8520202636719
2022-12-02,285.7093811035156
2022-12-05,280.9142150878906
2022-12-06,275.0935974121094
2022-12-07,273.970458984375
2022-12-08,277.21282958984375
2022-12-09,275.44512939453125
2022-12-12,278.9023742675781
2022-12-13,281.9005432128906
2022-12-14,279.8105773925781
2022-12-15,270.4155578613281
2022-12-16,267.83734130859375
2022-12-19,264.0732116699219
2022-12-20,263.86761474609375
2022-12-21,267.69537353515625
2022-12-22,261.1460876464844
2022-12-23,261.7335205078125
2022-12-27,258.0330810546875
2022-12-28,254.6262664794922
2022-12-29,260.8328857421875
2022-12-30,260.67620849609375
2023-01-03,258.91412353515625
2023-01-04,260.1475524902344
2023-01-05,256.07513427734375
2023-01-06,263.1431579589844
2023-01-09,264.8465270996094
2023-01-10,267.08837890625
2023-01-11,271.7089538574219
2023-01-12,273.17742919921875
2023-01-13,275.0570373535156
2023-01-17,275.6151428222656
2023-01-18,272.0321044921875
2023-01-19,269.35955810546875
2023-01-20,276.7310791015625
2023-01-23,282.8788757324219
2023-01-24,282.30126953125
2023-01-25,281.67486572265625
2023-01-26,287.1667785644531
2023-01-27,290.0252685546875
2023-01-30,284.1612548828125
2023-01-31,288.4198303222656
2023-02-01,294.5872802734375
2023-02-02,305.159912109375
2023-02-03,299.73651123046875
2023-02-06,297.2010803222656
2023-02-07,303.35870361328125
2023-02-08,297.964599609375
2023-02-09,295.33123779296875
2023-02-10,293.3929138183594
2023-02-13,298.0918884277344
2023-02-14,300.2945556640625
2023-02-15,302.5951232910156
2023-02-16,296.9171447753906
2023-02-17,294.8222351074219
2023-02-21,287.84222412109375
2023-02-22,288.0576171875
2023-02-23,290.57354736328125
2023-02-24,285.7081604003906
2023-02-27,287.754150390625
2023-02-28,287.38214111328125
2023-03-01,285.07183837890625
2023-03-02,287.4309997558594
2023-03-03,293.373291015625
2023-03-06,293.7061767578125
2023-03-07,290.10357666015625
2023-03-08,291.5525207519531
2023-03-09,286.5010986328125
2023-03-10,282.4776306152344
2023-03-13,284.5724792480469
2023-03-14,291.1119079589844
2023-03-15,292.6390686035156
2023-03-16,300.353271484375
2023-03-17,298.93377685546875
2023-03-20,299.99468994140625
2023-03-21,304.279296875
2023-03-22,300.1417541503906
2023-03-23,303.7008361816406
2023-03-24,304.81866455078125
2023-03-27,302.7301940917969
2023-03-28,301.1222229003906
2023-03-29,306.61279296875
2023-03-30,309.5150451660156
2023-03-31,314.66253662109375
2023-04-03,313.8977966308594
2023-04-04,312.8388671875
2023-04-05,309.7503662109375
2023-04-06,311.8387145996094
2023-04-10,311.66229248046875
2023-04-11,309.6620788574219
2023-04-12,306.9266662597656
2023-04-13,312.9369812011719
2023-04-14,312.3486022949219
2023-04-17,312.6133117675781
2023-04-18,312.6329040527344
2023-04-19,312.48590087890625
2023-04-20,310.10333251953125
2023-04-21,310.4269104003906
2023-04-24,309.77984619140625
2023-04-25,303.9361267089844
2023-04-26,305.7794494628906
2023-04-27,314.0937805175781
2023-04-28,316.2606506347656
2023-05-01,315.89794921875
2023-05-02,313.1427917480469
2023-05-03,311.0936279296875
2023-05-04,309.99542236328125
2023-05-05,316.5842590332031
2023-05-08,317.3686828613281
2023-05-09,315.358642578125
2023-05-10,318.790283203125
2023-05-11,319.8296203613281
2023-05-12,318.682373046875
2023-05-15,320.4081115722656
2023-05-16,320.7708435058594
2023-05-17,324.65350341796875
2023-05-18,330.6834411621094
2023-05-19,329.93817138671875
2023-05-22,331.046142578125
2023-05-23,326.8498229980469
2023-05-24,325.173095703125
2023-05-25,333.0856018066406
2023-05-26,341.59600830078125
2023-05-30,343.14520263671875
2023-05-31,341.1940612792969
2023-06-01,345.1355285644531
2023-06-02,347.7240295410156
2023-06-05,347.96905517578125
2023-06-06,347.9102783203125
2023-06-07,342.0078430175781
2023-06-08,346.2532653808594
2023-06-09,347.576904296875
2023-06-12,353.4499206542969
2023-06-13,356.16583251953125
2023-06-14,358.7543029785156
2023-06-15,363.0291748046875
2023-06-16,360.74462890625
2023-06-20,360.2281188964844
2023-06-21,355.3192138671875
2023-06-22,359.51153564453125
2023-06-23,355.9475402832031
2023-06-26,351.1758728027344
2023-06-27,357.2140197753906
2023-06-28,357.9111328125
2023-06-29,357.19439697265625
2023-06-30,362.7024230957031
2023-07-03,363.5565185546875
2023-07-05,363.54681396484375
2023-07-06,360.77801513671875
2023-07-07,359.58013916015625
2023-07-10,359.6980285644531
2023-07-11,361.47515869140625
2023-07-12,366.0406188964844
2023-07-13,372.2554626464844
2023-07-14,372.17694091796875
2023-07-17,375.6524963378906
2023-07-18,378.72564697265625
2023-07-19,378.6372375488281
2023-07-20,369.908935546875
2023-07-21,368.7995300292969
2023-07-24,369.3886413574219
2023-07-25,371.8921813964844
2023-07-26,370.6550598144531
2023-07-27,369.7714538574219
2023-07-28,376.5067138671875
2023-07-31,376.70306396484375
2023-08-01,375.8292541503906
2023-08-02,367.5820617675781
2023-08-03,366.9930114746094
2023-08-04,365.27471923828125
2023-08-07,368.3674621582031
2023-08-08,365.2355041503906
2023-08-09,361.2198181152344
2023-08-10,361.88751220703125
2023-08-11,359.58013916015625
2023-08-14,363.6155090332031
2023-08-15,359.7569885253906
2023-08-16,355.9475402832031
2023-08-17,352.0594787597656
2023-08-18,351.6177978515625
2023-08-21,357.28271484375
2023-08-22,356.772216796875
2023-08-23,362.3980407714844
2023-08-24,354.6515197753906
2023-08-25,357.40057373046875
2023-08-28,360.09075927734375
2023-08-29,367.955078125
2023-08-30,370.007080078125
2023-08-31,371.1165771484375
2023-09-01,370.7237854003906
2023-09-05,371.1950988769531
2023-09-06,367.9256896972656
2023-09-07,365.2944030761719
2023-09-08,365.804931640625
2023-09-11,370.11505126953125
2023-09-12,366.0111083984375
2023-09-13,367.4052429199219
2023-09-14,370.4096984863281
2023-09-15,364.067138671875
2023-09-18,364.4466552734375
2023-09-19,363.6698913574219
2023-09-20,358.4292297363281
2023-09-21,351.8611755371094
2023-09-22,351.9103698730469
2023-09-25,353.5818786621094
2023-09-26,348.2724304199219
2023-09-27,349.0885009765625
2023-09-28,352.0086975097656
2023-09-29,352.2643127441406
2023-10-02,355.2042236328125
2023-10-03,348.970458984375
2023-10-04,353.7195739746094
2023-10-05,352.6773376464844
2023-10-06,358.5865783691406
2023-10-09,360.4153747558594
2023-10-10,362.4113464355469
2023-10-11,364.9971923828125
2023-10-12,363.7288818359375
2023-10-13,359.1568908691406
2023-10-16,363.21759033203125
2023-10-17,362.0278625488281
2023-10-18,357.2789001464844
2023-10-19,353.9358215332031
2023-10-20,348.6558837890625
2023-10-23,349.70794677734375
2023-10-24,353.1099548339844
2023-10-25,344.4673156738281
2023-10-26,337.8992614746094
2023-10-27,339.5216064453125
2023-10-30,343.3464050292969
2023-10-31,344.98834228515625
2023-11-01,350.976318359375
2023-11-02,357.3476867675781
2023-11-03,361.5461120605469
2023-11-06,363.0209655761719
2023-11-07,366.45245361328125
2023-11-08,366.6884460449219
2023-11-09,363.8664855957031
2023-11-10,372.04705810546875
2023-11-13,370.8868103027344
2023-11-14,378.8706970214844
2023-11-15,379.15582275390625
2023-11-16,379.4803466796875
2023-11-17,379.5688171386719
2023-11-20,384.1900634765625
2023-11-21,381.9581298828125
2023-11-22,383.52142333984375
2023-11-24,382.98065185546875
2023-11-27,382.6463928222656
2023-11-28,383.6493225097656
2023-11-29,383.2756042480469
2023-11-30,382.31207275390625
2023-12-01,383.40350341796875
2023-12-04,379.8441467285156
2023-12-05,380.79791259765625
2023-12-06,378.5954284667969
2023-12-07,383.8852233886719
2023-12-08,385.5960388183594
2023-12-11,388.889892578125
2023-12-12,391.9871520996094
2023-12-13,396.9721374511719
2023-12-14,396.6279602050781
2023-12-15,398.5452880859375
2023-12-18,401.05560302734375
2023-12-19,403.1048278808594
2023-12-20,397.11474609375
2023-12-21,401.73541259765625
2023-12-22,402.33636474609375
2023-12-26,404.79931640625
2023-12-27,405.6234436035156
2023-12-28,405.42626953125
2023-12-29,403.67169189453125
2024-01-02,396.8406982421875
2024-01-03,392.6414794921875
2024-01-04,390.62078857421875
2024-01-05,391.0841064453125
2024-01-08,399.1670227050781
2024-01-09,399.9555358886719
2024-01-10,402.666259765625
2024-01-11,403.504150390625
2024-01-12,403.7111511230469
2024-01-16,403.67169189453125
2024-01-17,401.39471435546875
2024-01-18,407.0921630859375
2024-01-19,415.1651916503906
2024-01-22,415.7073669433594
2024-01-23,417.4322814941406
2024-01-24,419.74884033203125
2024-01-25,420.2613830566406
2024-01-26,417.7575988769531
2024-01-29,422.03564453125
2024-01-30,419.2263488769531
2024-01-31,411.01531982421875
2024-02-01,415.855224609375
2024-02-02,422.88336181640625
2024-02-05,422.33135986328125
2024-02-06,421.483642578125
2024-02-07,425.8208312988281
2024-02-08,426.60943603515625
2024-02-09,430.8085632324219
2024-02-12,429.12298583984375
2024-02-13,422.429931640625
2024-02-14,427.0332336425781
2024-02-15,428.3048095703125
2024-02-16,424.4211120605469
2024-02-20,421.2174987792969
2024-02-21,419.5319519042969
2024-02-22,431.81390380859375
2024-02-23,430.5423889160156
2024-02-26,430.31573486328125
2024-02-27,431.3507080078125
2024-02-28,429.0539855957031
2024-02-29,432.730712890625
2024-03-01,439.24627685546875
2024-03-04,437.6789855957031
2024-03-05,429.8228454589844
2024-03-06,432.52374267578125
2024-03-07,439.0885925292969
2024-03-08,432.7503967285156
2024-03-11,431.1436767578125
2024-03-12,437.3241882324219
2024-03-13,433.96282958984375
2024-03-14,432.8687438964844
2024-03-15,427.7232971191406
2024-03-18,431.8027038574219
2024-03-19,432.87847900390625
2024-03-20,438.0109558105469
2024-03-21,440.0837707519531
2024-03-22,440.58709716796875
2024-03-25,438.9881591796875
2024-03-26,437.56689453125
2024-03-27,439.0572509765625
2024-03-28,438.2478942871094
2024-04-01,439.1756896972656
2024-04-02,435.385498046875
2024-04-03,436.3627014160156
2024-04-04,429.6903991699219
2024-04-05,434.75384521484375
2024-04-08,434.8821105957031
2024-04-09,436.49102783203125
2024-04-10,432.68109130859375
2024-04-11,439.5902404785156
2024-04-12,432.5823669433594
2024-04-15,425.4659729003906
2024-04-16,425.50543212890625
2024-04-17,420.31365966796875
2024-04-18,417.9152526855469
2024-04-19,409.2688903808594
2024-04-22,413.3847961425781
2024-04-23,419.5537109375
2024-04-24,420.9750061035156
2024-04-25,418.94171142578125
2024-04-26,425.40673828125
2024-04-29,427.1340026855469
2024-04-30,419.0799865722656
2024-05-01,416.0497741699219
2024-05-02,421.3599548339844
2024-05-03,429.82861328125
2024-05-06,434.53668212890625
2024-05-07,434.6058044433594
2024-05-08,434.3491516113281
2024-05-09,435.2966613769531
2024-05-10,436.3232116699219
2024-05-13,437.3299255371094
2024-05-14,440.1429748535156
2024-05-15,447.02252197265625
2024-05-16,446.114501953125
2024-05-17,445.8973083496094
2024-05-20,449.0064697265625
2024-05-21,449.8848876953125
2024-05-22,449.7960510253906
2024-05-23,447.772705078125
2024-05-24,452.0069885253906
2024-05-28,453.71453857421875
2024-05-29,450.5165710449219
2024-05-30,445.6899719238281
2024-05-31,444.86090087890625
2024-06-03,447.2495422363281
2024-06-04,448.47344970703125
2024-06-05,457.51458740234375
2024-06-06,457.35662841796875
2024-06-07,456.951904296875
2024-06-10,458.7976989746094
2024-06-11,461.9463195800781
2024-06-12,467.9967041015625
2024-06-13,470.53338623046875
2024-06-14,472.9713439941406
2024-06-17,478.7651672363281
2024-06-18,478.9132080078125
2024-06-20,475.22174072265625
2024-06-21,473.948486328125
2024-06-24,468.5527648925781
2024-06-25,473.9109191894531
2024-06-26,474.8896179199219
2024-06-27,476.1154479980469
2024-06-28,473.6440124511719
2024-07-01,476.4219970703125
2024-07-02,481.42425537109375
2024-07-03,485.4378967285156
2024-07-05,490.4994812011719
2024-07-08,491.666015625
2024-07-09,492.09112548828125
2024-07-10,497.2218933105469
2024-07-11,486.3177490234375
2024-07-12,489.1748046875
2024-07-15,490.4895935058594
2024-07-16,490.67742919921875
2024-07-17,476.2736511230469
2024-07-18,474.0196533203125
2024-07-19,469.81817626953125
2024-07-22,476.8174133300781
2024-07-23,475.1367492675781
2024-07-24,458.0934753417969
2024-07-25,453.04180908203125
2024-07-26,457.6881408691406
2024-07-29,458.60748291015625
2024-07-30,452.3101806640625
2024-07-31,465.6957092285156
2024-08-01,454.4159240722656
2024-08-02,443.63037109375
2024-08-05,430.4029541015625
2024-08-06,434.5155334472656
2024-08-07,429.80987548828125
2024-08-08,442.9581604003906
2024-08-09,445.27142333984375
2024-08-12,446.2303466796875
2024-08-13,457.3025817871094
2024-08-14,457.4508972167969
2024-08-15,469.007568359375
2024-08-16,469.6105651855469
2024-08-19,475.7793273925781
2024-08-20,474.7808837890625
2024-08-21,476.9953918457031
2024-08-22,469.4326171875
2024-08-23,474.52386474609375
2024-08-26,469.9169921875
2024-08-27,471.32086181640625
2024-08-28,465.9725341796875
2024-08-29,465.2904357910156
2024-08-30,470.83636474609375
2024-09-03,456.5413513183594
2024-09-04,455.35504150390625
2024-09-05,455.78021240234375
2024-09-06,443.5710754394531
2024-09-09,449.2752380371094
2024-09-10,453.4273376464844
2024-09-11,463.27374267578125
2024-09-12,467.8211669921875
2024-09-13,469.9169921875
2024-09-16,467.8409423828125
2024-09-17,468.0881042480469
2024-09-18,466.0615539550781
2024-09-19,477.8455505371094
2024-09-20,476.9360046386719
2024-09-23,478.2002258300781
2024-09-24,480.50689697265625
2024-09-25,480.9523620605469
2024-09-26,484.5657958984375
2024-09-27,481.8730163574219
2024-09-30,483.17987060546875
2024-10-01,476.4479064941406
2024-10-02,477.12115478515625
2024-10-03,476.7647705078125
2024-10-04,482.4373474121094
2024-10-07,477.2696228027344
2024-10-08,484.3974914550781
2024-10-09,488.2088928222656
2024-10-10,487.6545104980469
2024-10-11,488.4167785644531
2024-10-14,492.5154113769531
2024-10-15,485.9320068359375
2024-10-16,485.99139404296875
2024-10-17,486.3279113769531
2024-10-18,489.5157165527344
2024-10-21,490.4561767578125
2024-10-22,490.99078369140625
2024-10-23,483.46685791015625
2024-10-24,487.38726806640625
2024-10-25,490.3572082519531
2024-10-28,490.4363708496094
2024-10-29,495.148681640625
2024-10-30,491.4065856933594
2024-10-31,479.0021057128906
2024-11-01,482.54620361328125
2024-11-04,481.1404724121094
2024-11-05,487.2783508300781
2024-11-06,500.5143737792969
2024-11-07,508.3946228027344
2024-11-08,508.98858642578125
2024-11-11,508.6916198730469
2024-11-12,507.77093505859375
2024-11-13,507.1175537109375
2024-11-14,503.5932312011719
2024-11-15,491.59466552734375
2024-11-18,495.01007080078125
2024-11-19,498.4156494140625
2024-11-20,498.1285400390625
2024-11-21,499.9204406738281
2024-11-22,500.7223205566406
2024-11-25,501.5142517089844
2024-11-26,504.20703125
2024-11-27,500.2372131347656
2024-11-29,504.6326599121094
2024-12-02,510.1270751953125
2024-12-03,511.6912841796875
2024-12-04,518.0172729492188
2024-12-05,516.5817260742188
2024-12-06,521.2048950195312
2024-12-09,517.1460571289062
2024-12-10,515.3838500976562
2024-12-11,524.6104736328125
2024-12-12,521.2247924804688
2024-12-13,525.2144775390625
2024-12-16,532.7778930664062
2024-12-17,530.4315795898438
2024-12-18,511.2953186035156
2024-12-19,509.0182800292969
2024-12-20,513.4633178710938
2024-12-23,518.4657592773438
2024-12-24,525.4962158203125
2024-12-26,525.1390991210938
2024-12-27,518.1585083007812
2024-12-30,511.2669372558594
2024-12-31,506.9239196777344
2025-01-02,505.93231201171875
2025-01-03,514.2119140625
2025-01-06,520.1217041015625
2025-01-07,510.84051513671875
2025-01-08,510.92987060546875
2025-01-10,502.9179382324219
2025-01-13,501.3016357421875
2025-01-14,500.82568359375
2025-01-15,512.347900390625
2025-01-16,508.75830078125
2025-01-17,517.3453369140625
2025-01-21,520.3795776367188
2025-01-22,527.0330810546875
2025-01-23,528.153564453125
2025-01-24,525.1689453125
2025-01-27,509.8788146972656
2025-01-28,517.414794921875
2025-01-29,516.443115234375
2025-01-30,518.6443481445312
2025-01-31,517.890625
2025-02-03,513.7459716796875
2025-02-04,520.0523681640625
2025-02-05,522.412353515625
2025-02-06,525.1390991210938
2025-02-07,518.5154418945312
2025-02-10,524.7921142578125
2025-02-11,523.5426635742188
2025-02-12,523.8500366210938
2025-02-13,531.3861694335938
2025-02-14,533.6171264648438
2025-02-18,534.8268432617188
2025-02-19,534.9756469726562
2025-02-20,532.704833984375
2025-02-21,521.6488647460938
2025-02-24,515.4911499023438
2025-02-25,508.9963073730469
2025-02-26,510.2257995605469
2025-02-27,496.05621337890625
2025-02-28,503.88970947265625
2025-03-03,492.86334228515625
2025-03-04,491.3760070800781
2025-03-05,497.7815856933594
2025-03-06,484.087890625
2025-03-07,487.64764404296875
2025-03-10,468.7481994628906
2025-03-11,467.6277160644531
2025-03-12,472.9028625488281
2025-03-13,464.3951416015625
2025-03-14,475.6197814941406
2025-03-17,478.7035827636719
2025-03-18,470.5429382324219
2025-03-19,476.8394470214844
2025-03-20,475.22320556640625
2025-03-21,476.78985595703125
2025-03-24,487.252685546875
2025-03-25,490.03326416015625
2025-03-26,481.0162658691406
2025-03-27,478.27545166015625
2025-03-28,465.6835021972656
2025-03-31,465.6636657714844
2025-04-01,469.41741943359375
2025-04-02,472.84344482421875
2025-04-03,447.5304260253906
2025-04-04,419.7348327636719
2025-04-07,420.7477722167969
2025-04-08,413.1707458496094
2025-04-09,462.763916015625
2025-04-10,443.0815734863281
2025-04-11,451.2444763183594
2025-04-14,454.3031311035156
2025-04-15,454.8095397949219
2025-04-16,441.0954895019531
2025-04-17,441.0160217285156
2025-04-21,430.1023254394531
2025-04-22,441.39337158203125
2025-04-23,451.4033203125
2025-04-24,464.1045227050781
2025-04-25,469.27838134765625
2025-04-28,469.12939453125
2025-04-29,472.2277526855469
2025-04-30,472.16815185546875
2025-05-01,478.33502197265625
2025-05-02,485.43536376953125
2025-05-05,482.5555419921875
2025-05-06,478.0669250488281
2025-05-07,479.94378662109375
2025-05-08,484.8991394042969
2025-05-09,484.5813903808594
2025-05-12,504.32330322265625
2025-05-13,512.0096435546875
2025-05-14,515.0780639648438
2025-05-15,515.6441040039062
2025-05-16,517.8884887695312
2025-05-19,518.3848876953125
2025-05-20,516.6571044921875
2025-05-21,509.477294921875
2025-05-22,510.43060302734375
2025-05-23,505.7036437988281
2025-05-27,517.6005249023438
2025-05-28,515.3064575195312
2025-05-29,516.3193969726562
2025-05-30,515.5050659179688
2025-06-02,519.5767211914062
2025-06-03,523.63818359375
2025-06-04,525.0980224609375
2025-06-05,521.1456298828125
2025-06-06,526.239990234375
2025-06-09,527.0146484375
2025-06-10,530.5003051757812
2025-06-11,528.7127075195312
2025-06-12,529.9541015625
2025-06-13,523.3007202148438
2025-06-16,530.5797119140625
2025-06-17,525.4059448242188
2025-06-18,525.3164672851562
2025-06-20,523.1715087890625
2025-06-23,528.551025390625
2025-06-24,536.6336059570312
2025-06-25,538.0054931640625
2025-06-26,543.0360107421875
2025-06-27,544.8952026367188
2025-06-30,548.4244384765625
2025-07-01,543.801513671875
2025-07-02,547.5894165039062
2025-07-03,552.9776611328125
2025-07-07,548.812255859375
2025-07-08,549.1204223632812
2025-07-09,553.0076293945312
2025-07-10,552.2122192382812
2025-07-11,550.9696044921875
2025-07-14,552.9677734375
2025-07-15,553.474853515625
2025-07-16,554.04150390625
2025-07-17,558.5252075195312
2025-07-18,557.9883422851562
2025-07-21,560.88134765625
2025-07-22,557.978515625
2025-07-23,560.5235595703125
2025-07-24,561.716552734375
2025-07-25,563.0685424804688
2025-07-28,564.8283081054688
2025-07-29,563.9534301757812
2025-07-30,564.7089233398438
2025-07-31,561.716552734375
2025-08-01,550.6513671875
2025-08-04,560.811767578125
2025-08-05,557.004150390625
2025-08-06,564.0131225585938
2025-08-07,565.9218139648438
2025-08-08,571.200927734375
2025-08-11,569.5108032226562
2025-08-12,576.6688842773438
2025-08-13,576.9571533203125
2025-08-14,576.509765625
2025-08-15,573.974609375
2025-08-18,573.7459106445312
2025-08-19,565.9616088867188
2025-08-20,562.601318359375
2025-08-21,559.9966430664062
2025-08-22,568.635986328125
2025-08-25,566.99560546875
2025-08-26,569.2721557617188
2025-08-27,570.1471557617188
2025-08-28,573.7161865234375
2025-08-29,567.0751342773438
2025-09-02,562.322998046875
2025-09-03,566.7470092773438
2025-09-04,571.8768920898438
2025-09-05,572.7020874023438
2025-09-08,575.4957275390625
2025-09-09,577.1260986328125
2025-09-10,577.3150634765625
2025-09-11,580.6754150390625
2025-09-12,583.2402954101562
2025-09-15,588.2310180664062
2025-09-16,587.73388671875
2025-09-17,586.5609130859375
2025-09-18,591.849853515625
2025-09-19,595.8562622070312
2025-09-22,599.3837280273438
2025-09-23,595.4025268554688
2025-09-24,593.3123168945312
2025-09-25,590.75439453125
2025-09-26,593.182861328125
2025-09-29,595.9299926757812
2025-09-30,597.5623168945312
2025-10-01,600.4288330078125
2025-10-02,602.8972778320312
2025-10-03,600.3591918945312
2025-10-06,604.8680419921875
2025-10-07,601.6830444335938
2025-10-08,608.58056640625
2025-10-09,607.843994140625
2025-10-10,586.7431640625
2025-10-13,599.1946411132812
2025-10-14,595.2034301757812
2025-10-15,599.4036865234375
2025-10-16,597.1841430664062
2025-10-17,601.1056518554688
2025-10-20,608.6800537109375
2025-10-21,608.5208740234375
2025-10-22,602.6583862304688
2025-10-23,607.724609375
2025-10-24,614.2140502929688
2025-10-27,625.1527709960938
2025-10-28,629.9601440429688
2025-10-29,632.7967529296875
2025-10-30,623.1221923828125
2025-10-31,626.1281127929688
2025-11-03,629.1240844726562
2025-11-04,616.35400390625
2025-11-05,620.365234375
2025-11-06,608.8095703125
2025-11-07,606.8884887695312
2025-11-10,620.3154296875
2025-11-11,618.6632690429688
2025-11-12,618.175537109375
2025-11-13,605.5548095703125
2025-11-14,606.0125732421875
2025-11-17,600.8369140625
2025-11-18,593.5213012695312
2025-11-19,597.0646362304688
2025-11-20,582.93115234375
2025-11-21,587.3104858398438
2025-11-24,602.3299560546875
2025-11-25,606.0425415039062
2025-11-26,611.3973388671875
2025-11-28,616.35400390625
2025-12-01,614.2837524414062
2025-12-02,619.0911865234375
2025-12-03,620.6041870117188
2025-12-04,620.0267944335938
2025-12-05,622.5548706054688
2025-12-08,621.360595703125
2025-12-09,622.1268920898438
2025-12-10,624.6749267578125
2025-12-11,622.6544799804688
2025-12-12,610.7503662109375
2025-12-15,607.6847534179688
2025-12-16,608.8890991210938
2025-12-17,597.60205078125
2025-12-18,606.2614135742188
2025-12-19,614.164306640625
2025-12-22,617.1082763671875
2025-12-23,619.9984741210938
2025-12-24,621.812255859375
2025-12-26,621.7723999023438
2025-12-29,618.7626342773438
2025-12-30,617.3275146484375
2025-12-31,612.2249145507812
2026-01-02,611.0390014648438
2026-01-05,615.8923950195312
2026-01-06,621.3040161132812
2026-01-07,621.9019775390625
2026-01-08,618.364013671875
2026-01-09,624.5230102539062
2026-01-12,625.041259765625
2026-01-13,624.1144409179688
2026-01-14,617.4470825195312
2026-01-15,619.6695556640625
2026-01-16,619.1513061523438
2026-01-20,605.9961547851562
2026-01-21,614.1882934570312
2026-01-22,618.6530151367188
2026-01-23,620.6063232421875
2026-01-26,623.337158203125
2026-01-27,628.9878540039062
2026-01-28,631.0706787109375
2026-01-29,627.2935791015625
2026-01-30,619.7592163085938
2026-02-02,624.0148315429688
2026-02-03,614.427490234375
2026-02-04,603.6939086914062
2026-02-05,595.0036010742188
2026-02-06,607.5807495117188
2026-02-09,612.23486328125
2026-02-10,609.39453125
2026-02-11,611.0289916992188
2026-02-12,598.6013793945312
2026-02-13,599.876953125
2026-02-17,599.259033203125
2026-02-18,603.73388671875
2026-02-19,601.421630859375
2026-02-20,606.7435302734375
2026-02-23,599.36865234375
2026-02-24,605.8067626953125
2026-02-25,614.5868530273438
2026-02-26,607.1721801757812
2026-02-27,605.228759765625
2026-03-02,606.0260620117188
2026-03-03,599.5381469726562
2026-03-04,608.6769409179688
2026-03-05,606.84326171875
2026-03-06,597.71435546875
2026-03-09,605.6971435546875
2026-03-10,605.7071533203125
2026-03-11,605.6273193359375
2026-03-12,595.2327880859375
2026-03-13,591.7047729492188
2026-03-16,598.3422241210938
2026-03-17,601.2622680664062
2026-03-18,592.880859375
2026-03-19,591.0071411132812
2026-03-20,580.0843505859375
2026-03-23,586.7431640625
2026-03-24,582.731689453125
2026-03-25,586.5635375976562
2026-03-26,572.5634765625
2026-03-27,561.3775024414062
2026-03-30,557.086669921875
2026-03-31,575.9462280273438
2026-04-01,583.06103515625
2026-04-02,583.7295532226562
2026-04-06,587.2420654296875
2026-04-07,587.3319091796875
2026-04-08,604.7944946289062
2026-04-09,608.8857421875
2026-04-10,609.7638549804688
2026-04-13,616.0703125
2026-04-14,627.2562866210938
2026-04-15,636.0375366210938
2026-04-16,639.1009521484375
2026-04-17,647.4630126953125
2026-04-20,645.4074096679688
2026-04-21,642.9526977539062
2026-04-22,653.709716796875
2026-04-23,650.0275268554688
2026-04-24,662.4609375
2026-04-27,662.8101806640625
2026-04-28,656.1444702148438
2026-04-29,660.1558837890625
2026-04-30,666.3126220703125
2026-05-01,672.708984375
2026-05-04,671.4417114257812
2026-05-05,680.1530151367188
2026-05-06,694.2827758789062
2026-05-07,693.4545288085938
2026-05-08,709.709716796875
2026-05-11,711.7652587890625
2026-05-12,705.7282104492188
2026-05-13,713.1823120117188
2026-05-14,718.2514038085938
2026-05-15,707.4146728515625
2026-05-18,704.3711547851562
2026-05-19,700.030517578125
2026-05-20,711.6256713867188
2026-05-21,712.9827270507812
2026-05-22,716.0062255859375
2026-05-26,728.7190551757812
2026-05-27,727.8908081054688
2026-05-28,734.027587890625
2026-05-29,736.7318115234375
2026-06-01,741.1524047851562
2026-06-02,744.5650024414062
2026-06-03,742.6192626953125
2026-06-04,739.0269165039062
2026-06-05,703.5529174804688
2026-06-08,714.5393676757812
2026-06-09,706.3169555664062
2026-06-10,692.2072143554688
2026-06-11,715.5870971679688
2026-06-12,719.798095703125
2026-06-15,742.40966796875
2026-06-16,728.2998657226562
2026-06-17,720.965576171875
2026-06-18,739.0369262695312
2026-06-22,737.1818237304688
2026-06-23,712.9071655273438
2026-06-24,709.8803100585938
2026-06-25,715.63427734375
2026-06-26,705.7846069335938
2026-06-29,723.3262939453125
2026-06-30,735.6334838867188
2026-07-01,724.4151000976562
2026-07-02,711.8582153320312
2026-07-06,722.067626953125
2026-07-07,708.6915283203125
2026-07-08,710.699462890625
2026-07-09,722.5271606445312
2026-07-10,724.7548217773438
2026-07-13,710.9990844726562
2026-07-14,718.9408569335938
2026-07-15,716.9928588867188
2026-07-16,705.2051391601562
2026-07-17,694.606201171875
2026-07-20,695.33544921875
2026-07-21,708.2319946289062
2026-07-22,704.61572265625
2026-07-23,691.23974609375
2026-07-24,683.5177612304688
2026-07-27,681.4099731445312
2026-07-28,674.786865234375
2026-07-29,661.0411376953125
2026-07-30,682.8384399414062
2026-07-31,687.2738647460938
2026-08-03,699.34130859375
2026-08-04,723.0964965820312
2026-08-05,716.5533447265625
2026-08-06,713.9061279296875
2026-08-07,722.2774047851562
2026-08-10,720.11962890625
2026-08-11,717.7021484375
2026-08-12,722.9467163085938
2026-08-13,731.3079833984375
2026-08-14,730.3090209960938
2026-08-17,729.1102294921875
2026-08-18,716.7631225585938
2026-08-19,715.3345947265625
2026-08-20,710.18994140625
2026-08-21,712.6973876953125
2026-08-24,705.5847778320312
2026-08-25,709.9801635742188
2026-08-26,710.6295166015625
2026-08-27,720.359375
2026-08-28,715.6842651367188
2026-08-31,716.013916015625
2026-09-01,706.9033813476562
2026-09-02,708.501708984375
2026-09-03,716.9229125976562
2026-09-04,718.2116088867188
2026-09-08,717.6122436523438
2026-09-09,715.5643920898438
2026-09-10,707.9523315429688
2026-09-11,714.1358642578125
2026-09-14,708.4417724609375
2026-09-15,703.8065795898438
2026-09-16,703.9863891601562
2026-09-17,716.1737060546875
2026-09-18,720.6990356445312
2026-09-21,741.469970703125
2026-09-22,747.4600219726562
2026-09-23,741.2100219726562
2026-09-24,741.0999755859375
2026-09-25,744.5
2026-09-28,736.530029296875
2026-09-29,737.9299926757812
