date,close
2006-01-03,133.5350799560547
2006-01-04,133.64537048339844
2006-01-05,133.75563049316406
2006-01-06,133.9761505126953
2006-01-09,134.5275115966797
2006-01-10,131.27459716796875
2006-01-11,130.11676025390625
2006-01-12,130.6129608154297
2006-01-13,129.62059020996094
2006-01-16,129.5102996826172
2006-01-17,127.3600845336914
2006-01-18,125.26494598388672
2006-01-19,126.9189910888672
2006-01-20,124.32766723632812
2006-01-23,124.93415069580078
2006-01-24,124.10714721679688
2006-01-25,126.25740051269533
2006-01-26,128.46275329589844
2006-01-27,128.46275329589844
2006-01-30,127.69085693359376
2006-01-31,128.46275329589844
2006-02-01,129.56539916992188
2006-02-02,131.164306640625
2006-02-03,131.60540771484375
2006-02-06,131.44000244140625
2006-02-07,132.1016082763672
2006-02-08,131.71566772460938
2006-02-09,133.14915466308594
2006-02-10,133.64537048339844
2006-02-13,134.69293212890625
2006-02-14,135.07882690429688
2006-02-15,134.2518310546875
2006-02-16,135.85072326660156
2006-02-17,136.73287963867188
2006-02-20,136.73287963867188
2006-02-21,135.57504272460938
2006-02-22,136.18154907226562
2006-02-23,137.17393493652344
2006-02-24,137.28424072265625
2006-02-27,138.3869171142578
2006-02-28,134.1967010498047
2006-03-01,136.18154907226562
2006-03-02,134.47238159179688
2006-03-03,133.14915466308594
2006-03-06,136.01614379882812
2006-03-07,134.2518310546875
2006-03-08,131.71566772460938
2006-03-09,133.0388946533203
2006-03-10,133.64537048339844
2006-03-13,136.2917938232422
2006-03-14,141.69496154785156
2006-03-15,142.1084442138672
2006-03-16,142.79763793945312
2006-03-17,148.1732177734375
2006-03-20,148.58673095703125
2006-03-21,146.93272399902344
2006-03-22,147.89756774902344
2006-03-23,149.55157470703125
2006-03-24,150.10292053222656
2006-03-27,152.72178649902344
2006-03-28,146.6570281982422
2006-03-29,149.965087890625
2006-03-30,151.6190948486328
2006-03-31,150.51646423339844
2006-04-03,154.65147399902344
2006-04-04,157.6839141845703
2006-04-05,155.478515625
2006-04-06,154.65147399902344
2006-04-07,154.10015869140625
2006-04-10,154.513671875
2006-04-11,152.3082733154297
2006-04-12,151.6190948486328
2006-04-13,154.513671875
2006-04-18,154.92715454101562
2006-04-19,159.2000732421875
2006-04-20,159.61358642578125
2006-04-21,158.23524475097656
2006-04-24,158.0973663330078
2006-04-25,157.82174682617188
2006-04-26,157.40821838378906
2006-04-27,158.51089477539062
2006-04-28,157.54605102539062
2006-05-02,160.16494750976562
2006-05-03,156.58120727539062
2006-05-04,157.132568359375
2006-05-05,162.3702850341797
2006-05-08,166.3675079345703
2006-05-09,166.3675079345703
2006-05-10,167.33236694335938
2006-05-11,167.8837127685547
2006-05-12,164.7135009765625
2006-05-15,161.4054412841797
2006-05-16,158.37306213378906
2006-05-17,153.27313232421875
2006-05-18,149.41375732421875
2006-05-19,148.31106567382812
2006-05-22,144.3138427734375
2006-05-23,151.34344482421875
2006-05-24,148.035400390625
2006-05-26,154.238037109375
2006-05-29,153.9623260498047
2006-05-30,149.00025939941406
2006-05-31,155.34068298339844
2006-06-01,154.10015869140625
2006-06-02,153.82447814941406
2006-06-06,148.58673095703125
2006-06-07,145.96786499023438
2006-06-08,140.3165740966797
2006-06-09,143.9003143310547
2006-06-12,139.90310668945312
2006-06-13,137.44964599609375
2006-06-14,138.6625518798828
2006-06-15,145.55433654785156
2006-06-16,142.79763793945312
2006-06-19,147.48406982421875
2006-06-20,148.58673095703125
2006-06-21,149.27590942382812
2006-06-22,148.44888305664062
2006-06-23,148.035400390625
2006-06-26,148.1732177734375
2006-06-27,148.58673095703125
2006-06-28,150.92994689941406
2006-06-29,154.37583923339844
2006-06-30,157.95956420898438
2006-07-03,161.12979125976562
2006-07-04,160.02711486816406
2006-07-05,156.30552673339844
2006-07-06,158.78656005859375
2006-07-07,156.71902465820312
2006-07-10,158.0973663330078
2006-07-11,154.513671875
2006-07-12,155.34068298339844
2006-07-13,150.10292053222656
2006-07-14,149.965087890625
2006-07-17,146.79489135742188
2006-07-18,146.79489135742188
2006-07-19,150.65426635742188
2006-07-20,152.4461212158203
2006-07-21,150.79212951660156
2006-07-24,153.27313232421875
2006-07-25,154.92715454101562
2006-07-26,156.71902465820312
2006-07-27,159.06222534179688
2006-07-28,159.61358642578125
2006-07-31,156.71902465820312
2006-08-02,160.99192810058594
2006-08-03,156.71902465820312
2006-08-04,158.0973663330078
2006-08-07,156.8568878173828
2006-08-08,156.0298614501953
2006-08-09,157.95956420898438
2006-08-10,156.0298614501953
2006-08-11,156.0298614501953
2006-08-14,158.23524475097656
2006-08-15,160.57843017578125
2006-08-16,162.50811767578125
2006-08-17,163.61080932617188
2006-08-18,163.1973114013672
2006-08-21,162.3702850341797
2006-08-22,161.68112182617188
2006-08-23,159.61358642578125
2006-08-24,159.61358642578125
2006-08-25,160.02711486816406
2006-08-28,159.06222534179688
2006-08-29,161.68112182617188
2006-08-30,162.09463500976562
2006-08-31,164.16213989257812
2006-09-01,164.2999725341797
2006-09-04,166.3675079345703
2006-09-05,164.7135009765625
2006-09-06,160.57843017578125
2006-09-07,156.99468994140625
2006-09-08,157.2703857421875
2006-09-11,156.71902465820312
2006-09-12,158.37306213378906
2006-09-13,159.33790588378906
2006-09-14,159.4757537841797
2006-09-15,159.33790588378906
2006-09-18,157.6839141845703
2006-09-19,157.82174682617188
2006-09-20,158.92440795898438
2006-09-21,160.30279541015625
2006-09-22,157.132568359375
2006-09-25,157.2703857421875
2006-09-26,160.16494750976562
2006-09-27,161.81898498535156
2006-09-28,161.54330444335938
2006-09-29,161.26760864257812
2006-10-02,161.95677185058594
2006-10-03,160.30279541015625
2006-10-04,160.16494750976562
2006-10-05,160.99192810058594
2006-10-06,161.4054412841797
2006-10-09,160.44058227539062
2006-10-10,163.33514404296875
2006-10-11,165.2648162841797
2006-10-12,166.7810516357422
2006-10-13,166.22967529296875
2006-10-16,166.22967529296875
2006-10-17,162.78379821777344
2006-10-18,163.7486572265625
2006-10-19,164.57565307617188
2006-10-20,163.4729766845703
2006-10-23,164.57565307617188
2006-10-24,163.7486572265625
2006-10-25,162.50811767578125
2006-10-26,160.7162628173828
2006-10-27,161.81898498535156
2006-10-30,162.78379821777344
2006-10-31,161.81898498535156
2006-11-01,160.30279541015625
2006-11-02,159.06222534179688
2006-11-03,160.7162628173828
2006-11-06,164.851318359375
2006-11-07,165.8162078857422
2006-11-08,165.2648162841797
2006-11-09,164.7135009765625
2006-11-10,164.0243377685547
2006-11-13,166.09185791015625
2006-11-14,163.1973114013672
2006-11-15,164.2999725341797
2006-11-16,166.22967529296875
2006-11-17,164.16213989257812
2006-11-20,164.57565307617188
2006-11-21,165.54051208496094
2006-11-22,167.33236694335938
2006-11-23,168.7107391357422
2006-11-24,166.22967529296875
2006-11-27,162.6459503173828
2006-11-28,162.23243713378906
2006-11-29,164.16213989257812
2006-11-30,162.6459503173828
2006-12-01,162.09463500976562
2006-12-04,162.78379821777344
2006-12-05,164.7135009765625
2006-12-06,165.2648162841797
2006-12-07,168.7107391357422
2006-12-08,169.12423706054688
2006-12-11,167.8837127685547
2006-12-12,169.12423706054688
2006-12-13,168.7107391357422
2006-12-14,169.53775024414062
2006-12-15,167.60806274414062
2006-12-18,169.12423706054688
2006-12-19,167.8837127685547
2006-12-20,168.57289123535156
2006-12-21,167.47023010253906
2006-12-22,168.9864044189453
2006-12-27,169.81341552734375
2006-12-28,168.9864044189453
2006-12-29,168.2971954345703
2007-01-03,169.12423706054688
2007-01-04,169.39990234375
2007-01-05,170.6404266357422
2007-01-08,171.053955078125
2007-01-09,172.01876831054688
2007-01-10,171.053955078125
2007-01-11,172.983642578125
2007-01-12,172.84579467773438
2007-01-15,172.983642578125
2007-01-16,173.12147521972656
2007-01-17,175.74037170410156
2007-01-18,175.3268280029297
2007-01-19,174.913330078125
2007-01-22,174.913330078125
2007-01-23,175.3268280029297
2007-01-24,176.84304809570312
2007-01-25,176.42953491210938
2007-01-26,174.0863037109375
2007-01-29,172.84579467773438
2007-01-30,173.39710998535156
2007-01-31,172.5701141357422
2007-02-01,174.36199951171875
2007-02-02,177.8079071044922
2007-02-05,176.98085021972656
2007-02-06,179.04840087890625
2007-02-07,181.94293212890625
2007-02-08,184.01046752929688
2007-02-09,183.45913696289065
2007-02-12,182.3564453125
2007-02-13,182.4943084716797
2007-02-14,182.4943084716797
2007-02-15,182.63214111328125
2007-02-16,180.7024383544922
2007-02-19,182.76995849609372
2007-02-20,181.66729736328125
2007-02-21,180.4267425537109
2007-02-22,181.66729736328125
2007-02-23,179.87542724609375
2007-02-26,181.5294342041016
2007-02-27,173.53497314453125
2007-02-28,171.32960510253906
2007-03-01,169.95126342773438
2007-03-02,169.53775024414062
2007-03-05,167.19454956054688
2007-03-06,167.19454956054688
2007-03-07,167.8837127685547
2007-03-08,168.9864044189453
2007-03-09,169.81341552734375
2007-03-12,169.2620849609375
2007-03-13,169.12423706054688
2007-03-14,162.6459503173828
2007-03-15,164.4378204345703
2007-03-16,162.6459503173828
2007-03-19,165.12701416015625
2007-03-20,166.7810516357422
2007-03-21,168.15939331054688
2007-03-22,170.3647918701172
2007-03-23,171.46743774414062
2007-03-26,171.32960510253906
2007-03-27,168.15939331054688
2007-03-28,165.4026641845703
2007-03-29,168.15939331054688
2007-03-30,168.15939331054688
2007-04-02,168.15939331054688
2007-04-03,170.3647918701172
2007-04-04,171.74310302734375
2007-04-05,171.1917724609375
2007-04-10,172.983642578125
2007-04-11,172.43228149414062
2007-04-12,172.983642578125
2007-04-13,172.15663146972656
2007-04-16,176.5673828125
2007-04-17,175.74037170410156
2007-04-18,174.913330078125
2007-04-19,173.12147521972656
2007-04-20,175.18896484375
2007-04-23,174.77548217773438
2007-04-24,173.25927734375
2007-04-25,174.77548217773438
2007-04-26,175.05116271972656
2007-04-27,172.5701141357422
2007-04-30,172.84579467773438
2007-05-02,173.25927734375
2007-05-03,172.84579467773438
2007-05-04,175.3268280029297
2007-05-07,175.74037170410156
2007-05-08,174.36199951171875
2007-05-09,174.913330078125
2007-05-10,174.77548217773438
2007-05-11,176.42953491210938
2007-05-14,175.4646759033203
2007-05-15,176.98085021972656
2007-05-16,176.1538848876953
2007-05-18,178.6348876953125
2007-05-21,179.87542724609375
2007-05-22,179.87542724609375
2007-05-23,181.80514526367188
2007-05-24,182.90782165527344
2007-05-25,180.7024383544922
2007-05-29,182.08079528808597
2007-05-30,180.2889404296875
2007-05-31,181.80514526367188
2007-06-01,182.4943084716797
2007-06-04,182.4943084716797
2007-06-05,181.80514526367188
2007-06-06,179.3240509033203
2007-06-07,177.39439392089844
2007-06-08,176.84304809570312
2007-06-11,178.0835418701172
2007-06-12,177.67005920410156
2007-06-13,177.1186981201172
2007-06-14,178.6348876953125
2007-06-15,181.11595153808597
2007-06-18,181.5294342041016
2007-06-19,180.4267425537109
2007-06-20,181.5294342041016
2007-06-21,178.6348876953125
2007-06-22,178.0835418701172
2007-06-25,177.67005920410156
2007-06-26,176.42953491210938
2007-06-27,175.4646759033203
2007-06-28,176.42953491210938
2007-06-29,178.6348876953125
2007-07-02,176.70521545410156
2007-07-03,178.0835418701172
2007-07-04,177.53221130371094
2007-07-05,176.98085021972656
2007-07-06,176.98085021972656
2007-07-09,177.39439392089844
2007-07-10,175.74037170410156
2007-07-11,174.0863037109375
2007-07-12,173.6728057861328
2007-07-13,174.36199951171875
2007-07-16,175.74037170410156
2007-07-17,173.6728057861328
2007-07-18,171.46743774414062
2007-07-19,172.15663146972656
2007-07-20,171.32960510253906
2007-07-23,171.74310302734375
2007-07-24,169.6755828857422
2007-07-25,167.60806274414062
2007-07-26,163.1973114013672
2007-07-27,162.92160034179688
2007-07-30,162.50811767578125
2007-07-31,165.12701416015625
2007-08-02,161.95677185058594
2007-08-03,156.44334411621094
2007-08-06,154.92715454101562
2007-08-07,156.30552673339844
2007-08-08,158.92440795898438
2007-08-09,155.478515625
2007-08-10,150.2407684326172
2007-08-13,152.99745178222656
2007-08-14,151.34344482421875
2007-08-15,150.10292053222656
2007-08-16,146.93272399902344
2007-08-17,148.72459411621094
2007-08-20,149.27590942382812
2007-08-21,149.00025939941406
2007-08-22,152.03260803222656
2007-08-23,152.85963439941406
2007-08-24,152.3082733154297
2007-08-27,153.1352996826172
2007-08-28,153.27313232421875
2007-08-29,154.513671875
2007-08-30,156.30552673339844
2007-08-31,158.0973663330078
2007-09-03,159.06222534179688
2007-09-04,160.44058227539062
2007-09-05,158.51089477539062
2007-09-06,159.2000732421875
2007-09-07,157.40821838378906
2007-09-10,157.40821838378906
2007-09-11,158.78656005859375
2007-09-12,158.78656005859375
2007-09-13,159.88925170898438
2007-09-14,158.78656005859375
2007-09-17,157.40821838378906
2007-09-18,157.95956420898438
2007-09-19,162.09463500976562
2007-09-20,160.99192810058594
2007-09-21,163.4729766845703
2007-09-24,164.2999725341797
2007-09-25,164.16213989257812
2007-09-26,165.2648162841797
2007-09-27,165.8162078857422
2007-09-28,166.50537109375
2007-10-01,168.57289123535156
2007-10-02,168.8485870361328
2007-10-03,170.91610717773438
2007-10-04,171.8809814453125
2007-10-05,172.43228149414062
2007-10-08,172.15663146972656
2007-10-09,173.94850158691406
2007-10-10,175.18896484375
2007-10-11,175.87818908691406
2007-10-12,174.49981689453125
2007-10-15,174.36199951171875
2007-10-16,173.25927734375
2007-10-17,175.18896484375
2007-10-18,174.77548217773438
2007-10-19,176.5673828125
2007-10-22,172.5701141357422
2007-10-23,173.12147521972656
2007-10-24,171.74310302734375
2007-10-25,173.6728057861328
2007-10-26,173.39710998535156
2007-10-29,174.49981689453125
2007-10-30,173.94850158691406
2007-10-31,176.42953491210938
2007-11-01,172.29446411132812
2007-11-02,172.5701141357422
2007-11-05,170.6404266357422
2007-11-06,179.7375946044922
2007-11-07,172.29446411132812
2007-11-08,164.4378204345703
2007-11-09,161.81898498535156
2007-11-12,160.16494750976562
2007-11-13,161.26760864257812
2007-11-14,162.23243713378906
2007-11-15,161.54330444335938
2007-11-16,158.0973663330078
2007-11-19,160.8541259765625
2007-11-20,168.02154541015625
2007-11-21,162.78379821777344
2007-11-22,160.8541259765625
2007-11-23,163.7486572265625
2007-11-26,163.7486572265625
2007-11-27,165.6783447265625
2007-11-28,171.1917724609375
2007-11-29,171.60525512695312
2007-11-30,175.3268280029297
2007-12-03,162.78379821777344
2007-12-04,164.2999725341797
2007-12-05,168.57289123535156
2007-12-06,168.9864044189453
2007-12-07,170.6404266357422
2007-12-10,170.5026092529297
2007-12-11,168.43504333496094
2007-12-12,167.05670166015625
2007-12-13,163.4729766845703
2007-12-14,163.05946350097656
2007-12-17,159.75143432617188
2007-12-18,159.75143432617188
2007-12-19,157.54605102539062
2007-12-20,156.0298614501953
2007-12-21,156.16770935058594
2007-12-27,155.89202880859375
2007-12-28,156.0298614501953
2008-01-03,152.583984375
2008-01-04,150.65426635742188
2008-01-07,147.6219024658203
2008-01-08,147.20838928222656
2008-01-09,146.38136291503906
2008-01-10,146.10569763183594
2008-01-11,147.070556640625
2008-01-14,148.58673095703125
2008-01-15,147.48406982421875
2008-01-16,147.070556640625
2008-01-17,145.2786865234375
2008-01-18,144.0381622314453
2008-01-21,133.86587524414062
2008-01-22,138.11123657226562
2008-01-23,134.5826416015625
2008-01-24,144.17599487304688
2008-01-25,143.2111358642578
2008-01-28,142.9354705810547
2008-01-29,145.0030059814453
2008-01-30,145.0030059814453
2008-01-31,143.6246795654297
2008-02-01,146.38136291503906
2008-02-04,146.10569763183594
2008-02-05,141.2814483642578
2008-02-06,141.69496154785156
2008-02-07,139.90310668945312
2008-02-08,139.90310668945312
2008-02-11,136.73287963867188
2008-02-12,140.3165740966797
2008-02-13,140.86795043945312
2008-02-14,140.04092407226562
2008-02-15,138.11123657226562
2008-02-18,141.0057830810547
2008-02-19,142.24630737304688
2008-02-20,142.38412475585938
2008-02-21,143.07330322265625
2008-02-22,141.69496154785156
2008-02-25,144.58950805664062
2008-02-26,148.31106567382812
2008-02-27,147.34622192382812
2008-02-28,146.51919555664062
2008-02-29,144.8651580810547
2008-03-03,141.0057830810547
2008-03-04,137.61502075195312
2008-03-05,139.7652587890625
2008-03-06,137.063720703125
2008-03-07,133.14915466308594
2008-03-10,130.9438018798828
2008-03-11,132.65296936035156
2008-03-12,135.2993927001953
2008-03-13,132.487548828125
2008-03-14,131.88107299804688
2008-03-17,125.5406265258789
2008-03-18,129.1243438720703
2008-03-19,130.11676025390625
2008-03-20,130.72325134277344
2008-03-25,135.85072326660156
2008-03-26,137.97340393066406
2008-03-27,147.89756774902344
2008-03-28,150.2407684326172
2008-03-31,152.1704559326172
2008-04-01,160.16494750976562
2008-04-02,158.37306213378906
2008-04-03,156.8568878173828
2008-04-04,162.23243713378906
2008-04-07,165.2648162841797
2008-04-08,163.33514404296875
2008-04-09,160.99192810058594
2008-04-10,161.54330444335938
2008-04-11,161.95677185058594
2008-04-14,159.75143432617188
2008-04-15,162.09463500976562
2008-04-16,164.851318359375
2008-04-17,162.92160034179688
2008-04-18,168.43504333496094
2008-04-21,164.57565307617188
2008-04-22,161.81898498535156
2008-04-23,162.50811767578125
2008-04-24,163.88650512695312
2008-04-25,166.7810516357422
2008-04-28,170.08909606933594
2008-04-29,169.81341552734375
2008-04-30,171.1917724609375
2008-05-02,175.18896484375
2008-05-05,175.18896484375
2008-05-06,171.74310302734375
2008-05-07,172.5701141357422
2008-05-08,172.43228149414062
2008-05-09,171.053955078125
2008-05-13,168.02154541015625
2008-05-14,168.15939331054688
2008-05-15,170.08909606933594
2008-05-16,170.22691345214844
2008-05-19,167.74588012695312
2008-05-20,165.6783447265625
2008-05-21,164.0243377685547
2008-05-22,161.54330444335938
2008-05-23,159.88925170898438
2008-05-26,160.44058227539062
2008-05-27,158.92440795898438
2008-05-28,159.61358642578125
2008-05-29,161.95677185058594
2008-05-30,161.68112182617188
2008-06-02,159.88925170898438
2008-06-03,160.99192810058594
2008-06-04,160.7162628173828
2008-06-05,160.8541259765625
2008-06-06,157.82174682617188
2008-06-09,156.44334411621094
2008-06-10,153.82447814941406
2008-06-11,153.82447814941406
2008-06-12,154.10015869140625
2008-06-13,156.16770935058594
2008-06-16,155.89202880859375
2008-06-17,156.0298614501953
2008-06-18,155.89202880859375
2008-06-19,154.92715454101562
2008-06-20,154.92715454101562
2008-06-23,149.00025939941406
2008-06-24,149.55157470703125
2008-06-25,150.65426635742188
2008-06-26,148.1732177734375
2008-06-27,147.6219024658203
2008-06-30,150.51646423339844
2008-07-01,147.6219024658203
2008-07-02,146.93272399902344
2008-07-03,147.48406982421875
2008-07-04,146.79489135742188
2008-07-07,149.00025939941406
2008-07-08,146.51919555664062
2008-07-09,149.55157470703125
2008-07-10,148.58673095703125
2008-07-11,145.14085388183594
2008-07-14,145.55433654785156
2008-07-15,144.17599487304688
2008-07-16,144.17599487304688
2008-07-17,146.6570281982422
2008-07-18,149.41375732421875
2008-07-21,151.6190948486328
2008-07-22,153.41098022460938
2008-07-23,156.99468994140625
2008-07-24,157.95956420898438
2008-07-25,155.06500244140625
2008-07-28,156.0298614501953
2008-07-29,145.96786499023438
2008-07-30,148.44888305664062
2008-07-31,149.41375732421875
2008-08-04,147.6219024658203
2008-08-05,151.0677947998047
2008-08-06,155.478515625
2008-08-07,156.30552673339844
2008-08-08,156.44334411621094
2008-08-11,157.54605102539062
2008-08-12,157.40821838378906
2008-08-13,150.2407684326172
2008-08-14,137.8355712890625
2008-08-15,131.32969665527344
2008-08-18,132.65296936035156
2008-08-19,128.18707275390625
2008-08-20,126.9189910888672
2008-08-21,123.77633666992188
2008-08-22,126.25740051269533
2008-08-25,125.92655181884766
2008-08-26,125.76117706298828
2008-08-27,123.50065612792967
2008-08-28,112.5840835571289
2008-08-29,110.81979370117188
2008-09-01,111.26087951660156
2008-09-02,113.02516174316406
2008-09-03,110.21330261230467
2008-09-04,106.62957000732422
2008-09-05,104.81017303466795
2008-09-08,106.02312469482422
2008-09-09,106.90526580810548
2008-09-10,103.92800903320312
2008-09-11,102.54965209960938
2008-09-12,103.76262664794922
2008-09-15,99.95835876464844
2008-09-16,93.28710174560548
2008-09-17,90.80608367919922
2008-09-18,88.54557800292969
2008-09-19,93.72819519042967
2008-09-22,94.61033630371094
2008-09-23,92.95630645751952
2008-09-24,93.72819519042967
2008-09-25,95.05139923095705
2008-09-26,94.83086395263672
2008-09-29,89.09691619873047
2008-09-30,88.7109603881836
2008-10-01,89.15204620361328
2008-10-02,88.54557800292969
2008-10-03,90.97146606445312
2008-10-06,86.17479705810547
2008-10-07,83.252685546875
2008-10-08,79.66895294189453
2008-10-09,78.12519836425781
2008-10-10,68.36643981933594
2008-10-13,72.77716827392578
2008-10-14,76.63656616210938
2008-10-15,70.29613494873047
2008-10-16,67.92536163330078
2008-10-17,69.46912384033203
2008-10-20,70.46154022216797
2008-10-21,69.57939147949219
2008-10-22,67.92536163330078
2008-10-23,65.33406066894531
2008-10-24,58.88335418701172
2008-10-27,56.6779899597168
2008-10-28,53.480201721191406
2008-10-29,57.06392288208008
2008-10-30,57.33959197998047
2008-10-31,57.33959197998047
2008-11-03,60.86819076538086
2008-11-04,73.43877410888672
2008-11-05,72.77716827392578
2008-11-06,62.41194152832031
2008-11-07,65.775146484375
2008-11-10,65.4443359375
2008-11-11,60.096309661865234
2008-11-12,48.04948043823242
2008-11-13,44.90682220458984
2008-11-14,45.23763275146485
2008-11-17,43.63873672485352
2008-11-18,42.39822006225586
2008-11-19,41.13013458251953
2008-11-20,36.7745246887207
2008-11-21,35.230770111083984
2008-11-24,37.87721252441406
2008-11-25,38.59395980834961
2008-11-26,38.37342071533203
2008-11-27,39.64151382446289
2008-11-28,40.99229049682617
2008-12-01,39.72420883178711
2008-12-02,41.95714569091797
2008-12-03,40.88202667236328
2008-12-04,40.27556228637695
2008-12-05,39.3658332824707
2008-12-08,43.17010116577149
2008-12-09,43.7490119934082
2008-12-10,44.68629455566406
2008-12-11,44.46574783325195
2008-12-12,42.784156799316406
2008-12-15,40.60635757446289
2008-12-16,39.69664001464844
2008-12-17,38.45611953735352
2008-12-18,37.2707405090332
2008-12-19,38.59395980834961
2008-12-22,35.837249755859375
2008-12-23,39.53124237060547
2008-12-29,40.22041702270508
2008-12-30,39.91718673706055
2009-01-05,43.30793380737305
2009-01-06,43.30793380737305
2009-01-07,43.7490119934082
2009-01-08,42.508487701416016
2009-01-09,42.067420959472656
2009-01-12,42.03984832763672
2009-01-13,40.02743911743164
2009-01-14,38.84205627441406
2009-01-15,38.29071807861328
2009-01-16,38.89720153808594
2009-01-19,35.589149475097656
2009-01-20,34.458892822265625
2009-01-21,32.143253326416016
2009-01-22,32.63946533203125
2009-01-23,31.398948669433597
2009-01-26,34.92752456665039
2009-01-27,33.71457290649414
2009-01-28,36.4437141418457
2009-01-29,34.18321990966797
2009-01-30,34.84482955932617
2009-02-02,34.651859283447266
2009-02-03,34.70698928833008
2009-02-04,34.982662200927734
2009-02-05,33.57674789428711
2009-02-06,33.57674789428711
2009-02-09,32.804866790771484
2009-02-10,31.92271423339844
2009-02-11,30.902734756469727
2009-02-12,30.24112701416016
2009-02-13,28.5043888092041
2009-02-16,27.25836181640625
2009-02-17,23.70771598815918
2009-02-18,23.93927955627441
2009-02-19,24.89861869812012
2009-02-20,27.01577377319336
2009-02-23,28.669795989990234
2009-02-24,31.04056930541992
2009-02-25,31.398948669433597
2009-02-26,33.16324234008789
2009-02-27,31.70218086242676
2009-03-02,29.71735382080078
2009-03-03,29.496809005737305
2009-03-04,30.24112701416016
2009-03-05,28.917903900146484
2009-03-06,28.587099075317383
2009-03-09,26.68496322631836
2009-03-10,27.62224769592285
2009-03-11,28.945465087890625
2009-03-12,30.29625701904297
2009-03-13,33.68701171875
2009-03-16,35.64427947998047
2009-03-17,35.86481094360352
2009-03-18,35.86481094360352
2009-03-19,37.76694869995117
2009-03-20,37.76694869995117
2009-03-23,39.83447647094727
2009-03-24,40.440956115722656
2009-03-25,43.114967346191406
2009-03-26,43.473331451416016
2009-03-27,43.50090026855469
2009-03-30,40.90959167480469
2009-03-31,43.30793380737305
2009-04-01,46.86409759521485
2009-04-02,48.793792724609375
2009-04-03,48.73865509033203
2009-04-06,46.72624588012695
2009-04-07,45.347904205322266
2009-04-08,45.5133056640625
2009-04-09,47.85651779174805
2009-04-14,49.59323120117188
2009-04-15,49.86891174316406
2009-04-16,51.66077423095703
2009-04-17,51.16455841064453
2009-04-20,49.62080383300781
2009-04-21,48.82135391235352
2009-04-22,50.75106048583984
2009-04-23,48.68351364135742
2009-04-24,49.81376647949219
2009-04-27,49.04188919067383
2009-04-28,47.71866607666016
2009-04-29,47.55326843261719
2009-04-30,49.262428283691406
2009-05-04,49.62080383300781
2009-05-05,49.53810501098633
2009-05-06,48.84892272949219
2009-05-07,48.65595626831055
2009-05-08,51.826168060302734
2009-05-11,50.77862548828125
2009-05-12,51.88131332397461
2009-05-13,50.83374786376953
2009-05-14,50.03431701660156
2009-05-15,49.62080383300781
2009-05-18,51.13699722290039
2009-05-19,51.908878326416016
2009-05-20,51.27482604980469
2009-05-22,49.64837646484375
2009-05-25,49.841339111328125
2009-05-26,50.22727584838867
2009-05-27,50.66835784912109
2009-05-28,49.09703063964844
2009-05-29,49.262428283691406
2009-06-02,51.826168060302734
2009-06-03,52.12942123413086
2009-06-04,54.05910110473633
2009-06-05,55.575294494628906
2009-06-08,56.51258087158203
2009-06-09,55.40989685058594
2009-06-10,56.51258087158203
2009-06-11,57.06392288208008
2009-06-12,57.06392288208008
2009-06-15,54.66559219360352
2009-06-16,54.14181137084961
2009-06-17,52.57047653198242
2009-06-18,53.7558708190918
2009-06-19,54.527740478515625
2009-06-22,51.71590805053711
2009-06-23,49.09703063964844
2009-06-24,50.99916076660156
2009-06-25,49.262428283691406
2009-06-26,50.30998229980469
2009-06-29,51.46780014038086
2009-06-30,51.71590805053711
2009-07-01,52.01914596557617
2009-07-02,50.58565521240234
2009-07-03,50.17215347290039
2009-07-06,49.841339111328125
2009-07-07,50.28240966796875
2009-07-08,48.82135391235352
2009-07-09,49.78620910644531
2009-07-10,49.70351028442383
2009-07-13,50.77862548828125
2009-07-14,52.21211624145508
2009-07-15,54.610450744628906
2009-07-16,55.13423156738281
2009-07-17,54.55531311035156
2009-07-20,56.236907958984375
2009-07-21,56.95365905761719
2009-07-22,57.33959197998047
2009-07-23,59.43470764160156
2009-07-24,60.59251403808594
2009-07-27,57.56013870239258
2009-07-28,57.61526870727539
2009-07-29,57.61526870727539
2009-07-30,58.88335418701172
2009-07-31,59.04874801635742
2009-08-03,59.37955474853516
2009-08-04,58.93848419189453
2009-08-05,59.9308967590332
2009-08-06,60.31684494018555
2009-08-07,60.81305694580078
2009-08-10,61.97086334228516
2009-08-11,61.41952133178711
2009-08-12,62.90814971923828
2009-08-13,65.22380065917969
2009-08-14,64.78269958496094
2009-08-17,62.57734680175781
2009-08-18,63.4594955444336
2009-08-19,63.07355117797852
2009-08-20,63.51461410522461
2009-08-21,64.6173095703125
2009-08-24,67.92536163330078
2009-08-25,70.02046203613281
2009-08-26,65.11351776123047
2009-08-27,66.0508041381836
2009-08-28,66.76753997802734
2009-08-31,66.0508041381836
2009-09-01,64.50704193115234
2009-09-02,62.63247299194336
2009-09-03,62.24654006958008
2009-09-04,63.18381881713867
2009-09-07,64.50704193115234
2009-09-08,65.2789306640625
2009-09-09,65.66484832763672
2009-09-10,65.83026123046875
2009-09-11,65.60973358154297
2009-09-14,64.45191192626953
2009-09-15,63.95570373535156
2009-09-16,65.38919067382812
2009-09-17,66.16107177734375
2009-09-18,66.38160705566406
2009-09-21,65.11351776123047
2009-09-22,65.4443359375
2009-09-23,65.33406066894531
2009-09-24,64.78269958496094
2009-09-25,63.51461410522461
2009-09-28,64.39677429199219
2009-09-29,65.38919067382812
2009-09-30,67.59455871582031
2009-10-01,65.94053649902344
2009-10-02,63.90056991577149
2009-10-05,66.93293762207031
2009-10-06,69.46912384033203
2009-10-07,69.634521484375
2009-10-08,71.34368896484375
2009-10-09,71.45397186279297
2009-10-12,74.15553283691406
2009-10-13,72.33611297607422
2009-10-14,73.05284881591797
2009-10-15,73.9901351928711
2009-10-16,77.29818725585938
2009-10-19,76.41605377197266
2009-10-20,76.25062561035156
2009-10-21,76.52629852294922
2009-10-22,75.69929504394531
2009-10-23,74.59661865234375
2009-10-26,71.78477478027344
2009-10-27,71.50908660888672
2009-10-28,67.59455871582031
2009-10-29,70.02046203613281
2009-10-30,68.03562927246094
2009-11-02,67.15349578857422
2009-11-03,66.93293762207031
2009-11-04,69.68965911865234
2009-11-05,69.74479675292969
2009-11-06,70.46154022216797
2009-11-09,71.23341369628906
2009-11-10,69.24859619140625
2009-11-11,73.5490493774414
2009-11-12,73.43877410888672
2009-11-13,72.28096771240234
2009-11-16,73.8247299194336
2009-11-17,72.77716827392578
2009-11-18,71.89502716064453
2009-11-19,70.84748077392578
2009-11-20,70.73722839355469
2009-11-23,72.8874282836914
2009-11-24,72.61177825927734
2009-11-25,72.22584533691406
2009-11-26,68.91778564453125
2009-11-27,70.18586730957031
2009-11-30,68.03562927246094
2009-12-01,69.74479675292969
2009-12-02,70.07559967041016
2009-12-03,70.40641021728516
2009-12-04,70.57181549072266
2009-12-07,71.12315368652344
2009-12-08,71.28855895996094
2009-12-09,71.01287841796875
2009-12-10,71.89502716064453
2009-12-11,72.1155776977539
2009-12-14,73.05284881591797
2009-12-15,72.94258117675781
2009-12-16,73.60419464111328
2009-12-17,72.22584533691406
2009-12-18,70.62694549560547
2009-12-21,71.67449951171875
2009-12-22,71.83988952636719
2009-12-23,71.72962188720703
2009-12-28,72.28096771240234
2009-12-29,72.8874282836914
2009-12-30,72.77716827392578
2010-01-04,74.8722915649414
2010-01-05,76.91223907470703
2010-01-06,76.74684143066406
2010-01-07,80.05487823486328
2010-01-08,79.77922058105469
2010-01-11,84.1899642944336
2010-01-12,83.252685546875
2010-01-13,80.66138458251953
2010-01-14,78.7316665649414
2010-01-15,77.13277435302734
2010-01-18,77.6290054321289
2010-01-19,77.8495101928711
2010-01-20,76.25062561035156
2010-01-21,74.43119812011719
2010-01-22,73.49394226074219
2010-01-25,73.60419464111328
2010-01-26,74.37606048583984
2010-01-27,74.76202392578125
2010-01-28,73.8798599243164
2010-01-29,74.48634338378906
2010-02-01,74.65174102783203
2010-02-02,76.96737670898438
2010-02-03,76.03009796142578
2010-02-04,75.4236068725586
2010-02-05,72.94258117675781
2010-02-08,70.73722839355469
2010-02-09,70.46154022216797
2010-02-10,72.0604248046875
2010-02-11,72.00529479980469
2010-02-12,71.06802368164062
2010-02-15,72.66690826416016
2010-02-16,73.3285140991211
2010-02-17,74.8722915649414
2010-02-18,74.92739868164062
2010-02-19,74.76202392578125
2010-02-22,76.14036560058594
2010-02-23,74.8722915649414
2010-02-24,74.92739868164062
2010-02-25,73.65933227539062
2010-02-26,74.65174102783203
2010-03-01,76.03009796142578
2010-03-02,76.85710144042969
2010-03-03,77.35331726074219
2010-03-04,77.79440307617188
2010-03-05,78.34573364257812
2010-03-08,77.68411254882812
2010-03-09,77.13277435302734
2010-03-10,78.01493072509766
2010-03-11,77.9046630859375
2010-03-12,78.23545837402344
2010-03-15,77.5738525390625
2010-03-16,78.23545837402344
2010-03-17,77.46357727050781
2010-03-18,76.69170379638672
2010-03-19,76.25062561035156
2010-03-22,74.76202392578125
2010-03-23,76.25062561035156
2010-03-24,75.58902740478516
2010-03-25,75.36849975585938
2010-03-26,75.36849975585938
2010-03-29,75.75442504882812
2010-03-30,75.47875213623047
2010-03-31,76.36089324951172
2010-04-01,77.18791961669922
2010-04-06,77.7392578125
2010-04-07,78.070068359375
2010-04-08,78.01493072509766
2010-04-09,79.5586929321289
2010-04-12,79.94462585449219
2010-04-13,79.88948059082031
2010-04-14,79.1727523803711
2010-04-15,78.89707946777344
2010-04-16,77.95979309082031
2010-04-19,76.25062561035156
2010-04-20,76.69170379638672
2010-04-21,75.53389739990234
2010-04-22,75.20307922363281
2010-04-23,75.75442504882812
2010-04-26,76.0852279663086
2010-04-27,74.10040283203125
2010-04-28,72.61177825927734
2010-04-29,73.43877410888672
2010-04-30,72.77716827392578
2010-05-03,73.10797882080078
2010-05-04,71.78477478027344
2010-05-05,69.02806091308594
2010-05-06,68.1458969116211
2010-05-07,65.05838012695312
2010-05-10,70.07559967041016
2010-05-11,69.52426147460938
2010-05-12,71.17829895019531
2010-05-14,67.98050689697266
2010-05-17,68.64212036132812
2010-05-18,69.68965911865234
2010-05-19,67.53941345214844
2010-05-20,66.71240997314453
2010-05-21,66.49188232421875
2010-05-25,64.34163665771484
2010-05-26,65.72000122070312
2010-05-27,68.36643981933594
2010-05-28,68.20104217529297
2010-05-31,68.64212036132812
2010-06-01,67.31887817382812
2010-06-02,67.53941345214844
2010-06-03,67.87023162841797
2010-06-04,65.4443359375
2010-06-07,64.01083374023438
2010-06-08,62.30167388916016
2010-06-09,62.026004791259766
2010-06-10,61.52979278564453
2010-06-11,62.46707534790039
2010-06-14,62.13626480102539
2010-06-15,62.90814971923828
2010-06-16,63.4594955444336
2010-06-17,63.34922790527344
2010-06-18,62.68761444091797
2010-06-21,63.18381881713867
2010-06-22,62.30167388916016
2010-06-23,60.86819076538086
2010-06-24,59.32442474365234
2010-06-25,59.04874801635742
2010-06-28,59.71037673950195
2010-06-29,58.05633544921875
2010-06-30,57.33959197998047
2010-07-01,56.62284469604492
2010-07-02,56.402320861816406
2010-07-05,55.35476303100586
2010-07-06,56.62284469604492
2010-07-07,57.22933578491211
2010-07-08,57.67040252685547
2010-07-09,59.21415710449219
2010-07-12,59.544952392578125
2010-07-13,60.81305694580078
2010-07-14,61.1989860534668
2010-07-15,59.87576675415039
2010-07-16,58.387149810791016
2010-07-19,58.387149810791016
2010-07-20,57.67040252685547
2010-07-21,57.83580780029297
2010-07-22,58.88335418701172
2010-07-23,58.71795272827149
2010-07-26,57.56013870239258
2010-07-27,60.48225402832031
2010-07-28,62.13626480102539
2010-07-29,61.08871841430664
2010-07-30,60.37197494506836
2010-08-02,61.6952018737793
2010-08-03,62.026004791259766
2010-08-04,62.026004791259766
2010-08-05,61.58491897583008
2010-08-06,60.81305694580078
2010-08-09,60.59251403808594
2010-08-10,60.20658493041992
2010-08-11,57.61526870727539
2010-08-12,56.29204177856445
2010-08-13,56.6779899597168
2010-08-16,55.29962921142578
2010-08-17,56.236907958984375
2010-08-18,60.70278930664063
2010-08-19,60.92332458496094
2010-08-20,59.9308967590332
2010-08-23,60.31684494018555
2010-08-24,60.096309661865234
2010-08-25,59.37955474853516
2010-08-26,58.99361801147461
2010-08-27,59.71037673950195
2010-08-30,59.48981475830078
2010-08-31,58.387149810791016
2010-09-01,59.87576675415039
2010-09-02,60.48225402832031
2010-09-03,61.03359222412109
2010-09-06,60.59251403808594
2010-09-07,59.98603439331055
2010-09-08,60.15143966674805
2010-09-09,60.42710876464844
2010-09-10,61.08871841430664
2010-09-13,61.91574478149414
2010-09-14,61.86058807373047
2010-09-15,61.41952133178711
2010-09-16,61.41952133178711
2010-09-17,61.1989860534668
2010-09-20,61.52979278564453
2010-09-21,62.30167388916016
2010-09-22,62.13626480102539
2010-09-23,61.52979278564453
2010-09-24,62.08113861083984
2010-09-27,61.80546951293945
2010-09-28,61.97086334228516
2010-09-29,62.19141387939453
2010-09-30,61.6952018737793
2010-10-01,61.1989860534668
2010-10-04,60.86819076538086
2010-10-05,61.64006042480469
2010-10-06,62.30167388916016
2010-10-07,63.73516845703125
2010-10-08,64.72758483886719
2010-10-11,64.56217193603516
2010-10-12,64.94812774658203
2010-10-13,66.32648468017578
2010-10-14,66.49188232421875
2010-10-15,66.38160705566406
2010-10-18,67.3740234375
2010-10-19,66.71240997314453
2010-10-20,66.87781524658203
2010-10-21,67.15349578857422
2010-10-22,66.60215759277344
2010-10-25,66.65727996826172
2010-10-26,65.775146484375
2010-10-27,65.2789306640625
2010-10-28,67.2086181640625
2010-10-29,66.4367446899414
2010-11-01,67.15349578857422
2010-11-02,69.24859619140625
2010-11-03,70.51667785644531
2010-11-04,71.23341369628906
2010-11-05,70.29613494873047
2010-11-08,70.9026107788086
2010-11-09,71.34368896484375
2010-11-10,70.02046203613281
2010-11-11,68.09077453613281
2010-11-12,68.36643981933594
2010-11-15,68.9729232788086
2010-11-16,67.31887817382812
2010-11-17,68.25616455078125
2010-11-18,69.35885620117188
2010-11-19,69.1934585571289
2010-11-22,67.81510162353516
2010-11-23,65.94053649902344
2010-11-24,65.05838012695312
2010-11-25,65.4443359375
2010-11-26,63.95570373535156
2010-11-29,62.96327590942383
2010-11-30,61.58491897583008
2010-12-01,62.63247299194336
2010-12-02,65.5545883178711
2010-12-03,65.2789306640625
2010-12-06,64.23137664794922
2010-12-07,64.78269958496094
2010-12-08,69.57939147949219
2010-12-09,72.1155776977539
2010-12-10,71.95015716552734
2010-12-13,71.28855895996094
2010-12-14,72.00529479980469
2010-12-15,72.39122772216797
2010-12-16,73.8247299194336
2010-12-17,72.66690826416016
2010-12-20,74.0452651977539
2010-12-21,76.0852279663086
2010-12-22,75.31334686279297
2010-12-23,75.31334686279297
2010-12-27,74.9825439453125
2010-12-28,74.9825439453125
2010-12-29,75.14796447753906
2010-12-30,74.5414810180664
2011-01-03,75.75442504882812
2011-01-04,75.58902740478516
2011-01-05,76.85710144042969
2011-01-06,78.40084838867188
2011-01-07,78.6765365600586
2011-01-10,76.96737670898438
2011-01-11,76.74684143066406
2011-01-12,77.7392578125
2011-01-13,78.40084838867188
2011-01-14,78.23545837402344
2011-01-17,77.408447265625
2011-01-18,77.79440307617188
2011-01-19,76.58143615722656
2011-01-20,78.01493072509766
2011-01-21,78.18034362792969
2011-01-24,78.62139892578125
2011-01-25,78.12519836425781
2011-01-26,78.12519836425781
2011-01-27,82.20513153076172
2011-01-28,82.97699737548828
2011-01-31,83.0872802734375
2011-02-01,87.4980239868164
2011-02-02,86.39530181884766
2011-02-03,85.62346649169922
2011-02-04,86.34020233154297
2011-02-07,88.76610565185547
2011-02-08,90.69580841064452
2011-02-09,88.65584564208984
2011-02-10,86.89154052734375
2011-02-11,87.38774108886719
2011-02-14,86.72613525390625
2011-02-15,87.05694580078125
2011-02-16,87.93909454345703
2011-02-17,88.32502746582031
2011-02-18,88.32502746582031
2011-02-21,85.89913177490234
2011-02-22,85.0721206665039
2011-02-23,83.30781555175781
2011-02-24,82.14998626708984
2011-02-25,83.30781555175781
2011-02-28,84.68617248535156
2011-03-01,83.96942901611328
2011-03-02,81.21271514892578
2011-03-03,85.3477783203125
2011-03-04,87.00180053710938
2011-03-07,86.06454467773438
2011-03-08,86.78125762939453
2011-03-09,86.34020233154297
2011-03-10,84.68617248535156
2011-03-11,82.86673736572266
2011-03-14,81.4883804321289
2011-03-15,78.5662841796875
2011-03-16,76.69170379638672
2011-03-17,78.5111312866211
2011-03-18,80.22029113769531
2011-03-21,81.6537857055664
2011-03-22,82.20513153076172
2011-03-23,82.26026916503906
2011-03-24,83.252685546875
2011-03-25,84.79644012451172
2011-03-28,84.1899642944336
2011-03-29,84.5759048461914
2011-03-30,84.90670776367188
2011-03-31,83.6937484741211
2011-04-01,84.90670776367188
2011-04-04,83.80403137207031
2011-04-05,83.85916900634766
2011-04-06,85.29266357421875
2011-04-07,87.44286346435547
2011-04-08,90.53040313720705
2011-04-11,89.2071762084961
2011-04-12,87.33261108398438
2011-04-13,87.22233581542969
2011-04-14,87.00180053710938
2011-04-15,85.56831359863281
2011-04-18,83.30781555175781
2011-04-19,83.47321319580078
2011-04-20,84.8515625
2011-04-21,86.39530181884766
2011-04-26,86.2850570678711
2011-04-27,86.94666290283203
2011-04-28,87.6082763671875
2011-04-29,87.00180053710938
2011-05-02,86.94666290283203
2011-05-03,82.70133209228516
2011-05-04,82.64620971679688
2011-05-05,82.81160736083984
2011-05-06,82.97699737548828
2011-05-09,81.6537857055664
2011-05-10,82.48078918457031
2011-05-11,83.58349609375
2011-05-12,82.03973388671875
2011-05-13,80.99217987060547
2011-05-16,79.39328002929688
2011-05-17,77.7392578125
2011-05-18,79.11762237548828
2011-05-19,78.95220184326172
2011-05-20,79.8343734741211
2011-05-23,77.18791961669922
2011-05-24,77.51873016357422
2011-05-25,76.69170379638672
2011-05-26,76.36089324951172
2011-05-27,77.408447265625
2011-05-30,77.5738525390625
2011-05-31,78.45600891113281
2011-06-01,77.8495101928711
2011-06-03,77.35331726074219
2011-06-06,76.30577087402344
2011-06-07,76.36089324951172
2011-06-08,74.70687866210938
2011-06-09,75.4236068725586
2011-06-10,74.65174102783203
2011-06-14,75.53389739990234
2011-06-15,75.03768920898438
2011-06-16,73.5490493774414
2011-06-17,76.58143615722656
2011-06-20,73.16312408447266
2011-06-21,74.15553283691406
2011-06-22,74.81714630126953
2011-06-23,72.94258117675781
2011-06-24,71.39881896972656
2011-06-27,70.68206024169922
2011-06-28,71.45397186279297
2011-06-29,73.43877410888672
2011-06-30,76.03009796142578
2011-07-01,77.51873016357422
2011-07-04,78.40084838867188
2011-07-05,78.5662841796875
2011-07-06,76.58143615722656
2011-07-07,77.18791961669922
2011-07-08,75.9198226928711
2011-07-11,72.00529479980469
2011-07-12,70.46154022216797
2011-07-13,71.12315368652344
2011-07-14,70.24101257324219
2011-07-15,68.58696746826172
2011-07-18,65.49946594238281
2011-07-19,66.32648468017578
2011-07-20,68.47669219970703
2011-07-21,70.68206024169922
2011-07-22,71.34368896484375
2011-07-25,67.59455871582031
2011-07-26,67.92536163330078
2011-07-27,64.45191192626953
2011-07-28,65.05838012695312
2011-07-29,64.72758483886719
2011-08-02,60.757930755615234
2011-08-03,59.04874801635742
2011-08-04,56.73311233520508
2011-08-05,54.22450637817383
2011-08-08,51.495361328125
2011-08-09,51.908878326416016
2011-08-10,48.71109390258789
2011-08-11,50.75106048583984
2011-08-12,54.527740478515625
2011-08-15,55.575294494628906
2011-08-16,54.9136962890625
2011-08-17,56.95365905761719
2011-08-18,52.79102325439453
2011-08-19,52.405086517333984
2011-08-22,53.09425735473633
2011-08-23,53.12183380126953
2011-08-24,55.465030670166016
2011-08-25,56.45744323730469
2011-08-26,55.575294494628906
2011-08-29,57.83580780029297
2011-08-30,58.99361801147461
2011-08-31,61.14385986328125
2011-09-01,60.15143966674805
2011-09-02,57.11905670166016
2011-09-05,53.2872314453125
2011-09-06,52.70832443237305
2011-09-07,55.189361572265625
2011-09-08,56.45744323730469
2011-09-09,53.97639846801758
2011-09-12,51.19212341308594
2011-09-13,53.36992645263672
2011-09-14,53.89369201660156
2011-09-15,55.10665130615234
2011-09-16,56.34717559814453
2011-09-19,54.19694137573242
2011-09-20,54.05910110473633
2011-09-21,53.480201721191406
2011-09-22,49.95159912109375
2011-09-23,49.758636474609375
2011-09-26,51.71590805053711
2011-09-27,54.748294830322266
2011-09-28,55.63043975830078
2011-09-29,57.5049934387207
2011-09-30,55.63043975830078
2011-10-03,54.417476654052734
2011-10-04,52.73588943481445
2011-10-05,54.527740478515625
2011-10-06,57.33959197998047
2011-10-07,57.83580780029297
2011-10-10,57.78066635131836
2011-10-11,57.5049934387207
2011-10-12,57.946067810058594
2011-10-13,57.89093017578125
2011-10-14,58.93848419189453
2011-10-17,57.06392288208008
2011-10-18,57.946067810058594
2011-10-19,58.387149810791016
2011-10-20,56.29204177856445
2011-10-21,57.61526870727539
2011-10-24,59.21415710449219
2011-10-25,59.15903091430664
2011-10-26,58.44228744506836
2011-10-27,62.79789733886719
2011-10-28,61.91574478149414
2011-10-31,59.98603439331055
2011-11-01,57.72553634643555
2011-11-02,58.44228744506836
2011-11-03,58.66281509399414
2011-11-04,58.44228744506836
2011-11-07,57.11905670166016
2011-11-08,56.62284469604492
2011-11-09,53.78343963623047
2011-11-10,54.19694137573242
2011-11-11,55.40989685058594
2011-11-14,54.748294830322266
2011-11-15,53.86613845825195
2011-11-16,52.79102325439453
2011-11-17,52.70832443237305
2011-11-18,52.21211624145508
2011-11-21,50.144569396972656
2011-11-22,49.20729446411133
2011-11-23,47.99434661865234
2011-11-24,47.746238708496094
2011-11-25,47.82894134521485
2011-11-28,50.97159194946289
2011-11-29,51.05427932739258
2011-11-30,52.37751007080078
2011-12-01,51.19212341308594
2011-12-02,51.63320541381836
2011-12-05,51.495361328125
2011-12-06,52.10183334350586
2011-12-07,50.806190490722656
2011-12-08,49.40026473999024
2011-12-09,51.66077423095703
2011-12-12,49.23486709594727
2011-12-13,49.31755828857422
2011-12-14,47.498138427734375
2011-12-15,48.187313079833984
2011-12-16,46.86409759521485
2011-12-19,46.11977005004883
2011-12-20,46.83652114868164
2011-12-21,46.643550872802734
2011-12-22,47.6083984375
2011-12-23,47.99434661865234
2011-12-27,47.41543197631836
2011-12-28,47.00192642211914
2011-12-29,47.08462905883789
2011-12-30,47.63597106933594
2012-01-03,48.904056549072266
2012-01-04,48.76621627807617
2012-01-05,47.250030517578125
2012-01-06,47.02949905395508
2012-01-09,45.8165397644043
2012-01-10,46.257606506347656
2012-01-11,46.533294677734375
2012-01-12,48.986759185791016
2012-01-13,48.46298599243164
2012-01-16,49.45539855957031
2012-01-17,50.08944320678711
2012-01-18,50.3651123046875
2012-01-19,51.55050277709961
2012-01-20,51.329959869384766
2012-01-23,51.85373306274414
2012-01-24,51.63320541381836
2012-01-25,51.13699722290039
2012-01-26,51.991580963134766
2012-01-27,51.66077423095703
2012-01-30,50.144569396972656
2012-01-31,50.39268493652344
2012-02-01,51.96400451660156
2012-02-02,51.88131332397461
2012-02-03,53.06669235229492
2012-02-06,53.2872314453125
2012-02-07,54.03154754638672
2012-02-08,55.29962921142578
2012-02-09,56.01637649536133
2012-02-10,54.66559219360352
2012-02-13,55.79583358764648
2012-02-14,55.13423156738281
2012-02-15,55.40989685058594
2012-02-16,55.29962921142578
2012-02-17,56.402320861816406
2012-02-20,57.06392288208008
2012-02-21,56.07150650024414
2012-02-22,55.13423156738281
2012-02-23,55.023956298828125
2012-02-24,56.12663650512695
2012-02-27,55.7407112121582
2012-02-28,56.29204177856445
2012-02-29,57.5049934387207
2012-03-01,58.71795272827149
2012-03-02,58.387149810791016
2012-03-05,58.16661071777344
2012-03-06,56.29204177856445
2012-03-07,56.73311233520508
2012-03-08,57.72553634643555
2012-03-09,57.89093017578125
2012-03-12,57.61526870727539
2012-03-13,58.60768508911133
2012-03-14,61.41952133178711
2012-03-15,61.41952133178711
2012-03-16,63.34922790527344
2012-03-19,62.96327590942383
2012-03-20,62.46707534790039
2012-03-21,61.91574478149414
2012-03-22,60.64765167236328
2012-03-23,61.52979278564453
2012-03-26,62.08113861083984
2012-03-27,62.19141387939453
2012-03-28,61.08871841430664
2012-03-29,58.387149810791016
2012-03-30,59.21415710449219
2012-04-02,60.37197494506836
2012-04-03,60.757930755615234
2012-04-04,58.99361801147461
2012-04-05,58.33201599121094
2012-04-10,56.34717559814453
2012-04-11,56.402320861816406
2012-04-12,56.236907958984375
2012-04-13,54.80343627929688
2012-04-16,54.00397109985352
2012-04-17,55.79583358764648
2012-04-18,54.55531311035156
2012-04-19,53.42506790161133
2012-04-20,54.086669921875
2012-04-23,53.12183380126953
2012-04-24,53.9604377746582
2012-04-25,54.13393783569336
2012-04-26,53.84476852416992
2012-04-27,54.50986862182617
2012-04-30,53.700172424316406
2012-05-02,53.58449935913086
2012-05-03,53.43992233276367
2012-05-04,52.02294921875
2012-05-07,53.17965698242188
2012-05-08,51.733768463134766
2012-05-09,49.6227912902832
2012-05-10,51.01083755493164
2012-05-11,50.258975982666016
2012-05-14,48.32148361206055
2012-05-15,46.8755989074707
2012-05-16,47.28045272827149
2012-05-18,46.61533737182617
2012-05-21,47.10694122314453
2012-05-22,48.40823745727539
2012-05-23,47.3961181640625
2012-05-24,47.94556427001953
2012-05-25,46.8755989074707
2012-05-29,46.75992965698242
2012-05-30,45.60322189331055
2012-05-31,45.02486801147461
2012-06-01,43.86815643310547
2012-06-04,43.86815643310547
2012-06-05,44.01274490356445
2012-06-06,45.60322189331055
2012-06-07,45.718894958496094
2012-06-08,44.85136795043945
2012-06-11,44.90920639038086
2012-06-12,44.73569488525391
2012-06-13,44.764610290527344
2012-06-14,45.11161804199219
2012-06-15,46.441837310791016
2012-06-18,46.38400268554688
2012-06-19,47.94556427001953
2012-06-20,50.86623764038086
2012-06-21,51.87836837768555
2012-06-22,50.46139907836914
2012-06-25,49.44926834106445
2012-06-26,48.87091827392578
2012-06-27,49.94086837768555
2012-06-28,49.79628372192383
2012-06-29,51.502437591552734
2012-07-02,52.10970687866211
2012-07-03,53.81584548950195
2012-07-04,54.04718017578125
2012-07-05,53.72909927368164
2012-07-06,52.28321075439453
2012-07-09,52.28321075439453
2012-07-10,52.39888000488281
2012-07-11,52.45671844482422
2012-07-12,52.08079528808594
2012-07-13,51.965118408203125
2012-07-16,52.28321075439453
2012-07-17,52.34104537963867
2012-07-18,52.861572265625
2012-07-19,54.04718017578125
2012-07-20,53.12183380126953
2012-07-23,50.28789138793945
2012-07-24,50.31680679321289
2012-07-25,50.77949142456055
2012-07-26,52.28321075439453
2012-07-27,52.94832229614258
2012-07-30,54.07611083984375
2012-07-31,54.162864685058594
2012-08-02,52.48563766479492
2012-08-03,55.00146865844727
2012-08-06,55.57983016967773
2012-08-07,55.95577621459961
2012-08-08,56.33169174194336
2012-08-09,56.6787109375
2012-08-10,57.14139938354492
2012-08-13,57.28597259521485
2012-08-14,57.57514953613281
2012-08-15,57.54622650146485
2012-08-16,58.87643814086914
2012-08-17,60.66935348510742
2012-08-20,60.61151123046875
2012-08-21,62.40439987182617
2012-08-22,62.115230560302734
2012-08-23,62.05739212036133
2012-08-24,61.99956130981445
2012-08-27,62.05739212036133
2012-08-28,61.59471893310547
2012-08-29,62.63574981689453
2012-08-30,62.577911376953125
2012-08-31,62.69359588623047
2012-09-03,63.09843063354492
2012-09-04,63.21410751342773
2012-09-05,63.04059219360352
2012-09-06,64.0238037109375
2012-09-07,65.932373046875
2012-09-10,66.04803466796875
2012-09-11,66.97340393066406
2012-09-12,67.8987808227539
2012-09-13,67.6095962524414
2012-09-14,67.95660400390625
2012-09-17,68.072265625
2012-09-18,66.97340393066406
2012-09-19,66.97340393066406
2012-09-20,65.99019622802734
2012-09-21,67.55176544189453
2012-09-24,66.16370391845703
2012-09-25,67.03123474121094
2012-09-26,65.18050384521484
2012-09-27,65.52751922607422
2012-09-28,64.71782684326172
2012-10-01,66.22154998779297
2012-10-02,67.55176544189453
2012-10-03,67.66743469238281
2012-10-04,68.13011169433594
2012-10-05,68.65064239501953
2012-10-08,67.84093475341797
2012-10-09,67.26258087158203
2012-10-10,67.32042694091797
2012-10-11,68.41929626464844
2012-10-12,68.24578094482422
2012-10-15,68.53497314453125
2012-10-16,70.38569641113281
2012-10-17,71.13755798339844
2012-10-18,71.07972717285156
2012-10-19,70.21218872070312
2012-10-22,70.55919647216797
2012-10-23,69.11331939697266
2012-10-24,68.59278869628906
2012-10-25,68.88196563720703
2012-10-26,68.24578094482422
2012-10-29,66.97340393066406
2012-10-30,67.84093475341797
2012-10-31,67.7831039428711
2012-11-01,68.82415008544922
2012-11-02,67.95660400390625
2012-11-05,67.72526550292969
2012-11-06,68.59278869628906
2012-11-07,67.8987808227539
2012-11-08,68.18795013427734
2012-11-09,67.43609619140625
2012-11-12,67.43609619140625
2012-11-13,68.072265625
2012-11-14,67.7831039428711
2012-11-15,66.56856536865234
2012-11-16,65.8745346069336
2012-11-19,67.95660400390625
2012-11-20,67.72526550292969
2012-11-21,71.8315658569336
2012-11-22,73.2774658203125
2012-11-23,75.59087371826172
2012-11-26,72.58344268798828
2012-11-27,72.4677734375
2012-11-28,71.71591186523438
2012-11-29,72.06291961669922
2012-11-30,71.71591186523438
2012-12-03,69.98084259033203
2012-12-04,70.32785034179688
2012-12-05,70.55919647216797
2012-12-06,70.96404266357422
2012-12-07,70.96404266357422
2012-12-10,71.07972717285156
2012-12-11,71.07972717285156
2012-12-12,71.6580810546875
2012-12-13,71.19538879394531
2012-12-14,71.42674255371094
2012-12-17,71.31107330322266
2012-12-18,71.6580810546875
2012-12-19,71.8315658569336
2012-12-20,71.36890411376953
2012-12-21,70.67486572265625
2012-12-27,70.73270416259766
2012-12-28,70.21218872070312
2013-01-03,72.06291961669922
2013-01-04,72.81477355957031
2013-01-07,73.91366577148438
2013-01-08,74.26065826416016
2013-01-09,76.80542755126953
2013-01-10,77.38378143310547
2013-01-11,77.38378143310547
2013-01-14,78.36698150634766
2013-01-15,77.90430450439453
2013-01-16,77.49945068359375
2013-01-17,78.59832763671875
2013-01-18,78.59832763671875
2013-01-21,78.77183532714844
2013-01-22,78.94534301757812
2013-01-23,79.23450469970703
2013-01-24,80.1598892211914
2013-01-25,80.10204315185547
2013-01-28,80.62255859375
2013-01-29,80.33338165283203
2013-01-30,79.46585083007812
2013-01-31,79.11884307861328
2013-02-01,79.23450469970703
2013-02-04,77.73079681396484
2013-02-05,78.1356430053711
2013-02-06,78.07781219482422
2013-02-07,78.01996612548828
2013-02-08,80.91173553466797
2013-02-11,82.0106201171875
2013-02-12,82.8781509399414
2013-02-13,84.26620483398438
2013-02-14,84.26620483398438
2013-02-15,84.20836639404297
2013-02-18,84.32402801513672
2013-02-19,85.24940490722656
2013-02-20,84.49755859375
2013-02-21,83.28298950195312
2013-02-22,83.45650482177734
2013-02-25,83.1673355102539
2013-02-26,80.79607391357422
2013-02-27,87.85198211669922
2013-02-28,88.95086669921875
2013-03-01,87.90982818603516
2013-03-04,87.73631286621094
2013-03-05,89.41355895996094
2013-03-06,89.52922058105469
2013-03-07,89.7027359008789
2013-03-08,89.64488983154297
2013-03-11,88.95086669921875
2013-03-12,86.9844741821289
2013-03-13,86.23259735107422
2013-03-14,87.67848205566406
2013-03-15,86.75312042236328
2013-03-18,85.94342041015625
2013-03-19,85.1915512084961
2013-03-20,86.34827423095703
2013-03-21,84.49755859375
2013-03-22,83.34082794189453
2013-03-25,82.29979705810547
2013-03-26,82.8781509399414
2013-03-27,81.25875091552734
2013-03-28,81.37442016601562
2013-04-02,83.22515106201172
2013-04-03,81.83711242675781
2013-04-04,81.31659698486328
2013-04-05,79.8128662109375
2013-04-08,78.82968139648438
2013-04-09,78.77183532714844
2013-04-10,81.49008178710938
2013-04-11,82.18412780761719
2013-04-12,81.77926635742188
2013-04-15,80.85391235351562
2013-04-16,79.58152770996094
2013-04-17,79.40802764892578
2013-04-18,79.98637390136719
2013-04-19,79.63935089111328
2013-04-22,79.58152770996094
2013-04-23,82.41547393798828
2013-04-24,84.09268951416016
2013-04-25,86.89777374267578
2013-04-26,86.89777374267578
2013-04-29,88.21077728271484
2013-04-30,87.73332977294922
2013-05-02,87.3752212524414
2013-05-03,89.58348083496094
2013-05-06,88.50920104980469
2013-05-07,89.3447494506836
2013-05-08,91.07554626464844
2013-05-10,91.9111099243164
2013-05-13,90.83680725097656
2013-05-14,91.31428527832033
2013-05-15,91.9111099243164
2013-05-16,91.73204803466795
2013-05-17,92.86602783203124
2013-05-21,94.29839324951172
2013-05-22,96.2679214477539
2013-05-23,94.29839324951172
2013-05-24,93.99998474121094
2013-05-27,94.71617889404295
2013-05-28,97.46157836914062
2013-05-29,95.49205780029295
2013-05-30,96.02918243408205
2013-05-31,95.6710968017578
2013-06-03,94.53712463378906
2013-06-04,96.14857482910156
2013-06-05,94.41776275634766
2013-06-06,92.2095184326172
2013-06-07,95.49205780029295
2013-06-10,95.07427978515624
2013-06-11,93.64187622070312
2013-06-12,92.2095184326172
2013-06-13,92.09016418457033
2013-06-14,92.62728118896484
2013-06-17,94.17903137207033
2013-06-18,93.94029235839844
2013-06-19,93.94029235839844
2013-06-20,91.55300903320312
2013-06-21,90.53839874267578
2013-06-24,88.33014678955078
2013-06-25,90.53839874267578
2013-06-26,91.55300903320312
2013-06-27,92.26920318603516
2013-06-28,91.67237091064452
2013-07-01,93.70157623291016
2013-07-02,93.76126098632812
2013-07-03,93.40316009521484
2013-07-04,95.07427978515624
2013-07-05,94.35809326171876
2013-07-08,96.02918243408205
2013-07-09,97.34220886230467
2013-07-10,99.01331329345705
2013-07-11,99.1326904296875
2013-07-12,98.83428955078124
2013-07-15,99.96824645996094
2013-07-16,98.83428955078124
2013-07-17,98.1777801513672
2013-07-18,99.6101531982422
2013-07-19,99.78919982910156
2013-07-22,99.66983032226562
2013-07-23,99.1326904296875
2013-07-24,99.1326904296875
2013-07-25,99.072998046875
2013-07-26,98.47616577148438
2013-07-29,98.59555053710938
2013-07-30,99.19236755371094
2013-07-31,99.19236755371094
2013-08-02,101.5199966430664
2013-08-05,103.84759521484376
2013-08-06,104.4444351196289
2013-08-07,105.04124450683594
2013-08-08,105.5783920288086
2013-08-09,105.6380844116211
2013-08-12,105.1606216430664
2013-08-13,103.31046295166016
2013-08-14,108.74156951904295
2013-08-15,107.24951171875
2013-08-16,107.30919647216795
2013-08-19,107.18982696533205
2013-08-20,105.93649291992188
2013-08-21,106.17522430419922
2013-08-22,108.025390625
2013-08-23,110.6514129638672
2013-08-26,109.81585693359376
2013-08-27,107.1301498413086
2013-08-28,105.5783920288086
2013-08-29,106.4139633178711
2013-08-30,104.0266571044922
2013-09-02,105.6380844116211
2013-09-03,105.9961929321289
2013-09-04,105.45903778076172
2013-09-05,105.93649291992188
2013-09-06,106.17522430419922
2013-09-09,107.3688735961914
2013-09-10,109.5771255493164
2013-09-11,109.99491119384766
2013-09-12,109.09967803955078
2013-09-13,109.3384017944336
2013-09-16,109.5771255493164
2013-09-17,107.78665924072266
2013-09-18,106.89141845703124
2013-09-19,104.0266571044922
2013-09-20,105.27999877929688
2013-09-23,104.68315887451172
2013-09-24,105.51872253417967
2013-09-25,104.56379699707033
2013-09-26,104.20570373535156
2013-09-27,103.90730285644533
2013-09-30,102.17648315429688
2013-10-01,104.20570373535156
2013-10-02,103.25080108642578
2013-10-03,103.42984008789062
2013-10-04,104.20570373535156
2013-10-07,103.01206970214844
2013-10-08,102.7733154296875
2013-10-09,101.75871276855467
2013-10-10,103.96696472167967
2013-10-11,104.3250732421875
2013-10-14,103.6685562133789
2013-10-15,105.51872253417967
2013-10-16,106.29460144042967
2013-10-17,107.30919647216795
2013-10-18,107.72696685791016
2013-10-21,107.72696685791016
2013-10-22,108.2641143798828
2013-10-23,109.63682556152344
2013-10-24,109.5174560546875
2013-10-25,109.5174560546875
2013-10-28,107.72696685791016
2013-10-29,108.32380676269533
2013-10-30,108.20445251464844
2013-10-31,107.60762786865234
2013-11-01,107.72696685791016
2013-11-04,107.54792022705078
2013-11-05,106.5333251953125
2013-11-06,105.9961929321289
2013-11-07,104.38475799560548
2013-11-08,107.3688735961914
2013-11-11,107.3688735961914
2013-11-12,112.79998779296876
2013-11-13,111.48695373535156
2013-11-14,112.0837860107422
2013-11-15,112.97903442382812
2013-11-18,114.94857025146484
2013-11-19,114.23236846923828
2013-11-20,113.69523620605467
2013-11-21,113.5758819580078
2013-11-22,113.0387191772461
2013-11-25,112.79998779296876
2013-11-26,112.02410888671876
2013-11-27,112.561279296875
2013-11-28,112.50155639648438
2013-11-29,111.96443939208984
2013-12-02,111.2482452392578
2013-12-03,109.3384017944336
2013-12-04,108.14474487304688
2013-12-05,107.24951171875
2013-12-06,107.54792022705078
2013-12-09,107.90602111816406
2013-12-10,107.8463134765625
2013-12-11,107.4285659790039
2013-12-12,106.3542709350586
2013-12-13,105.1606216430664
2013-12-16,105.9961929321289
2013-12-17,104.38475799560548
2013-12-18,106.4736328125
2013-12-19,107.96571350097656
2013-12-20,109.63682556152344
2013-12-23,109.5174560546875
2013-12-27,110.5320281982422
2013-12-30,110.5320281982422
2014-01-03,110.83045196533205
2014-01-06,110.83045196533205
2014-01-07,114.05332946777344
2014-01-08,114.70982360839844
2014-01-09,116.38093566894533
2014-01-10,116.79869842529295
2014-01-13,117.3955307006836
2014-01-14,116.61966705322266
2014-01-15,119.066650390625
2014-01-16,118.52953338623048
2014-01-17,118.76822662353516
2014-01-20,118.41015625
2014-01-21,117.33585357666016
2014-01-22,116.50030517578124
2014-01-23,115.18729400634766
2014-01-24,112.44188690185548
2014-01-27,111.54663848876952
2014-01-28,115.48573303222656
2014-01-29,114.5307846069336
2014-01-30,117.03744506835938
2014-01-31,116.73905181884766
2014-02-03,113.81458282470705
2014-02-04,114.65015411376952
2014-02-05,114.11299896240234
2014-02-06,115.78411865234376
2014-02-07,116.85838317871094
2014-02-10,117.15679168701172
2014-02-11,117.81330871582033
2014-02-12,119.96189880371094
2014-02-13,119.36506652832033
2014-02-14,119.6037826538086
2014-02-17,119.2457046508789
2014-02-18,119.36506652832033
2014-02-19,118.94730377197266
2014-02-20,118.88761901855467
2014-02-21,120.08126068115234
2014-02-24,120.55873107910156
2014-02-25,120.9167938232422
2014-02-26,128.13841247558594
2014-02-27,128.7352294921875
2014-02-28,130.64505004882812
2014-03-03,128.9142608642578
2014-03-04,131.71934509277344
2014-03-05,133.09207153320312
2014-03-06,135.18093872070312
2014-03-07,132.67428588867188
2014-03-10,134.7034912109375
2014-03-11,133.86793518066406
2014-03-12,132.67428588867188
2014-03-13,130.64505004882812
2014-03-14,129.1529998779297
2014-03-17,130.5257110595703
2014-03-18,131.8386993408203
2014-03-19,131.42092895507812
2014-03-20,130.2869873046875
2014-03-21,129.57077026367188
2014-03-24,126.52696990966795
2014-03-25,128.25775146484375
2014-03-26,130.40635681152344
2014-03-27,128.67556762695312
2014-03-28,128.19808959960938
2014-03-31,129.51107788085938
2014-04-01,130.4660186767578
2014-04-02,131.54031372070312
2014-04-03,131.95806884765625
2014-04-04,133.68885803222656
2014-04-07,133.2711181640625
2014-04-08,132.01776123046875
2014-04-09,134.64378356933594
2014-04-10,133.45013427734375
2014-04-11,131.12252807617188
2014-04-14,129.39175415039062
2014-04-15,127.60125732421876
2014-04-16,128.7352294921875
2014-04-17,130.34666442871094
2014-04-22,131.54031372070312
2014-04-23,131.65966796875
2014-04-24,131.77903747558594
2014-04-25,131.3505859375
2014-04-28,130.9833526611328
2014-04-29,132.2686767578125
2014-04-30,132.32989501953125
2014-05-02,131.96266174316406
2014-05-05,131.77903747558594
2014-05-06,131.53419494628906
2014-05-07,131.6566162109375
2014-05-08,132.02386474609375
2014-05-09,133.00318908691406
2014-05-12,133.6764678955078
2014-05-13,128.65745544433594
2014-05-14,127.80059051513672
2014-05-15,124.00570678710938
2014-05-16,123.69969940185548
2014-05-19,124.74019622802734
2014-05-20,127.24968719482422
2014-05-21,127.49454498291016
2014-05-22,127.92296600341795
2014-05-23,128.1066131591797
2014-05-26,129.4531707763672
2014-05-27,131.0445556640625
2014-05-28,131.5954132080078
2014-05-30,131.77903747558594
2014-06-02,131.5954132080078
2014-06-03,130.86093139648438
2014-06-04,130.73851013183594
2014-06-05,130.43247985839844
2014-06-06,130.0040283203125
2014-06-10,131.10574340820312
2014-06-11,131.22816467285156
2014-06-12,131.1669464111328
2014-06-13,131.47300720214844
2014-06-16,131.0445556640625
2014-06-17,130.86093139648438
2014-06-18,131.3505859375
2014-06-19,131.77903747558594
2014-06-20,130.3712921142578
2014-06-23,129.4531707763672
2014-06-24,130.18765258789062
2014-06-25,128.96351623535156
2014-06-26,128.96351623535156
2014-06-27,129.697998046875
2014-06-30,128.71868896484375
2014-07-01,129.39193725585938
2014-07-02,131.5954132080078
2014-07-03,132.2686767578125
2014-07-04,133.43161010742188
2014-07-07,131.8402557373047
2014-07-08,131.10574340820312
2014-07-09,130.0652313232422
2014-07-10,130.3712921142578
2014-07-11,131.10574340820312
2014-07-14,132.20748901367188
2014-07-15,131.77903747558594
2014-07-16,132.81954956054688
2014-07-17,132.51353454589844
2014-07-18,131.9014434814453
2014-07-21,131.1669464111328
2014-07-22,131.9014434814453
2014-07-23,132.2686767578125
2014-07-24,132.88076782226562
2014-07-25,131.96266174316406
2014-07-28,131.5954132080078
2014-07-29,132.14630126953125
2014-07-30,131.5954132080078
2014-07-31,129.0858917236328
2014-08-04,129.0858917236328
2014-08-05,127.43331909179688
2014-08-06,126.3315887451172
2014-08-07,125.90313720703124
2014-08-08,126.94367218017578
2014-08-11,128.53506469726562
2014-08-12,129.20834350585938
2014-08-13,138.3282012939453
2014-08-14,139.36874389648438
2014-08-15,139.42994689941406
2014-08-18,139.30752563476562
2014-08-19,139.7971649169922
2014-08-20,138.94027709960938
2014-08-21,139.67474365234375
2014-08-22,141.6333770751953
2014-08-25,140.34805297851562
2014-08-26,142.00062561035156
2014-08-27,141.5721893310547
2014-08-28,140.83770751953125
2014-08-29,141.6333770751953
2014-09-01,142.00062561035156
2014-09-02,142.30665588378906
2014-09-03,141.87823486328125
2014-09-04,142.30665588378906
2014-09-05,141.510986328125
2014-09-08,141.08253479003906
2014-09-09,140.40924072265625
2014-09-10,140.16439819335938
2014-09-11,138.38941955566406
2014-09-12,138.63424682617188
2014-09-15,137.96095275878906
2014-09-16,137.2264862060547
2014-09-17,138.1445770263672
2014-09-18,138.69544982910156
2014-09-19,138.7566375732422
2014-09-22,138.5118408203125
2014-09-23,137.77734375
2014-09-24,138.69544982910156
2014-09-25,139.24630737304688
2014-09-26,140.22561645507812
2014-09-29,139.67474365234375
2014-09-30,139.67474365234375
2014-10-01,139.30752563476562
2014-10-02,137.77734375
2014-10-03,137.59373474121094
2014-10-06,136.92041015625
2014-10-07,135.4514617919922
2014-10-08,135.57388305664062
2014-10-09,133.55404663085938
2014-10-10,131.10574340820312
2014-10-13,129.697998046875
2014-10-14,129.20834350585938
2014-10-15,125.90313720703124
2014-10-16,122.72038269042967
2014-10-17,127.61695098876952
2014-10-20,127.80059051513672
2014-10-21,128.3514404296875
2014-10-22,129.8204345703125
2014-10-23,131.28936767578125
2014-10-24,131.10574340820312
2014-10-27,129.7592010498047
2014-10-28,132.14630126953125
2014-10-29,132.69715881347656
2014-10-30,133.00318908691406
2014-10-31,134.90060424804688
2014-11-03,132.57473754882812
2014-11-04,132.6359405517578
2014-11-05,134.65577697753906
2014-11-06,135.2066192626953
2014-11-07,134.9617919921875
2014-11-10,136.55319213867188
2014-11-11,137.96095275878906
2014-11-12,137.8385467529297
2014-11-13,136.4919891357422
2014-11-14,133.2480010986328
2014-11-17,133.0643768310547
2014-11-18,133.12557983398438
2014-11-19,133.43161010742188
2014-11-20,133.3704071044922
2014-11-21,134.47213745117188
2014-11-24,134.53338623046875
2014-11-25,134.34976196289062
2014-11-26,134.59454345703125
2014-11-27,136.1859588623047
2014-11-28,135.51268005371094
2014-12-01,134.83941650390625
2014-12-02,135.32907104492188
2014-12-03,136.0635528564453
2014-12-04,136.30836486816406
2014-12-05,140.47047424316406
2014-12-08,141.08253479003906
2014-12-09,139.85836791992188
2014-12-10,140.47047424316406
2014-12-11,141.69459533691406
2014-12-12,139.61354064941406
2014-12-15,136.8592529296875
2014-12-16,139.30752563476562
2014-12-17,139.36874389648438
2014-12-18,140.83770751953125
2014-12-19,145.30584716796875
2014-12-22,145.12222290039062
2014-12-23,145.30584716796875
2014-12-29,146.2239227294922
2014-12-30,144.69374084472656
2015-01-05,142.7963104248047
2015-01-06,141.93942260742188
2015-01-07,142.3678741455078
2015-01-08,144.87734985351562
2015-01-09,145.06100463867188
2015-01-12,144.5713348388672
2015-01-13,146.8359832763672
2015-01-14,145.91790771484375
2015-01-15,134.1049041748047
2015-01-16,125.53588104248048
2015-01-19,130.73851013183594
2015-01-20,129.20834350585938
2015-01-21,127.24968719482422
2015-01-22,126.2703857421875
2015-01-23,123.76090240478516
2015-01-26,124.86262512207033
2015-01-27,123.63848876953124
2015-01-28,123.5160903930664
2015-01-29,127.55573272705078
2015-01-30,125.84197235107422
2015-02-02,126.1479721069336
2015-02-03,129.3307647705078
2015-02-04,130.5548858642578
2015-02-05,129.7592010498047
2015-02-06,131.1669464111328
2015-02-09,132.69715881347656
2015-02-10,134.77818298339844
2015-02-11,133.55404663085938
2015-02-12,136.4919891357422
2015-02-13,136.8592529296875
2015-02-16,137.4713134765625
2015-02-17,136.92041015625
2015-02-18,138.38941955566406
2015-02-19,139.61354064941406
2015-02-20,139.49111938476562
2015-02-23,140.40924072265625
2015-02-24,141.4497833251953
2015-02-25,141.93942260742188
2015-02-26,142.97996520996094
2015-02-27,138.5118408203125
2015-03-02,141.38858032226562
2015-03-03,141.93942260742188
2015-03-04,141.4497833251953
2015-03-05,143.22479248046875
2015-03-06,145.55064392089844
2015-03-09,145.91790771484375
2015-03-10,145.18338012695312
2015-03-11,146.7135772705078
2015-03-12,146.40756225585938
2015-03-13,147.57049560546875
2015-03-16,148.73341369628906
2015-03-17,148.6110076904297
2015-03-18,149.16184997558594
2015-03-19,149.65151977539062
2015-03-20,152.77310180664062
2015-03-23,151.48776245117188
2015-03-24,150.81446838378906
2015-03-25,150.75326538085938
2015-03-26,147.7541046142578
2015-03-27,147.2644805908203
2015-03-30,147.99893188476562
2015-03-31,147.2032470703125
2015-04-01,148.73341369628906
2015-04-02,148.30494689941406
2015-04-07,149.77395629882812
2015-04-08,150.2635955810547
2015-04-09,150.01878356933594
2015-04-10,151.1817169189453
2015-04-13,151.1817169189453
2015-04-14,151.1817169189453
2015-04-15,151.54893493652344
2015-04-16,149.9575653076172
2015-04-17,147.50927734375
2015-04-20,147.38687133789062
2015-04-21,145.42825317382812
2015-04-22,145.42825317382812
2015-04-23,145.12222290039062
2015-04-24,142.3678741455078
2015-04-27,142.735107421875
2015-04-28,141.69459533691406
2015-04-29,140.49806213378906
2015-04-30,140.24615478515625
2015-05-04,141.00186157226562
2015-05-05,139.17556762695312
2015-05-06,139.1125946044922
2015-05-07,139.364501953125
2015-05-08,142.1984100341797
2015-05-11,144.4655303955078
2015-05-12,144.02468872070312
2015-05-13,144.59149169921875
2015-05-15,143.70982360839844
2015-05-18,143.33197021484375
2015-05-19,144.59149169921875
2015-05-20,144.4655303955078
2015-05-21,146.10287475585938
2015-05-22,144.96934509277344
2015-05-26,143.14303588867188
2015-05-27,145.47312927246094
2015-05-28,144.59149169921875
2015-05-29,142.00946044921875
2015-06-01,139.8053436279297
2015-06-02,139.99424743652344
2015-06-03,141.06484985351562
2015-06-04,139.7423553466797
2015-06-05,137.9160614013672
2015-06-08,135.96385192871094
2015-06-09,135.90086364746094
2015-06-10,136.34169006347656
2015-06-11,136.34169006347656
2015-06-12,134.89328002929688
2015-06-15,132.12232971191406
2015-06-16,133.38185119628906
2015-06-17,132.94102478027344
2015-06-18,132.7520751953125
2015-06-19,134.07456970214844
2015-06-22,136.971435546875
2015-06-23,137.66416931152344
2015-06-24,138.16798400878906
2015-06-25,138.98667907714844
2015-06-26,137.85308837890625
2015-06-29,134.9562225341797
2015-06-30,134.83029174804688
2015-07-01,136.84548950195312
2015-07-02,136.971435546875
2015-07-03,136.65660095214844
2015-07-06,134.45242309570312
2015-07-07,132.43722534179688
2015-07-08,132.6261444091797
2015-07-09,135.90086364746094
2015-07-10,138.23094177246094
2015-07-13,141.00186157226562
2015-07-14,141.63162231445312
2015-07-15,141.1907958984375
2015-07-16,141.94650268554688
2015-07-17,141.50567626953125
2015-07-20,142.1354522705078
2015-07-21,141.94650268554688
2015-07-22,141.56863403320312
2015-07-23,142.4503173828125
2015-07-24,139.86830139160156
2015-07-27,138.29391479492188
2015-07-28,141.94650268554688
2015-07-29,143.3949432373047
2015-07-30,144.4025421142578
2015-07-31,143.70982360839844
2015-08-03,143.5838623046875
2015-08-04,143.14303588867188
2015-08-05,145.2841796875
2015-08-06,144.90634155273438
2015-08-07,144.02468872070312
2015-08-10,145.41015625
2015-08-11,148.3699951171875
2015-08-12,146.92156982421875
2015-08-13,147.1734619140625
2015-08-14,149.5665283203125
2015-08-17,150.3852081298828
2015-08-18,150.5111541748047
2015-08-19,149.3146209716797
2015-08-20,148.11810302734375
2015-08-21,144.02468872070312
2015-08-24,138.1050262451172
2015-08-25,142.38731384277344
2015-08-26,140.49806213378906
2015-08-27,143.5838623046875
2015-08-28,142.70220947265625
2015-08-31,142.57626342773438
2015-09-01,139.42747497558594
2015-09-02,139.6164093017578
2015-09-03,141.1907958984375
2015-09-04,138.1050262451172
2015-09-07,138.5458221435547
2015-09-08,140.9388885498047
2015-09-09,142.89112854003906
2015-09-10,142.6392364501953
2015-09-11,141.820556640625
2015-09-14,140.62400817871094
2015-09-15,142.70220947265625
2015-09-16,142.57626342773438
2015-09-17,142.51327514648438
2015-09-18,139.30154418945312
2015-09-21,140.43508911132812
2015-09-22,137.16036987304688
2015-09-23,137.9790496826172
2015-09-24,134.2635040283203
2015-09-25,136.4046630859375
2015-09-28,134.20053100585938
2015-09-29,133.94862365722656
2015-09-30,136.90846252441406
2015-10-01,137.34930419921875
2015-10-02,137.66416931152344
2015-10-05,141.06484985351562
2015-10-06,142.9541015625
2015-10-07,143.14303588867188
2015-10-08,144.02468872070312
2015-10-09,144.7803955078125
2015-10-12,145.41015625
2015-10-13,142.57626342773438
2015-10-14,141.44268798828125
2015-10-15,141.50567626953125
2015-10-16,143.8987579345703
2015-10-19,143.8987579345703
2015-10-20,144.84336853027344
2015-10-21,145.34718322753906
2015-10-22,147.29942321777344
2015-10-23,147.36239624023438
2015-10-26,146.85861206054688
2015-10-27,145.7880096435547
2015-10-28,147.29942321777344
2015-10-29,148.24404907226562
2015-10-30,148.6848907470703
2015-11-02,150.3852081298828
2015-11-03,151.01498413085938
2015-11-04,150.95199584960938
2015-11-05,150.32223510742188
2015-11-06,151.7076873779297
2015-11-09,150.07032775878906
2015-11-10,149.44056701660156
2015-11-11,152.3374481201172
2015-11-12,148.43296813964844
2015-11-13,148.999755859375
2015-11-16,147.740234375
2015-11-17,150.95199584960938
2015-11-18,152.71530151367188
2015-11-19,153.722900390625
2015-11-20,153.59693908691406
2015-11-23,154.98239135742188
2015-11-24,153.34506225585938
2015-11-25,159.0758056640625
2015-11-26,161.2169647216797
2015-11-27,163.04322814941406
2015-11-30,163.42108154296875
2015-12-01,166.0030975341797
2015-12-02,166.56988525390625
2015-12-03,167.32562255859375
2015-12-04,166.56988525390625
2015-12-07,167.95533752441406
2015-12-08,166.75880432128906
2015-12-09,166.5068817138672
2015-12-10,166.4439239501953
2015-12-11,163.16921997070312
2015-12-14,160.96507263183594
2015-12-15,164.93251037597656
2015-12-16,165.2473907470703
2015-12-17,168.3331756591797
2015-12-18,167.32562255859375
2015-12-21,166.4439239501953
2015-12-22,165.2473907470703
2015-12-23,167.0736541748047
2015-12-28,167.45152282714844
2015-12-29,171.8597869873047
2015-12-30,170.85220336914062
2016-01-04,167.8923797607422
2016-01-05,168.01829528808594
2016-01-06,167.64047241210938
2016-01-07,164.80657958984375
2016-01-08,161.97267150878906
2016-01-11,163.3581085205078
2016-01-12,165.75119018554688
2016-01-13,167.51449584960938
2016-01-14,164.86952209472656
2016-01-15,165.18441772460938
2016-01-18,162.60243225097656
2016-01-19,165.18441772460938
2016-01-20,157.62738037109375
2016-01-21,159.9574737548828
2016-01-22,161.7207794189453
2016-01-25,161.1540069580078
2016-01-26,162.4134979248047
2016-01-27,162.03564453125
2016-01-28,159.8944854736328
2016-01-29,163.4840850830078
2016-02-01,163.23219299316406
2016-02-02,161.59478759765625
2016-02-03,159.01284790039062
2016-02-04,155.29727172851562
2016-02-05,152.2115020751953
2016-02-08,147.04751586914062
2016-02-09,142.26138305664062
2016-02-10,145.34718322753906
2016-02-11,139.17556762695312
2016-02-12,141.56863403320312
2016-02-15,145.41015625
2016-02-16,145.22122192382812
2016-02-17,149.88140869140625
2016-02-18,151.07794189453125
2016-02-19,149.75546264648438
2016-02-22,151.89662170410156
2016-02-23,148.49594116210938
2016-02-24,148.49594116210938
2016-02-25,148.24404907226562
2016-02-26,151.89662170410156
2016-02-29,153.659912109375
2016-03-01,161.7207794189453
2016-03-02,163.7989501953125
2016-03-03,161.0280303955078
2016-03-04,162.09861755371094
2016-03-07,162.4134979248047
2016-03-08,160.90208435058594
2016-03-09,161.65782165527344
2016-03-10,160.46127319335938
2016-03-11,165.4363250732422
2016-03-14,165.499267578125
2016-03-15,164.68060302734375
2016-03-16,165.18441772460938
2016-03-17,163.8619384765625
2016-03-18,162.09861755371094
2016-03-21,164.0508575439453
2016-03-22,164.99549865722656
2016-03-23,163.92489624023438
2016-03-24,161.1540069580078
2016-03-29,161.65782165527344
2016-03-30,162.03564453125
2016-03-31,161.0280303955078
2016-04-01,160.0204315185547
2016-04-04,158.1311798095703
2016-04-05,156.80868530273438
2016-04-06,155.5491943359375
2016-04-07,154.28968811035156
2016-04-08,155.80108642578125
2016-04-11,156.7457275390625
2016-04-12,159.642578125
2016-04-13,163.98788452148438
2016-04-14,164.36573791503906
2016-04-15,163.04322814941406
2016-04-18,161.8467254638672
2016-04-19,163.16921997070312
2016-04-20,162.53945922851562
2016-04-21,161.09100341796875
2016-04-22,160.33531188964844
2016-04-25,159.2647247314453
2016-04-26,159.8944854736328
2016-04-27,158.19415283203125
2016-04-28,158.976318359375
2016-04-29,157.8030548095703
2016-05-02,159.30221557617188
2016-05-03,155.521728515625
2016-05-04,154.60922241210938
2016-05-06,155.65208435058594
2016-05-09,154.93508911132812
2016-05-10,156.89051818847656
2016-05-11,157.73788452148438
2016-05-12,154.7395477294922
2016-05-13,155.65208435058594
2016-05-17,156.9556884765625
2016-05-18,156.6298065185547
2016-05-19,156.6298065185547
2016-05-20,157.93344116210938
2016-05-23,158.3245086669922
2016-05-24,163.3434600830078
2016-05-25,164.84259033203125
2016-05-26,166.60247802734375
2016-05-27,166.9283905029297
2016-05-30,167.0587615966797
2016-05-31,167.97129821777344
2016-06-01,168.1668243408203
2016-06-02,165.10333251953125
2016-06-03,164.5166778564453
2016-06-06,164.58189392089844
2016-06-07,163.73452758789062
2016-06-08,161.1924591064453
2016-06-09,158.976318359375
2016-06-10,154.15293884277344
2016-06-13,151.2198028564453
2016-06-14,147.8955535888672
2016-06-15,148.742919921875
2016-06-16,146.4615936279297
2016-06-17,149.6554412841797
2016-06-20,154.5440216064453
2016-06-21,154.08775329589844
2016-06-22,155.45655822753906
2016-06-23,156.0431671142578
2016-06-24,147.63482666015625
2016-06-27,140.8560333251953
2016-06-28,143.85435485839844
2016-06-29,146.4615936279297
2016-06-30,145.94012451171875
2016-07-01,148.61256408691406
2016-07-04,146.59193420410156
2016-07-05,141.89894104003906
2016-07-06,138.248779296875
2016-07-07,138.11842346191406
2016-07-08,137.85769653320312
2016-07-11,141.3123016357422
2016-07-12,143.85435485839844
2016-07-13,144.5713348388672
2016-07-14,144.6365203857422
2016-07-15,143.33290100097656
2016-07-18,144.96240234375
2016-07-19,143.26771545410156
2016-07-20,144.5713348388672
2016-07-21,143.59364318847656
2016-07-22,143.1373748779297
2016-07-25,143.4632568359375
2016-07-26,143.72398376464844
2016-07-27,145.35348510742188
2016-07-28,142.8766326904297
2016-07-29,144.3758087158203
2016-08-02,142.15963745117188
2016-08-03,141.3123016357422
2016-08-04,143.26771545410156
2016-08-05,145.80978393554688
2016-08-08,147.5696563720703
2016-08-09,149.91615295410156
2016-08-10,150.82870483398438
2016-08-11,155.06546020507812
2016-08-12,153.50111389160156
2016-08-15,155.391357421875
2016-08-16,154.4788360595703
2016-08-17,153.8270263671875
2016-08-18,155.71725463867188
2016-08-19,155.06546020507812
2016-08-22,155.84762573242188
2016-08-23,158.78079223632812
2016-08-24,158.2593231201172
2016-08-25,157.15126037597656
2016-08-26,157.08607482910156
2016-08-29,156.89051818847656
2016-08-30,158.78079223632812
2016-08-31,160.34512329101562
2016-09-01,160.86656188964844
2016-09-02,161.64874267578125
2016-09-05,162.43089294433594
2016-09-06,161.2576446533203
2016-09-07,161.9746551513672
2016-09-08,163.5390167236328
2016-09-09,164.9077911376953
2016-09-12,162.43089294433594
2016-09-13,160.60585021972656
2016-09-14,160.7362060546875
2016-09-15,162.95236206054688
2016-09-16,161.06211853027344
2016-09-19,162.88717651367188
2016-09-20,163.73452758789062
2016-09-21,164.77743530273438
2016-09-22,167.0587615966797
2016-09-23,166.1461944580078
2016-09-26,163.1479034423828
2016-09-27,162.10501098632812
2016-09-28,164.2559814453125
2016-09-29,163.5390167236328
2016-09-30,163.93006896972656
2016-10-03,164.5166778564453
2016-10-04,165.5596160888672
2016-10-05,166.7980194091797
2016-10-06,166.1461944580078
2016-10-07,165.2988739013672
2016-10-10,165.95069885253906
2016-10-11,164.9729766845703
2016-10-12,165.8203125
2016-10-13,163.7997283935547
2016-10-14,167.0587615966797
2016-10-17,166.015869140625
2016-10-18,167.97129821777344
2016-10-19,167.71055603027344
2016-10-20,167.5802001953125
2016-10-21,167.12391662597656
2016-10-24,168.9490203857422
2016-10-25,167.90611267089844
2016-10-26,168.49273681640625
2016-10-27,169.92669677734375
2016-10-28,170.3177947998047
2016-10-31,170.77406311035156
2016-11-01,168.9490203857422
2016-11-02,165.8203125
2016-11-03,166.9935760498047
2016-11-04,166.9935760498047
2016-11-07,170.1874542236328
2016-11-08,171.8821563720703
2016-11-09,173.90272521972656
2016-11-10,180.6163787841797
2016-11-11,178.1395263671875
2016-11-14,179.57350158691406
2016-11-15,178.85647583007812
2016-11-16,178.5957794189453
2016-11-17,178.5957794189453
2016-11-18,179.57350158691406
2016-11-21,178.20468139648438
2016-11-22,180.29049682617188
2016-11-23,179.76902770996094
2016-11-24,180.8119201660156
2016-11-25,180.1601104736328
2016-11-28,178.53057861328125
2016-11-29,182.57183837890625
2016-11-30,182.2459259033203
2016-12-01,180.35565185546875
2016-12-02,179.05206298828125
2016-12-05,181.9200439453125
2016-12-06,183.549560546875
2016-12-07,185.6353302001953
2016-12-08,187.52557373046875
2016-12-09,186.74339294433597
2016-12-12,185.17904663085935
2016-12-13,186.41749572753903
2016-12-14,187.46038818359372
2016-12-15,188.9595947265625
2016-12-16,188.56846618652344
2016-12-19,186.80859375
2016-12-20,188.3077392578125
2016-12-21,187.39523315429688
2016-12-22,187.91668701171875
2016-12-23,189.2202911376953
2016-12-27,189.2202911376953
2016-12-28,188.63363647460935
2016-12-29,188.63363647460935
2016-12-30,187.8514862060547
2017-01-03,193.2614898681641
2017-01-04,194.56512451171875
2017-01-05,194.23922729492188
2017-01-06,194.4347686767578
2017-01-09,193.6526031494141
2017-01-10,191.82749938964844
2017-01-11,192.4141540527344
2017-01-12,191.82749938964844
2017-01-13,192.6748504638672
2017-01-16,190.71945190429688
2017-01-17,190.91500854492188
2017-01-18,190.5890655517578
2017-01-19,193.19630432128903
2017-01-20,192.4141540527344
2017-01-23,191.7623291015625
2017-01-24,192.9355926513672
2017-01-25,197.5634307861328
2017-01-26,197.4330596923828
2017-01-27,196.0642852783203
2017-01-30,194.56512451171875
2017-01-31,194.9561767578125
2017-02-01,199.5840759277344
2017-02-02,197.69378662109372
2017-02-03,200.82249450683597
2017-02-06,199.77960205078125
2017-02-07,199.9099578857422
2017-02-08,198.0848693847656
2017-02-09,200.82249450683597
2017-02-10,200.82249450683597
2017-02-13,202.90826416015625
2017-02-14,204.08154296875
2017-02-15,205.9065704345703
2017-02-16,204.73336791992188
2017-02-17,204.146728515625
2017-02-20,205.7762451171875
2017-02-21,207.5361175537109
2017-02-22,207.275390625
2017-02-23,207.21023559570312
2017-02-24,205.05926513671875
2017-02-27,205.3851776123047
2017-02-28,205.97178649902344
2017-03-01,209.4915313720703
2017-03-02,209.62191772460935
2017-03-03,212.0335998535156
2017-03-06,210.7299346923828
2017-03-07,210.20855712890625
2017-03-08,210.59967041015625
2017-03-09,211.8380889892578
2017-03-10,211.7728729248047
2017-03-13,211.12106323242188
2017-03-14,209.10047912597656
2017-03-15,210.33889770507807
2017-03-16,210.40408325195312
2017-03-17,210.14337158203125
2017-03-20,210.46926879882807
2017-03-21,208.6441802978516
2017-03-22,206.4280548095703
2017-03-23,208.25311279296875
2017-03-24,207.0146942138672
2017-03-27,206.8191070556641
2017-03-28,207.40573120117188
2017-03-29,210.33889770507807
2017-03-30,211.4469757080078
2017-03-31,210.6648101806641
2017-04-03,209.4915313720703
2017-04-04,209.88262939453125
2017-04-05,208.7745361328125
2017-04-06,211.12106323242188
2017-04-07,210.7951812744141
2017-04-10,212.55506896972656
2017-04-11,213.14166259765625
2017-04-12,213.2720184326172
2017-04-13,212.0335998535156
2017-04-18,210.07818603515625
2017-04-19,208.7745361328125
2017-04-20,211.57736206054688
2017-04-21,213.01133728027344
2017-04-24,216.66146850585935
2017-04-25,217.76953125
2017-04-26,218.2257843017578
2017-04-27,218.22579956054688
2017-04-28,218.22579956054688
2017-05-02,223.95437622070312
2017-05-03,222.40431213378903
2017-05-04,225.16749572753903
2017-05-05,225.36968994140625
2017-05-08,225.23489379882807
2017-05-09,226.1110382080078
2017-05-10,221.7977752685547
2017-05-11,219.0345458984375
2017-05-12,220.1802520751953
2017-05-15,221.5281524658203
2017-05-16,220.3824157714844
2017-05-17,214.1147003173828
2017-05-18,214.31686401367188
2017-05-19,216.47352600097656
2017-05-22,216.8105010986328
2017-05-23,216.54090881347656
2017-05-24,217.4170684814453
2017-05-26,216.8779144287109
2017-05-29,219.1693572998047
2017-05-30,219.10194396972656
2017-05-31,217.7540740966797
2017-06-01,218.29319763183597
2017-06-02,217.8887939453125
2017-06-06,214.0472869873047
2017-06-07,215.732177734375
2017-06-08,214.99082946777344
2017-06-09,217.6192321777344
2017-06-12,217.48448181152344
2017-06-13,219.10194396972656
2017-06-14,219.4389190673828
2017-06-15,218.56277465820312
2017-06-16,222.4717254638672
2017-06-19,223.886962890625
2017-06-20,225.3022918701172
2017-06-21,222.06732177734372
2017-06-22,219.5063323974609
2017-06-23,218.29319763183597
2017-06-26,218.29319763183597
2017-06-27,217.48448181152344
2017-06-28,219.2367248535156
2017-06-29,217.8887939453125
2017-06-30,218.0910186767578
2017-07-03,224.15658569335935
2017-07-04,226.1110382080078
2017-07-05,225.9762725830078
2017-07-06,226.65020751953125
2017-07-07,227.79592895507807
2017-07-10,230.5591278076172
2017-07-11,230.15478515625
2017-07-12,230.5591278076172
2017-07-13,231.3678436279297
2017-07-14,231.16571044921875
2017-07-17,231.70481872558597
2017-07-18,228.87425231933597
2017-07-19,230.0199737548828
2017-07-20,230.15478515625
2017-07-21,227.5263519287109
2017-07-24,227.79592895507807
2017-07-25,230.2895355224609
2017-07-26,231.3678436279297
2017-07-27,233.25494384765625
2017-07-28,234.1310577392578
2017-07-31,237.90521240234372
2017-08-02,243.70118713378903
2017-08-03,243.76861572265625
2017-08-04,244.50994873046875
2017-08-07,244.5773468017578
2017-08-08,244.9817047119141
2017-08-09,238.9161071777344
2017-08-10,234.7376251220703
2017-08-11,232.91790771484372
2017-08-14,236.4899444580078
2017-08-15,236.4899444580078
2017-08-16,236.1529235839844
2017-08-17,236.1529235839844
2017-08-18,233.3223114013672
2017-08-21,233.38970947265625
2017-08-22,233.9962921142578
2017-08-23,232.98538208007807
2017-08-24,233.1201019287109
2017-08-25,233.6593170166016
2017-08-28,231.8396148681641
2017-08-29,228.26768493652344
2017-08-30,232.3787841796875
2017-08-31,231.30047607421875
2017-09-01,233.5918884277344
2017-09-04,230.6265411376953
2017-09-05,227.3241271972656
2017-09-06,226.04367065429688
2017-09-07,224.76315307617188
2017-09-08,224.89794921875
2017-09-11,230.0199737548828
2017-09-12,232.71575927734372
2017-09-13,231.43528747558597
2017-09-14,228.1329040527344
2017-09-15,224.4261474609375
2017-09-18,225.7740631103516
2017-09-19,226.31321716308597
2017-09-20,224.89794921875
2017-09-21,226.9872131347656
2017-09-22,227.12196350097656
2017-09-25,224.29139709472656
2017-09-26,221.86512756347656
2017-09-27,224.4261474609375
2017-09-28,227.3915863037109
2017-09-29,229.8852081298828
2017-10-02,230.89610290527344
2017-10-03,232.91790771484372
2017-10-04,231.0308837890625
2017-10-05,230.89610290527344
2017-10-06,229.41342163085935
2017-10-09,230.15478515625
2017-10-10,230.0199737548828
2017-10-11,230.69390869140625
2017-10-12,232.17660522460935
2017-10-13,233.5244903564453
2017-10-16,231.43528747558597
2017-10-17,230.89610290527344
2017-10-18,231.50265502929688
2017-10-19,230.7613067626953
2017-10-20,232.98538208007807
2017-10-23,232.64837646484372
2017-10-24,233.5918884277344
2017-10-25,232.8505706787109
2017-10-26,238.24215698242188
2017-10-27,234.5354461669922
2017-10-30,232.8505706787109
2017-10-31,233.7266540527344
2017-11-01,234.87242126464844
2017-11-02,233.7266540527344
2017-11-03,232.3787841796875
2017-11-06,231.97442626953125
2017-11-07,231.57003784179688
2017-11-08,236.62474060058597
2017-11-09,232.78317260742188
2017-11-10,233.1875457763672
2017-11-13,230.22213745117188
2017-11-14,228.2003326416016
2017-11-15,226.65020751953125
2017-11-16,227.3241271972656
2017-11-17,226.245849609375
2017-11-20,225.16749572753903
2017-11-21,225.7740631103516
2017-11-22,224.9653167724609
2017-11-23,224.4935760498047
2017-11-24,225.4371032714844
2017-11-27,221.86512756347656
2017-11-28,220.5172271728516
2017-11-29,222.2694854736328
2017-11-30,222.5390472412109
2017-12-01,220.3824157714844
2017-12-04,223.75218200683597
2017-12-05,221.59555053710935
2017-12-06,221.056396484375
2017-12-07,220.78680419921875
2017-12-08,222.33688354492188
2017-12-11,224.29139709472656
2017-12-12,223.1456451416016
2017-12-13,225.4371032714844
2017-12-14,227.93072509765625
2017-12-15,230.0873870849609
2017-12-18,232.58099365234372
2017-12-19,232.31138610839844
2017-12-20,232.17660522460935
2017-12-21,233.4571228027344
2017-12-22,232.0418243408203
2017-12-27,232.91790771484372
2017-12-28,233.052734375
2017-12-29,232.5135955810547
2018-01-03,232.31138610839844
2018-01-04,234.7376251220703
2018-01-05,236.35513305664065
2018-01-08,235.8159637451172
2018-01-09,236.8943023681641
2018-01-10,237.90521240234372
2018-01-11,238.7139587402344
2018-01-12,239.92706298828125
2018-01-15,239.25311279296875
2018-01-16,239.6574859619141
2018-01-17,241.8141326904297
2018-01-18,241.6793670654297
2018-01-19,241.8141326904297
2018-01-22,242.8924560546875
2018-01-23,241.40977478027344
2018-01-24,241.4771270751953
2018-01-25,240.6684417724609
2018-01-26,240.60104370117188
2018-01-29,239.8596649169922
2018-01-30,237.8377990722656
2018-01-31,235.54635620117188
2018-02-01,237.43344116210935
2018-02-02,236.692138671875
2018-02-05,234.8050079345703
2018-02-06,226.38059997558597
2018-02-07,229.54823303222656
2018-02-08,223.8196258544922
2018-02-09,221.12380981445312
2018-02-12,224.62835693359372
2018-02-13,222.4717254638672
2018-02-14,224.15658569335935
2018-02-15,225.4371032714844
2018-02-16,226.31321716308597
2018-02-19,229.3460235595703
2018-02-20,230.89610290527344
2018-02-21,231.16571044921875
2018-02-22,228.87425231933597
2018-02-23,229.009033203125
2018-02-26,230.6265411376953
2018-02-27,232.3787841796875
2018-02-28,231.16571044921875
2018-03-01,228.87425231933597
2018-03-02,222.20211791992188
2018-03-05,224.15658569335935
2018-03-06,225.5044860839844
2018-03-07,225.16749572753903
2018-03-08,227.3915863037109
2018-03-09,227.7285003662109
2018-03-12,229.1438446044922
2018-03-13,226.91978454589844
2018-03-14,227.6611175537109
2018-03-15,232.31138610839844
2018-03-16,231.8396148681641
2018-03-19,229.6156005859375
2018-03-20,232.71575927734372
2018-03-21,231.0308837890625
2018-03-22,226.91978454589844
2018-03-23,224.15658569335935
2018-03-26,223.95437622070312
2018-03-27,226.44805908203125
2018-03-28,228.9416656494141
2018-03-29,229.3460235595703
2018-04-03,228.6720428466797
2018-04-04,225.7066802978516
2018-04-05,228.1329040527344
2018-04-06,229.4807891845703
2018-04-09,229.8177795410156
2018-04-10,230.0873870849609
2018-04-11,228.87425231933597
2018-04-12,232.4461975097656
2018-04-13,232.71575927734372
2018-04-16,233.1201019287109
2018-04-17,235.4789886474609
2018-04-18,237.97265625
2018-04-19,239.8596649169922
2018-04-20,240.3988342285156
2018-04-23,242.21853637695312
2018-04-24,241.2075958251953
2018-04-25,240.6684417724609
2018-04-26,242.6996612548828
2018-04-27,242.6996612548828
2018-04-30,244.10052490234372
2018-05-02,244.94110107421875
2018-05-03,242.76971435546875
2018-05-04,243.4000701904297
2018-05-07,245.5013885498047
2018-05-08,247.4625701904297
2018-05-09,250.6845703125
2018-05-11,252.36561584472656
2018-05-14,251.1048583984375
2018-05-15,252.4356689453125
2018-05-16,250.19430541992188
2018-05-17,251.455078125
2018-05-18,251.0348052978516
2018-05-22,251.94537353515625
2018-05-23,246.76217651367188
2018-05-24,245.99171447753903
2018-05-25,247.9529571533203
2018-05-28,247.88284301757807
2018-05-29,240.0380401611328
2018-05-30,239.89796447753903
2018-05-31,235.3451690673828
2018-06-01,241.36886596679688
2018-06-04,243.11996459960935
2018-06-05,239.197509765625
2018-06-06,239.0574188232422
2018-06-07,241.50894165039065
2018-06-08,239.75784301757807
2018-06-11,244.73092651367188
2018-06-12,244.73092651367188
2018-06-13,244.10052490234372
2018-06-14,246.9022521972656
2018-06-15,242.76971435546875
2018-06-18,240.94857788085935
2018-06-19,238.56710815429688
2018-06-20,238.4970703125
2018-06-21,235.62530517578125
2018-06-22,242.489501953125
2018-06-25,239.197509765625
2018-06-26,241.0886688232422
2018-06-27,240.2481689453125
2018-06-28,238.9873962402344
2018-06-29,241.64903259277344
2018-07-02,237.79669189453125
2018-07-03,239.4776611328125
2018-07-04,240.7384796142578
2018-07-05,242.27940368652344
2018-07-06,241.01866149902344
2018-07-09,244.87098693847656
2018-07-10,242.90977478027344
2018-07-11,241.2987823486328
2018-07-12,242.13937377929688
2018-07-13,242.13937377929688
2018-07-16,242.489501953125
2018-07-17,244.0304718017578
2018-07-18,244.1705780029297
2018-07-19,243.260009765625
2018-07-20,242.489501953125
2018-07-23,242.3494415283203
2018-07-24,245.43136596679688
2018-07-25,243.47015380859372
2018-07-26,243.6802520751953
2018-07-27,245.92166137695312
2018-07-30,248.5832977294922
2018-07-31,249.1436462402344
2018-08-02,244.73092651367188
2018-08-03,245.7115631103516
2018-08-06,245.64149475097656
2018-08-07,247.0423583984375
2018-08-08,247.4625701904297
2018-08-09,247.18240356445312
2018-08-10,244.38072204589844
2018-08-13,245.1511993408203
2018-08-14,244.73092651367188
2018-08-15,244.10052490234372
2018-08-16,245.57144165039065
2018-08-17,243.75033569335935
2018-08-20,243.75033569335935
2018-08-21,245.1511993408203
2018-08-22,246.06173706054688
2018-08-23,245.78158569335935
2018-08-24,246.8321990966797
2018-08-27,248.7934112548828
2018-08-28,249.70396423339844
2018-08-29,248.30308532714844
2018-08-30,248.02294921875
2018-08-31,245.99171447753903
2018-09-03,249.84408569335935
2018-09-04,247.18240356445312
2018-09-05,245.8516082763672
2018-09-06,246.55206298828125
2018-09-07,246.27186584472656
2018-09-10,249.4238128662109
2018-09-11,249.5639190673828
2018-09-12,249.63394165039065
2018-09-13,249.98416137695312
2018-09-14,250.12425231933597
2018-09-17,249.98416137695312
2018-09-18,250.54454040527344
2018-09-19,252.5757598876953
2018-09-20,255.65760803222656
2018-09-21,257.8990173339844
2018-09-24,257.40875244140625
2018-09-25,259.22979736328125
2018-09-26,261.611328125
2018-09-27,262.4518737792969
2018-09-28,260.5606994628906
2018-10-01,260.42059326171875
2018-10-02,256.988525390625
2018-10-03,259.36993408203125
2018-10-04,262.8020935058594
2018-10-05,260.70074462890625
2018-10-08,257.8990173339844
2018-10-09,260.5606994628906
2018-10-10,260.42059326171875
2018-10-11,252.64578247070312
2018-10-12,254.60699462890625
2018-10-15,255.2373962402344
2018-10-16,256.9184265136719
2018-10-17,257.40875244140625
2018-10-18,257.8290100097656
2018-10-19,259.15985107421875
2018-10-22,258.8096008300781
2018-10-23,254.25680541992188
2018-10-24,252.64578247070312
2018-10-25,253.416259765625
2018-10-26,252.08541870117188
2018-10-29,259.8602294921875
2018-10-30,260.910888671875
2018-10-31,266.3042297363281
2018-11-01,267.4248962402344
2018-11-02,267.9852905273437
2018-11-05,267.07470703125
2018-11-06,265.4637145996094
2018-11-07,267.9151916503906
2018-11-08,270.1565856933594
2018-11-09,273.868896484375
2018-11-12,270.5768737792969
2018-11-13,272.5380859375
2018-11-14,271.207275390625
2018-11-15,268.4755859375
2018-11-16,268.1954040527344
2018-11-19,267.4949645996094
2018-11-20,260.2805480957031
2018-11-21,263.3624267578125
2018-11-22,261.6813659667969
2018-11-23,263.43243408203125
2018-11-26,266.5143737792969
2018-11-27,267.07470703125
2018-11-28,267.9852905273437
2018-11-29,274.4992980957031
2018-11-30,274.4992980957031
2018-12-03,277.3009948730469
2018-12-04,276.6706237792969
2018-12-05,271.4873962402344
2018-12-06,263.7126159667969
2018-12-07,267.705078125
2018-12-10,262.10162353515625
2018-12-11,266.3742980957031
2018-12-12,271.13720703125
2018-12-13,270.6469116210937
2018-12-14,268.54559326171875
2018-12-17,264.6932067871094
2018-12-18,262.8020935058594
2018-12-19,266.23419189453125
2018-12-20,262.6619567871094
2018-12-21,262.3117370605469
2018-12-27,257.40875244140625
2018-12-28,265.1835327148437
2019-01-03,265.743896484375
2019-01-04,266.3042297363281
2019-01-07,266.3742980957031
2019-01-08,274.7794494628906
2019-01-09,274.7794494628906
2019-01-10,279.6824951171875
2019-01-11,281.5736694335937
2019-01-14,282.6943359375
2019-01-15,283.7449645996094
2019-01-16,287.31719970703125
2019-01-17,289.55859375
2019-01-18,292.150146484375
2019-01-21,293.6210327148437
2019-01-22,290.74932861328125
2019-01-23,291.2395935058594
2019-01-24,293.9712829589844
2019-01-25,288.7880859375
2019-01-28,287.9476013183594
2019-01-29,290.1189270019531
2019-01-30,289.4184875488281
2019-01-31,286.6867980957031
2019-02-01,288.99822998046875
2019-02-04,288.5079040527344
2019-02-05,289.2083435058594
2019-02-06,288.9281616210937
2019-02-07,284.6555480957031
2019-02-08,283.18463134765625
2019-02-11,287.24713134765625
2019-02-12,287.8074645996094
2019-02-13,289.1382751464844
2019-02-14,287.5272827148437
2019-02-15,290.74932861328125
2019-02-18,288.36785888671875
2019-02-19,290.5391540527344
2019-02-20,291.8700256347656
2019-02-21,290.6792297363281
2019-02-22,293.2008361816406
2019-02-25,296.843017578125
2019-02-26,299.78485107421875
2019-02-27,302.0962829589844
2019-02-28,304.6878967285156
2019-03-01,304.7579345703125
2019-03-04,305.3182373046875
2019-03-05,305.6684875488281
2019-03-06,307.5596618652344
2019-03-07,305.738525390625
2019-03-08,303.98748779296875
2019-03-11,304.5477905273437
2019-03-12,304.4778137207031
2019-03-13,306.5090026855469
2019-03-14,309.1005554199219
2019-03-15,309.87109375
2019-03-18,310.6416015625
2019-03-19,310.8517150878906
2019-03-20,307.4895935058594
2019-03-21,305.3883361816406
2019-03-22,300.6253967285156
2019-03-25,301.7460327148437
2019-03-26,302.0262451171875
2019-03-27,302.44647216796875
2019-03-28,302.7267150878906
2019-03-29,306.9292907714844
2019-04-01,310.2213134765625
2019-04-02,312.6727905273437
2019-04-03,314.9141845703125
2019-04-04,314.8441772460937
2019-04-05,317.1555480957031
2019-04-08,318.4863586425781
2019-04-09,317.926025390625
2019-04-10,317.295654296875
2019-04-11,318.1361694335937
2019-04-12,319.6070861816406
2019-04-15,323.94976806640625
2019-04-16,328.222412109375
2019-04-17,330.5338134765625
2019-04-18,332.9853515625
2019-04-23,334.38623046875
2019-04-24,333.0553894042969
2019-04-25,334.24615478515625
2019-04-26,334.946533203125
2019-04-29,334.17608642578125
2019-04-30,335.5769348144531
2019-05-02,334.17608642578125
2019-05-03,336.64288330078125
2019-05-06,331.201416015625
2019-05-07,329.6778564453125
2019-05-08,328.6620483398437
2019-05-09,325.83251953125
2019-05-10,327.71893310546875
2019-05-13,323.1481018066406
2019-05-14,324.74432373046875
2019-05-15,328.8071594238281
2019-05-16,337.2232666015625
2019-05-17,334.901611328125
2019-05-20,333.1603698730469
2019-05-21,335.04669189453125
2019-05-22,333.5956726074219
2019-05-23,327.35614013671875
2019-05-24,334.103515625
2019-05-27,334.9741516113281
2019-05-28,333.7407531738281
2019-05-29,327.93658447265625
2019-05-31,330.6210021972656
2019-06-03,330.76611328125
2019-06-04,334.103515625
2019-06-05,335.1918029785156
2019-06-06,336.64288330078125
2019-06-07,339.98028564453125
2019-06-11,342.30194091796875
2019-06-12,343.31768798828125
2019-06-13,343.6078491210937
2019-06-14,344.3334045410156
2019-06-17,344.478515625
2019-06-18,346.4374084472656
2019-06-19,346.5825500488281
2019-06-20,346.2922668457031
2019-06-21,345.784423828125
2019-06-24,348.0335998535156
2019-06-25,348.97674560546875
2019-06-26,349.4846496582031
2019-06-27,348.75909423828125
2019-06-28,351.0082092285156
2019-07-01,349.3395080566406
2019-07-02,354.1279602050781
2019-07-03,356.5221862792969
2019-07-04,357.755615234375
2019-07-05,353.76519775390625
2019-07-08,355.5790100097656
2019-07-09,356.3045349121094
2019-07-10,354.3456726074219
2019-07-11,355.288818359375
2019-07-12,353.69268798828125
2019-07-15,356.3771057128906
2019-07-16,357.3202514648437
2019-07-17,359.7870483398437
2019-07-18,358.98895263671875
2019-07-19,357.3202514648437
2019-07-22,355.9417724609375
2019-07-23,356.23199462890625
2019-07-24,354.2005310058594
2019-07-25,353.4750061035156
2019-07-26,353.6201171875
2019-07-29,355.5790100097656
2019-07-30,350.79058837890625
2019-07-31,349.3395080566406
2019-08-02,342.8823547363281
2019-08-05,335.772216796875
2019-08-06,333.37799072265625
2019-08-07,334.2486572265625
2019-08-08,339.109619140625
2019-08-09,338.5292053222656
2019-08-12,338.4566345214844
2019-08-13,337.6585998535156
2019-08-14,331.0563049316406
2019-08-15,332.5073547363281
2019-08-16,336.4251708984375
2019-08-19,342.3744812011719
2019-08-20,340.9960327148437
2019-08-21,342.809814453125
2019-08-22,341.72149658203125
2019-08-23,341.4313049316406
2019-08-26,342.08428955078125
2019-08-27,337.2958679199219
2019-08-28,335.48199462890625
2019-08-29,339.109619140625
2019-08-30,340.4881286621094
2019-09-02,340.41558837890625
2019-09-03,339.8351745605469
2019-09-04,341.6489562988281
2019-09-05,347.9610290527344
2019-09-06,349.8473815917969
2019-09-09,354.78094482421875
2019-09-10,355.65155029296875
2019-09-11,358.8439025878906
2019-09-12,356.0868835449219
2019-09-13,356.23199462890625
2019-09-16,351.0082092285156
2019-09-17,351.2984313964844
2019-09-18,351.2984313964844
2019-09-19,351.95135498046875
2019-09-20,351.2984313964844
2019-09-23,348.4688720703125
2019-09-24,344.043212890625
2019-09-25,339.6900939941406
2019-09-26,340.9960327148437
2019-09-27,342.7372436523437
2019-09-30,346.1472473144531
2019-10-01,343.1725769042969
2019-10-02,336.64288330078125
2019-10-03,334.901611328125
2019-10-04,337.3683776855469
2019-10-07,339.4723815917969
2019-10-08,338.239013671875
2019-10-09,338.0939025878906
2019-10-10,341.4313049316406
2019-10-11,349.7748107910156
2019-10-14,348.3963317871094
2019-10-15,350.9356994628906
2019-10-16,351.8788146972656
2019-10-17,355.65155029296875
2019-10-18,353.9828491210937
2019-10-21,355.1437072753906
2019-10-22,353.4024353027344
2019-10-23,354.78094482421875
2019-10-24,356.3771057128906
2019-10-25,354.2730712890625
2019-10-28,359.0615234375
2019-10-29,360.1497802734375
2019-10-30,359.7144775390625
2019-10-31,357.828125
2019-11-01,359.859619140625
2019-11-04,362.2538146972656
2019-11-05,366.5344543457031
2019-11-06,367.5501403808594
2019-11-07,368.8560485839844
2019-11-08,362.0361633300781
2019-11-11,362.9067993164063
2019-11-12,363.3421020507813
2019-11-13,358.6987609863281
2019-11-14,356.01434326171875
2019-11-15,359.4242858886719
2019-11-18,358.4085388183594
2019-11-19,360.2949523925781
2019-11-20,360.8027648925781
2019-11-21,358.11834716796875
2019-11-22,359.3517150878906
2019-11-25,358.8439025878906
2019-11-26,358.11834716796875
2019-11-27,360.1497802734375
2019-11-28,361.600830078125
2019-11-29,359.7144775390625
2019-12-02,358.4811096191406
2019-12-03,352.822021484375
2019-12-04,357.03009033203125
2019-12-05,355.9417724609375
2019-12-06,360.2223815917969
2019-12-09,358.6987609863281
2019-12-10,356.0868835449219
2019-12-11,355.65155029296875
2019-12-12,357.755615234375
2019-12-13,354.3456726074219
2019-12-16,357.755615234375
2019-12-17,359.7144775390625
2019-12-18,360.0772399902344
2019-12-19,356.1593933105469
2019-12-20,355.5064697265625
2019-12-23,358.263427734375
2019-12-27,354.3456726074219
2019-12-30,352.459228515625
2020-01-03,354.2005310058594
2020-01-06,351.2984313964844
2020-01-07,353.1122436523437
2020-01-08,354.49072265625
2020-01-09,354.56329345703125
2020-01-10,353.0397033691406
2020-01-13,352.67694091796875
2020-01-14,354.7083740234375
2020-01-15,350.79058837890625
2020-01-16,350.718017578125
2020-01-17,354.2005310058594
2020-01-20,357.755615234375
2020-01-21,357.6830749511719
2020-01-22,358.5536193847656
2020-01-23,357.755615234375
2020-01-24,362.5440673828125
2020-01-27,354.6358337402344
2020-01-28,358.6261901855469
2020-01-29,359.6419677734375
2020-01-30,356.3045349121094
2020-01-31,352.1690368652344
2020-02-03,354.7083740234375
2020-02-04,358.9164428710937
2020-02-05,366.5344543457031
2020-02-06,367.2599792480469
2020-02-07,367.2599792480469
2020-02-10,366.0990905761719
2020-02-11,369.1463012695313
2020-02-12,369.29144287109375
2020-02-13,372.91900634765625
2020-02-14,375.0956115722656
2020-02-17,376.4015502929688
2020-02-18,375.5308837890625
2020-02-19,378.2879028320313
2020-02-20,371.90325927734375
2020-02-21,369.871826171875
2020-02-24,352.0239562988281
2020-02-25,339.4723815917969
2020-02-26,336.71539306640625
2020-02-27,322.8578796386719
2020-02-28,318.2145690917969
2020-03-02,324.59918212890625
2020-03-03,328.2993469238281
2020-03-04,331.201416015625
2020-03-05,321.4068908691406
2020-03-06,311.9024963378906
2020-03-09,287.1621398925781
2020-03-10,286.2189636230469
2020-03-11,287.1621398925781
2020-03-12,244.5739288330078
2020-03-13,239.78549194335935
2020-03-16,209.60369873046875
2020-03-17,203.65444946289065
2020-03-18,199.9542694091797
2020-03-19,208.08009338378903
2020-03-20,202.20335388183597
2020-03-23,189.36160278320312
2020-03-24,219.4708251953125
2020-03-25,232.02235412597656
2020-03-26,237.82655334472656
2020-03-27,233.61851501464844
2020-03-30,234.63424682617188
2020-03-31,238.9874267578125
2020-04-01,226.1456451416016
2020-04-02,225.71034240722656
2020-04-03,221.719970703125
2020-04-06,233.83616638183597
2020-04-07,243.99354553222656
2020-04-08,242.32481384277344
2020-04-09,248.49180603027344
2020-04-14,246.24264526367188
2020-04-15,235.7225341796875
2020-04-16,233.03814697265625
2020-04-17,238.2618865966797
2020-04-20,241.1639862060547
2020-04-21,234.4891815185547
2020-04-22,232.24005126953125
2020-04-23,233.90872192382807
2020-04-24,233.98129272460935
2020-04-27,245.7347717285156
2020-04-28,256.6176147460937
2020-04-29,264.0179443359375
2020-04-30,258.720947265625
2020-05-04,245.25143432617188
2020-05-05,245.25143432617188
2020-05-06,245.4784240722656
2020-05-07,253.3482666015625
2020-05-08,251.9862060546875
2020-05-11,249.71604919433597
2020-05-12,250.0944061279297
2020-05-13,239.34901428222656
2020-05-14,232.46295166015625
2020-05-15,232.0845947265625
2020-05-18,243.73800659179688
2020-05-19,244.2676696777344
2020-05-20,244.87307739257807
2020-05-22,238.89501953125
2020-05-25,243.81370544433597
2020-05-26,259.1750183105469
2020-05-27,263.2612609863281
2020-05-28,260.3857727050781
2020-05-29,255.3157501220703
2020-06-02,266.8178100585937
2020-06-03,280.363037109375
2020-06-04,278.0172119140625
2020-06-05,287.62750244140625
2020-06-08,288.7625427246094
2020-06-09,281.1954040527344
2020-06-10,279.0009460449219
2020-06-11,266.7421264648437
2020-06-12,266.7421264648437
2020-06-15,267.4231872558594
2020-06-16,272.1905212402344
2020-06-17,270.9040832519531
2020-06-18,268.9366149902344
2020-06-19,265.6070861816406
2020-06-22,262.27752685546875
2020-06-23,267.49884033203125
2020-06-24,261.2181091308594
2020-06-25,264.6990051269531
2020-06-26,261.52081298828125
2020-06-29,263.185546875
2020-06-30,265.6070861816406
2020-07-01,261.2181091308594
2020-07-02,267.1204833984375
2020-07-03,267.1204833984375
2020-07-06,270.75274658203125
2020-07-07,267.5745544433594
2020-07-08,263.9422607421875
2020-07-09,260.9154052734375
2020-07-10,265.7584228515625
2020-07-13,265.90972900390625
2020-07-14,270.4500427246094
2020-07-15,271.43377685546875
2020-07-16,272.4175109863281
2020-07-17,269.16363525390625
2020-07-20,270.52569580078125
2020-07-21,273.4768981933594
2020-07-22,270.0717163085937
2020-07-23,265.8340759277344
2020-07-24,263.7152709960937
2020-07-27,262.126220703125
2020-07-28,261.974853515625
2020-07-29,262.95855712890625
2020-07-30,252.9699249267578
2020-07-31,251.91049194335935
2020-08-03,256.6022033691406
2020-08-04,256.4508056640625
2020-08-05,255.01304626464844
2020-08-06,253.2726287841797
2020-08-07,253.7266540527344
2020-08-10,257.283203125
2020-08-11,261.1424560546875
2020-08-12,263.7152709960937
2020-08-13,267.8015441894531
2020-08-14,267.6501770019531
2020-08-17,267.0448303222656
2020-08-18,268.1799011230469
2020-08-19,271.7364501953125
2020-08-20,275.7470397949219
2020-08-21,277.109130859375
2020-08-24,282.3304443359375
2020-08-25,279.3036193847656
2020-08-26,281.4980773925781
2020-08-27,280.5899963378906
2020-08-28,281.8007507324219
2020-08-31,276.0497131347656
2020-09-01,279.5306396484375
2020-09-02,282.2547912597656
2020-09-03,280.8170471191406
2020-09-04,278.849609375
2020-09-07,285.2816467285156
2020-09-08,281.2710876464844
2020-09-09,287.93017578125
2020-09-10,284.82763671875
2020-09-11,285.7356872558594
2020-09-14,284.6005859375
2020-09-15,282.7088317871094
2020-09-16,283.76824951171875
2020-09-17,281.1954040527344
2020-09-18,279.4549255371094
2020-09-21,267.8015441894531
2020-09-22,265.7584228515625
2020-09-23,265.90972900390625
2020-09-24,261.44512939453125
2020-09-25,257.20751953125
2020-09-28,265.3800354003906
2020-09-29,262.5045471191406
2020-09-30,263.7152709960937
2020-10-01,262.8072204589844
2020-10-02,263.9422607421875
2020-10-05,269.7689819335937
2020-10-06,272.6445007324219
2020-10-07,268.48260498046875
2020-10-08,272.11480712890625
2020-10-09,269.6932983398437
2020-10-12,270.8283996582031
2020-10-13,264.5476989746094
2020-10-14,263.6396179199219
2020-10-15,256.3751525878906
2020-10-16,257.7372131347656
2020-10-19,258.1156311035156
2020-10-20,258.7966003417969
2020-10-21,254.7103729248047
2020-10-22,253.7266540527344
2020-10-23,255.0886993408203
2020-10-26,250.0944061279297
2020-10-27,242.52720642089844
2020-10-28,233.2953186035156
2020-10-29,231.176513671875
2020-10-30,233.2196807861328
2020-11-02,240.55979919433597
2020-11-03,246.31085205078125
2020-11-04,254.02932739257807
2020-11-05,258.26690673828125
2020-11-06,258.4939270019531
2020-11-09,278.0172119140625
2020-11-10,287.3247985839844
2020-11-11,285.88702392578125
2020-11-12,284.44927978515625
2020-11-13,286.568115234375
2020-11-16,298.1458435058594
2020-11-17,302.5347900390625
2020-11-18,306.5453491210937
2020-11-19,301.9294128417969
2020-11-20,303.5941772460937
2020-11-23,307.9831237792969
2020-11-24,314.7935485839844
2020-11-25,311.6153564453125
2020-11-26,309.34521484375
2020-11-27,309.5722351074219
2020-11-30,307.0750427246094
2020-12-01,314.4908752441406
2020-12-02,311.99371337890625
2020-12-03,308.89117431640625
2020-12-04,309.4965515136719
2020-12-07,308.1344909667969
2020-12-08,304.577880859375
2020-12-09,305.4859924316406
2020-12-10,304.95623779296875
2020-12-11,298.9782409667969
2020-12-14,301.32403564453125
2020-12-15,302.3077087402344
2020-12-16,309.9505920410156
2020-12-17,309.4965515136719
2020-12-18,306.3940124511719
2020-12-21,298.4485168457031
2020-12-22,301.0970153808594
2020-12-23,305.4859924316406
2020-12-28,311.99371337890625
2020-12-29,310.70733642578125
2020-12-30,312.0693664550781
2021-01-04,311.23699951171875
2021-01-05,312.8261108398437
2021-01-06,326.1443176269531
2021-01-07,326.5982971191406
2021-01-08,326.7496643066406
2021-01-11,326.219970703125
2021-01-12,327.80908203125
2021-01-13,326.44696044921875
2021-01-14,329.7764892578125
2021-01-15,327.5820617675781
2021-01-18,325.4632568359375
2021-01-19,323.5714416503906
2021-01-20,322.73907470703125
2021-01-21,323.6471252441406
2021-01-22,322.4363708496094
2021-01-25,316.0043029785156
2021-01-26,318.5771179199219
2021-01-27,313.9612121582031
2021-01-28,314.4908752441406
2021-01-29,307.907470703125
2021-02-01,311.99371337890625
2021-02-02,320.3932800292969
2021-02-03,320.241943359375
2021-02-04,324.10113525390625
2021-02-05,324.40386962890625
2021-02-08,326.8253479003906
2021-02-09,325.9172668457031
2021-02-10,328.79278564453125
2021-02-11,329.39813232421875
2021-02-12,330.1549072265625
2021-02-15,334.3924865722656
2021-02-16,332.576416015625
2021-02-17,332.349365234375
2021-02-18,329.1711120605469
2021-02-19,335.7546081542969
2021-02-22,339.1597900390625
2021-02-23,338.2517395019531
2021-02-24,344.6838073730469
2021-02-25,348.69439697265625
2021-02-26,342.2623291015625
2021-03-01,347.635009765625
2021-03-02,353.31036376953125
2021-03-03,349.8294677734375
2021-03-04,344.381103515625
2021-03-05,337.4950256347656
2021-03-08,348.3160400390625
2021-03-09,346.3486022949219
2021-03-10,342.4893493652344
2021-03-11,341.0516052246094
2021-03-12,344.15411376953125
2021-03-15,345.8188781738281
2021-03-16,343.8514404296875
2021-03-17,341.2785949707031
2021-03-18,346.12158203125
2021-03-19,342.6406555175781
2021-03-22,342.943359375
2021-03-23,344.0028076171875
2021-03-24,346.9539794921875
2021-03-25,349.9808349609375
2021-03-26,352.17529296875
2021-03-29,352.5536499023437
2021-03-30,355.8075561523437
2021-03-31,351.5699157714844
2021-04-01,356.9425964355469
2021-04-06,359.36407470703125
2021-04-07,361.4828796386719
2021-04-08,358.2290344238281
2021-04-09,360.1208190917969
2021-04-12,359.7424621582031
2021-04-13,358.5317077636719
2021-04-14,358.07769775390625
2021-04-15,356.33721923828125
2021-04-16,358.1533203125
2021-04-19,360.95318603515625
2021-04-20,353.3860778808594
2021-04-21,352.9319763183594
2021-04-22,351.4942626953125
2021-04-23,352.2509765625
2021-04-26,355.27783203125
2021-04-27,351.31707763671875
2021-04-28,355.99078369140625
2021-04-29,352.5053100585937
2021-04-30,352.42608642578125
2021-05-03,354.9609680175781
2021-05-04,351.000244140625
2021-05-05,355.1986083984375
2021-05-06,359.9515075683594
2021-05-07,364.2291259765625
2021-05-10,365.9718322753906
2021-05-11,357.2581787109375
2021-05-12,360.9813232421875
2021-05-14,363.9914245605469
2021-05-17,365.7341613769531
2021-05-18,365.5757751464844
2021-05-19,358.92169189453125
2021-05-20,360.6644287109375
2021-05-21,365.5757751464844
2021-05-25,363.1201171875
2021-05-26,362.0110778808594
2021-05-27,369.7740783691406
2021-05-28,371.9129333496094
2021-05-31,369.4573059082031
2021-06-01,373.1011657714844
2021-06-02,370.01177978515625
2021-06-03,369.0612182617188
2021-06-04,365.0212707519531
2021-06-07,364.14990234375
2021-06-08,364.0706787109375
2021-06-09,361.37738037109375
2021-06-10,359.7930908203125
2021-06-11,362.0110778808594
2021-06-14,362.2487182617188
2021-06-15,365.4965515136719
2021-06-16,368.8235473632813
2021-06-17,368.98193359375
2021-06-18,365.1004638671875
2021-06-21,366.52630615234375
2021-06-22,365.6549682617188
2021-06-23,362.7240295410156
2021-06-24,365.7341613769531
2021-06-25,367.7145385742188
2021-06-28,365.0212707519531
2021-06-29,362.8824462890625
2021-06-30,356.1492004394531
2021-07-01,360.5852355957031
2021-07-02,360.5060119628906
2021-07-05,365.1004638671875
2021-07-06,358.92169189453125
2021-07-07,361.5358276367188
2021-07-08,353.4559326171875
2021-07-09,359.08013916015625
2021-07-12,362.3279724121094
2021-07-13,362.0110778808594
2021-07-14,360.26837158203125
2021-07-15,357.9711303710937
2021-07-16,357.2581787109375
2021-07-19,344.7422790527344
2021-07-20,352.34686279296875
2021-07-21,363.5953674316406
2021-07-22,366.4471130371094
2021-07-23,368.5859069824219
2021-07-26,371.4376220703125
2021-07-27,370.01177978515625
2021-07-28,369.8533325195313
2021-07-29,371.7544860839844
2021-07-30,370.7247314453125
2021-08-02,372.5466003417969
2021-08-03,374.2101440429688
2021-08-04,375.6360168457031
2021-08-05,377.2203369140625
2021-08-06,379.4383544921875
2021-08-09,383.31982421875
2021-08-10,386.6468505859375
2021-08-11,387.2805480957031
2021-08-12,389.0233154296875
2021-08-13,391.6373901367188
2021-08-16,391.8750305175781
2021-08-17,385.06256103515625
2021-08-18,386.33001708984375
2021-08-19,379.5175476074219
2021-08-20,379.1214599609375
2021-08-23,382.3692626953125
2021-08-24,384.1119384765625
2021-08-25,382.3692626953125
2021-08-26,383.0822143554688
2021-08-27,383.8743591308594
2021-08-30,383.0822143554688
2021-08-31,378.329345703125
2021-09-01,383.0822143554688
2021-09-02,382.2108154296875
2021-09-03,379.2798461914063
2021-09-06,382.2900390625
2021-09-07,381.8147583007813
2021-09-08,378.1708679199219
2021-09-09,377.3786926269531
2021-09-10,373.6556396484375
2021-09-13,378.9630126953125
2021-09-14,377.7747802734375
2021-09-15,376.0320739746094
2021-09-16,380.072021484375
2021-09-17,377.14111328125
2021-09-20,362.7240295410156
2021-09-21,364.4667053222656
2021-09-22,369.7740783691406
2021-09-23,373.4972534179688
2021-09-24,373.4179992675781
2021-09-27,377.0618896484375
2021-09-28,368.6651306152344
2021-09-29,371.7544860839844
2021-09-30,375.08154296875
2021-10-01,373.4972534179688
2021-10-04,372.4674072265625
2021-10-05,375.952880859375
2021-10-06,373.5764465332031
2021-10-07,380.7850036621094
2021-10-08,380.86419677734375
2021-10-11,375.952880859375
2021-10-12,376.8242492675781
2021-10-13,374.2101440429688
2021-10-14,378.80462646484375
2021-10-15,383.2406311035156
2021-10-18,381.5771179199219
2021-10-19,385.3002014160156
2021-10-20,385.1417846679688
2021-10-21,383.71588134765625
2021-10-22,385.6170654296875
2021-10-25,386.9637145996094
2021-10-26,394.8851623535156
2021-10-27,394.0138244628906
2021-10-28,394.25146484375
2021-10-29,398.1329650878906
2021-11-01,400.3509826660156
2021-11-02,402.8858642578125
2021-11-03,406.6882019042969
2021-11-04,403.5195617675781
2021-11-05,405.4207458496094
2021-11-08,406.2128601074219
2021-11-09,406.6882019042969
2021-11-10,406.6882019042969
2021-11-11,407.9555969238281
2021-11-12,409.6983337402344
2021-11-15,408.5893249511719
2021-11-16,410.64892578125
2021-11-17,410.0151672363281
2021-11-18,407.7971801757813
2021-11-19,401.4599914550781
2021-11-22,404.47015380859375
2021-11-23,402.0937194824219
2021-11-24,406.054443359375
2021-11-25,420.4714965820313
2021-11-26,408.1140441894531
2021-11-29,415.5601806640625
2021-11-30,419.6793518066406
2021-12-01,417.9366149902344
2021-12-02,417.6197814941406
2021-12-03,423.9570007324219
2021-12-06,434.096435546875
2021-12-07,433.1458435058594
2021-12-08,434.2549133300781
2021-12-09,434.2549133300781
2021-12-10,433.4627380371094
2021-12-13,432.51214599609375
2021-12-14,431.0863342285156
2021-12-15,433.93798828125
2021-12-16,440.908935546875
2021-12-17,439.4830017089844
2021-12-20,427.600830078125
2021-12-21,433.4627380371094
2021-12-22,436.7897644042969
2021-12-23,441.06732177734375
2021-12-27,443.2853393554688
2021-12-28,445.9786071777344
2021-12-29,445.8201904296875
2021-12-30,442.81005859375
2022-01-03,452.31585693359375
2022-01-04,458.9698486328125
2022-01-05,460.2373046875
2022-01-06,460.7125549316406
2022-01-07,469.2677917480469
2022-01-10,470.0599365234375
2022-01-11,472.1195068359375
2022-01-12,476.0802307128906
2022-01-13,481.4668273925781
2022-01-14,480.8330993652344
2022-01-17,484.3185729980469
2022-01-18,484.7938537597656
2022-01-19,470.8520812988281
2022-01-20,465.30706787109375
2022-01-21,456.4349670410156
2022-01-24,445.5033874511719
2022-01-25,454.3753967285156
2022-01-26,467.04974365234375
2022-01-27,470.8520812988281
2022-01-28,467.8418884277344
2022-01-31,468.9508972167969
2022-02-01,471.0104370117188
2022-02-02,477.0308227539063
2022-02-03,475.1296691894531
2022-02-04,470.3767700195313
2022-02-07,477.8229675292969
2022-02-08,482.7342834472656
2022-02-09,489.8635864257813
2022-02-10,487.4871826171875
2022-02-11,486.21966552734375
2022-02-14,468.79248046875
2022-02-15,476.7139587402344
2022-02-16,474.8127746582031
2022-02-17,467.8418884277344
2022-02-18,464.67327880859375
2022-02-21,458.4945373535156
2022-02-22,458.4945373535156
2022-02-23,454.3753967285156
2022-02-24,435.5223083496094
2022-02-25,447.7213439941406
2022-02-28,443.9190979003906
2022-03-01,441.7010498046875
2022-03-02,439.6414794921875
2022-03-03,424.9075622558594
2022-03-04,411.2826232910156
2022-03-07,395.28125
2022-03-08,402.8858642578125
2022-03-09,418.0950927734375
2022-03-10,420.9468078613281
2022-03-11,436.472900390625
2022-03-14,444.3943176269531
2022-03-15,445.9786071777344
2022-03-16,456.1181640625
2022-03-17,461.66314697265625
2022-03-18,461.3463134765625
2022-03-21,466.416015625
2022-03-22,471.327392578125
2022-03-23,468.9508972167969
2022-03-24,468.6340637207031
2022-03-25,466.7328796386719
2022-03-28,467.2081604003906
2022-03-29,475.1296691894531
2022-03-30,473.0700988769531
2022-03-31,470.693603515625
2022-04-01,473.3869018554688
2022-04-04,476.8724060058594
2022-04-05,478.1397705078125
2022-04-06,479.0903625488281
2022-04-07,475.2880554199219
2022-04-08,486.8534240722656
2022-04-11,493.1906127929688
2022-04-12,488.4376831054688
2022-04-13,487.0118103027344
2022-04-14,497.15130615234375
2022-04-19,489.3883056640625
2022-04-20,494.1411743164063
2022-04-21,494.9332885742188
2022-04-22,484.4769592285156
2022-04-25,471.327392578125
2022-04-26,471.9888305664063
2022-04-27,475.1310424804688
2022-04-28,473.9733581542969
2022-04-29,473.8079833984375
2022-05-02,462.5623474121094
2022-05-03,469.83892822265625
2022-05-04,465.5390625
2022-05-05,461.2392578125
2022-05-06,453.962646484375
2022-05-09,440.5670166015625
2022-05-10,445.0322570800781
2022-05-11,447.6783447265625
2022-05-12,446.18988037109375
2022-05-13,452.1434631347656
2022-05-16,449.0013122558594
2022-05-17,458.2624816894531
2022-05-18,457.60101318359375
2022-05-19,441.72467041015625
2022-05-20,444.7014465332031
2022-05-23,453.3011779785156
2022-05-24,452.3088684082031
2022-05-25,457.1048278808594
2022-05-27,459.4201354980469
2022-05-30,458.9239807128906
2022-05-31,449.0013122558594
2022-06-01,447.6783447265625
2022-06-02,448.009033203125
2022-06-03,449.82818603515625
2022-06-07,452.6396484375
2022-06-08,445.5283508300781
2022-06-09,446.5206298828125
2022-06-10,435.6056823730469
2022-06-13,422.87158203125
2022-06-14,424.1946105957031
2022-06-15,437.5902404785156
2022-06-16,409.72406005859375
2022-06-17,407.987548828125
2022-06-20,404.9281005859375
2022-06-21,401.537841796875
2022-06-22,394.7572937011719
2022-06-23,380.5348205566406
2022-06-24,390.2921142578125
2022-06-27,390.0440368652344
2022-06-28,391.8631896972656
2022-06-29,387.3153076171875
2022-06-30,384.50390625
2022-07-01,383.5942993164063
2022-07-04,384.8346557617188
2022-07-05,368.5449523925781
2022-07-06,373.5889587402344
2022-07-07,387.6460571289063
2022-07-08,394.01312255859375
2022-07-11,390.8709411621094
2022-07-12,396.4938049316406
2022-07-13,393.103515625
2022-07-14,388.3075866699219
2022-07-15,390.95361328125
2022-07-18,396.4938049316406
2022-07-19,399.3879089355469
2022-07-20,398.4783020019531
2022-07-21,398.8917541503906
2022-07-22,401.0416564941406
2022-07-25,404.1838684082031
2022-07-26,402.0339660644531
2022-07-27,405.837646484375
2022-07-28,406.1684265136719
2022-07-29,415.7603454589844
2022-08-02,413.6104431152344
2022-08-03,419.894775390625
2022-08-04,420.22552490234375
2022-08-05,422.87158203125
2022-08-08,426.344482421875
2022-08-09,425.1868896484375
2022-08-10,430.1482238769531
2022-08-11,433.2904052734375
2022-08-12,435.93646240234375
2022-08-15,431.9673767089844
2022-08-16,432.9595947265625
2022-08-17,434.1172790527344
2022-08-18,430.9751281738281
2022-08-19,426.67529296875
2022-08-22,424.3599853515625
2022-08-23,421.71392822265625
2022-08-24,418.7371215820313
2022-08-25,421.71392822265625
2022-08-26,419.0679016113281
2022-08-29,419.2332763671875
2022-08-30,419.894775390625
2022-08-31,423.6985168457031
2022-09-01,412.6181640625
2022-09-02,426.0137939453125
2022-09-05,419.894775390625
2022-09-06,421.2178039550781
2022-09-07,415.4295654296875
2022-09-08,419.2332763671875
2022-09-09,424.8561096191406
2022-09-12,433.2904052734375
2022-09-13,430.3136291503906
2022-09-14,427.0060729980469
2022-09-15,428.1636657714844
2022-09-16,424.8561096191406
2022-09-19,422.5408325195313
2022-09-20,416.5872192382813
2022-09-21,413.2796325683594
2022-09-22,397.2379760742188
2022-09-23,377.80609130859375
2022-09-26,366.5603637695313
2022-09-27,362.6740112304688
2022-09-28,358.0433959960937
2022-09-29,354.7358703613281
2022-09-30,362.5912780761719
2022-10-03,366.4777221679688
2022-10-04,379.1290893554688
2022-10-05,375.821533203125
2022-10-06,371.5216979980469
2022-10-07,367.8006896972656
2022-10-10,368.2968444824219
2022-10-11,363.2528076171875
2022-10-12,359.6971740722656
2022-10-13,364.5758361816406
2022-10-14,369.9505920410156
2022-10-17,376.7311096191406
2022-10-18,379.8733215332031
2022-10-19,382.7674255371094
2022-10-20,383.925048828125
2022-10-21,383.0154724121094
2022-10-24,392.6900939941406
2022-10-25,397.5687561035156
2022-10-26,396.8245239257813
2022-10-27,398.6437072753906
2022-10-28,395.5014953613281
2022-10-31,400.958984375
2022-11-01,399.7186584472656
2022-11-02,398.1475830078125
2022-11-03,395.0880737304688
2022-11-04,399.9667663574219
2022-11-07,398.4783020019531
2022-11-08,406.0857238769531
2022-11-09,407.987548828125
2022-11-10,410.96435546875
2022-11-11,410.5509338378906
2022-11-14,414.4373168945313
2022-11-15,411.4605102539063
2022-11-16,410.8816833496094
2022-11-17,410.71630859375
2022-11-18,415.5949401855469
2022-11-21,412.12200927734375
2022-11-22,411.543212890625
2022-11-23,414.6026916503906
2022-11-24,417.2487487792969
2022-11-25,418.2409973144531
2022-11-28,414.76806640625
2022-11-29,415.92572021484375
2022-11-30,414.76806640625
2022-12-01,422.5408325195313
2022-12-02,421.0524291992188
2022-12-05,419.3986206054688
2022-12-06,418.5717468261719
2022-12-07,413.4450378417969
2022-12-08,405.3415222167969
2022-12-09,409.31060791015625
2022-12-12,405.0107727050781
2022-12-13,407.1606750488281
2022-12-14,408.8971252441406
2022-12-15,398.6437072753906
2022-12-16,391.780517578125
2022-12-19,390.0440368652344
2022-12-20,389.4652404785156
2022-12-21,395.3361511230469
2022-12-22,394.26116943359375
2022-12-23,396.8245239257813
2022-12-27,397.486083984375
2022-12-28,395.2534790039063
2022-12-29,397.8995361328125
2022-12-30,394.26116943359375
2023-01-03,403.5223388671875
2023-01-04,410.3028869628906
2023-01-05,410.3028869628906
2023-01-06,412.3700866699219
2023-01-09,416.0910949707031
2023-01-10,420.3909301757813
2023-01-11,422.7062072753906
2023-01-12,433.951904296875
2023-01-13,431.3058471679688
2023-01-16,432.13275146484375
2023-01-17,437.92095947265625
2023-01-18,436.9287414550781
2023-01-19,433.6211853027344
2023-01-20,444.8668518066406
2023-01-23,444.2053527832031
2023-01-24,453.3011779785156
2023-01-25,453.6318664550781
2023-01-26,452.8049621582031
2023-01-27,453.466552734375
2023-01-30,452.3088684082031
2023-01-31,446.5206298828125
2023-02-01,447.6783447265625
2023-02-02,451.3165893554688
2023-02-03,450.4897155761719
2023-02-06,449.6628112792969
2023-02-07,448.8359069824219
2023-02-08,450.1589965820313
2023-02-09,451.9780578613281
2023-02-10,448.33984375
2023-02-13,451.1511840820313
2023-02-14,453.7972717285156
2023-02-15,456.44329833984375
2023-02-16,455.6164245605469
2023-02-17,458.4279174804688
2023-02-20,459.5854797363281
2023-02-21,463.8853149414063
2023-02-22,462.2315368652344
2023-02-23,462.2315368652344
2023-02-24,463.3892211914063
2023-02-27,468.1851501464844
2023-02-28,468.1851501464844
2023-03-01,484.8883361816406
2023-03-02,486.04595947265625
2023-03-03,485.5498352050781
2023-03-06,497.9532165527344
2023-03-07,489.8497009277344
2023-03-08,493.9841918945313
2023-03-09,487.8651428222656
2023-03-10,477.6116943359375
2023-03-13,462.3969421386719
2023-03-14,472.3196411132813
2023-03-15,445.0322570800781
2023-03-16,457.2702026367188
2023-03-17,441.72467041015625
2023-03-20,447.1821594238281
2023-03-21,465.2083435058594
2023-03-22,462.2315368652344
2023-03-23,442.38616943359375
2023-03-24,438.2517700195313
2023-03-27,442.7169494628906
2023-03-28,447.6783447265625
2023-03-29,457.2702026367188
2023-03-30,464.05072021484375
2023-03-31,465.70452880859375
2023-04-03,462.7276916503906
2023-04-04,466.8621520996094
2023-04-05,464.05072021484375
2023-04-06,483.2345581054688
2023-04-11,489.5189208984375
2023-04-12,490.3458251953125
2023-04-13,488.85736083984375
2023-04-14,493.81878662109375
2023-04-17,485.5498352050781
2023-04-18,491.3380432128906
2023-04-19,496.4648132324219
2023-04-20,495.6379089355469
2023-04-21,493.6533508300781
2023-04-24,491.3380432128906
2023-04-25,486.2113342285156
2023-04-26,482.40765380859375
2023-04-27,483.0691833496094
2023-04-28,485.2190856933594
2023-05-02,474.6348876953125
2023-05-03,479.1719055175781
2023-05-04,472.1919555664063
2023-05-05,478.2994079589844
2023-05-08,485.6282958984375
2023-05-09,490.6887817382813
2023-05-10,484.5813293457031
2023-05-11,468.7019653320313
2023-05-12,465.2120056152344
2023-05-15,470.4469909667969
2023-05-16,463.64154052734375
2023-05-17,459.6280517578125
2023-05-19,467.1315002441406
2023-05-22,467.6549682617188
2023-05-23,468.5274658203125
2023-05-24,458.5810546875
2023-05-25,458.4066162109375
2023-05-26,464.3395385742188
2023-05-30,463.8160095214844
2023-05-31,458.9300842285156
2023-06-01,461.8965759277344
2023-06-02,469.3999633789063
2023-06-05,464.8630065917969
2023-06-06,469.9234619140625
2023-06-07,466.0845031738281
2023-06-08,464.6884765625
2023-06-09,466.0845031738281
2023-06-12,467.8294982910156
2023-06-13,467.3059997558594
2023-06-14,471.66839599609375
2023-06-15,468.35296630859375
2023-06-16,469.2254333496094
2023-06-19,468.5274658203125
2023-06-20,468.7019653320313
2023-06-21,465.3865356445313
2023-06-22,461.373046875
2023-06-23,462.2455139160156
2023-06-26,462.0710144042969
2023-06-27,468.7019653320313
2023-06-28,448.1111755371094
2023-06-29,448.9836730957031
2023-06-30,456.3125915527344
2023-07-03,457.8830871582031
2023-07-04,459.45355224609375
2023-07-05,455.9635925292969
2023-07-06,447.2386779785156
2023-07-07,450.3796691894531
2023-07-10,448.63470458984375
2023-07-11,453.1716613769531
2023-07-12,459.6280517578125
2023-07-13,462.2455139160156
2023-07-14,461.0240783691406
2023-07-17,460.84954833984375
2023-07-18,464.3395385742188
2023-07-19,466.782470703125
2023-07-20,475.5073852539063
2023-07-21,476.0308532714844
2023-07-24,474.8094482421875
2023-07-25,478.8228454589844
2023-07-26,482.3128051757813
2023-07-27,487.3732604980469
2023-07-28,484.9302673339844
2023-07-31,482.3128051757813
2023-08-02,470.0979309082031
2023-08-03,468.0039978027344
2023-08-04,476.0308532714844
2023-08-07,480.7423400878906
2023-08-08,473.93695068359375
2023-08-09,477.4269104003906
2023-08-10,484.0577697753906
2023-08-11,481.4403076171875
2023-08-14,483.35980224609375
2023-08-15,476.0308532714844
2023-08-16,475.3328857421875
2023-08-17,470.2724609375
2023-08-18,468.35296630859375
2023-08-21,471.8429260253906
2023-08-22,471.4939270019531
2023-08-23,471.8429260253906
2023-08-24,473.587890625
2023-08-25,468.8764953613281
2023-08-28,472.3664855957031
2023-08-29,478.6483154296875
2023-08-30,476.3798828125
2023-08-31,483.88330078125
2023-09-01,484.9302673339844
2023-09-04,480.9168701171875
2023-09-05,483.185302734375
2023-09-06,493.480712890625
2023-09-07,487.0242614746094
2023-09-08,487.0242614746094
2023-09-11,491.3867492675781
2023-09-12,494.3532104492188
2023-09-13,497.1451416015625
2023-09-14,504.12506103515625
2023-09-15,505.87005615234375
2023-09-18,497.1451416015625
2023-09-19,502.5545959472656
2023-09-20,502.5545959472656
2023-09-21,500.8096008300781
2023-09-22,500.2861633300781
2023-09-25,498.89013671875
2023-09-26,500.9841003417969
2023-09-27,492.6082153320313
2023-09-28,493.1316833496094
2023-09-29,498.7156372070313
2023-10-02,492.2591857910156
2023-10-03,490.86322021484375
2023-10-04,489.99072265625
2023-10-05,491.7357177734375
2023-10-06,502.5545959472656
2023-10-09,502.9035949707031
2023-10-10,505.695556640625
2023-10-11,508.487548828125
2023-10-12,508.1385803222656
2023-10-13,504.4740905761719
2023-10-16,504.4740905761719
2023-10-17,506.7425537109375
2023-10-18,505.87005615234375
2023-10-19,500.8096008300781
2023-10-20,485.6282958984375
2023-10-23,487.8967590332031
2023-10-24,491.3867492675781
2023-10-25,496.09814453125
2023-10-26,497.3196716308594
2023-10-27,497.1451416015625
2023-10-30,501.1585998535156
2023-10-31,507.6150512695313
2023-11-01,509.3600463867188
2023-11-02,511.97747802734375
2023-11-03,514.0714721679688
2023-11-06,514.0714721679688
2023-11-07,511.4540100097656
2023-11-08,481.2657775878906
2023-11-09,483.185302734375
2023-11-10,481.2657775878906
2023-11-13,486.3263244628906
2023-11-14,495.05120849609375
2023-11-15,495.9237060546875
2023-11-16,497.3196716308594
2023-11-17,503.9505615234375
2023-11-20,498.3666687011719
2023-11-21,495.05120849609375
2023-11-22,495.7491760253906
2023-11-23,486.6752624511719
2023-11-24,491.7357177734375
2023-11-27,491.2121887207031
2023-11-28,488.2457580566406
2023-11-29,489.46722412109375
2023-11-30,489.1182556152344
2023-12-01,495.2257080078125
2023-12-04,491.2121887207031
2023-12-05,488.7692565917969
2023-12-06,491.0376892089844
2023-12-07,492.0846862792969
2023-12-08,498.89013671875
2023-12-11,502.5545959472656
2023-12-12,502.7290954589844
2023-12-13,507.2660827636719
2023-12-14,508.1385803222656
2023-12-15,511.4540100097656
2023-12-18,511.4540100097656
2023-12-19,511.4540100097656
2023-12-20,509.5345458984375
2023-12-21,504.4740905761719
2023-12-22,505.695556640625
2023-12-27,508.8365173339844
2023-12-28,503.7760925292969
2023-12-29,509.5345458984375
2024-01-03,505.5210876464844
2024-01-04,508.66204833984375
2024-01-05,507.2660827636719
2024-01-08,513.5479736328125
2024-01-09,513.7224731445312
2024-01-10,512.5010375976562
2024-01-11,508.1385803222656
2024-01-12,511.97747802734375
2024-01-15,517.386962890625
2024-01-16,522.4473876953125
2024-01-17,509.3600463867188
2024-01-18,509.0110168457031
2024-01-19,509.5345458984375
2024-01-22,520.178955078125
2024-01-23,520.8768920898438
2024-01-24,527.3333129882812
2024-01-25,529.0783081054688
2024-01-26,532.393798828125
2024-01-29,533.9642944335938
2024-01-30,541.293212890625
2024-01-31,542.1657104492188
2024-02-01,535.709228515625
2024-02-02,539.7227172851562
2024-02-05,540.0717163085938
2024-02-06,541.1187133789062
2024-02-07,537.105224609375
2024-02-08,533.615234375
2024-02-09,533.4407958984375
2024-02-12,540.5951538085938
2024-02-13,541.1187133789062
2024-02-14,543.3871459960938
2024-02-15,550.5415649414062
2024-02-16,556.6490478515625
2024-02-19,558.91748046875
2024-02-20,566.0718994140625
2024-02-21,563.4544067382812
2024-02-22,563.803466796875
2024-02-23,566.0718994140625
2024-02-26,558.219482421875
2024-02-27,555.2530517578125
2024-02-28,556.2999877929688
2024-02-29,559.7899780273438
2024-03-01,562.0584716796875
2024-03-04,563.2799072265625
2024-03-05,566.2464599609375
2024-03-06,568.6893920898438
2024-03-07,567.1189575195312
2024-03-08,569.5618896484375
2024-03-11,568.8639526367188
2024-03-12,575.1458129882812
2024-03-13,581.0787353515625
2024-03-14,550.1925659179688
2024-03-15,554.2060546875
2024-03-18,550.0181274414062
2024-03-19,553.8571166992188
2024-03-20,560.4879760742188
2024-03-21,566.0718994140625
2024-03-22,559.0919799804688
2024-03-25,544.783203125
2024-03-26,547.400634765625
2024-03-27,550.890625
2024-03-28,551.5885620117188
2024-04-02,550.1925659179688
2024-04-03,549.8436279296875
2024-04-04,543.0382080078125
2024-04-05,539.897216796875
2024-04-08,547.5750732421875
2024-04-09,545.1321411132812
2024-04-10,544.608642578125
2024-04-11,539.7227172851562
2024-04-12,541.9912109375
2024-04-15,544.0851440429688
2024-04-16,534.8367919921875
2024-04-17,533.615234375
2024-04-18,530.6488037109375
2024-04-19,533.2662963867188
2024-04-22,537.2797241210938
2024-04-23,547.0516357421875
2024-04-24,543.5616455078125
2024-04-25,534.1387939453125
2024-04-26,539.0247192382812
2024-04-29,543.5616455078125
2024-04-30,541.8167114257812
2024-05-02,535.709228515625
2024-05-03,543.5616455078125
2024-05-06,551.7631225585938
2024-05-07,557.8705444335938
2024-05-08,558.0449829101562
2024-05-10,566.0718994140625
2024-05-13,566.7698974609375
2024-05-14,568.1658935546875
2024-05-15,571.13232421875
2024-05-16,578.1122436523438
2024-05-17,575.3575439453125
2024-05-21,577.7450561523438
2024-05-22,565.9917602539062
2024-05-23,573.8884887695312
2024-05-24,579.214111328125
2024-05-27,582.8870849609375
2024-05-28,579.3978271484375
2024-05-29,572.0520629882812
2024-05-30,570.5828857421875
2024-05-31,576.45947265625
2024-06-03,574.4393920898438
2024-06-04,574.2557983398438
2024-06-05,581.9688110351562
2024-06-06,588.2127075195312
2024-06-07,585.2744750976562
2024-06-10,579.9486694335938
2024-06-11,577.194091796875
2024-06-12,584.356201171875
2024-06-13,583.2543334960938
2024-06-14,580.4996337890625
2024-06-17,585.4580078125
2024-06-18,594.4566650390625
2024-06-19,594.8239135742188
2024-06-20,600.8842163085938
2024-06-21,600.333251953125
2024-06-24,602.3533325195312
2024-06-25,600.333251953125
2024-06-26,600.5169067382812
2024-06-27,604.5570678710938
2024-06-28,606.5771484375
2024-07-01,614.4738159179688
2024-07-02,606.2098999023438
2024-07-03,599.4149780273438
2024-07-04,605.6588745117188
2024-07-05,605.475341796875
2024-07-08,614.2902221679688
2024-07-09,614.6575317382812
2024-07-10,624.2069702148438
2024-07-11,622.1868896484375
2024-07-12,620.9014282226562
2024-07-15,621.4523315429688
2024-07-16,618.8812866210938
2024-07-17,616.4939575195312
2024-07-18,616.4939575195312
2024-07-19,613.1883544921875
2024-07-22,621.2686767578125
2024-07-23,620.1668090820312
2024-07-24,616.1266479492188
2024-07-25,610.4336547851562
2024-07-26,614.8411254882812
2024-07-29,615.0247802734375
2024-07-30,618.1467895507812
2024-07-31,618.6976928710938
2024-08-02,596.660400390625
2024-08-05,575.541259765625
2024-08-06,575.7249145507812
2024-08-07,590.7837524414062
2024-08-08,592.6201782226562
2024-08-09,595.1912231445312
2024-08-12,598.8640747070312
2024-08-13,601.9860229492188
2024-08-14,608.41357421875
2024-08-15,613.1883544921875
2024-08-16,616.1266479492188
2024-08-19,619.6158447265625
2024-08-20,618.6976928710938
2024-08-21,613.7393188476562
2024-08-22,618.3303833007812
2024-08-23,622.0033569335938
2024-08-26,622.3705444335938
2024-08-27,619.799560546875
2024-08-28,625.4925537109375
2024-08-29,627.1453247070312
2024-08-30,629.8999633789062
2024-09-02,631.552734375
2024-09-03,638.53125
2024-09-04,631.7364501953125
2024-09-05,637.2457275390625
2024-09-06,635.7766723632812
2024-09-09,641.102294921875
2024-09-10,640.18408203125
2024-09-11,638.53125
2024-09-12,640.5513305664062
2024-09-13,640.0004272460938
2024-09-16,642.5714111328125
2024-09-17,648.8153076171875
2024-09-18,644.2241821289062
2024-09-19,650.2845458984375
2024-09-20,646.427978515625
2024-09-23,650.2845458984375
2024-09-24,654.1410522460938
2024-09-25,656.1610717773438
2024-09-26,653.590087890625
2024-09-27,653.2228393554688
2024-09-30,648.264404296875
2024-10-01,644.4078979492188
2024-10-02,640.0004272460938
2024-10-03,637.6130981445312
2024-10-04,641.4695434570312
2024-10-07,638.34765625
2024-10-08,643.3060302734375
2024-10-09,647.7135009765625
2024-10-10,648.4481201171875
2024-10-11,651.7536010742188
2024-10-14,656.5284423828125
2024-10-15,657.6303100585938
2024-10-16,664.057861328125
2024-10-17,665.3433227539062
2024-10-18,663.3232421875
2024-10-21,658.7321166992188
2024-10-22,651.0191040039062
2024-10-23,651.0191040039062
2024-10-24,658.915771484375
2024-10-25,653.4064331054688
2024-10-28,656.7120971679688
2024-10-29,658.915771484375
2024-10-30,654.8756103515625
2024-10-31,646.7952880859375
2024-11-01,655.0592651367188
2024-11-04,655.2428588867188
2024-11-05,657.4465942382812
2024-11-06,669.3834838867188
2024-11-07,668.6489868164062
2024-11-08,666.2615356445312
2024-11-11,666.2615356445312
2024-11-12,653.2228393554688
2024-11-13,663.1395874023438
2024-11-14,659.833984375
2024-11-15,657.81396484375
2024-11-18,662.588623046875
2024-11-19,658.1812133789062
2024-11-20,663.8741455078125
2024-11-21,667.730712890625
2024-11-22,673.6072998046875
2024-11-25,666.0779418945312
2024-11-26,660.568603515625
2024-11-27,659.0994262695312
2024-11-28,662.588623046875
2024-11-29,662.7722778320312
2024-12-02,665.1597290039062
2024-12-03,633.940185546875
2024-12-04,629.8999633789062
2024-12-05,636.1438598632812
2024-12-06,634.4910888671875
2024-12-09,632.6546630859375
2024-12-10,627.3289794921875
2024-12-11,635.2257080078125
2024-12-12,631.0018310546875
2024-12-13,636.87841796875
2024-12-16,632.8382568359375
2024-12-17,635.4093017578125
2024-12-18,632.6546630859375
2024-12-19,633.02197265625
2024-12-20,632.103759765625
2024-12-23,639.6331176757812
2024-12-27,640.3677368164062
2024-12-30,642.3877563476562
2025-01-03,654.3246459960938
2025-01-06,654.50830078125
2025-01-07,657.99755859375
2025-01-08,656.8956909179688
2025-01-09,653.7737426757812
2025-01-10,645.5097045898438
2025-01-13,643.6732788085938
2025-01-14,649.5499267578125
2025-01-15,658.3648681640625
2025-01-16,659.833984375
2025-01-17,666.0779418945312
2025-01-20,662.7722778320312
2025-01-21,666.0779418945312
2025-01-22,671.9544677734375
2025-01-23,672.6890869140625
2025-01-24,670.8526611328125
2025-01-27,678.5657348632812
2025-01-28,683.707763671875
2025-01-29,685.1768798828125
2025-01-30,687.380615234375
2025-01-31,685.9114990234375
2025-02-03,680.7694702148438
2025-02-04,680.7694702148438
2025-02-05,688.1152954101562
2025-02-06,691.6044921875
2025-02-07,693.6245727539062
2025-02-10,701.7048950195312
2025-02-11,704.2759399414062
2025-02-12,705.7450561523438
2025-02-13,704.2759399414062
2025-02-14,701.5213012695312
2025-02-17,709.7852172851562
2025-02-18,710.152587890625
2025-02-19,702.0722045898438
2025-02-20,700.60302734375
2025-02-21,701.8885498046875
2025-02-24,706.6632690429688
2025-02-25,712.3562622070312
2025-02-26,720.9876098632812
2025-02-27,720.9876098632812
2025-02-28,720.6202392578125
2025-03-03,731.638916015625
2025-03-04,723.0076904296875
2025-03-05,728.7006225585938
2025-03-06,722.0894775390625
2025-03-07,726.4968872070312
2025-03-10,720.2529907226562
2025-03-11,708.1324462890625
2025-03-12,717.4983520507812
2025-03-13,722.8240356445312
2025-03-14,707.3978881835938
2025-03-17,715.8455200195312
2025-03-18,718.23291015625
2025-03-19,720.0693359375
2025-03-20,723.0076904296875
2025-03-21,722.640380859375
2025-03-24,727.2315063476562
2025-03-25,743.3921508789062
2025-03-26,748.1669311523438
2025-03-27,743.7594604492188
2025-03-28,741.3720703125
2025-03-31,737.3319091796875
2025-04-01,742.6575317382812
2025-04-02,745.9631958007812
2025-04-03,740.2702026367188
2025-04-04,698.7666015625
2025-04-07,648.264404296875
2025-04-08,675.4437866210938
2025-04-09,652.1209716796875
2025-04-10,680.034912109375
2025-04-11,683.1568603515625
2025-04-14,695.4609985351562
2025-04-15,712.3562622070312
2025-04-16,716.396484375
2025-04-17,719.1511840820312
2025-04-22,724.476806640625
2025-04-23,727.2315063476562
2025-04-24,733.6590576171875
2025-04-25,736.964599609375
2025-04-28,744.6776733398438
2025-04-29,746.3305053710938
2025-04-30,754.778076171875
2025-05-02,764.8785400390625
2025-05-05,772.7752685546875
2025-05-06,776.8154296875
2025-05-07,773.8771362304688
2025-05-08,771.1224365234375
2025-05-09,772.0406494140625
2025-05-12,761.5729370117188
2025-05-13,753.1253662109375
2025-05-14,761.2056884765625
2025-05-15,764.8785400390625
2025-05-16,774.6552124023438
2025-05-19,781.9397583007812
2025-05-20,782.8982543945312
2025-05-21,795.1669311523438
2025-05-22,790.7578735351562
2025-05-23,781.748046875
2025-05-26,791.9080810546875
2025-05-27,794.400146484375
2025-05-28,782.3231811523438
2025-05-30,787.307373046875
2025-06-02,786.9239501953125
2025-06-03,785.7737426757812
2025-06-04,789.9910888671875
2025-06-05,790.9495849609375
2025-06-06,793.2499389648438
2025-06-10,783.6650390625
2025-06-11,779.2559814453125
2025-06-12,773.3132934570312
2025-06-13,765.261962890625
2025-06-16,768.9042358398438
2025-06-17,765.8370361328125
2025-06-18,768.137451171875
2025-06-19,766.9872436523438
2025-06-20,774.4635009765625
2025-06-23,769.28759765625
2025-06-24,771.3963012695312
2025-06-25,769.095947265625
2025-06-26,767.9457397460938
2025-06-27,769.4793090820312
2025-06-30,769.28759765625
2025-07-01,772.929931640625
2025-07-02,766.0287475585938
2025-07-03,775.03857421875
2025-07-04,771.5880126953125
2025-07-07,774.2717895507812
2025-07-08,770.6295166015625
2025-07-09,776.5722045898438
2025-07-10,776.95556640625
2025-07-11,779.8310546875
2025-07-14,785.9654541015625
2025-07-15,782.1314697265625
2025-07-16,784.62353515625
2025-07-17,785.58203125
2025-07-18,794.400146484375
2025-07-21,797.4673461914062
2025-07-22,795.1669311523438
2025-07-23,805.1353149414062
2025-07-24,810.5028686523438
2025-07-25,809.9277954101562
2025-07-28,804.3685302734375
2025-07-29,811.4613647460938
2025-07-30,808.0108032226562
2025-07-31,810.694580078125
2025-08-04,818.1708374023438
2025-08-05,825.263671875
2025-08-06,841.3663940429688
2025-08-07,849.8011474609375
2025-08-08,846.5422973632812
2025-08-11,850.9513549804688
2025-08-12,850.3762817382812
2025-08-13,853.2517700195312
2025-08-14,862.0698852539062
2025-08-15,864.5619506835938
2025-08-18,864.9453735351562
2025-08-19,869.3544311523438
2025-08-20,869.546142578125
2025-08-21,868.587646484375
2025-08-22,863.0283813476562
2025-08-25,858.81103515625
2025-08-26,841.7498168945312
2025-08-27,840.2161865234375
2025-08-28,835.6154174804688
2025-08-29,828.13916015625
2025-09-01,820.4712524414062
2025-09-02,810.5028686523438
2025-09-03,800.7262573242188
2025-09-04,813.1867065429688
2025-09-05,799.3843383789062
2025-09-08,796.8922729492188
2025-09-09,799.3843383789062
2025-09-10,799.5760498046875
2025-09-11,799.3843383789062
2025-09-12,798.0424194335938
2025-09-15,799.9594116210938
2025-09-16,789.0325927734375
2025-09-17,786.7322387695312
2025-09-18,787.307373046875
2025-09-19,792.8665771484375
2025-09-22,798.234130859375
2025-09-23,802.068115234375
2025-09-24,801.3013305664062
2025-09-25,797.6590576171875
2025-09-26,807.819091796875
2025-09-29,816.445556640625
2025-09-30,820.0878295898438
2025-10-01,818.5542602539062
2025-10-02,816.445556640625
2025-10-03,816.8289794921875
2025-10-06,829.8644409179688
2025-10-07,827.5640869140625
2025-10-08,831.0146484375
2025-10-09,833.89013671875
2025-10-10,833.1233520507812
2025-10-13,830.4395751953125
2025-10-14,845.0086669921875
2025-10-15,847.1173706054688
2025-10-16,833.1233520507812
2025-10-17,822.0048217773438
2025-10-20,818.9376831054688
2025-10-21,820.6629638671875
2025-10-22,824.4968872070312
2025-10-23,834.4652099609375
2025-10-24,835.0403442382812
2025-10-27,842.1331787109375
2025-10-28,840.599609375
2025-10-29,838.4909057617188
2025-10-30,843.0916748046875
2025-10-31,836.1905517578125
2025-11-03,839.8328247070312
2025-11-04,845.2003784179688
2025-11-05,843.6668090820312
2025-11-06,843.8585205078125
2025-11-07,837.1490478515625
2025-11-10,838.4909057617188
2025-11-11,842.1331787109375
2025-11-12,832.5482177734375
2025-11-13,845.9671630859375
2025-11-14,834.0818481445312
2025-11-17,828.5225830078125
2025-11-18,813.3783569335938
2025-11-19,817.2123413085938
2025-11-20,823.3467407226562
2025-11-21,826.4138793945312
2025-11-24,824.4968872070312
2025-11-25,830.4395751953125
2025-11-26,839.8328247070312
2025-11-27,843.8585205078125
2025-11-28,844.2418823242188
2025-12-01,835.9988403320312
2025-12-02,846.5422973632812
2025-12-03,833.6984252929688
2025-12-04,836.1905517578125
2025-12-05,838.4909057617188
2025-12-08,840.0245361328125
2025-12-09,844.43359375
2025-12-10,832.3565673828125
2025-12-11,829.8644409179688
2025-12-12,835.4237060546875
2025-12-15,853.06005859375
2025-12-16,857.0857543945312
2025-12-17,863.4117431640625
2025-12-18,869.7378540039062
2025-12-19,872.9967041015625
2025-12-22,875.8721923828125
2025-12-23,881.8148803710938
2025-12-29,876.8306884765625
2025-12-30,878.7476806640625
2026-01-05,893.508544921875
2026-01-06,894.4669799804688
2026-01-07,863.795166015625
2026-01-08,870.6963500976562
2026-01-09,855.7438354492188
2026-01-12,850.9513549804688
2026-01-13,833.6984252929688
2026-01-14,835.4237060546875
2026-01-15,832.7399291992188
2026-01-16,835.2320556640625
2026-01-19,831.2063598632812
2026-01-20,823.155029296875
2026-01-21,812.9949951171875
2026-01-22,811.2697143554688
2026-01-23,793.8250732421875
2026-01-26,795.7420654296875
2026-01-27,803.2183227539062
2026-01-28,806.6688842773438
2026-01-29,810.3112182617188
2026-01-30,811.2697143554688
2026-02-02,820.0878295898438
2026-02-03,818.5542602539062
2026-02-04,835.2320556640625
2026-02-05,829.4810791015625
2026-02-06,830.2478637695312
2026-02-09,835.4237060546875
2026-02-10,834.8486328125
2026-02-11,826.7972412109375
2026-02-12,820.4712524414062
2026-02-13,821.0463256835938
2026-02-16,818.5542602539062
2026-02-17,822.7716674804688
2026-02-18,821.238037109375
2026-02-19,819.5127563476562
2026-02-20,833.89013671875
2026-02-23,833.1233520507812
2026-02-24,831.97314453125
2026-02-25,841.1746826171875
2026-02-26,841.55810546875
2026-02-27,844.8170166015625
2026-03-02,832.3565673828125
2026-03-03,793.6333618164062
2026-03-04,805.902099609375
2026-03-05,803.2183227539062
2026-03-06,790.566162109375
2026-03-09,793.6333618164062
2026-03-10,806.6688842773438
2026-03-11,798.234130859375
2026-03-12,779.8310546875
2026-03-13,785.7737426757812
2026-03-16,794.400146484375
2026-03-17,808.5858764648438
2026-03-18,809.1610107421875
2026-03-19,796.8922729492188
2026-03-20,789.607666015625
2026-03-23,787.6907348632812
2026-03-24,791.1412963867188
2026-03-25,805.5187377929688
2026-03-26,802.8348999023438
2026-03-27,803.985107421875
2026-03-30,815.487060546875
2026-03-31,828.9059448242188
2026-04-01,843.47509765625
2026-04-02,846.5422973632812
2026-04-07,845.9671630859375
2026-04-08,855.5521240234375
2026-04-09,868.3959350585938
2026-04-10,868.587646484375
2026-04-13,875.8721923828125
2026-04-14,886.2239379882812
2026-04-15,887.9492797851562
2026-04-16,892.550048828125
2026-04-17,900.9847412109376
2026-04-20,903.8602294921876
2026-04-21,904.8187255859376
2026-04-22,899.2594604492188
2026-04-23,898.3009643554688
2026-04-24,891.7832641601562
2026-04-27,888.3326416015625
2026-04-28,888.5243530273438
2026-04-29,870.504638671875
2026-04-30,878.7476806640625
2026-05-04,867.4374389648438
2026-05-05,857.6608276367188
2026-05-06,876.0639038085938
2026-05-07,866.0955200195312
2026-05-08,842.9000244140625
2026-05-11,853.2000122070312
2026-05-12,850.5999755859375
2026-05-13,837.5999755859375
2026-05-15,848.2000122070312
2026-05-18,860.2000122070312
2026-05-19,851.2000122070312
2026-05-20,851.2000122070312
2026-05-21,857.5999755859375
2026-05-22,860.0
2026-05-26,871.0
2026-05-27,870.4000244140625
2026-05-28,849.4000244140625
2026-05-29,850.7999877929688
2026-06-01,835.2000122070312
2026-06-02,835.5999755859375
2026-06-03,829.5999755859375
2026-06-04,838.7999877929688
2026-06-05,841.0
2026-06-08,838.4000244140625
2026-06-09,844.5999755859375
2026-06-10,852.4000244140625
2026-06-11,853.4000244140625
2026-06-12,857.0
2026-06-15,872.2000122070312
2026-06-16,875.2000122070312
2026-06-17,875.0
2026-06-18,871.2000122070312
2026-06-19,877.7999877929688
2026-06-22,890.0
2026-06-23,886.0
2026-06-24,880.5999755859375
2026-06-25,882.5999755859375
2026-06-26,888.0
2026-06-29,887.7999877929688
2026-06-30,889.5999755859375
2026-07-01,888.2000122070312
2026-07-02,896.4000244140625
2026-07-03,904.4000244140624
2026-07-06,920.5999755859376
2026-07-07,922.2000122070312
2026-07-08,917.7999877929688
2026-07-09,927.5999755859376
2026-07-10,933.4000244140624
2026-07-13,937.7999877929688
2026-07-14,942.0
2026-07-15,942.7999877929688
2026-07-16,944.0
2026-07-17,953.4000244140624
2026-07-20,943.0
2026-07-21,943.2000122070312
2026-07-22,948.4000244140624
2026-07-23,942.7999877929688
2026-07-24,945.0
2026-07-27,947.0
2026-07-28,944.7999877929688
2026-07-29,943.0
2026-07-30,951.0
2026-07-31,954.7999877929688
2026-08-03,953.0
2026-08-04,957.7999877929688
2026-08-05,947.0
2026-08-06,954.5999755859376
2026-08-07,954.2000122070312
2026-08-10,954.2000122070312
2026-08-11,940.4000244140624
2026-08-12,933.2000122070312
2026-08-13,932.7999877929688
2026-08-14,936.0
2026-08-17,934.2000122070312
2026-08-18,929.2000122070312
2026-08-19,916.0
2026-08-20,911.4000244140624
2026-08-21,909.2000122070312
2026-08-24,916.4000244140624
2026-08-25,921.0
2026-08-26,922.5999755859376
2026-08-27,917.7999877929688
2026-08-28,921.4000244140624
2026-08-31,919.0
2026-09-01,912.7999877929688
2026-09-02,913.7999877929688
2026-09-03,932.0
2026-09-04,938.4000244140624
2026-09-07,932.7999877929688
2026-09-08,924.0
2026-09-09,906.7999877929688
2026-09-10,907.0
2026-09-11,912.7999877929688
2026-09-14,912.4000244140624
2026-09-15,912.5999755859376
2026-09-16,922.2000122070312
2026-09-17,935.5999755859376
2026-09-18,924.2000122070312
2026-09-21,931.4000244140624
2026-09-22,916.0
2026-09-23,905.2000122070312
2026-09-24,903.2000122070312
2026-09-25,915.7999877929688
2026-09-28,916.2000122070312
2026-09-29,909.0
