date,close
2006-01-03,86.78540802001953
2006-01-04,87.19642639160156
2006-01-05,87.25121307373047
2006-01-06,87.97726440429688
2006-01-09,88.20330047607422
2006-01-10,88.29237365722656
2006-01-11,88.57316589355469
2006-01-12,88.22383117675781
2006-01-13,88.14167785644531
2006-01-17,87.90192413330078
2006-01-18,87.55261993408203
2006-01-19,87.88821411132812
2006-01-20,86.28536987304688
2006-01-23,86.59362030029297
2006-01-24,86.68269348144531
2006-01-25,86.75800323486328
2006-01-26,87.23748779296875
2006-01-27,88.04576873779297
2006-01-30,87.97726440429688
2006-01-31,87.3333969116211
2006-02-01,87.94302368164062
2006-02-02,86.92241668701172
2006-02-03,86.49089050292969
2006-02-06,86.71691131591797
2006-02-07,85.9497299194336
2006-02-08,86.73062133789062
2006-02-09,86.5867919921875
2006-02-10,86.74429321289062
2006-02-13,86.5867919921875
2006-02-14,87.50462341308594
2006-02-15,87.81285095214844
2006-02-16,88.47039031982422
2006-02-17,88.23070526123047
2006-02-21,88.0114974975586
2006-02-22,88.54576873779297
2006-02-23,88.41563415527344
2006-02-24,88.64171600341797
2006-02-27,88.67593383789062
2006-02-28,87.83341217041016
2006-03-01,88.61426544189453
2006-03-02,88.607421875
2006-03-03,88.19644927978516
2006-03-06,87.79232025146484
2006-03-07,87.65528869628906
2006-03-08,87.84030151367188
2006-03-09,87.25121307373047
2006-03-10,88.08003234863281
2006-03-13,88.24439239501953
2006-03-14,89.16905212402344
2006-03-15,89.56640625
2006-03-16,89.75133514404297
2006-03-17,89.82627868652344
2006-03-20,89.68186950683594
2006-03-21,89.11798095703125
2006-03-22,89.66124725341797
2006-03-23,89.4755630493164
2006-03-24,89.5443344116211
2006-03-27,89.4136734008789
2006-03-28,88.86351776123047
2006-03-29,89.4205322265625
2006-03-30,89.26239013671875
2006-03-31,89.28304290771484
2006-04-03,89.2142105102539
2006-04-04,89.78500366210938
2006-04-05,90.094482421875
2006-04-06,89.9981918334961
2006-04-07,89.08358001708984
2006-04-10,89.22109985351562
2006-04-11,88.46463012695312
2006-04-12,88.62971496582031
2006-04-13,88.51278686523438
2006-04-17,88.4784164428711
2006-04-18,89.88127899169922
2006-04-19,90.05323028564453
2006-04-20,90.17701721191406
2006-04-21,90.19071960449219
2006-04-24,90.02568817138672
2006-04-25,89.65433502197266
2006-04-26,89.67498779296875
2006-04-27,90.10824584960938
2006-04-28,90.41082763671875
2006-05-01,89.67498779296875
2006-05-02,90.34891510009766
2006-05-03,90.01197052001953
2006-05-04,90.33517456054688
2006-05-05,91.13290405273438
2006-05-08,91.02286529541016
2006-05-09,91.20166778564453
2006-05-10,91.153564453125
2006-05-11,90.05323028564453
2006-05-12,88.87728118896484
2006-05-15,89.05609130859375
2006-05-16,88.92540740966797
2006-05-17,87.23368072509766
2006-05-18,86.79354095458984
2006-05-19,87.40557098388672
2006-05-22,86.73851776123047
2006-05-23,86.078369140625
2006-05-24,86.76605987548828
2006-05-25,87.8388442993164
2006-05-26,88.28584289550781
2006-05-30,86.71790313720703
2006-05-31,87.68755340576172
2006-06-01,88.52654266357422
2006-06-02,88.71221923828125
2006-06-05,87.41932678222656
2006-06-06,87.2061538696289
2006-06-07,86.5528564453125
2006-06-08,86.47722625732422
2006-06-09,86.2021484375
2006-06-12,85.26689910888672
2006-06-13,84.276611328125
2006-06-14,84.9299087524414
2006-06-15,86.73164367675781
2006-06-16,86.09966278076172
2006-06-19,85.42273712158203
2006-06-20,85.71282196044922
2006-06-21,86.34832000732422
2006-06-22,85.96839141845703
2006-06-23,85.95459747314453
2006-06-26,86.3344955444336
2006-06-27,85.58851623535156
2006-06-28,86.16873931884766
2006-06-29,87.90936279296875
2006-06-30,87.9162826538086
2006-07-03,88.27544403076172
2006-07-05,87.77120208740234
2006-07-06,88.02677154541016
2006-07-07,87.45349884033203
2006-07-10,87.6192398071289
2006-07-11,88.00605773925781
2006-07-12,87.06666564941406
2006-07-13,85.65068817138672
2006-07-14,85.3191146850586
2006-07-17,85.19479370117188
2006-07-18,85.62992858886719
2006-07-19,86.81800842285156
2006-07-20,86.22399139404297
2006-07-21,85.61614227294922
2006-07-24,87.17720031738281
2006-07-25,87.48804473876953
2006-07-26,87.60546112060547
2006-07-27,87.52255249023438
2006-07-28,88.39977264404297
2006-07-31,88.30997467041016
2006-08-01,87.87480926513672
2006-08-02,88.4688720703125
2006-08-03,88.7037124633789
2006-08-04,88.55175018310547
2006-08-07,88.34456634521484
2006-08-08,88.00605773925781
2006-08-09,87.7090835571289
2006-08-10,87.97843933105469
2006-08-11,87.72977447509766
2006-08-14,87.79886627197266
2006-08-15,88.84872436523438
2006-08-16,89.58782958984375
2006-08-17,89.81578063964844
2006-08-18,90.27166748046875
2006-08-21,89.88488006591797
2006-08-22,89.8779525756836
2006-08-23,89.62928009033203
2006-08-24,89.5533218383789
2006-08-25,89.66382598876953
2006-08-28,90.09208679199219
2006-08-29,90.1956787109375
2006-08-30,90.25096130371094
2006-08-31,90.23710632324219
2006-09-01,90.77590942382812
2006-09-05,90.9485855102539
2006-09-06,90.14728546142578
2006-09-07,89.7329330444336
2006-09-08,89.98845672607422
2006-09-11,90.0782699584961
2006-09-12,90.96240997314453
2006-09-13,91.32849884033203
2006-09-14,91.33536529541016
2006-09-15,91.54978942871094
2006-09-18,91.67467498779297
2006-09-19,91.44571685791016
2006-09-20,91.93132019042969
2006-09-21,91.48731231689453
2006-09-22,91.20980834960938
2006-09-25,91.9105224609375
2006-09-26,92.67366027832031
2006-09-27,92.78465270996094
2006-09-28,92.75
2006-09-29,92.67366027832031
2006-10-02,92.32677459716797
2006-10-03,92.52104187011719
2006-10-04,93.60330963134766
2006-10-05,93.78369140625
2006-10-06,93.66577911376953
2006-10-09,93.72125244140625
2006-10-10,93.84615325927734
2006-10-11,93.73516082763672
2006-10-12,94.5468521118164
2006-10-13,94.78965759277344
2006-10-16,94.93533325195312
2006-10-17,94.63706970214844
2006-10-18,94.76191711425781
2006-10-19,94.91454315185547
2006-10-20,94.93533325195312
2006-10-23,95.37242889404297
2006-10-24,95.6568832397461
2006-10-25,95.98294830322266
2006-10-26,96.28131103515625
2006-10-27,95.67769622802734
2006-10-30,95.60830688476562
2006-10-31,95.59442901611328
2006-11-01,94.94921112060547
2006-11-02,94.89373016357422
2006-11-03,94.72724151611328
2006-11-06,95.79566192626953
2006-11-07,96.1633071899414
2006-11-08,96.37144470214844
2006-11-09,95.86499786376953
2006-11-10,95.90665435791016
2006-11-13,96.14251708984375
2006-11-14,96.86405944824219
2006-11-15,97.14151763916016
2006-11-16,97.39130401611328
2006-11-17,97.4190444946289
2006-11-20,97.47455596923828
2006-11-21,97.5716781616211
2006-11-22,97.76597595214844
2006-11-24,97.37049865722656
2006-11-27,96.03150177001953
2006-11-28,96.44775390625
2006-11-29,97.45374298095703
2006-11-30,97.49534606933594
2006-12-01,97.28030395507812
2006-12-04,98.02262115478516
2006-12-05,98.44581604003906
2006-12-06,98.362548828125
2006-12-07,97.93244171142578
2006-12-08,98.11280822753906
2006-12-11,98.39724731445312
2006-12-12,98.32097625732422
2006-12-13,98.42498016357422
2006-12-14,99.29222869873047
2006-12-15,99.30130767822266
2006-12-18,99.02922821044922
2006-12-19,99.21757507324219
2006-12-20,99.16180419921875
2006-12-21,98.79899597167969
2006-12-22,98.1921157836914
2006-12-26,98.77110290527344
2006-12-27,99.41985321044922
2006-12-28,99.21060180664062
2006-12-29,98.79899597167969
2007-01-03,98.62460327148438
2007-01-04,98.8338623046875
2007-01-05,98.04552459716797
2007-01-08,98.49898529052734
2007-01-09,98.4153060913086
2007-01-10,98.7431869506836
2007-01-11,99.17569732666016
2007-01-12,99.92915344238281
2007-01-16,99.73387145996094
2007-01-17,99.77570343017578
2007-01-18,99.4408187866211
2007-01-19,99.63616180419922
2007-01-22,99.32921600341797
2007-01-23,99.62220001220703
2007-01-24,100.42451477050781
2007-01-25,99.24549102783203
2007-01-26,99.15479278564453
2007-01-29,99.0989761352539
2007-01-30,99.6152114868164
2007-01-31,100.28498840332031
2007-02-01,100.88491821289062
2007-02-02,101.02448272705078
2007-02-05,101.05236053466797
2007-02-06,101.08026885986328
2007-02-07,101.30351257324219
2007-02-08,101.17095184326172
2007-02-09,100.41751098632812
2007-02-12,100.07569122314453
2007-02-13,100.9197998046875
2007-02-14,101.58255767822266
2007-02-15,101.71515655517578
2007-02-16,101.66633605957031
2007-02-20,101.882568359375
2007-02-21,101.84071350097656
2007-02-22,101.7639389038086
2007-02-23,101.36631774902344
2007-02-26,101.27558898925781
2007-02-27,97.31999206542969
2007-02-28,98.3176498413086
2007-03-01,98.02462005615234
2007-03-02,96.74092864990234
2007-03-05,95.82012176513672
2007-03-06,97.45952606201172
2007-03-07,97.36186218261719
2007-03-08,98.18506622314453
2007-03-09,98.21298217773438
2007-03-12,98.35948944091797
2007-03-13,96.44793701171875
2007-03-14,97.16655731201172
2007-03-15,97.29910278320312
2007-03-16,97.026611328125
2007-03-19,98.19631958007812
2007-03-20,98.73560333251953
2007-03-21,100.36051177978516
2007-03-22,100.28349304199219
2007-03-23,100.43054962158203
2007-03-26,100.29750061035156
2007-03-27,100.05934143066406
2007-03-28,99.33094787597656
2007-03-29,99.43599700927734
2007-03-30,99.45701599121094
2007-04-02,99.56908416748047
2007-04-03,100.64071655273438
2007-04-04,100.75276947021484
2007-04-05,101.02592468261719
2007-04-09,101.16597747802734
2007-04-10,101.28507232666016
2007-04-11,100.87185668945312
2007-04-12,101.32007598876953
2007-04-13,101.7823486328125
2007-04-16,102.74889373779297
2007-04-17,103.02210235595703
2007-04-18,103.14814758300781
2007-04-19,103.1201171875
2007-04-20,104.09369659423828
2007-04-23,103.70140838623047
2007-04-24,103.74349212646484
2007-04-25,104.69599914550781
2007-04-26,104.81507110595703
2007-04-27,104.73103332519531
2007-04-30,103.86255645751953
2007-05-01,104.12872314453125
2007-05-02,104.73809051513672
2007-05-03,105.30541229248047
2007-05-04,105.70455932617188
2007-05-07,105.7256088256836
2007-05-08,105.58554077148438
2007-05-09,105.8727035522461
2007-05-10,104.76607513427734
2007-05-11,105.6625747680664
2007-05-14,105.43147277832031
2007-05-15,105.45948028564453
2007-05-16,106.1808853149414
2007-05-17,105.97074890136719
2007-05-18,106.89524841308594
2007-05-21,106.83924102783203
2007-05-22,106.75519561767578
2007-05-23,106.76925659179688
2007-05-24,105.80267333984375
2007-05-25,106.24397277832031
2007-05-29,106.62914276123047
2007-05-30,107.49761962890625
2007-05-31,107.38555908203125
2007-06-01,107.91786193847656
2007-06-04,107.931884765625
2007-06-05,107.50463104248047
2007-06-06,106.34894561767578
2007-06-07,104.42984008789062
2007-06-08,105.78864288330078
2007-06-11,105.97074890136719
2007-06-12,104.81507110595703
2007-06-13,106.3840103149414
2007-06-14,107.06336212158203
2007-06-15,107.67254638671875
2007-06-18,107.54596710205078
2007-06-19,107.81324768066406
2007-06-20,106.31493377685547
2007-06-21,106.90584564208984
2007-06-22,105.89988708496094
2007-06-25,105.39347839355469
2007-06-26,104.31021118164062
2007-06-27,105.79444122314453
2007-06-28,105.78034210205078
2007-06-29,105.81552124023438
2007-07-02,106.77215576171875
2007-07-03,107.1590347290039
2007-07-05,107.04649353027344
2007-07-06,107.60924530029297
2007-07-09,107.69364929199219
2007-07-10,106.16014862060547
2007-07-11,106.91284942626953
2007-07-12,108.60108184814453
2007-07-13,108.92464447021484
2007-07-16,108.91057586669922
2007-07-17,108.85430145263672
2007-07-18,108.6573257446289
2007-07-19,109.07939910888672
2007-07-20,107.9749984741211
2007-07-23,108.3056411743164
2007-07-24,106.42748260498047
2007-07-25,106.64559173583984
2007-07-26,104.1202621459961
2007-07-27,102.0733413696289
2007-07-30,103.6700668334961
2007-07-31,102.50241088867188
2007-08-01,103.0018081665039
2007-08-02,103.82486724853516
2007-08-03,101.15184783935547
2007-08-06,102.84708404541016
2007-08-07,103.94444274902344
2007-08-08,105.39347839355469
2007-08-09,102.27027130126953
2007-08-10,101.79192352294922
2007-08-13,102.15778350830078
2007-08-14,100.59615325927734
2007-08-15,99.21038055419922
2007-08-16,99.95603942871094
2007-08-17,101.79192352294922
2007-08-20,101.7426986694336
2007-08-21,101.9467544555664
2007-08-22,103.1565933227539
2007-08-23,103.06513214111328
2007-08-24,104.33837890625
2007-08-27,103.3675765991211
2007-08-28,101.09556579589844
2007-08-29,103.07918548583984
2007-08-30,102.80490112304688
2007-08-31,103.81781768798828
2007-09-04,104.86592102050781
2007-09-05,103.95849609375
2007-09-06,104.19763946533203
2007-09-07,102.74858856201172
2007-09-10,102.55159759521484
2007-09-11,103.74747467041016
2007-09-12,104.0147705078125
2007-09-13,104.74633026123047
2007-09-14,104.73925018310547
2007-09-17,104.17655181884766
2007-09-18,107.24347686767578
2007-09-19,107.87657165527344
2007-09-20,107.11682891845703
2007-09-21,107.4059066772461
2007-09-24,107.20800018310547
2007-09-25,106.99594116210938
2007-09-26,107.56140899658203
2007-09-27,108.19749450683594
2007-09-28,107.83707427978516
2007-10-01,109.05266571044922
2007-10-02,108.90424346923828
2007-10-03,108.68508911132812
2007-10-04,108.8547592163086
2007-10-05,110.14810180664062
2007-10-08,109.56153869628906
2007-10-09,110.59339904785156
2007-10-10,110.40966796875
2007-10-11,109.87954711914062
2007-10-12,110.48741149902344
2007-10-15,109.55445861816406
2007-10-16,108.68508911132812
2007-10-17,109.01730346679688
2007-10-18,108.62155151367188
2007-10-19,105.78036499023438
2007-10-22,106.3952407836914
2007-10-23,107.25752258300781
2007-10-24,107.05962371826172
2007-10-25,107.31398010253906
2007-10-26,108.57205963134766
2007-10-29,108.93252563476562
2007-10-30,108.1762466430664
2007-10-31,109.300048828125
2007-11-01,106.7415771484375
2007-11-02,106.8616714477539
2007-11-05,106.04895782470703
2007-11-06,107.47657012939453
2007-11-07,104.53643798828125
2007-11-08,104.00637817382812
2007-11-09,102.57874298095703
2007-11-12,101.56108093261719
2007-11-13,104.65664672851562
2007-11-14,104.36682891845703
2007-11-15,102.8614273071289
2007-11-16,103.03816986083984
2007-11-19,101.60343933105469
2007-11-20,102.22538757324219
2007-11-21,100.13341522216797
2007-11-23,101.86502075195312
2007-11-26,99.61744689941406
2007-11-27,100.76240539550781
2007-11-28,103.98522186279297
2007-11-29,104.02056121826172
2007-11-30,105.06657409667969
2007-12-03,104.3739013671875
2007-12-04,103.44100189208984
2007-12-05,105.17255401611328
2007-12-06,106.67792510986328
2007-12-07,106.65677642822266
2007-12-10,107.4836654663086
2007-12-11,104.53643798828125
2007-12-12,105.568359375
2007-12-13,105.3492431640625
2007-12-14,104.01348114013672
2007-12-17,102.52925872802734
2007-12-18,103.1017837524414
2007-12-19,103.1017837524414
2007-12-20,103.75196838378906
2007-12-21,105.24761962890625
2007-12-24,106.0291976928711
2007-12-26,106.25651550292969
2007-12-27,104.92078399658203
2007-12-28,104.65792846679688
2007-12-31,103.88343048095703
2008-01-02,102.97399139404297
2008-01-03,102.92426300048828
2008-01-04,100.4019546508789
2008-01-07,100.3166732788086
2008-01-08,98.69671630859375
2008-01-09,99.73404693603516
2008-01-10,100.38771057128906
2008-01-11,99.57772827148438
2008-01-14,100.380615234375
2008-01-15,98.17090606689453
2008-01-16,97.3254165649414
2008-01-17,94.80308532714844
2008-01-18,93.82970428466797
2008-01-22,92.87763977050781
2008-01-23,95.10865020751953
2008-01-24,95.91154479980469
2008-01-25,94.52601623535156
2008-01-28,96.08911895751953
2008-01-29,96.56519317626953
2008-01-30,95.85469055175781
2008-01-31,97.60255432128906
2008-02-01,99.17276763916016
2008-02-04,97.92222595214844
2008-02-05,95.30046844482422
2008-02-06,94.53311157226562
2008-02-07,95.1583480834961
2008-02-08,94.54734802246094
2008-02-11,95.03047943115234
2008-02-12,95.91154479980469
2008-02-13,96.89201354980469
2008-02-14,96.03939056396484
2008-02-15,96.01810455322266
2008-02-19,96.2880859375
2008-02-20,96.57231140136719
2008-02-21,95.76943969726562
2008-02-22,96.35912322998047
2008-02-25,97.5740737915039
2008-02-26,98.30595397949219
2008-02-27,98.20645904541016
2008-02-28,97.2472915649414
2008-02-29,95.08023834228516
2008-03-03,94.85286712646484
2008-03-04,94.49050903320312
2008-03-05,95.0873031616211
2008-03-06,93.1192398071289
2008-03-07,92.16007232666016
2008-03-10,90.945068359375
2008-03-11,94.21340942382812
2008-03-12,93.33236694335938
2008-03-13,93.5384292602539
2008-03-14,92.08900451660156
2008-03-17,91.15824127197266
2008-03-18,94.94522094726562
2008-03-19,92.59346008300781
2008-03-20,94.30853271484375
2008-03-24,96.19352722167969
2008-03-25,96.28642272949219
2008-03-26,95.10823822021484
2008-03-27,94.80835723876953
2008-03-28,93.90151977539062
2008-03-31,94.22998809814453
2008-04-01,97.54306030273438
2008-04-02,97.60733032226562
2008-04-03,97.85008239746094
2008-04-04,97.74297332763672
2008-04-07,97.79296112060547
2008-04-08,97.69302368164062
2008-04-09,96.9861068725586
2008-04-10,97.12181091308594
2008-04-11,95.23675537109375
2008-04-14,94.91545867919922
2008-04-15,95.13682556152344
2008-04-16,97.71444702148438
2008-04-17,97.85723876953125
2008-04-18,98.87832641601562
2008-04-21,98.92826080322266
2008-04-22,98.49270629882812
2008-04-23,98.33563232421875
2008-04-24,98.76407623291016
2008-04-25,99.67799377441406
2008-04-28,99.69941711425781
2008-04-29,99.30670928955078
2008-04-30,98.72123718261719
2008-05-01,100.76331329345703
2008-05-02,101.04178619384766
2008-05-05,100.55623626708984
2008-05-06,101.42735290527344
2008-05-07,99.6208724975586
2008-05-08,99.36385345458984
2008-05-09,99.17820739746094
2008-05-12,100.29210662841797
2008-05-13,100.30635070800781
2008-05-14,100.51343536376953
2008-05-15,101.77005004882812
2008-05-16,101.8629150390625
2008-05-19,102.14139556884766
2008-05-20,101.31314849853516
2008-05-21,99.59944915771484
2008-05-22,99.61371612548828
2008-05-23,98.27851104736328
2008-05-27,99.00684356689453
2008-05-28,99.46381378173828
2008-05-29,99.963623046875
2008-05-30,100.21353149414062
2008-06-02,99.17820739746094
2008-06-03,98.59980010986328
2008-06-04,98.54985046386719
2008-06-05,100.52053833007812
2008-06-06,97.31459045410156
2008-06-09,97.55022430419922
2008-06-10,97.06465911865234
2008-06-11,95.63666534423828
2008-06-12,96.00079345703125
2008-06-13,97.21463012695312
2008-06-16,97.271728515625
2008-06-17,96.80047607421875
2008-06-18,95.85796356201172
2008-06-19,95.97938537597656
2008-06-20,94.42144012451172
2008-06-23,94.32815551757812
2008-06-24,94.14157104492188
2008-06-25,94.58646392822266
2008-06-26,92.01747131347656
2008-06-27,91.51519775390625
2008-06-30,91.83810424804688
2008-07-01,92.12512969970703
2008-07-02,90.54643249511719
2008-07-03,90.63971710205078
2008-07-07,89.71400451660156
2008-07-08,91.30706787109375
2008-07-09,89.54895782470703
2008-07-10,89.9149169921875
2008-07-11,88.86726379394531
2008-07-14,88.06352233886719
2008-07-15,86.82208251953125
2008-07-16,88.95333862304688
2008-07-17,89.8431625366211
2008-07-18,90.40290069580078
2008-07-21,90.453125
2008-07-22,91.47930908203125
2008-07-23,91.9744644165039
2008-07-24,90.06564331054688
2008-07-25,90.04408264160156
2008-07-28,88.72372436523438
2008-07-29,90.61819458007812
2008-07-30,92.23274993896484
2008-07-31,91.01287841796875
2008-08-01,90.5320816040039
2008-08-04,89.69249725341797
2008-08-05,92.11078643798828
2008-08-06,92.51980590820312
2008-08-07,91.14203643798828
2008-08-08,92.8355484008789
2008-08-11,93.79711151123047
2008-08-12,92.82122802734375
2008-08-13,92.26145935058594
2008-08-14,92.95756530761719
2008-08-15,93.40962219238281
2008-08-18,92.13230895996094
2008-08-19,91.12767028808594
2008-08-20,91.55109405517578
2008-08-21,91.70891571044922
2008-08-22,93.03648376464844
2008-08-25,91.14921569824219
2008-08-26,91.41473388671875
2008-08-27,92.30451202392578
2008-08-28,93.42400360107422
2008-08-29,92.41934967041016
2008-09-02,91.84526824951172
2008-09-03,91.7663345336914
2008-09-04,89.00359344482422
2008-09-05,89.28345489501953
2008-09-08,91.12767028808594
2008-09-09,88.42231750488281
2008-09-10,88.78111267089844
2008-09-11,90.06564331054688
2008-09-12,90.48181915283203
2008-09-15,86.17625427246094
2008-09-16,87.61862182617188
2008-09-17,83.67900085449219
2008-09-18,86.16189575195312
2008-09-19,89.58372497558594
2008-09-22,87.55561065673828
2008-09-23,85.5635757446289
2008-09-24,85.83785247802734
2008-09-25,87.18026733398438
2008-09-26,87.22358703613281
2008-09-29,80.38858795166016
2008-09-30,83.71586608886719
2008-10-01,83.76640319824219
2008-10-02,80.72782135009766
2008-10-03,79.63800048828125
2008-10-06,75.58175659179688
2008-10-07,72.19674682617188
2008-10-08,70.37793731689453
2008-10-09,65.46282958984375
2008-10-10,63.87493896484375
2008-10-13,73.14944458007812
2008-10-14,72.06680297851562
2008-10-15,64.97201538085938
2008-10-16,67.6785659790039
2008-10-17,67.27442932128906
2008-10-20,71.31619262695312
2008-10-21,69.18706512451172
2008-10-22,65.41947937011719
2008-10-23,66.17733764648438
2008-10-24,62.82117462158203
2008-10-27,60.59098434448242
2008-10-28,67.67134857177734
2008-10-29,67.18057250976562
2008-10-30,69.50458526611328
2008-10-31,69.88713836669922
2008-11-03,70.08924102783203
2008-11-04,72.47101593017578
2008-11-05,69.42523193359375
2008-11-06,65.57830810546875
2008-11-07,67.74354553222656
2008-11-10,66.85579681396484
2008-11-11,64.79161071777344
2008-11-12,61.94065856933594
2008-11-13,65.80205535888672
2008-11-14,62.51807403564453
2008-11-17,61.68802261352539
2008-11-18,62.85005569458008
2008-11-19,58.82268142700195
2008-11-20,54.45612335205078
2008-11-21,57.393619537353516
2008-11-24,61.37050247192383
2008-11-25,61.8251838684082
2008-11-26,64.21417999267578
2008-11-28,65.02251434326172
2008-12-01,59.26295852661133
2008-12-02,61.54370880126953
2008-12-03,63.02330017089844
2008-12-04,61.565345764160156
2008-12-05,63.463565826416016
2008-12-08,65.67932891845703
2008-12-09,64.59673309326172
2008-12-10,65.03697967529297
2008-12-11,63.470794677734375
2008-12-12,64.22860717773438
2008-12-15,63.333648681640625
2008-12-16,66.31446838378906
2008-12-17,65.672119140625
2008-12-18,64.44515228271484
2008-12-19,64.16793823242188
2008-12-22,63.3457145690918
2008-12-23,62.690895080566406
2008-12-24,63.0546760559082
2008-12-26,63.41845703125
2008-12-29,63.23659133911133
2008-12-30,64.73546600341797
2008-12-31,65.65953063964844
2009-01-02,67.63860321044922
2009-01-05,67.55860137939453
2009-01-06,68.00968933105469
2009-01-07,65.97237396240234
2009-01-08,66.24159240722656
2009-01-09,64.82276153564453
2009-01-12,63.265682220458984
2009-01-13,63.382102966308594
2009-01-14,61.388427734375
2009-01-15,61.41027069091797
2009-01-16,61.89051055908203
2009-01-20,58.6235237121582
2009-01-21,61.155616760253906
2009-01-22,60.20969772338867
2009-01-23,60.4716682434082
2009-01-26,60.88642501831055
2009-01-27,61.50487518310547
2009-01-28,63.585819244384766
2009-01-29,61.51942825317383
2009-01-30,60.267940521240234
2009-02-02,60.0860595703125
2009-02-03,60.93006134033203
2009-02-04,60.63172149658203
2009-02-05,61.533973693847656
2009-02-06,63.28752136230469
2009-02-09,63.37480163574219
2009-02-10,60.4716682434082
2009-02-11,60.82817459106445
2009-02-12,60.87184524536133
2009-02-13,60.21699523925781
2009-02-17,57.641273498535156
2009-02-18,57.50300216674805
2009-02-19,56.88455581665039
2009-02-20,56.33154296875
2009-02-23,54.316078186035156
2009-02-24,56.37521743774414
2009-02-25,55.931373596191406
2009-02-26,55.0218505859375
2009-02-27,53.79219436645508
2009-03-02,51.36925506591797
2009-03-03,50.9836311340332
2009-03-04,52.19146728515625
2009-03-05,50.059574127197266
2009-03-06,50.146881103515625
2009-03-09,49.55751037597656
2009-03-10,52.511592864990234
2009-03-11,52.853580474853516
2009-03-12,54.93453598022461
2009-03-13,55.36383056640625
2009-03-16,55.19650650024414
2009-03-17,56.88455581665039
2009-03-18,58.157840728759766
2009-03-19,57.43753433227539
2009-03-20,56.214447021484375
2009-03-23,60.252281188964844
2009-03-24,59.06513977050781
2009-03-25,59.6879997253418
2009-03-26,60.904510498046875
2009-03-27,59.80527114868164
2009-03-30,57.738685607910156
2009-03-31,58.27364730834961
2009-04-01,59.4022216796875
2009-04-02,61.13898849487305
2009-04-03,61.74721908569336
2009-04-06,61.26356506347656
2009-04-07,59.83457565307617
2009-04-08,60.47945022583008
2009-04-09,62.88309097290039
2009-04-13,62.897762298583984
2009-04-14,61.81318283081055
2009-04-15,62.472713470458984
2009-04-16,63.38871765136719
2009-04-17,63.81376647949219
2009-04-20,61.13898849487305
2009-04-21,62.33350372314453
2009-04-22,61.952392578125
2009-04-23,62.560646057128906
2009-04-24,63.5059928894043
2009-04-27,62.905086517333984
2009-04-28,62.707218170166016
2009-04-29,64.04093933105469
2009-04-30,64.06294250488281
2009-05-01,64.40737915039062
2009-05-04,66.59847259521484
2009-05-05,66.37130737304688
2009-05-06,67.52184295654297
2009-05-07,66.5838623046875
2009-05-08,68.13735961914062
2009-05-11,66.86231231689453
2009-05-12,66.6644287109375
2009-05-13,64.98629760742188
2009-05-14,65.54325866699219
2009-05-15,65.0082778930664
2009-05-18,66.85494232177734
2009-05-19,66.77438354492188
2009-05-20,66.32733917236328
2009-05-21,65.37468719482422
2009-05-22,65.23543548583984
2009-05-26,66.90628051757812
2009-05-27,65.7118148803711
2009-05-28,66.62779998779297
2009-05-29,67.8076171875
2009-06-01,69.44916534423828
2009-06-02,69.50779724121094
2009-06-03,68.62838745117188
2009-06-04,69.27327728271484
2009-06-05,69.28791046142578
2009-06-08,69.00214385986328
2009-06-09,69.35386657714844
2009-06-10,69.17798614501953
2009-06-11,69.48579406738281
2009-06-12,69.67633819580078
2009-06-15,68.07876586914062
2009-06-16,67.15541076660156
2009-06-17,67.08942413330078
2009-06-18,67.5804443359375
2009-06-19,67.82955932617188
2009-06-22,65.79556274414062
2009-06-23,65.84716033935547
2009-06-24,66.41456604003906
2009-06-25,67.8590087890625
2009-06-26,67.68213653564453
2009-06-29,68.31595611572266
2009-06-30,67.76321411132812
2009-07-01,68.04325103759766
2009-07-02,66.18614196777344
2009-07-06,66.1787338256836
2009-07-07,64.89646911621094
2009-07-08,64.85221099853516
2009-07-09,64.97752380371094
2009-07-10,64.82274627685547
2009-07-13,66.39984130859375
2009-07-14,66.77571868896484
2009-07-15,68.72865295410156
2009-07-16,68.6180648803711
2009-07-17,69.36981964111328
2009-07-20,70.10674285888672
2009-07-21,70.43103790283203
2009-07-22,70.41627502441406
2009-07-23,71.97125244140625
2009-07-24,72.26603698730469
2009-07-27,72.4797592163086
2009-07-28,72.14078521728516
2009-07-29,71.96389770507812
2009-07-30,72.715576171875
2009-07-31,72.8187484741211
2009-08-03,74.01998901367188
2009-08-04,74.21160888671875
2009-08-05,73.99788665771484
2009-08-06,73.61465454101562
2009-08-07,74.58004760742188
2009-08-10,74.42530822753906
2009-08-11,73.49676513671875
2009-08-12,74.28528594970703
2009-08-13,74.85275268554688
2009-08-14,74.27794647216797
2009-08-17,72.45027160644531
2009-08-18,73.02511596679688
2009-08-19,73.6662368774414
2009-08-20,74.42530822753906
2009-08-21,75.88449096679688
2009-08-24,75.87713623046875
2009-08-25,76.02452087402344
2009-08-26,76.0318603515625
2009-08-27,76.20138549804688
2009-08-28,76.18663787841797
2009-08-31,75.50865936279297
2009-09-01,73.84313201904297
2009-09-02,73.56307220458984
2009-09-03,74.17475128173828
2009-09-04,75.21383666992188
2009-09-08,75.86238861083984
2009-09-09,76.44458770751953
2009-09-10,77.22577667236328
2009-09-11,77.21102142333984
2009-09-14,77.58689880371094
2009-09-15,77.91112518310547
2009-09-16,79.09026336669922
2009-09-17,78.97236633300781
2009-09-18,79.02269744873047
2009-09-21,78.82276153564453
2009-09-22,79.28186798095703
2009-09-23,78.62284088134766
2009-09-24,77.75650787353516
2009-09-25,77.34184265136719
2009-09-28,78.72650146484375
2009-09-29,78.48957824707031
2009-09-30,78.18596649169922
2009-10-01,76.24590301513672
2009-10-02,75.89053344726562
2009-10-05,77.02345275878906
2009-10-06,78.12674713134766
2009-10-07,78.3414535522461
2009-10-08,78.94125366210938
2009-10-09,79.42253112792969
2009-10-12,79.73352813720703
2009-10-13,79.57064056396484
2009-10-14,80.94051361083984
2009-10-15,81.23670959472656
2009-10-16,80.6294937133789
2009-10-19,81.29594421386719
2009-10-20,80.8664779663086
2009-10-21,80.14081573486328
2009-10-22,80.95530700683594
2009-10-23,80.02973175048828
2009-10-26,79.16338348388672
2009-10-27,78.80054473876953
2009-10-28,77.3122329711914
2009-10-29,78.97088623046875
2009-10-30,76.68282318115234
2009-11-02,77.2455825805664
2009-11-03,77.48990631103516
2009-11-04,77.6898422241211
2009-11-05,79.11894226074219
2009-11-06,79.32628631591797
2009-11-09,81.13304901123047
2009-11-10,81.1478271484375
2009-11-11,81.56250762939453
2009-11-12,80.73316192626953
2009-11-13,81.17003631591797
2009-11-16,82.34740447998047
2009-11-17,82.44365692138672
2009-11-18,82.3918228149414
2009-11-19,81.31818389892578
2009-11-20,81.02935791015625
2009-11-23,82.05863189697266
2009-11-24,82.18445587158203
2009-11-25,82.47328186035156
2009-11-27,81.13304901123047
2009-11-30,81.40699005126953
2009-12-01,82.41402435302734
2009-12-02,82.37702941894531
2009-12-03,81.73283386230469
2009-12-04,82.1993179321289
2009-12-07,82.07344055175781
2009-12-08,81.16263580322266
2009-12-09,81.46627044677734
2009-12-10,81.92533111572266
2009-12-11,82.27335357666016
2009-12-14,82.83609008789062
2009-12-15,82.45105743408203
2009-12-16,82.5769271850586
2009-12-17,81.58470153808594
2009-12-18,82.04631042480469
2009-12-21,82.88008880615234
2009-12-22,83.17787170410156
2009-12-23,83.34162902832031
2009-12-24,83.73617553710938
2009-12-28,83.91484069824219
2009-12-29,83.79574584960938
2009-12-30,83.7659683227539
2009-12-31,82.96197509765625
2010-01-04,84.36898803710938
2010-01-05,84.59228515625
2010-01-06,84.65186309814453
2010-01-07,85.00921630859375
2010-01-08,85.29208374023438
2010-01-11,85.41120147705078
2010-01-12,84.61465454101562
2010-01-13,85.32935333251953
2010-01-14,85.56011199951172
2010-01-15,84.5997543334961
2010-01-19,85.65687561035156
2010-01-20,84.78583526611328
2010-01-21,83.1554946899414
2010-01-22,81.30184173583984
2010-01-25,81.71869659423828
2010-01-26,81.37628173828125
2010-01-27,81.76339721679688
2010-01-28,80.82537841796875
2010-01-29,79.94694519042969
2010-02-01,81.19017028808594
2010-02-02,82.17285919189453
2010-02-03,81.76339721679688
2010-02-04,79.23969268798828
2010-02-05,79.40345764160156
2010-02-08,78.83023071289062
2010-02-09,79.82035064697266
2010-02-10,79.66402435302734
2010-02-11,80.49781036376953
2010-02-12,80.4308090209961
2010-02-16,81.69639587402344
2010-02-17,82.08348846435547
2010-02-18,82.5673828125
2010-02-19,82.73861694335938
2010-02-22,82.7535171508789
2010-02-23,81.74848175048828
2010-02-24,82.50041198730469
2010-02-25,82.38872528076172
2010-02-26,82.44087219238281
2010-03-01,83.29694366455078
2010-03-02,83.52775573730469
2010-03-03,83.6021957397461
2010-03-04,83.85531616210938
2010-03-05,85.05388641357422
2010-03-08,85.0687484741211
2010-03-09,85.21019744873047
2010-03-10,85.58990478515625
2010-03-11,85.94723510742188
2010-03-12,85.95465087890625
2010-03-15,85.97697448730469
2010-03-16,86.66195678710938
2010-03-17,87.1755599975586
2010-03-18,87.13091278076172
2010-03-19,86.68986511230469
2010-03-22,87.15331268310547
2010-03-23,87.76627349853516
2010-03-24,87.34019470214844
2010-03-25,87.19816589355469
2010-03-26,87.14588928222656
2010-03-29,87.69902038574219
2010-03-30,87.75884246826172
2010-03-31,87.45980834960938
2010-04-01,88.0578384399414
2010-04-05,88.77550506591797
2010-04-06,88.98475646972656
2010-04-07,88.47643280029297
2010-04-08,88.78290557861328
2010-04-09,89.36599731445312
2010-04-12,89.50802612304688
2010-04-13,89.5752944946289
2010-04-14,90.59190368652344
2010-04-15,90.66667175292969
2010-04-16,89.22394561767578
2010-04-19,89.560302734375
2010-04-20,90.36016845703125
2010-04-21,90.19575500488281
2010-04-22,90.46484375
2010-04-23,91.05538177490234
2010-04-26,90.7115478515625
2010-04-27,88.56613159179688
2010-04-28,89.23892974853516
2010-04-29,90.34521484375
2010-04-30,88.81283569335938
2010-05-03,89.96398162841797
2010-05-04,87.84850311279297
2010-05-05,87.32527160644531
2010-05-06,84.42485046386719
2010-05-07,83.16905212402344
2010-05-10,86.83189392089844
2010-05-11,86.58525085449219
2010-05-12,87.79620361328125
2010-05-13,86.70479583740234
2010-05-14,85.13502502441406
2010-05-17,85.179931640625
2010-05-18,84.02123260498047
2010-05-19,83.5428237915039
2010-05-20,80.38826751708984
2010-05-21,81.56192779541016
2010-05-24,80.51536560058594
2010-05-25,80.59757995605469
2010-05-26,80.1116943359375
2010-05-27,82.7952651977539
2010-05-28,81.7562484741211
2010-06-01,80.38078308105469
2010-06-02,82.47384643554688
2010-06-03,82.75791931152344
2010-06-04,79.85003662109375
2010-06-07,78.85585021972656
2010-06-08,79.70054626464844
2010-06-09,79.27447509765625
2010-06-10,81.59180450439453
2010-06-11,81.98797607421875
2010-06-14,81.86088562011719
2010-06-15,83.72220611572266
2010-06-16,83.69230651855469
2010-06-17,83.82688903808594
2010-06-18,83.91773986816406
2010-06-21,83.6773910522461
2010-06-22,82.29540252685547
2010-06-23,82.04002380371094
2010-06-24,80.68059539794922
2010-06-25,81.01858520507812
2010-06-28,80.76322174072266
2010-06-29,78.2696533203125
2010-06-30,77.52608489990234
2010-07-01,77.18058013916016
2010-07-02,76.760009765625
2010-07-06,77.26319885253906
2010-07-07,79.69669342041016
2010-07-08,80.48532104492188
2010-07-09,81.0862045288086
2010-07-12,81.13875579833984
2010-07-13,82.363037109375
2010-07-14,82.35551452636719
2010-07-15,82.37804412841797
2010-07-16,80.10979461669922
2010-07-19,80.58294677734375
2010-07-20,81.47673797607422
2010-07-21,80.41773223876953
2010-07-22,82.21281433105469
2010-07-23,82.92632293701172
2010-07-26,83.7900619506836
2010-07-27,83.78255462646484
2010-07-28,83.24178314208984
2010-07-29,82.83621215820312
2010-07-30,82.8211898803711
2010-08-02,84.69134521484375
2010-08-03,84.28578186035156
2010-08-04,84.8490982055664
2010-08-05,84.75896453857422
2010-08-06,84.41346740722656
2010-08-09,84.86412048339844
2010-08-10,84.40592193603516
2010-08-11,82.09263610839844
2010-08-12,81.58942413330078
2010-08-13,81.34905242919922
2010-08-16,81.31149291992188
2010-08-17,82.31044006347656
2010-08-18,82.46065521240234
2010-08-19,81.02607727050781
2010-08-20,80.76322174072266
2010-08-23,80.4552993774414
2010-08-24,79.26106262207031
2010-08-25,79.56900787353516
2010-08-26,79.0357666015625
2010-08-27,80.25997924804688
2010-08-30,79.09584045410156
2010-08-31,79.09584045410156
2010-09-01,81.46172332763672
2010-09-02,82.22032165527344
2010-09-03,83.28683471679688
2010-09-07,82.34796905517578
2010-09-08,82.92632293701172
2010-09-09,83.30937194824219
2010-09-10,83.72997283935547
2010-09-13,84.66133880615234
2010-09-14,84.60875701904297
2010-09-15,84.93169403076172
2010-09-16,84.90914916992188
2010-09-17,84.94087982177734
2010-09-20,86.23963165283203
2010-09-21,86.06597137451172
2010-09-22,85.64311981201172
2010-09-23,84.94844055175781
2010-09-24,86.70025634765625
2010-09-27,86.2849349975586
2010-09-28,86.58698272705078
2010-09-29,86.43595123291016
2010-09-30,86.17922973632812
2010-10-01,86.54170227050781
2010-10-04,85.89229583740234
2010-10-05,87.62145233154297
2010-10-06,87.61392974853516
2010-10-07,87.50820922851562
2010-10-08,87.9990005493164
2010-10-11,88.08209991455078
2010-10-12,88.3539047241211
2010-10-13,89.0410385131836
2010-10-14,88.69371032714844
2010-10-15,88.87493133544922
2010-10-18,89.3128662109375
2010-10-19,88.14250183105469
2010-10-20,89.0032958984375
2010-10-21,89.19965362548828
2010-10-22,89.36572265625
2010-10-25,89.6300277709961
2010-10-26,89.64515686035156
2010-10-27,89.38841247558594
2010-10-28,89.40349578857422
2010-10-29,89.47148132324219
2010-11-01,89.50167083740234
2010-11-02,90.21147918701172
2010-11-03,90.57390594482422
2010-11-04,92.31817626953125
2010-11-05,92.66554260253906
2010-11-08,92.49186706542969
2010-11-09,91.8273696899414
2010-11-10,92.19737243652344
2010-11-11,91.85002136230469
2010-11-12,90.76268005371094
2010-11-15,90.63430786132812
2010-11-16,89.22229766845703
2010-11-17,89.26756286621094
2010-11-18,90.58145904541016
2010-11-19,90.83061218261719
2010-11-22,90.75515747070312
2010-11-23,89.4412612915039
2010-11-24,90.76268005371094
2010-11-26,89.7055892944336
2010-11-29,89.9773941040039
2010-11-30,89.47148132324219
2010-12-01,91.37429809570312
2010-12-02,92.54469299316406
2010-12-03,92.79389953613281
2010-12-06,92.69570922851562
2010-12-07,92.74857330322266
2010-12-08,93.08836364746094
2010-12-09,93.45082092285156
2010-12-10,93.99449920654297
2010-12-13,94.05490112304688
2010-12-14,94.13798522949219
2010-12-15,93.70751953125
2010-12-16,94.25123596191406
2010-12-17,94.35218048095703
2010-12-20,94.57991027832031
2010-12-21,95.17955780029297
2010-12-22,95.47559356689453
2010-12-23,95.33898162841797
2010-12-27,95.37689971923828
2010-12-28,95.51355743408203
2010-12-29,95.58190155029297
2010-12-30,95.43006896972656
2010-12-31,95.45283508300781
2011-01-03,96.43961334228516
2011-01-04,96.38648986816406
2011-01-05,96.88748931884766
2011-01-06,96.69771575927734
2011-01-07,96.50794219970703
2011-01-10,96.38648986816406
2011-01-11,96.72808074951172
2011-01-12,97.60101318359375
2011-01-13,97.44159698486328
2011-01-14,98.14754486083984
2011-01-18,98.31453704833984
2011-01-19,97.35047912597656
2011-01-20,97.22149658203125
2011-01-21,97.44159698486328
2011-01-24,97.99571990966797
2011-01-25,98.04883575439453
2011-01-26,98.42839050292969
2011-01-27,98.67129516601562
2011-01-28,96.94819641113281
2011-01-31,97.67688751220703
2011-02-01,99.24059295654297
2011-02-02,99.05082702636719
2011-02-03,99.27095031738281
2011-02-04,99.55182647705078
2011-02-07,100.17424774169922
2011-02-08,100.62969207763672
2011-02-09,100.40196228027344
2011-02-10,100.43994140625
2011-02-11,101.03958892822266
2011-02-14,101.2824935913086
2011-02-15,100.96363067626953
2011-02-16,101.60126495361328
2011-02-17,101.9049072265625
2011-02-18,102.11746215820312
2011-02-22,100.06793975830078
2011-02-23,99.45311737060547
2011-02-24,99.38482666015625
2011-02-25,100.4474868774414
2011-02-28,101.0699234008789
2011-03-01,99.38482666015625
2011-03-02,99.59733581542969
2011-03-03,101.31285095214844
2011-03-04,100.55376434326172
2011-03-07,99.76432800292969
2011-03-08,100.63726043701172
2011-03-09,100.4930648803711
2011-03-10,98.63333129882812
2011-03-11,99.31649780273438
2011-03-14,98.71680450439453
2011-03-15,97.58583068847656
2011-03-16,95.7792739868164
2011-03-17,97.04688262939453
2011-03-18,97.39984893798828
2011-03-21,98.90933227539062
2011-03-22,98.5662612915039
2011-03-23,98.8483657836914
2011-03-24,99.7936782836914
2011-03-25,100.09864044189453
2011-03-28,99.85468292236328
2011-03-29,100.52558135986328
2011-03-30,101.21929168701172
2011-03-31,101.08209228515625
2011-04-01,101.50898742675781
2011-04-04,101.59286499023438
2011-04-05,101.57760620117188
2011-04-06,101.8978042602539
2011-04-07,101.63860321044922
2011-04-08,101.28791046142578
2011-04-11,100.98294830322266
2011-04-12,100.22820281982422
2011-04-13,100.22058868408203
2011-04-14,100.29685974121094
2011-04-15,100.66279602050781
2011-04-18,99.53447723388672
2011-04-19,100.10623931884766
2011-04-20,101.47090148925781
2011-04-21,101.98931884765625
2011-04-25,101.882568359375
2011-04-26,102.75923156738281
2011-04-27,103.43013763427734
2011-04-28,103.76558685302734
2011-04-29,104.00956726074219
2011-05-02,103.8494644165039
2011-05-03,103.47590637207031
2011-05-04,102.789794921875
2011-05-05,101.85969543457031
2011-05-06,102.30948638916016
2011-05-09,102.70590209960938
2011-05-10,103.5826416015625
2011-05-11,102.49243927001953
2011-05-12,102.98035430908203
2011-05-13,102.18749237060547
2011-05-16,101.53949737548828
2011-05-17,101.52425384521484
2011-05-18,102.43148040771484
2011-05-19,102.6754150390625
2011-05-20,101.85969543457031
2011-05-23,100.6780014038086
2011-05-24,100.59413146972656
2011-05-25,100.92962646484375
2011-05-26,101.3946762084961
2011-05-27,101.78343963623047
2011-05-31,102.84313201904297
2011-06-01,100.53318786621094
2011-06-02,100.42646026611328
2011-06-03,99.42776489257812
2011-06-06,98.37569427490234
2011-06-07,98.31468200683594
2011-06-08,97.90303039550781
2011-06-09,98.6501235961914
2011-06-10,97.27787780761719
2011-06-13,97.35411071777344
2011-06-14,98.58914947509766
2011-06-15,96.83570861816406
2011-06-16,97.04918670654297
2011-06-17,97.33878326416016
2011-06-20,97.83676147460938
2011-06-21,99.1775131225586
2011-06-22,98.57990264892578
2011-06-23,98.29645538330078
2011-06-24,97.15491485595703
2011-06-27,98.02061462402344
2011-06-28,99.30009460449219
2011-06-29,100.15052032470703
2011-06-30,101.10819244384766
2011-07-01,102.60218811035156
2011-07-05,102.5179443359375
2011-07-06,102.64048767089844
2011-07-07,103.7054672241211
2011-07-08,102.9699478149414
2011-07-11,101.10819244384766
2011-07-12,100.67151641845703
2011-07-13,101.00862884521484
2011-07-14,100.31140899658203
2011-07-15,100.89371490478516
2011-07-18,100.06623840332031
2011-07-19,101.69048309326172
2011-07-20,101.62916564941406
2011-07-21,103.03888702392578
2011-07-22,103.10785675048828
2011-07-25,102.53321075439453
2011-07-26,102.15019989013672
2011-07-27,100.05858612060547
2011-07-28,99.76742553710938
2011-07-29,99.0855941772461
2011-08-01,98.6642074584961
2011-08-02,96.14359283447266
2011-08-03,96.66456604003906
2011-08-04,92.13663482666016
2011-08-05,91.99874877929688
2011-08-08,86.00748443603516
2011-08-09,90.00676727294922
2011-08-10,86.03047943115234
2011-08-11,89.891845703125
2011-08-12,90.49708557128906
2011-08-15,92.41246032714844
2011-08-16,91.6233139038086
2011-08-17,91.68457794189453
2011-08-18,87.73131561279297
2011-08-19,86.2986068725586
2011-08-22,86.3675537109375
2011-08-23,89.20997619628906
2011-08-24,90.4664306640625
2011-08-25,89.08739471435547
2011-08-26,90.38214874267578
2011-08-29,92.97944641113281
2011-08-30,93.22457122802734
2011-08-31,93.63826751708984
2011-09-01,92.65760040283203
2011-09-02,90.29022979736328
2011-09-06,89.63134765625
2011-09-07,92.15961456298828
2011-09-08,91.20193481445312
2011-09-09,88.81157684326172
2011-09-12,89.38616180419922
2011-09-13,90.20594787597656
2011-09-14,91.45477294921875
2011-09-15,93.03301239013672
2011-09-16,93.58363342285156
2011-09-19,92.65181732177734
2011-09-20,92.54402160644531
2011-09-21,89.81780242919922
2011-09-22,86.91451263427734
2011-09-23,87.43821716308594
2011-09-26,89.5174789428711
2011-09-27,90.51864624023438
2011-09-28,88.67035675048828
2011-09-29,89.37115478515625
2011-09-30,87.13784790039062
2011-10-03,84.65809631347656
2011-10-04,86.51405334472656
2011-10-05,88.11589813232422
2011-10-06,89.71001434326172
2011-10-07,89.10929107666016
2011-10-10,92.08963012695312
2011-10-11,92.18206787109375
2011-10-12,92.99067687988281
2011-10-13,92.80585479736328
2011-10-14,94.39228057861328
2011-10-17,92.5901870727539
2011-10-18,94.39997100830078
2011-10-19,93.2833023071289
2011-10-20,93.69145202636719
2011-10-21,95.47044372558594
2011-10-24,96.6409683227539
2011-10-25,94.76192474365234
2011-10-26,95.72457122802734
2011-10-27,99.05913543701172
2011-10-28,99.03602600097656
2011-10-31,96.6487045288086
2011-11-01,93.95329284667969
2011-11-02,95.48583984375
2011-11-03,97.22627258300781
2011-11-04,96.63329315185547
2011-11-07,97.23397064208984
2011-11-08,98.48152923583984
2011-11-09,94.84663391113281
2011-11-10,95.73997497558594
2011-11-11,97.54202270507812
2011-11-14,96.61788177490234
2011-11-15,97.0953598022461
2011-11-16,95.55514526367188
2011-11-17,94.03801727294922
2011-11-18,93.93792724609375
2011-11-21,92.15126037597656
2011-11-22,91.789306640625
2011-11-23,89.76393127441406
2011-11-25,89.59447479248047
2011-11-28,92.18977355957031
2011-11-29,92.45160675048828
2011-11-30,96.25595092773438
2011-12-01,96.24054718017578
2011-12-02,96.15582275390625
2011-12-05,97.20317077636719
2011-12-06,97.23397064208984
2011-12-07,97.59588623046875
2011-12-08,95.45502471923828
2011-12-09,97.0722427368164
2011-12-12,95.65526580810547
2011-12-13,94.76192474365234
2011-12-14,93.75308227539062
2011-12-15,94.09195709228516
2011-12-16,94.23143768310547
2011-12-19,93.22393798828125
2011-12-20,96.04493713378906
2011-12-21,96.23091125488281
2011-12-22,97.0833969116211
2011-12-23,97.95140838623047
2011-12-27,98.02890014648438
2011-12-28,96.74242401123047
2011-12-29,97.7421646118164
2011-12-30,97.26165771484375
2012-01-03,98.81165313720703
2012-01-04,98.96664428710938
2012-01-05,99.23013305664062
2012-01-06,98.97437286376953
2012-01-09,99.21463012695312
2012-01-10,100.07489776611328
2012-01-11,100.12908935546875
2012-01-12,100.369384765625
2012-01-13,99.85013580322266
2012-01-17,100.23764038085938
2012-01-18,101.34587097167969
2012-01-19,101.880615234375
2012-01-20,102.26034545898438
2012-01-23,101.99687957763672
2012-01-24,101.880615234375
2012-01-25,102.73310089111328
2012-01-26,102.20610809326172
2012-01-27,102.15962982177734
2012-01-30,101.81087493896484
2012-01-31,101.77208709716797
2012-02-01,102.66336822509766
2012-02-02,102.82610321044922
2012-02-03,104.26759338378906
2012-02-06,104.19786071777344
2012-02-07,104.4613037109375
2012-02-08,104.77132415771484
2012-02-09,104.90309143066406
2012-02-10,104.12809753417969
2012-02-13,104.90309143066406
2012-02-14,104.77132415771484
2012-02-15,104.28309631347656
2012-02-16,105.43782806396484
2012-02-17,105.71685028076172
2012-02-21,105.7633285522461
2012-02-22,105.42232513427734
2012-02-23,105.88732147216797
2012-02-24,106.11975860595703
2012-02-27,106.2980728149414
2012-02-28,106.60807800292969
2012-02-29,106.18955993652344
2012-03-01,106.73981475830078
2012-03-02,106.41429901123047
2012-03-05,105.98031616210938
2012-03-06,104.43034362792969
2012-03-07,105.15884399414062
2012-03-08,106.20506286621094
2012-03-09,106.6158447265625
2012-03-12,106.62356567382812
2012-03-13,108.54557800292969
2012-03-14,108.4292984008789
2012-03-15,109.05702209472656
2012-03-16,109.20807647705078
2012-03-19,109.63618469238281
2012-03-20,109.3170166015625
2012-03-21,109.13802337646484
2012-03-22,108.351806640625
2012-03-23,108.7021255493164
2012-03-26,110.22775268554688
2012-03-27,109.88526153564453
2012-03-28,109.34037780761719
2012-03-29,109.15360260009766
2012-03-30,109.60504150390625
2012-04-02,110.40678405761719
2012-04-03,109.95530700683594
2012-04-04,108.86553955078125
2012-04-05,108.81110382080078
2012-04-09,107.58899688720703
2012-04-10,105.78316497802734
2012-04-11,106.6393814086914
2012-04-12,108.03271484375
2012-04-13,106.74835205078125
2012-04-16,106.67830657958984
2012-04-17,108.25838470458984
2012-04-18,107.892578125
2012-04-19,107.19979095458984
2012-04-20,107.37882995605469
2012-04-23,106.47588348388672
2012-04-24,106.88067626953125
2012-04-25,108.34405517578125
2012-04-26,109.0990982055664
2012-04-27,109.27812194824219
2012-04-30,108.8733901977539
2012-05-01,109.55054473876953
2012-05-02,109.22364044189453
2012-05-03,108.39073181152344
2012-05-04,106.6393814086914
2012-05-07,106.71720886230469
2012-05-08,106.28913879394531
2012-05-09,105.65861511230469
2012-05-10,105.87655639648438
2012-05-11,105.5573959350586
2012-05-14,104.38983917236328
2012-05-15,103.79044342041016
2012-05-16,103.39350891113281
2012-05-17,101.86006927490234
2012-05-18,100.98828125
2012-05-21,102.72406005859375
2012-05-22,102.90310668945312
2012-05-23,102.95759582519531
2012-05-24,103.15997314453125
2012-05-25,102.82524871826172
2012-05-29,104.07069396972656
2012-05-30,102.56063079833984
2012-05-31,102.3348617553711
2012-06-01,99.75840759277344
2012-06-04,99.71170043945312
2012-06-05,100.46676635742188
2012-06-06,102.72406005859375
2012-06-07,102.78633117675781
2012-06-08,103.6036376953125
2012-06-11,102.2881851196289
2012-06-12,103.46356201171875
2012-06-13,102.80192565917969
2012-06-14,103.89164733886719
2012-06-15,104.95419311523438
2012-06-18,105.1576156616211
2012-06-19,106.1747817993164
2012-06-20,106.00263214111328
2012-06-21,103.62406158447266
2012-06-22,104.42214965820312
2012-06-25,102.74776458740234
2012-06-26,103.26416015625
2012-06-27,104.19522857666016
2012-06-28,103.89791870117188
2012-06-29,106.48773193359375
2012-07-02,106.80850982666016
2012-07-03,107.51273345947266
2012-07-05,107.027587890625
2012-07-06,106.01045989990234
2012-07-09,105.87747192382812
2012-07-10,104.95419311523438
2012-07-11,104.96983337402344
2012-07-12,104.46126556396484
2012-07-13,106.21385955810547
2012-07-16,105.96353149414062
2012-07-17,106.69119262695312
2012-07-18,107.48140716552734
2012-07-19,107.7630844116211
2012-07-20,106.77722930908203
2012-07-23,105.69746398925781
2012-07-24,104.78985595703125
2012-07-25,104.81334686279297
2012-07-26,106.54248046875
2012-07-27,108.50639343261719
2012-07-30,108.50639343261719
2012-07-31,107.74742889404297
2012-08-01,107.65354919433594
2012-08-02,106.9102554321289
2012-08-03,109.03062438964844
2012-08-06,109.24185943603516
2012-08-07,109.78958129882812
2012-08-08,109.9225845336914
2012-08-09,110.01644134521484
2012-08-10,110.19640350341797
2012-08-13,110.14160919189453
2012-08-14,110.15728759765625
2012-08-15,110.28248596191406
2012-08-16,111.09625244140625
2012-08-17,111.2448501586914
2012-08-20,111.25269317626953
2012-08-21,110.91625213623047
2012-08-22,110.96316528320312
2012-08-23,110.05557250976562
2012-08-24,110.72061157226562
2012-08-27,110.74408721923828
2012-08-28,110.63458251953125
2012-08-29,110.72061157226562
2012-08-30,109.9225845336914
2012-08-31,110.44679260253906
2012-09-04,110.34510803222656
2012-09-05,110.25120544433594
2012-09-06,112.48893737792969
2012-09-07,112.92705535888672
2012-09-10,112.28548431396484
2012-09-11,112.59844970703125
2012-09-12,112.9739990234375
2012-09-13,114.69534301757812
2012-09-14,115.2039566040039
2012-09-17,114.81272888183594
2012-09-18,114.71881866455078
2012-09-19,114.78144073486328
2012-09-20,114.78926086425781
2012-09-21,114.74127960205078
2012-09-24,114.56819152832031
2012-09-25,113.34900665283203
2012-09-26,112.71182250976562
2012-09-27,113.77376556396484
2012-09-28,113.24673461914062
2012-10-01,113.54560089111328
2012-10-02,113.66361236572266
2012-10-03,114.1277084350586
2012-10-04,114.9457778930664
2012-10-05,114.95368194580078
2012-10-08,114.5603256225586
2012-10-09,113.42765808105469
2012-10-10,112.70396423339844
2012-10-11,112.76689910888672
2012-10-12,112.39720916748047
2012-10-15,113.33325958251953
2012-10-16,114.48168182373047
2012-10-17,115.00082397460938
2012-10-18,114.70193481445312
2012-10-19,112.79051971435547
2012-10-22,112.80619812011719
2012-10-23,111.24089050292969
2012-10-24,110.92628479003906
2012-10-25,111.24874877929688
2012-10-26,111.18585968017578
2012-10-31,111.18585968017578
2012-11-01,112.3499755859375
2012-11-02,111.35101318359375
2012-11-05,111.57913208007812
2012-11-06,112.4522705078125
2012-11-07,109.9037094116211
2012-11-08,108.58220672607422
2012-11-09,108.67656707763672
2012-11-12,108.76310729980469
2012-11-13,108.38555145263672
2012-11-14,106.92245483398438
2012-11-15,106.74158477783203
2012-11-16,107.26856231689453
2012-11-19,109.43961334228516
2012-11-20,109.48676300048828
2012-11-21,109.69132995605469
2012-11-23,111.18585968017578
2012-11-26,110.94988250732422
2012-11-27,110.38350677490234
2012-11-28,111.27239227294922
2012-11-29,111.7915267944336
2012-11-30,111.81511688232422
2012-12-03,111.26448822021484
2012-12-04,111.1071548461914
2012-12-05,111.30384826660156
2012-12-06,111.68138122558594
2012-12-07,112.01960754394531
2012-12-10,112.06681060791016
2012-12-11,112.82978820800781
2012-12-12,112.88489532470703
2012-12-13,112.19269561767578
2012-12-14,111.77578735351562
2012-12-17,113.08938598632812
2012-12-18,114.3479232788086
2012-12-19,113.49844360351562
2012-12-20,114.15132141113281
2012-12-21,113.11512756347656
2012-12-24,112.76658630371094
2012-12-26,112.29125213623047
2012-12-27,112.14076232910156
2012-12-28,110.9287338256836
2012-12-31,112.81410217285156
2013-01-02,115.70559692382812
2013-01-03,115.44414520263672
2013-01-04,115.95112609863281
2013-01-07,115.63424682617188
2013-01-08,115.30158996582031
2013-01-09,115.5946273803711
2013-01-10,116.51362609863281
2013-01-11,116.50566101074219
2013-01-14,116.42642974853516
2013-01-15,116.50566101074219
2013-01-16,116.48983001708984
2013-01-17,117.24234008789062
2013-01-18,117.5038070678711
2013-01-22,118.13758087158203
2013-01-23,118.32768249511719
2013-01-24,118.359375
2013-01-25,119.02477264404297
2013-01-28,118.8821792602539
2013-01-29,119.34963989257812
2013-01-30,118.8821792602539
2013-01-31,118.58908081054688
2013-02-01,119.80903625488281
2013-02-04,118.46233367919922
2013-02-05,119.65853118896484
2013-02-06,119.7457275390625
2013-02-07,119.58720397949219
2013-02-08,120.252685546875
2013-02-11,120.22894287109375
2013-02-12,120.42693328857422
2013-02-13,120.52996826171875
2013-02-14,120.64089965820312
2013-02-15,120.49823760986328
2013-02-19,121.40135955810547
2013-02-20,119.88826751708984
2013-02-21,119.15943145751953
2013-02-22,120.32395935058594
2013-02-25,118.03456115722656
2013-02-26,118.84260559082031
2013-02-27,120.33982849121094
2013-02-28,120.1021728515625
2013-03-01,120.49823760986328
2013-03-04,121.13993072509766
2013-03-05,122.22518920898438
2013-03-06,122.39155578613281
2013-03-07,122.61338806152344
2013-03-08,123.13619995117188
2013-03-11,123.60359954833984
2013-03-12,123.32630157470703
2013-03-13,123.50062561035156
2013-03-14,124.15813446044922
2013-03-15,123.99419403076172
2013-03-18,123.30992126464844
2013-03-19,123.02340698242188
2013-03-20,123.88280487060547
2013-03-21,122.82451629638672
2013-03-22,123.81118774414062
2013-03-25,123.29402923583984
2013-03-26,124.2806625366211
2013-03-27,124.2806625366211
2013-03-28,124.66259765625
2013-04-01,124.16928100585938
2013-04-02,124.78190612792969
2013-04-03,123.51678466796875
2013-04-04,124.01810455322266
2013-04-05,123.46111297607422
2013-04-08,124.29655456542969
2013-04-09,124.72624206542969
2013-04-10,126.25405883789062
2013-04-11,126.66777801513672
2013-04-12,126.35738372802734
2013-04-15,123.42919158935547
2013-04-16,125.25141143798828
2013-04-17,123.42130279541016
2013-04-18,122.64948272705078
2013-04-19,123.7156982421875
2013-04-22,124.26472473144531
2013-04-23,125.54585266113281
2013-04-24,125.62538146972656
2013-04-25,126.13462829589844
2013-04-26,125.9118423461914
2013-04-29,126.75527954101562
2013-04-30,127.0576171875
2013-05-01,125.94367980957031
2013-05-02,127.11333465576172
2013-05-03,128.4024200439453
2013-05-06,128.72860717773438
2013-05-07,129.381103515625
2013-05-08,129.96990966796875
2013-05-09,129.60386657714844
2013-05-10,130.02557373046875
2013-05-13,130.1290283203125
2013-05-14,131.47378540039062
2013-05-15,132.1819610595703
2013-05-16,131.56130981445312
2013-05-17,132.83445739746094
2013-05-20,132.82647705078125
2013-05-21,133.0174560546875
2013-05-22,132.03077697753906
2013-05-23,131.64883422851562
2013-05-24,131.5374298095703
2013-05-28,132.32522583007812
2013-05-29,131.4658660888672
2013-05-30,131.95123291015625
2013-05-31,130.05743408203125
2013-06-03,130.7736053466797
2013-06-04,130.14498901367188
2013-06-05,128.3227996826172
2013-06-06,129.48455810546875
2013-06-07,131.13162231445312
2013-06-10,131.13162231445312
2013-06-11,129.77896118164062
2013-06-12,128.70477294921875
2013-06-13,130.6622314453125
2013-06-14,129.8425750732422
2013-06-17,130.8451690673828
2013-06-18,131.8795928955078
2013-06-19,130.05743408203125
2013-06-20,126.83479309082031
2013-06-21,127.24203491210938
2013-06-24,125.6341552734375
2013-06-25,126.84203338623047
2013-06-26,128.097900390625
2013-06-27,128.84982299804688
2013-06-28,128.32186889648438
2013-07-01,129.0738067626953
2013-07-02,128.953857421875
2013-07-03,129.0098114013672
2013-07-05,130.40162658691406
2013-07-08,131.14561462402344
2013-07-09,132.08949279785156
2013-07-10,132.13748168945312
2013-07-11,133.93722534179688
2013-07-12,133.99325561523438
2013-07-15,134.5052032470703
2013-07-16,134.0012664794922
2013-07-17,134.34519958496094
2013-07-18,135.08119201660156
2013-07-19,135.32113647460938
2013-07-22,135.5851593017578
2013-07-23,135.29708862304688
2013-07-24,134.8011932373047
2013-07-25,135.12913513183594
2013-07-26,135.27310180664062
2013-07-29,134.85723876953125
2013-07-30,134.85723876953125
2013-07-31,134.9531707763672
2013-08-01,136.5129852294922
2013-08-02,136.7449188232422
2013-08-05,136.54495239257812
2013-08-06,135.76901245117188
2013-08-07,135.32913208007812
2013-08-08,135.8251190185547
2013-08-09,135.43310546875
2013-08-12,135.27310180664062
2013-08-13,135.6730499267578
2013-08-14,134.97720336914062
2013-08-15,133.08941650390625
2013-08-16,132.64942932128906
2013-08-19,131.80149841308594
2013-08-20,132.449462890625
2013-08-21,131.63352966308594
2013-08-22,132.8333740234375
2013-08-23,133.28135681152344
2013-08-26,132.78538513183594
2013-08-27,130.64967346191406
2013-08-28,131.1135711669922
2013-08-29,131.32156372070312
2013-08-30,130.90562438964844
2013-09-03,131.49749755859375
2013-09-04,132.58546447753906
2013-09-05,132.75347900390625
2013-09-06,132.8174285888672
2013-09-09,134.08926391601562
2013-09-10,135.08119201660156
2013-09-11,135.50514221191406
2013-09-12,135.1451873779297
2013-09-13,135.44906616210938
2013-09-16,136.23300170898438
2013-09-17,136.8409423828125
2013-09-18,138.42478942871094
2013-09-19,138.1927947998047
2013-09-20,137.2266082763672
2013-09-23,136.5916290283203
2013-09-24,136.27011108398438
2013-09-25,135.876220703125
2013-09-26,136.39869689941406
2013-09-27,135.771728515625
2013-09-30,135.04827880859375
2013-10-01,136.11740112304688
2013-10-02,135.98876953125
2013-10-03,134.73484802246094
2013-10-04,135.7556915283203
2013-10-07,134.5820770263672
2013-10-08,133.01466369628906
2013-10-09,133.1111297607422
2013-10-10,135.98069763183594
2013-10-11,136.8568572998047
2013-10-14,137.40350341796875
2013-10-15,136.40673828125
2013-10-16,138.3118133544922
2013-10-17,139.2361602783203
2013-10-18,140.17660522460938
2013-10-21,140.1846160888672
2013-10-22,140.99655151367188
2013-10-23,140.32131958007812
2013-10-24,140.78749084472656
2013-10-25,141.43051147460938
2013-10-28,141.65565490722656
2013-10-29,142.4111785888672
2013-10-30,141.7038116455078
2013-10-31,141.3019256591797
2013-11-01,141.63955688476562
2013-11-04,142.13795471191406
2013-11-05,141.6878204345703
2013-11-06,142.4111785888672
2013-11-07,140.61065673828125
2013-11-08,142.50765991210938
2013-11-11,142.5317840576172
2013-11-12,142.24240112304688
2013-11-13,143.38385009765625
2013-11-14,144.09922790527344
2013-11-15,144.72616577148438
2013-11-18,144.21981811523438
2013-11-19,143.9062957763672
2013-11-20,143.4561767578125
2013-11-21,144.6136932373047
2013-11-22,145.33706665039062
2013-11-25,145.19239807128906
2013-11-26,145.23260498046875
2013-11-27,145.5862579345703
2013-11-29,145.4897918701172
2013-12-02,145.1119842529297
2013-12-03,144.4850311279297
2013-12-04,144.46900939941406
2013-12-05,143.83392333984375
2013-12-06,145.44158935546875
2013-12-09,145.8113555908203
2013-12-10,145.2888946533203
2013-12-11,143.65708923339844
2013-12-12,143.18289184570312
2013-12-13,143.1667938232422
2013-12-16,144.0590057373047
2013-12-17,143.60086059570312
2013-12-18,146.05247497558594
2013-12-19,145.88368225097656
2013-12-20,146.73228454589844
2013-12-23,147.5162353515625
2013-12-24,147.83950805664062
2013-12-26,148.59103393554688
2013-12-27,148.58294677734375
2013-12-30,148.55868530273438
2013-12-31,149.26185607910156
2014-01-02,147.83132934570312
2014-01-03,147.80714416503906
2014-01-06,147.3788299560547
2014-01-07,148.2839813232422
2014-01-08,148.31626892089844
2014-01-09,148.41323852539062
2014-01-10,148.81741333007812
2014-01-13,146.83734130859375
2014-01-14,148.43748474121094
2014-01-15,149.23760986328125
2014-01-16,149.0435791015625
2014-01-17,148.41323852539062
2014-01-21,148.84970092773438
2014-01-22,148.94662475585938
2014-01-23,147.72630310058594
2014-01-24,144.57444763183594
2014-01-27,143.86322021484375
2014-01-28,144.7198944091797
2014-01-29,143.329833984375
2014-01-30,144.84925842285156
2014-01-31,144.0006103515625
2014-02-03,140.7598419189453
2014-02-04,141.74586486816406
2014-02-05,141.56802368164062
2014-02-06,143.43496704101562
2014-02-07,145.21287536621094
2014-02-10,145.47955322265625
2014-02-11,147.07167053222656
2014-02-12,147.14443969726562
2014-02-13,147.9041290283203
2014-02-14,148.72039794921875
2014-02-18,148.898193359375
2014-02-19,147.91221618652344
2014-02-20,148.7849884033203
2014-02-21,148.61529541015625
2014-02-24,149.43966674804688
2014-02-25,149.3831024169922
2014-02-26,149.39114379882812
2014-02-27,150.17510986328125
2014-02-28,150.554931640625
2014-03-03,149.49623107910156
2014-03-04,151.597412109375
2014-03-05,151.73487854003906
2014-03-06,152.08242797851562
2014-03-07,152.14695739746094
2014-03-10,152.0662078857422
2014-03-11,151.3146209716797
2014-03-12,151.35504150390625
2014-03-13,149.6578826904297
2014-03-14,149.23760986328125
2014-03-17,150.58731079101562
2014-03-18,151.66212463378906
2014-03-19,150.8539276123047
2014-03-20,151.73487854003906
2014-03-21,151.14634704589844
2014-03-24,150.52127075195312
2014-03-25,151.23562622070312
2014-03-26,150.14791870117188
2014-03-27,149.8313446044922
2014-03-28,150.57000732421875
2014-03-31,151.8038787841797
2014-04-01,152.81039428710938
2014-04-02,153.32183837890625
2014-04-03,153.11886596679688
2014-04-04,151.30868530273438
2014-04-07,149.63648986816406
2014-04-08,150.25343322753906
2014-04-09,151.8688201904297
2014-04-10,148.6786346435547
2014-04-11,147.33926391601562
2014-04-14,148.5000457763672
2014-04-15,149.5228729248047
2014-04-16,151.0894775390625
2014-04-17,151.3006134033203
2014-04-21,151.8282012939453
2014-04-22,152.5182342529297
2014-04-23,152.16102600097656
2014-04-24,152.469482421875
2014-04-25,151.2194061279297
2014-04-28,151.69837951660156
2014-04-29,152.40455627441406
2014-04-30,152.85911560058594
2014-05-01,152.87539672851562
2014-05-02,152.65615844726562
2014-05-05,152.94839477539062
2014-05-06,151.6171112060547
2014-05-07,152.5100860595703
2014-05-08,152.34771728515625
2014-05-09,152.57501220703125
2014-05-12,154.06048583984375
2014-05-13,154.198486328125
2014-05-14,153.46791076660156
2014-05-15,152.1204376220703
2014-05-16,152.6480712890625
2014-05-19,153.20822143554688
2014-05-20,152.2422332763672
2014-05-21,153.5247802734375
2014-05-22,153.8981475830078
2014-05-23,154.5150909423828
2014-05-27,155.46481323242188
2014-05-28,155.3511962890625
2014-05-29,156.15476989746094
2014-05-30,156.40643310546875
2014-06-02,156.5850067138672
2014-06-03,156.5038604736328
2014-06-04,156.82040405273438
2014-06-05,157.8431854248047
2014-06-06,158.59817504882812
2014-06-09,158.76046752929688
2014-06-10,158.7766876220703
2014-06-11,158.22474670410156
2014-06-12,157.10452270507812
2014-06-13,157.58349609375
2014-06-16,157.71337890625
2014-06-17,158.15171813964844
2014-06-18,159.3124542236328
2014-06-19,159.49105834960938
2014-06-20,159.81480407714844
2014-06-23,159.7659149169922
2014-06-24,158.80348205566406
2014-06-25,159.52120971679688
2014-06-26,159.4070587158203
2014-06-27,159.71697998046875
2014-06-30,159.6353759765625
2014-07-01,160.70388793945312
2014-07-02,160.86700439453125
2014-07-03,161.65814208984375
2014-07-07,161.09542846679688
2014-07-08,160.05955505371094
2014-07-09,160.77731323242188
2014-07-10,160.14109802246094
2014-07-11,160.36131286621094
2014-07-14,161.16879272460938
2014-07-15,160.86700439453125
2014-07-16,161.46240234375
2014-07-17,159.62725830078125
2014-07-18,161.25851440429688
2014-07-21,160.9567108154297
2014-07-22,161.65814208984375
2014-07-23,162.01705932617188
2014-07-24,162.0251922607422
2014-07-25,161.2666778564453
2014-07-28,161.3319091796875
2014-07-29,160.63864135742188
2014-07-30,160.66310119628906
2014-07-31,157.49026489257812
2014-08-01,157.00912475585938
2014-08-04,158.1427764892578
2014-08-05,156.60940551757812
2014-08-06,156.65830993652344
2014-08-07,155.81005859375
2014-08-08,157.61265563964844
2014-08-11,158.06939697265625
2014-08-12,157.84918212890625
2014-08-13,158.91761779785156
2014-08-14,159.6680145263672
2014-08-15,159.6353759765625
2014-08-18,160.9730987548828
2014-08-19,161.81317138671875
2014-08-20,162.2454071044922
2014-08-21,162.71852111816406
2014-08-22,162.4656219482422
2014-08-25,163.2894744873047
2014-08-26,163.39547729492188
2014-08-27,163.33023071289062
2014-08-28,163.24049377441406
2014-08-29,163.70538330078125
2014-09-02,163.62384033203125
2014-09-03,163.53416442871094
2014-09-04,163.297607421875
2014-09-05,164.0316619873047
2014-09-08,163.60752868652344
2014-09-09,162.5717315673828
2014-09-10,163.18344116210938
2014-09-11,163.3710479736328
2014-09-12,162.41671752929688
2014-09-15,162.2943572998047
2014-09-16,163.51780700683594
2014-09-17,163.73802185058594
2014-09-18,164.61073303222656
2014-09-19,164.46243286132812
2014-09-22,163.1923065185547
2014-09-23,162.2581787109375
2014-09-24,163.52828979492188
2014-09-25,160.88966369628906
2014-09-26,162.16795349121094
2014-09-29,161.873046875
2014-09-30,161.44692993164062
2014-10-01,159.2589874267578
2014-10-02,159.2835693359375
2014-10-03,161.0371551513672
2014-10-06,160.84864807128906
2014-10-07,158.3657989501953
2014-10-08,161.13551330566406
2014-10-09,157.939697265625
2014-10-10,156.1368865966797
2014-10-13,153.5720977783203
2014-10-14,153.80970764160156
2014-10-15,152.76901245117188
2014-10-16,152.63787841796875
2014-10-17,154.4406280517578
2014-10-20,155.94024658203125
2014-10-21,159.02960205078125
2014-10-22,157.898681640625
2014-10-23,159.7342529296875
2014-10-24,160.96334838867188
2014-10-27,160.74215698242188
2014-10-28,162.5858917236328
2014-10-29,162.34011840820312
2014-10-30,163.3807830810547
2014-10-31,165.24913024902344
2014-11-03,165.33926391601562
2014-11-04,164.76565551757812
2014-11-05,165.80633544921875
2014-11-06,166.47007751464844
2014-11-07,166.6257781982422
2014-11-10,167.15023803710938
2014-11-11,167.3140869140625
2014-11-12,167.1338348388672
2014-11-13,167.3223114013672
2014-11-14,167.36328125
2014-11-17,167.4698486328125
2014-11-18,168.436767578125
2014-11-19,168.1663818359375
2014-11-20,168.4612579345703
2014-11-21,169.36268615722656
2014-11-24,169.83799743652344
2014-11-25,169.715087890625
2014-11-26,170.1493682861328
2014-11-28,169.78883361816406
2014-12-01,168.6088104248047
2014-12-02,169.69871520996094
2014-12-03,170.354248046875
2014-12-04,170.16578674316406
2014-12-05,170.44439697265625
2014-12-08,169.30535888671875
2014-12-09,169.19065856933594
2014-12-10,166.478271484375
2014-12-11,167.3223114013672
2014-12-12,164.6181640625
2014-12-15,163.4873046875
2014-12-16,162.17626953125
2014-12-17,165.3556365966797
2014-12-18,169.44467163085938
2014-12-19,170.1656036376953
2014-12-22,170.9484100341797
2014-12-23,171.17910766601562
2014-12-24,171.19558715820312
2014-12-26,171.74765014648438
2014-12-29,171.97837829589844
2014-12-30,171.05551147460938
2014-12-31,169.35816955566406
2015-01-02,169.26754760742188
2015-01-05,166.21066284179688
2015-01-06,164.6450653076172
2015-01-07,166.6967315673828
2015-01-08,169.65480041503906
2015-01-09,168.29525756835938
2015-01-12,166.9769287109375
2015-01-13,166.50726318359375
2015-01-14,165.501953125
2015-01-15,163.98587036132812
2015-01-16,166.1363983154297
2015-01-20,166.49073791503906
2015-01-21,167.33114624023438
2015-01-22,169.81961059570312
2015-01-23,168.88851928710938
2015-01-26,169.28396606445312
2015-01-27,167.05105590820312
2015-01-28,164.9087371826172
2015-01-29,166.43307495117188
2015-01-30,164.3402557373047
2015-02-02,166.3753662109375
2015-02-03,168.78140258789062
2015-02-04,168.13870239257812
2015-02-05,169.8360595703125
2015-02-06,169.3664093017578
2015-02-09,168.60833740234375
2015-02-10,170.4046173095703
2015-02-11,170.5034942626953
2015-02-12,172.14312744140625
2015-02-13,172.85174560546875
2015-02-17,173.12371826171875
2015-02-18,173.14010620117188
2015-02-19,173.0166015625
2015-02-20,174.0548095703125
2015-02-23,174.03001403808594
2015-02-24,174.52447509765625
2015-02-25,174.37611389160156
2015-02-26,174.17013549804688
2015-02-27,173.57687377929688
2015-03-02,174.67271423339844
2015-03-03,173.95590209960938
2015-03-04,173.22251892089844
2015-03-05,173.4120635986328
2015-03-06,170.97312927246094
2015-03-09,171.6817626953125
2015-03-10,168.89669799804688
2015-03-11,168.50128173828125
2015-03-12,170.6435089111328
2015-03-13,169.59710693359375
2015-03-16,171.863037109375
2015-03-17,171.35214233398438
2015-03-18,173.4120635986328
2015-03-19,172.6210479736328
2015-03-20,174.14476013183594
2015-03-23,173.80540466308594
2015-03-24,172.82882690429688
2015-03-25,170.2962188720703
2015-03-26,169.8906707763672
2015-03-27,170.27967834472656
2015-03-30,172.35704040527344
2015-03-31,170.85076904296875
2015-04-01,170.24652099609375
2015-04-02,170.85902404785156
2015-04-06,172.00950622558594
2015-04-07,171.5542449951172
2015-04-08,172.13357543945312
2015-04-09,172.89498901367188
2015-04-10,173.8385009765625
2015-04-13,173.05221557617188
2015-04-14,173.38336181640625
2015-04-15,174.16134643554688
2015-04-16,174.1116180419922
2015-04-17,172.10877990722656
2015-04-20,173.68125915527344
2015-04-21,173.47439575195312
2015-04-22,174.326904296875
2015-04-23,174.7655029296875
2015-04-24,175.17108154296875
2015-04-27,174.4427490234375
2015-04-28,174.99728393554688
2015-04-29,174.2771759033203
2015-04-30,172.5308837890625
2015-05-01,174.4012908935547
2015-05-04,174.89797973632812
2015-05-05,172.89498901367188
2015-05-06,172.1832275390625
2015-05-07,172.8701934814453
2015-05-08,175.14620971679688
2015-05-11,174.31031799316406
2015-05-12,173.78890991210938
2015-05-13,173.82203674316406
2015-05-14,175.63449096679688
2015-05-15,175.8248748779297
2015-05-18,176.37115478515625
2015-05-19,176.31320190429688
2015-05-20,176.1891326904297
2015-05-21,176.70216369628906
2015-05-22,176.28009033203125
2015-05-26,174.384765625
2015-05-27,176.0401153564453
2015-05-28,175.8414764404297
2015-05-29,174.74891662597656
2015-06-01,175.1048583984375
2015-06-02,174.93096923828125
2015-06-03,175.39450073242188
2015-06-04,173.91299438476562
2015-06-05,173.61509704589844
2015-06-08,172.5474090576172
2015-06-09,172.5225830078125
2015-06-10,174.5917205810547
2015-06-11,175.15451049804688
2015-06-12,173.81370544433594
2015-06-15,173.06886291503906
2015-06-16,174.01229858398438
2015-06-17,174.29376220703125
2015-06-18,176.1062469482422
2015-06-19,175.32447814941406
2015-06-22,176.22276306152344
2015-06-23,176.34744262695312
2015-06-24,175.0666961669922
2015-06-25,174.53440856933594
2015-06-26,174.5011444091797
2015-06-29,170.84178161621094
2015-06-30,171.19935607910156
2015-07-01,172.57168579101562
2015-07-02,172.41366577148438
2015-07-06,171.92306518554688
2015-07-07,173.00418090820312
2015-07-08,170.10165405273438
2015-07-09,170.4093475341797
2015-07-10,172.55503845214844
2015-07-13,174.4595947265625
2015-07-14,175.2163848876953
2015-07-15,175.15821838378906
2015-07-16,176.56373596191406
2015-07-17,176.7134552001953
2015-07-20,176.80484008789062
2015-07-21,176.10630798339844
2015-07-22,175.79026794433594
2015-07-23,174.80056762695312
2015-07-24,172.987548828125
2015-07-27,171.981201171875
2015-07-28,174.09364318847656
2015-07-29,175.291259765625
2015-07-30,175.33287048339844
2015-07-31,175.0666961669922
2015-08-03,174.4762420654297
2015-08-04,174.13525390625
2015-08-05,174.7090606689453
2015-08-06,173.27862548828125
2015-08-07,172.94593811035156
2015-08-10,175.12489318847656
2015-08-11,173.5447235107422
2015-08-12,173.7526397705078
2015-08-13,173.5364532470703
2015-08-14,174.16847229003906
2015-08-17,175.1415557861328
2015-08-18,174.6342315673828
2015-08-19,173.253662109375
2015-08-20,169.63584899902344
2015-08-21,164.52943420410156
2015-08-24,157.60159301757812
2015-08-25,155.74697875976562
2015-08-26,161.72666931152344
2015-08-27,165.72708129882812
2015-08-28,165.73533630371094
2015-08-31,164.39637756347656
2015-09-01,159.489501953125
2015-09-02,162.51683044433594
2015-09-03,162.63320922851562
2015-09-04,160.1714324951172
2015-09-08,164.19676208496094
2015-09-09,162.0010986328125
2015-09-10,162.88275146484375
2015-09-11,163.62290954589844
2015-09-14,163.01573181152344
2015-09-15,165.05340576171875
2015-09-16,166.4838104248047
2015-09-17,166.10958862304688
2015-09-18,163.39515686035156
2015-09-21,164.23944091796875
2015-09-22,162.10769653320312
2015-09-23,161.8485565185547
2015-09-24,161.26336669921875
2015-09-25,161.22149658203125
2015-09-28,157.17532348632812
2015-09-29,157.26730346679688
2015-09-30,160.20162963867188
2015-10-01,160.61962890625
2015-10-02,163.0188751220703
2015-10-05,165.9197998046875
2015-10-06,165.35128784179688
2015-10-07,166.7056427001953
2015-10-08,168.2104949951172
2015-10-09,168.31072998046875
2015-10-12,168.46963500976562
2015-10-13,167.4078826904297
2015-10-14,166.60531616210938
2015-10-15,169.16354370117188
2015-10-16,169.93264770507812
2015-10-19,170.0162353515625
2015-10-20,169.79885864257812
2015-10-21,168.74554443359375
2015-10-22,171.59619140625
2015-10-23,173.4772186279297
2015-10-26,173.0508575439453
2015-10-27,172.71649169921875
2015-10-28,174.68101501464844
2015-10-29,174.58070373535156
2015-10-30,173.82835388183594
2015-11-02,175.88485717773438
2015-11-03,176.39483642578125
2015-11-04,175.85984802246094
2015-11-05,175.6842498779297
2015-11-06,175.5922393798828
2015-11-09,173.9536895751953
2015-11-10,174.3550262451172
2015-11-11,173.6695098876953
2015-11-12,171.24513244628906
2015-11-13,169.3223114013672
2015-11-16,171.89718627929688
2015-11-17,171.77175903320312
2015-11-18,174.4971160888672
2015-11-19,174.3466339111328
2015-11-20,174.98199462890625
2015-11-23,174.78140258789062
2015-11-24,175.01544189453125
2015-11-25,174.99037170410156
2015-11-27,175.1910400390625
2015-11-30,174.4637451171875
2015-12-01,176.12730407714844
2015-12-02,174.3298797607422
2015-12-03,171.88880920410156
2015-12-04,175.24124145507812
2015-12-07,174.17945861816406
2015-12-08,173.00904846191406
2015-12-09,171.66310119628906
2015-12-10,172.10617065429688
2015-12-11,168.77059936523438
2015-12-14,169.62322998046875
2015-12-15,171.40396118164062
2015-12-16,173.91192626953125
2015-12-17,171.26185607910156
2015-12-18,168.2107696533203
2015-12-21,169.59837341308594
2015-12-22,171.1374053955078
2015-12-23,173.25660705566406
2015-12-24,172.9706573486328
2015-12-28,172.5753936767578
2015-12-29,174.41714477539062
2015-12-30,173.180908203125
2015-12-31,171.44854736328125
2016-01-04,169.05174255371094
2016-01-05,169.33767700195312
2016-01-06,167.20167541503906
2016-01-07,163.19020080566406
2016-01-08,161.3989715576172
2016-01-11,161.55873107910156
2016-01-12,162.86221313476562
2016-01-13,158.80032348632812
2016-01-14,161.4073486328125
2016-01-15,157.94253540039062
2016-01-19,158.1527862548828
2016-01-20,156.12603759765625
2016-01-21,157.00070190429688
2016-01-22,160.22154235839844
2016-01-25,157.79962158203125
2016-01-26,159.95248413085938
2016-01-27,158.21168518066406
2016-01-28,159.03585815429688
2016-01-29,162.91262817382812
2016-02-01,162.8538360595703
2016-02-02,159.91888427734375
2016-02-03,160.87753295898438
2016-02-04,161.12986755371094
2016-02-05,158.060302734375
2016-02-08,155.9326171875
2016-02-09,155.94105529785156
2016-02-10,155.80645751953125
2016-02-11,153.7797088623047
2016-02-12,156.9501953125
2016-02-16,159.59925842285156
2016-02-17,162.20628356933594
2016-02-18,161.54183959960938
2016-02-19,161.46621704101562
2016-02-22,163.80410766601562
2016-02-23,161.73533630371094
2016-02-24,162.475341796875
2016-02-25,164.4432830810547
2016-02-26,164.06480407714844
2016-02-29,162.77813720703125
2016-03-01,166.60455322265625
2016-03-02,167.35301208496094
2016-03-03,168.0089874267578
2016-03-04,168.5555877685547
2016-03-07,168.69012451171875
2016-03-08,166.84841918945312
2016-03-09,167.67254638671875
2016-03-10,167.80715942382812
2016-03-11,170.51507568359375
2016-03-14,170.29640197753906
2016-03-15,170.0188751220703
2016-03-16,171.00277709960938
2016-03-17,172.0876922607422
2016-03-18,172.763916015625
2016-03-21,173.00901794433594
2016-03-22,172.91603088378906
2016-03-23,171.77490234375
2016-03-24,171.69879150390625
2016-03-28,171.8002471923828
2016-03-29,173.38937377929688
2016-03-30,174.15017700195312
2016-03-31,173.7275390625
2016-04-01,174.91098022460938
2016-04-04,174.3446807861328
2016-04-05,172.603271484375
2016-04-06,174.4883270263672
2016-04-07,172.40040588378906
2016-04-08,172.8653564453125
2016-04-11,172.45957946777344
2016-04-12,174.06565856933594
2016-04-13,175.82391357421875
2016-04-14,175.83238220214844
2016-04-15,175.63795471191406
2016-04-18,176.8721160888672
2016-04-19,177.4300537109375
2016-04-20,177.5990447998047
2016-04-21,176.64390563964844
2016-04-22,176.64390563964844
2016-04-25,176.33956909179688
2016-04-26,176.60154724121094
2016-04-27,176.96510314941406
2016-04-28,175.35899353027344
2016-04-29,174.4122772216797
2016-05-02,175.79856872558594
2016-05-03,174.2685546875
2016-05-04,173.29644775390625
2016-05-05,173.26263427734375
2016-05-06,173.89663696289062
2016-05-09,174.0403594970703
2016-05-10,176.204345703125
2016-05-11,174.55599975585938
2016-05-12,174.60665893554688
2016-05-13,173.0851593017578
2016-05-16,174.7926025390625
2016-05-17,173.16122436523438
2016-05-18,173.21192932128906
2016-05-19,172.61172485351562
2016-05-20,173.70220947265625
2016-05-23,173.4654998779297
2016-05-24,175.71401977539062
2016-05-25,176.90589904785156
2016-05-26,176.95660400390625
2016-05-27,177.71739196777344
2016-05-31,177.37925720214844
2016-06-01,177.74276733398438
2016-06-02,178.2837677001953
2016-06-03,177.75119018554688
2016-06-06,178.6556396484375
2016-06-07,178.93463134765625
2016-06-08,179.5179443359375
2016-06-09,179.2727813720703
2016-06-10,177.5736846923828
2016-06-13,176.204345703125
2016-06-14,175.8577423095703
2016-06-15,175.6125946044922
2016-06-16,176.1366729736328
2016-06-17,175.480712890625
2016-06-20,176.61080932617188
2016-06-21,177.1121368408203
2016-06-22,176.82322692871094
2016-06-23,179.12596130371094
2016-06-24,172.6936798095703
2016-06-27,169.6007843017578
2016-06-28,172.65972900390625
2016-06-29,175.59967041015625
2016-06-30,177.9958038330078
2016-07-01,178.36965942382812
2016-07-05,177.08660888671875
2016-07-06,178.14877319335938
2016-07-07,178.03834533691406
2016-07-08,180.68943786621094
2016-07-11,181.32662963867188
2016-07-12,182.64370727539062
2016-07-13,182.61825561523438
2016-07-14,183.6378631591797
2016-07-15,183.3914794921875
2016-07-18,183.88424682617188
2016-07-19,183.6973419189453
2016-07-20,184.4620819091797
2016-07-21,183.76531982421875
2016-07-22,184.5895538330078
2016-07-25,184.0882568359375
2016-07-26,184.17318725585938
2016-07-27,183.97775268554688
2016-07-28,184.190185546875
2016-07-29,184.48757934570312
2016-08-01,184.3346405029297
2016-08-02,183.15353393554688
2016-08-03,183.68882751464844
2016-08-04,183.88424682617188
2016-08-05,185.38827514648438
2016-08-08,185.27780151367188
2016-08-09,185.38827514648438
2016-08-10,184.92941284179688
2016-08-11,185.78762817382812
2016-08-12,185.62615966796875
2016-08-15,186.1614990234375
2016-08-16,185.20132446289062
2016-08-17,185.5496826171875
2016-08-18,185.9660186767578
2016-08-19,185.694091796875
2016-08-22,185.68568420410156
2016-08-23,186.05950927734375
2016-08-24,185.10787963867188
2016-08-25,184.98037719726562
2016-08-26,184.63201904296875
2016-08-29,185.54122924804688
2016-08-30,185.2353057861328
2016-08-31,184.70852661132812
2016-09-01,184.71694946289062
2016-09-02,185.5496826171875
2016-09-06,186.11044311523438
2016-09-07,186.09347534179688
2016-09-08,185.66864013671875
2016-09-09,181.22471618652344
2016-09-12,183.8247528076172
2016-09-13,181.18215942382812
2016-09-14,181.11428833007812
2016-09-15,182.92413330078125
2016-09-16,182.21697998046875
2016-09-19,182.25112915039062
2016-09-20,182.2597198486328
2016-09-21,184.3092803955078
2016-09-22,185.4707489013672
2016-09-23,184.4544677734375
2016-09-26,182.95997619628906
2016-09-27,184.09579467773438
2016-09-28,185.00953674316406
2016-09-29,183.33572387695312
2016-09-30,184.71922302246094
2016-10-03,184.27508544921875
2016-10-04,183.33572387695312
2016-10-05,184.14698791503906
2016-10-06,184.27508544921875
2016-10-07,183.64317321777344
2016-10-10,184.59967041015625
2016-10-11,182.26824951171875
2016-10-12,182.5073699951172
2016-10-13,181.90956115722656
2016-10-14,182.00350952148438
2016-10-17,181.3715362548828
2016-10-18,182.5073699951172
2016-10-19,182.99415588378906
2016-10-20,182.652587890625
2016-10-21,182.73793029785156
2016-10-24,183.51512145996094
2016-10-25,182.900146484375
2016-10-26,182.53302001953125
2016-10-27,182.0462188720703
2016-10-28,181.5081787109375
2016-10-31,181.51670837402344
2016-11-01,180.20156860351562
2016-11-02,179.1170196533203
2016-11-03,178.2971649169922
2016-11-04,178.1007537841797
2016-11-07,182.0291290283203
2016-11-08,182.84893798828125
2016-11-09,184.7875213623047
2016-11-10,185.24867248535156
2016-11-11,184.82168579101562
2016-11-14,184.96685791015625
2016-11-15,186.41015625
2016-11-16,186.05996704101562
2016-11-17,187.0164794921875
2016-11-18,186.5980224609375
2016-11-21,188.007080078125
2016-11-22,188.37429809570312
2016-11-23,188.47679138183594
2016-11-25,189.1770477294922
2016-11-28,188.28887939453125
2016-11-29,188.6561279296875
2016-11-30,188.20347595214844
2016-12-01,187.51177978515625
2016-12-02,187.6056671142578
2016-12-05,188.73297119140625
2016-12-06,189.33079528808594
2016-12-07,191.80735778808594
2016-12-08,192.27711486816406
2016-12-09,193.43846130371094
2016-12-12,193.21649169921875
2016-12-13,194.50599670410156
2016-12-14,192.90048217773438
2016-12-15,193.69476318359375
2016-12-16,193.31585693359375
2016-12-19,193.73678588867188
2016-12-20,194.48416137695312
2016-12-21,193.9429473876953
2016-12-22,193.60792541503906
2016-12-23,193.89144897460938
2016-12-27,194.3724365234375
2016-12-28,192.76611328125
2016-12-29,192.72314453125
2016-12-30,192.01873779296875
2017-01-03,193.48764038085938
2017-01-04,194.6387939453125
2017-01-05,194.48416137695312
2017-01-06,195.17996215820312
2017-01-09,194.53565979003906
2017-01-10,194.53565979003906
2017-01-11,195.08547973632812
2017-01-12,194.59584045410156
2017-01-13,195.0425262451172
2017-01-17,194.35533142089844
2017-01-18,194.78477478027344
2017-01-19,194.06320190429688
2017-01-20,194.7761993408203
2017-01-23,194.26937866210938
2017-01-24,195.51495361328125
2017-01-25,197.207275390625
2017-01-26,197.0011444091797
2017-01-27,196.69183349609375
2017-01-30,195.4720458984375
2017-01-31,195.45489501953125
2017-02-01,195.5321807861328
2017-02-02,195.66104125976562
2017-02-03,197.0097198486328
2017-02-06,196.65753173828125
2017-02-07,196.66612243652344
2017-02-08,196.9237823486328
2017-02-09,198.09210205078125
2017-02-10,198.87380981445312
2017-02-13,199.95616149902344
2017-02-14,200.7550506591797
2017-02-15,201.80311584472656
2017-02-16,201.6313018798828
2017-02-17,201.94911193847656
2017-02-21,203.15174865722656
2017-02-22,202.97137451171875
2017-02-23,203.10879516601562
2017-02-24,203.36656188964844
2017-02-27,203.6843719482422
2017-02-28,203.13455200195312
2017-03-01,205.9779815673828
2017-03-02,204.68089294433594
2017-03-03,204.80972290039062
2017-03-06,204.19976806640625
2017-03-07,203.58985900878906
2017-03-08,203.21185302734375
2017-03-09,203.46958923339844
2017-03-10,204.18260192871094
2017-03-13,204.2856903076172
2017-03-14,203.50396728515625
2017-03-15,205.2649383544922
2017-03-16,204.86119079589844
2017-03-17,204.50144958496094
2017-03-20,204.2771453857422
2017-03-21,201.65431213378906
2017-03-22,202.12879943847656
2017-03-23,201.9131622314453
2017-03-24,201.76651000976562
2017-03-27,201.55941772460938
2017-03-28,203.026123046875
2017-03-29,203.21592712402344
2017-03-30,203.8629913330078
2017-03-31,203.3884735107422
2017-04-03,203.03469848632812
2017-04-04,203.16416931152344
2017-04-05,202.56019592285156
2017-04-06,203.12965393066406
2017-04-07,202.9225616455078
2017-04-10,203.04339599609375
2017-04-11,202.80181884765625
2017-04-12,201.9131622314453
2017-04-13,200.6017608642578
2017-04-17,202.37905883789062
2017-04-18,201.7751007080078
2017-04-19,201.4041290283203
2017-04-20,203.04339599609375
2017-04-21,202.39627075195312
2017-04-24,204.62220764160156
2017-04-25,205.81288146972656
2017-04-26,205.68345642089844
2017-04-27,205.85597229003906
2017-04-28,205.40736389160156
2017-05-01,205.92501831054688
2017-05-02,206.00270080566406
2017-05-03,205.75242614746094
2017-05-04,205.99404907226562
2017-05-05,206.80508422851562
2017-05-08,206.77052307128906
2017-05-09,206.5806884765625
2017-05-10,206.95169067382812
2017-05-11,206.52899169921875
2017-05-12,206.18385314941406
2017-05-15,207.32269287109375
2017-05-16,207.13290405273438
2017-05-17,203.45751953125
2017-05-18,204.2771453857422
2017-05-19,205.6057586669922
2017-05-22,206.64971923828125
2017-05-23,207.10699462890625
2017-05-24,207.59017944335938
2017-05-25,208.58233642578125
2017-05-26,208.53919982910156
2017-05-30,208.3580322265625
2017-05-31,208.30624389648438
2017-06-01,209.9627227783203
2017-06-02,210.66159057617188
2017-06-05,210.50633239746094
2017-06-06,209.83334350585938
2017-06-07,210.2215576171875
2017-06-08,210.32510375976562
2017-06-09,210.0059051513672
2017-06-12,209.9627227783203
2017-06-13,210.9894256591797
2017-06-14,210.7219696044922
2017-06-15,210.3165283203125
2017-06-16,210.36244201660156
2017-06-19,212.11375427246094
2017-06-20,210.6832733154297
2017-06-21,210.6311798095703
2017-06-22,210.5358123779297
2017-06-23,210.78724670410156
2017-06-26,210.9259796142578
2017-06-27,209.2267303466797
2017-06-28,211.09938049316406
2017-06-29,209.24407958984375
2017-06-30,209.63414001464844
2017-07-03,209.98965454101562
2017-07-05,210.4751434326172
2017-07-06,208.5504608154297
2017-07-07,209.90298461914062
2017-07-10,210.12832641601562
2017-07-11,209.9722900390625
2017-07-12,211.55023193359375
2017-07-13,211.90565490722656
2017-07-14,212.89404296875
2017-07-17,212.86798095703125
2017-07-18,212.98068237304688
2017-07-19,214.13380432128906
2017-07-20,214.2291259765625
2017-07-21,214.03842163085938
2017-07-24,213.9863739013672
2017-07-25,214.50653076171875
2017-07-26,214.5152130126953
2017-07-27,214.31582641601562
2017-07-28,214.0643768310547
2017-07-31,213.9430694580078
2017-08-01,214.41986083984375
2017-08-02,214.52395629882812
2017-08-03,214.10780334472656
2017-08-04,214.49786376953125
2017-08-07,214.8966827392578
2017-08-08,214.3678436279297
2017-08-09,214.35919189453125
2017-08-10,211.33346557617188
2017-08-11,211.6455535888672
2017-08-14,213.74365234375
2017-08-15,213.71759033203125
2017-08-16,214.09042358398438
2017-08-17,210.75259399414062
2017-08-18,210.42308044433594
2017-08-21,210.5878448486328
2017-08-22,212.7899932861328
2017-08-23,212.02700805664062
2017-08-24,211.53292846679688
2017-08-25,212.02700805664062
2017-08-28,212.0357208251953
2017-08-29,212.27845764160156
2017-08-30,213.2841796875
2017-08-31,214.5673065185547
2017-09-01,214.87066650390625
2017-09-05,213.32748413085938
2017-09-06,214.05575561523438
2017-09-07,214.02976989746094
2017-09-08,213.7783660888672
2017-09-11,216.0584716796875
2017-09-12,216.7866973876953
2017-09-13,216.89071655273438
2017-09-14,216.8214111328125
2017-09-15,217.11328125
2017-09-18,217.57501220703125
2017-09-19,217.79290771484375
2017-09-20,217.87130737304688
2017-09-21,217.2875213623047
2017-09-22,217.33108520507812
2017-09-25,216.88673400878906
2017-09-26,217.0173797607422
2017-09-27,217.86256408691406
2017-09-28,218.12399291992188
2017-09-29,218.8907012939453
2017-10-02,219.84034729003906
2017-10-03,220.3108673095703
2017-10-04,220.57229614257812
2017-10-05,221.879150390625
2017-10-06,221.62649536132812
2017-10-09,221.26055908203125
2017-10-10,221.8443145751953
2017-10-11,222.19281005859375
2017-10-12,221.86172485351562
2017-10-13,222.13180541992188
2017-10-16,222.42807006835938
2017-10-17,222.5848846435547
2017-10-18,222.80271911621094
2017-10-19,222.8636932373047
2017-10-20,224.0137939453125
2017-10-23,223.14247131347656
2017-10-24,223.53453063964844
2017-10-25,222.42807006835938
2017-10-26,222.71556091308594
2017-10-27,224.5365447998047
2017-10-30,223.70013427734375
2017-10-31,224.0486297607422
2017-11-01,224.3448944091797
2017-11-02,224.43203735351562
2017-11-03,225.1812744140625
2017-11-06,225.52976989746094
2017-11-07,225.37295532226562
2017-11-08,225.75634765625
2017-11-09,224.9373779296875
2017-11-10,224.86764526367188
2017-11-13,225.07669067382812
2017-11-14,224.5540008544922
2017-11-15,223.42999267578125
2017-11-16,225.3294219970703
2017-11-17,224.667236328125
2017-11-20,225.0505828857422
2017-11-21,226.52304077148438
2017-11-22,226.32273864746094
2017-11-24,226.84536743164062
2017-11-27,226.73216247558594
2017-11-28,229.0323028564453
2017-11-29,228.89291381835938
2017-11-30,230.89683532714844
2017-12-01,230.4176483154297
2017-12-04,230.1388397216797
2017-12-05,229.3111572265625
2017-12-06,229.354736328125
2017-12-07,230.07781982421875
2017-12-08,231.3324737548828
2017-12-11,232.0294647216797
2017-12-12,232.4390106201172
2017-12-13,232.41290283203125
2017-12-14,231.4631805419922
2017-12-15,233.39064025878906
2017-12-18,234.8706512451172
2017-12-19,233.96865844726562
2017-12-20,233.84609985351562
2017-12-21,234.32769775390625
2017-12-22,234.26638793945312
2017-12-26,233.98617553710938
2017-12-27,234.1000518798828
2017-12-28,234.58168029785156
2017-12-29,233.6972198486328
2018-01-02,235.3697967529297
2018-01-03,236.8585205078125
2018-01-04,237.85691833496094
2018-01-05,239.44187927246094
2018-01-08,239.87979125976562
2018-01-09,240.42282104492188
2018-01-10,240.05491638183594
2018-01-11,241.8064422607422
2018-01-12,243.38272094726562
2018-01-16,242.55075073242188
2018-01-17,244.8627166748047
2018-01-18,244.45115661621094
2018-01-19,245.5633544921875
2018-01-22,247.55999755859375
2018-01-23,248.08546447753906
2018-01-24,247.98907470703125
2018-01-25,248.09417724609375
2018-01-26,250.96658325195312
2018-01-29,249.3026885986328
2018-01-30,246.74557495117188
2018-01-31,246.8681182861328
2018-02-01,246.58792114257812
2018-02-02,241.2197265625
2018-02-05,231.13124084472656
2018-02-06,235.68508911132812
2018-02-07,234.40652465820312
2018-02-08,225.61419677734375
2018-02-09,229.0032958984375
2018-02-12,232.36607360839844
2018-02-13,232.94406127929688
2018-02-14,236.08798217773438
2018-02-15,239.10044860839844
2018-02-16,239.1704559326172
2018-02-20,237.67303466796875
2018-02-21,236.49072265625
2018-02-22,236.79722595214844
2018-02-23,240.57167053222656
2018-02-26,243.36526489257812
2018-02-27,240.32643127441406
2018-02-28,237.89198303222656
2018-03-01,234.43276977539062
2018-03-02,235.6412811279297
2018-03-05,238.3648223876953
2018-03-06,238.96905517578125
2018-03-07,238.8815155029297
2018-03-08,240.03741455078125
2018-03-09,244.21463012695312
2018-03-12,243.90814208984375
2018-03-13,242.3318634033203
2018-03-14,241.08828735351562
2018-03-15,240.8256378173828
2018-03-16,241.08682250976562
2018-03-19,237.8247833251953
2018-03-20,238.22927856445312
2018-03-21,237.77200317382812
2018-03-22,231.8284149169922
2018-03-23,226.88711547851562
2018-03-26,233.09445190429688
2018-03-27,229.12908935546875
2018-03-28,228.45211791992188
2018-03-29,231.3711700439453
2018-04-02,226.37713623046875
2018-04-03,229.27862548828125
2018-04-04,231.731689453125
2018-04-05,233.56044006347656
2018-04-06,228.35546875
2018-04-09,229.4808349609375
2018-04-10,233.129638671875
2018-04-11,231.9075164794922
2018-04-12,233.8155059814453
2018-04-13,233.129638671875
2018-04-16,235.04637145996094
2018-04-17,237.5609893798828
2018-04-18,237.73681640625
2018-04-19,236.4180145263672
2018-04-20,234.4132843017578
2018-04-23,234.37818908691406
2018-04-24,231.2217559814453
2018-04-25,231.79322814941406
2018-04-26,234.14956665039062
2018-04-27,234.3693389892578
2018-04-30,232.56689453125
2018-05-01,232.98020935058594
2018-05-02,231.4151611328125
2018-05-03,230.9051971435547
2018-05-04,233.8946075439453
2018-05-07,234.68592834472656
2018-05-08,234.68592834472656
2018-05-09,236.954345703125
2018-05-10,239.16998291015625
2018-05-11,239.89981079101562
2018-05-14,240.01412963867188
2018-05-15,238.3611602783203
2018-05-16,239.36341857910156
2018-05-17,239.16122436523438
2018-05-18,238.56332397460938
2018-05-21,240.35699462890625
2018-05-22,239.688720703125
2018-05-23,240.3482208251953
2018-05-24,239.85580444335938
2018-05-25,239.28428649902344
2018-05-29,236.53228759765625
2018-05-30,239.688720703125
2018-05-31,238.22047424316406
2018-06-01,240.5591583251953
2018-06-04,241.70220947265625
2018-06-05,241.87814331054688
2018-06-06,243.9003143310547
2018-06-07,243.8739471435547
2018-06-08,244.59490966796875
2018-06-11,244.92022705078125
2018-06-12,245.2366943359375
2018-06-13,244.45425415039062
2018-06-14,245.0697479248047
2018-06-15,244.75706481933594
2018-06-18,244.2537078857422
2018-06-19,243.31748962402344
2018-06-20,243.73251342773438
2018-06-21,242.2046356201172
2018-06-22,242.64625549316406
2018-06-25,239.34312438964844
2018-06-26,239.87301635742188
2018-06-27,237.88592529296875
2018-06-28,239.24603271484375
2018-06-29,239.59048461914062
2018-07-02,240.10267639160156
2018-07-03,239.25482177734375
2018-07-05,241.2066650390625
2018-07-06,243.246826171875
2018-07-09,245.43711853027344
2018-07-10,246.3203125
2018-07-11,244.51864624023438
2018-07-12,246.73536682128906
2018-07-13,246.92962646484375
2018-07-16,246.70887756347656
2018-07-17,247.7069549560547
2018-07-18,248.22799682617188
2018-07-19,247.29177856445312
2018-07-20,247.0091094970703
2018-07-23,247.468505859375
2018-07-24,248.71363830566406
2018-07-25,250.8333740234375
2018-07-26,250.24163818359375
2018-07-27,248.54586791992188
2018-07-30,247.2476348876953
2018-07-31,248.4664306640625
2018-08-01,248.05136108398438
2018-08-02,249.4027099609375
2018-08-03,250.47129821777344
2018-08-06,251.38983154296875
2018-08-07,252.2200164794922
2018-08-08,252.1139373779297
2018-08-09,251.7695770263672
2018-08-10,250.08258056640625
2018-08-13,249.146484375
2018-08-14,250.7362823486328
2018-08-15,248.86386108398438
2018-08-16,250.877685546875
2018-08-17,251.7607421875
2018-08-20,252.29946899414062
2018-08-21,252.8911590576172
2018-08-22,252.74110412597656
2018-08-23,252.40545654296875
2018-08-24,253.92445373535156
2018-08-27,255.92942810058594
2018-08-28,256.0530090332031
2018-08-29,257.4307861328125
2018-08-30,256.3885498046875
2018-08-31,256.39739990234375
2018-09-04,255.9559326171875
2018-09-05,255.2669677734375
2018-09-06,254.49856567382812
2018-09-07,254.0040283203125
2018-09-10,254.44564819335938
2018-09-11,255.28463745117188
2018-09-12,255.34640502929688
2018-09-13,256.8565979003906
2018-09-14,256.90081787109375
2018-09-17,255.54083251953125
2018-09-18,256.9273376464844
2018-09-19,257.2011413574219
2018-09-20,259.2855224609375
2018-09-21,259.0485534667969
2018-09-24,258.1879577636719
2018-09-25,257.9485168457031
2018-09-26,257.1766052246094
2018-09-27,257.89520263671875
2018-09-28,257.921875
2018-10-01,258.8179016113281
2018-10-02,258.6670227050781
2018-10-03,258.8089904785156
2018-10-04,256.7862548828125
2018-10-05,255.34901428222656
2018-10-08,255.34901428222656
2018-10-09,254.97634887695312
2018-10-10,246.90306091308594
2018-10-11,241.46458435058594
2018-10-12,244.81814575195312
2018-10-15,243.4429931640625
2018-10-16,248.76620483398438
2018-10-17,248.81048583984375
2018-10-18,245.21742248535156
2018-10-19,245.0843505859375
2018-10-22,243.9841766357422
2018-10-23,242.7421112060547
2018-10-24,235.38743591308594
2018-10-25,239.61038208007812
2018-10-26,235.39620971679688
2018-10-29,234.0920867919922
2018-10-30,237.56094360351562
2018-10-31,240.09832763671875
2018-11-01,242.65342712402344
2018-11-02,241.2162322998047
2018-11-05,242.5469970703125
2018-11-06,244.081787109375
2018-11-07,249.30718994140625
2018-11-08,248.85479736328125
2018-11-09,246.42393493652344
2018-11-12,241.8194580078125
2018-11-13,241.36700439453125
2018-11-14,239.71681213378906
2018-11-15,242.2186737060547
2018-11-16,242.8485565185547
2018-11-19,238.74099731445312
2018-11-20,234.32275390625
2018-11-21,235.12118530273438
2018-11-23,233.5509490966797
2018-11-26,237.3214111328125
2018-11-27,238.11990356445312
2018-11-28,243.6026611328125
2018-11-29,243.0704345703125
2018-11-30,244.55203247070312
2018-12-03,247.79019165039062
2018-12-04,239.7611541748047
2018-12-06,239.39744567871094
2018-12-07,233.8348388671875
2018-12-10,234.27838134765625
2018-12-11,234.3316650390625
2018-12-12,235.51161193847656
2018-12-13,235.4317169189453
2018-12-14,231.08457946777344
2018-12-17,226.55104064941406
2018-12-18,226.30267333984375
2018-12-19,222.91357421875
2018-12-20,219.28504943847656
2018-12-21,214.79196166992188
2018-12-24,209.11654663085938
2018-12-26,219.68209838867188
2018-12-27,221.36871337890625
2018-12-28,221.0831298828125
2018-12-31,223.01959228515625
2019-01-02,223.25155639648438
2019-01-03,217.92413330078125
2019-01-04,225.22366333007812
2019-01-07,226.99951171875
2019-01-08,229.13223266601562
2019-01-09,230.20310974121094
2019-01-10,231.01513671875
2019-01-11,231.10435485839844
2019-01-14,229.69442749023438
2019-01-15,232.3268585205078
2019-01-16,232.8891143798828
2019-01-17,234.65591430664062
2019-01-18,237.77928161621094
2019-01-22,234.56671142578125
2019-01-23,235.0575714111328
2019-01-24,235.1824951171875
2019-01-25,237.17247009277344
2019-01-28,235.369873046875
2019-01-29,235.0575714111328
2019-01-30,238.7786865234375
2019-01-31,240.87571716308594
2019-02-01,240.99176025390625
2019-02-04,242.68727111816406
2019-02-05,243.70458984375
2019-02-06,243.3833465576172
2019-02-07,241.06317138671875
2019-02-08,241.3576202392578
2019-02-11,241.49151611328125
2019-02-12,244.5968780517578
2019-02-13,245.39117431640625
2019-02-14,244.84677124023438
2019-02-15,247.5149383544922
2019-02-19,247.94326782226562
2019-02-20,248.4430389404297
2019-02-21,247.55955505371094
2019-02-22,249.0944366455078
2019-02-25,249.43357849121094
2019-02-26,249.25498962402344
2019-02-27,249.14797973632812
2019-02-28,248.6839599609375
2019-03-01,250.23667907714844
2019-03-04,249.32647705078125
2019-03-05,248.98736572265625
2019-03-06,247.47918701171875
2019-03-07,245.4089813232422
2019-03-08,244.91815185546875
2019-03-11,248.46974182128906
2019-03-12,249.4066925048828
2019-03-13,251.05764770507812
2019-03-14,250.8970184326172
2019-03-15,252.13661193847656
2019-03-18,253.05078125
2019-03-19,253.1135711669922
2019-03-20,252.35166931152344
2019-03-21,255.20184326171875
2019-03-22,250.29026794433594
2019-03-25,250.10202026367188
2019-03-26,251.9663543701172
2019-03-27,250.64874267578125
2019-03-28,251.59873962402344
2019-03-29,253.1852569580078
2019-04-01,256.18780517578125
2019-04-02,256.3133239746094
2019-04-03,256.7166442871094
2019-04-04,257.3978576660156
2019-04-05,258.6437072753906
2019-04-08,258.8408203125
2019-04-09,257.5142822265625
2019-04-10,258.39276123046875
2019-04-11,258.321044921875
2019-04-12,260.0687561035156
2019-04-15,259.8985290527344
2019-04-16,260.0687561035156
2019-04-17,259.4324645996094
2019-04-18,259.9433288574219
2019-04-22,260.1674499511719
2019-04-23,262.5067138671875
2019-04-24,261.92413330078125
2019-04-25,261.76275634765625
2019-04-26,262.9817199707031
2019-04-29,263.39404296875
2019-04-30,263.5284729003906
2019-05-01,261.54766845703125
2019-05-02,260.9830017089844
2019-05-03,263.5374450683594
2019-05-06,262.452880859375
2019-05-07,258.0700988769531
2019-05-08,257.7115783691406
2019-05-09,256.9317626953125
2019-05-10,258.22247314453125
2019-05-13,251.73324584960938
2019-05-14,254.00987243652344
2019-05-15,255.49766540527344
2019-05-16,257.8638916015625
2019-05-17,256.1968078613281
2019-05-20,254.50279235839844
2019-05-21,256.7973937988281
2019-05-22,256.008544921875
2019-05-23,252.88047790527344
2019-05-24,253.45419311523438
2019-05-28,251.0968780517578
2019-05-29,249.4119110107422
2019-05-30,250.0930633544922
2019-05-31,246.72291564941406
2019-06-03,246.0955810546875
2019-06-04,251.43748474121094
2019-06-05,253.61538696289062
2019-06-06,255.26458740234375
2019-06-07,257.8190612792969
2019-06-10,259.0022277832031
2019-06-11,258.939453125
2019-06-12,258.4823913574219
2019-06-13,259.54888916015625
2019-06-14,259.26220703125
2019-06-17,259.3607177734375
2019-06-18,262.076416015625
2019-06-19,262.66796875
2019-06-20,265.17755126953125
2019-06-21,264.79217529296875
2019-06-24,264.4679260253906
2019-06-25,261.8739929199219
2019-06-26,261.61285400390625
2019-06-27,262.54052734375
2019-06-28,263.89154052734375
2019-07-01,266.28729248046875
2019-07-02,266.9808044433594
2019-07-03,269.1153564453125
2019-07-05,268.8090515136719
2019-07-08,267.33203125
2019-07-09,267.665283203125
2019-07-10,268.9442138671875
2019-07-11,269.5747375488281
2019-07-12,270.7814636230469
2019-07-15,270.87164306640625
2019-07-16,269.99798583984375
2019-07-17,268.16058349609375
2019-07-18,269.1423034667969
2019-07-19,267.6473083496094
2019-07-22,268.3047790527344
2019-07-23,270.22314453125
2019-07-24,271.4930114746094
2019-07-25,270.1960754394531
2019-07-26,272.0064697265625
2019-07-29,271.5110168457031
2019-07-30,270.8446044921875
2019-07-31,267.8813781738281
2019-08-01,265.5487060546875
2019-08-02,263.5493469238281
2019-08-05,255.62355041503906
2019-08-06,259.2081604003906
2019-08-07,259.3612365722656
2019-08-08,264.4498596191406
2019-08-09,262.6485900878906
2019-08-12,259.4512634277344
2019-08-13,263.4862365722656
2019-08-14,255.69554138183594
2019-08-15,256.3710021972656
2019-08-16,260.1537780761719
2019-08-19,263.2881164550781
2019-08-20,261.2706604003906
2019-08-21,263.3961486816406
2019-08-22,263.31512451171875
2019-08-23,256.5511779785156
2019-08-26,259.38824462890625
2019-08-27,258.37060546875
2019-08-28,260.1898498535156
2019-08-29,263.5132751464844
2019-08-30,263.3961486816406
2019-09-03,261.8560791015625
2019-09-04,264.82830810546875
2019-09-05,268.2327575683594
2019-09-06,268.43988037109375
2019-09-09,268.57489013671875
2019-09-10,268.5118408203125
2019-09-11,270.4212951660156
2019-09-12,271.35809326171875
2019-09-13,271.1778564453125
2019-09-16,270.3402404785156
2019-09-17,271.02471923828125
2019-09-18,271.18682861328125
2019-09-19,271.1688537597656
2019-09-20,269.8876037597656
2019-09-23,269.8242492675781
2019-09-24,267.7069396972656
2019-09-25,269.2903747558594
2019-09-26,268.7294921875
2019-09-27,267.28179931640625
2019-09-30,268.5213317871094
2019-10-01,265.3272705078125
2019-10-02,260.640380859375
2019-10-03,262.7758483886719
2019-10-04,266.3316345214844
2019-10-07,265.1825866699219
2019-10-08,261.065673828125
2019-10-09,263.5447998046875
2019-10-10,265.3272705078125
2019-10-11,268.0780029296875
2019-10-14,267.7794189453125
2019-10-15,270.4305114746094
2019-10-16,269.9962158203125
2019-10-17,270.7923889160156
2019-10-18,269.6070556640625
2019-10-21,271.434814453125
2019-10-22,270.5481262207031
2019-10-23,271.3352966308594
2019-10-24,271.7787170410156
2019-10-25,272.8916320800781
2019-10-28,274.42974853515625
2019-10-29,274.3483581542969
2019-10-30,275.18988037109375
2019-10-31,274.45684814453125
2019-11-01,276.9993896484375
2019-11-04,278.1123352050781
2019-11-05,277.8047180175781
2019-11-06,277.8680419921875
2019-11-07,278.8452453613281
2019-11-08,279.5328674316406
2019-11-11,278.9990539550781
2019-11-12,279.5872497558594
2019-11-13,279.677734375
2019-11-14,280.0848388671875
2019-11-15,282.1116638183594
2019-11-18,282.3197021484375
2019-11-19,282.2383117675781
2019-11-20,281.1887512207031
2019-11-21,280.7362976074219
2019-11-22,281.3606872558594
2019-11-25,283.541259765625
2019-11-26,284.18365478515625
2019-11-27,285.45037841796875
2019-11-29,284.3917541503906
2019-12-02,281.9758605957031
2019-12-03,280.0848388671875
2019-12-04,281.8130187988281
2019-12-05,282.3197021484375
2019-12-06,284.8984375
2019-12-09,284.00262451171875
2019-12-10,283.68597412109375
2019-12-11,284.49127197265625
2019-12-12,286.943359375
2019-12-13,287.1152038574219
2019-12-16,289.0877990722656
2019-12-17,289.1510925292969
2019-12-18,289.169189453125
2019-12-19,290.3544006347656
2019-12-20,291.62744140625
2019-12-23,292.072998046875
2019-12-24,292.08209228515625
2019-12-26,293.6368713378906
2019-12-27,293.5641174316406
2019-12-30,291.9457092285156
2019-12-31,292.6548156738281
2020-01-02,295.3917236328125
2020-01-03,293.1549987792969
2020-01-06,294.27337646484375
2020-01-07,293.4459533691406
2020-01-08,295.0098571777344
2020-01-09,297.0102233886719
2020-01-10,296.1556091308594
2020-01-13,298.1923522949219
2020-01-14,297.7377014160156
2020-01-15,298.4105529785156
2020-01-16,300.892822265625
2020-01-17,301.8293762207031
2020-01-21,301.23828125
2020-01-22,301.27471923828125
2020-01-23,301.6202087402344
2020-01-24,298.9379577636719
2020-01-27,294.1460266113281
2020-01-28,297.2285461425781
2020-01-29,296.98297119140625
2020-01-30,297.9468688964844
2020-01-31,292.5366516113281
2020-02-03,294.7098388671875
2020-02-04,299.2016296386719
2020-02-05,302.6568298339844
2020-02-06,303.6751708984375
2020-02-07,302.05670166015625
2020-02-10,304.31158447265625
2020-02-11,304.8389892578125
2020-02-12,306.8030090332031
2020-02-13,306.4756774902344
2020-02-14,306.966796875
2020-02-18,306.1755676269531
2020-02-19,307.6394958496094
2020-02-20,306.3757019042969
2020-02-21,303.22052001953125
2020-02-24,293.1640930175781
2020-02-25,284.2806091308594
2020-02-26,283.23492431640625
2020-02-27,270.5143737792969
2020-02-28,269.37774658203125
2020-03-02,281.0436096191406
2020-03-03,272.9966125488281
2020-03-04,284.47149658203125
2020-03-05,275.0152282714844
2020-03-06,270.46893310546875
2020-03-09,249.34677124023438
2020-03-10,262.2492370605469
2020-03-11,249.4649658203125
2020-03-12,225.59686279296875
2020-03-13,244.88235473632812
2020-03-16,218.0863800048828
2020-03-17,229.86129760742188
2020-03-18,218.22276306152344
2020-03-19,218.68649291992188
2020-03-20,209.26234436035156
2020-03-23,203.9119110107422
2020-03-24,222.38699340820312
2020-03-25,225.71615600585938
2020-03-26,238.89566040039062
2020-03-27,231.780029296875
2020-03-30,239.3072509765625
2020-03-31,235.74024963378906
2020-04-01,225.13079833984375
2020-04-02,230.3257598876953
2020-04-03,226.9966278076172
2020-04-06,242.2431182861328
2020-04-07,242.49008178710938
2020-04-08,250.630126953125
2020-04-09,254.4440460205078
2020-04-13,252.1208953857422
2020-04-14,259.5567321777344
2020-04-15,254.0415802001953
2020-04-16,255.26712036132812
2020-04-17,262.1632995605469
2020-04-20,257.5445251464844
2020-04-21,249.72463989257812
2020-04-22,255.26712036132812
2020-04-23,255.2488250732422
2020-04-24,258.806640625
2020-04-27,262.53839111328125
2020-04-28,261.3309631347656
2020-04-29,268.1722106933594
2020-04-30,265.6753234863281
2020-05-01,258.6419982910156
2020-05-04,259.3554992675781
2020-05-05,261.75177001953125
2020-05-06,259.9773254394531
2020-05-07,263.1145324707031
2020-05-08,267.46807861328125
2020-05-11,267.52288818359375
2020-05-12,262.19073486328125
2020-05-13,257.5536193847656
2020-05-14,260.6358947753906
2020-05-15,261.8340148925781
2020-05-18,269.8094482421875
2020-05-19,267.0380859375
2020-05-20,271.5746765136719
2020-05-21,269.69964599609375
2020-05-22,270.21185302734375
2020-05-26,273.541015625
2020-05-27,277.6109924316406
2020-05-28,277.0988464355469
2020-05-29,278.3336181640625
2020-06-01,279.45849609375
2020-06-02,281.77239990234375
2020-06-03,285.5223388671875
2020-06-04,284.7723388671875
2020-06-05,292.071044921875
2020-06-08,295.6014099121094
2020-06-09,293.397216796875
2020-06-10,291.7599792480469
2020-06-11,274.94036865234375
2020-06-12,278.2330017089844
2020-06-15,280.83038330078125
2020-06-16,286.23577880859375
2020-06-17,285.0467834472656
2020-06-18,285.1565856933594
2020-06-19,283.52685546875
2020-06-22,285.3457946777344
2020-06-23,286.65948486328125
2020-06-24,279.3470764160156
2020-06-25,282.3417663574219
2020-06-26,275.63580322265625
2020-06-29,279.68701171875
2020-06-30,283.2696838378906
2020-07-01,285.2539367675781
2020-07-02,286.8247985839844
2020-07-06,291.2525634765625
2020-07-07,288.2486877441406
2020-07-08,290.4533996582031
2020-07-09,288.7998352050781
2020-07-10,291.7486267089844
2020-07-13,289.2224426269531
2020-07-14,292.97039794921875
2020-07-15,295.6620178222656
2020-07-16,294.6883239746094
2020-07-17,295.5426025390625
2020-07-20,297.9310607910156
2020-07-21,298.5649108886719
2020-07-22,300.264404296875
2020-07-23,296.68170166015625
2020-07-24,294.7709045410156
2020-07-27,296.9205627441406
2020-07-28,295.0373840332031
2020-07-29,298.6659851074219
2020-07-30,297.600341796875
2020-07-31,299.9520263671875
2020-08-03,302.0373840332031
2020-08-04,303.20391845703125
2020-08-05,305.08721923828125
2020-08-06,307.1264953613281
2020-08-07,307.3470153808594
2020-08-10,308.2657165527344
2020-08-11,305.7210388183594
2020-08-12,309.9834899902344
2020-08-13,309.4231262207031
2020-08-14,309.4322509765625
2020-08-17,310.4153137207031
2020-08-18,311.0858459472656
2020-08-19,309.7906188964844
2020-08-20,310.755126953125
2020-08-21,311.8575439453125
2020-08-24,315.01763916015625
2020-08-25,316.1199645996094
2020-08-26,319.2892761230469
2020-08-27,319.9874267578125
2020-08-28,322.0543212890625
2020-08-31,320.8876647949219
2020-09-01,323.9100036621094
2020-09-02,328.59503173828125
2020-09-03,317.28662109375
2020-09-04,314.6961364746094
2020-09-08,306.09771728515625
2020-09-09,312.142333984375
2020-09-10,306.72235107421875
2020-09-11,306.8786315917969
2020-09-14,310.92047119140625
2020-09-15,312.491455078125
2020-09-16,311.2512512207031
2020-09-17,308.513671875
2020-09-18,304.9619140625
2020-09-21,301.5677795410156
2020-09-22,304.6390686035156
2020-09-23,297.57421875
2020-09-24,298.367431640625
2020-09-25,303.1911315917969
2020-09-28,308.22686767578125
2020-09-29,306.54827880859375
2020-09-30,308.8725280761719
2020-10-01,310.8554382324219
2020-10-02,307.904052734375
2020-10-05,313.3641662597656
2020-10-06,308.90936279296875
2020-10-07,314.28643798828125
2020-10-08,317.0718688964844
2020-10-09,319.9034118652344
2020-10-12,325.0497741699219
2020-10-13,322.9284973144531
2020-10-14,320.89935302734375
2020-10-15,320.5028076171875
2020-10-16,320.3091735839844
2020-10-19,315.4393310546875
2020-10-20,316.70294189453125
2020-10-21,316.10345458984375
2020-10-22,317.83734130859375
2020-10-23,318.9164123535156
2020-10-26,313.0229187011719
2020-10-27,311.94378662109375
2020-10-28,301.2818298339844
2020-10-29,304.343994140625
2020-10-30,301.17120361328125
2020-11-02,304.5467834472656
2020-11-03,309.9239501953125
2020-11-04,316.8504638671875
2020-11-05,323.02996826171875
2020-11-06,322.9561767578125
2020-11-09,327.0143737792969
2020-11-10,326.5346984863281
2020-11-11,328.9603576660156
2020-11-12,325.76922607421875
2020-11-13,330.27935791015625
2020-11-16,334.4019775390625
2020-11-17,332.603515625
2020-11-18,328.6006774902344
2020-11-19,329.984130859375
2020-11-20,327.72454833984375
2020-11-23,329.6890563964844
2020-11-24,335.0014953613281
2020-11-25,334.485107421875
2020-11-27,335.41656494140625
2020-11-30,333.9317321777344
2020-12-01,337.583984375
2020-12-02,338.2942199707031
2020-12-03,338.201904296875
2020-12-04,341.116455078125
2020-12-07,340.4155578613281
2020-12-08,341.4116516113281
2020-12-09,338.34954833984375
2020-12-10,338.2388916015625
2020-12-11,337.8421630859375
2020-12-14,336.32965087890625
2020-12-15,340.8766784667969
2020-12-16,341.4116516113281
2020-12-17,343.3207702636719
2020-12-18,341.9500427246094
2020-12-21,340.727294921875
2020-12-22,340.1529846191406
2020-12-23,340.4587097167969
2020-12-24,341.78314208984375
2020-12-28,344.7193603515625
2020-12-29,344.0617980957031
2020-12-30,344.552734375
2020-12-31,346.30328369140625
2021-01-04,341.5887451171875
2021-01-05,343.94134521484375
2021-01-06,345.9975891113281
2021-01-07,351.1383056640625
2021-01-08,353.13897705078125
2021-01-11,350.75848388671875
2021-01-12,350.83258056640625
2021-01-13,351.77740478515625
2021-01-14,350.5454406738281
2021-01-15,347.98907470703125
2021-01-19,350.7214660644531
2021-01-20,355.574951171875
2021-01-21,355.89910888671875
2021-01-22,354.639404296875
2021-01-25,356.0380859375
2021-01-26,355.4822998046875
2021-01-27,346.7940979003906
2021-01-28,349.77667236328125
2021-01-29,342.7742919921875
2021-02-01,348.4800109863281
2021-02-02,353.4075927734375
2021-02-03,353.6854248046875
2021-02-04,357.7053527832031
2021-02-05,359.1131591796875
2021-02-08,361.7066955566406
2021-02-09,361.4658203125
2021-02-10,361.3083801269531
2021-02-11,361.8919677734375
2021-02-12,363.6795654296875
2021-02-16,363.3646240234375
2021-02-17,363.4480895996094
2021-02-18,361.90118408203125
2021-02-19,361.2620849609375
2021-02-22,358.4833068847656
2021-02-23,358.9185791015625
2021-02-24,362.8736572265625
2021-02-25,354.1300048828125
2021-02-26,352.3053283691406
2021-03-01,360.8452453613281
2021-03-02,358.02947998046875
2021-03-03,353.2872009277344
2021-03-04,348.9152526855469
2021-03-05,355.3341064453125
2021-03-08,353.56500244140625
2021-03-09,358.61309814453125
2021-03-10,360.8452453613281
2021-03-11,364.50384521484375
2021-03-12,364.994873046875
2021-03-15,367.1714782714844
2021-03-16,366.7083740234375
2021-03-17,367.9587707519531
2021-03-18,362.605224609375
2021-03-19,361.9342041015625
2021-03-22,364.82427978515625
2021-03-23,361.9526672363281
2021-03-24,360.1127624511719
2021-03-25,362.1386413574219
2021-03-26,367.9744873046875
2021-03-29,367.78857421875
2021-03-30,366.8128662109375
2021-03-31,368.29962158203125
2021-04-01,372.27703857421875
2021-04-05,377.620361328125
2021-04-06,377.3973388671875
2021-04-07,377.8340759277344
2021-04-08,379.62762451171875
2021-04-09,382.3875427246094
2021-04-12,382.52691650390625
2021-04-13,383.6605529785156
2021-04-14,382.35040283203125
2021-04-15,386.4577331542969
2021-04-16,387.7494812011719
2021-04-19,385.8443908691406
2021-04-20,383.0194091796875
2021-04-21,386.6436462402344
2021-04-22,383.1123352050781
2021-04-23,387.2662658691406
2021-04-26,388.0746765136719
2021-04-27,387.9910583496094
2021-04-28,387.8795471191406
2021-04-29,390.3514099121094
2021-04-30,387.7866516113281
2021-05-03,388.62298583984375
2021-05-04,386.22552490234375
2021-05-05,386.3462219238281
2021-05-06,389.43145751953125
2021-05-07,392.2657165527344
2021-05-10,388.3813171386719
2021-05-11,384.91510009765625
2021-05-12,376.7376403808594
2021-05-13,381.26312255859375
2021-05-14,387.11749267578125
2021-05-17,386.132568359375
2021-05-18,382.80572509765625
2021-05-19,381.8020324707031
2021-05-20,385.9095153808594
2021-05-21,385.59356689453125
2021-05-24,389.5243835449219
2021-05-25,388.6601867675781
2021-05-26,389.43145751953125
2021-05-27,389.6358947753906
2021-05-28,390.33282470703125
2021-06-01,389.98907470703125
2021-06-02,390.6023254394531
2021-06-03,389.15264892578125
2021-06-04,392.7118225097656
2021-06-07,392.33074951171875
2021-06-08,392.41448974609375
2021-06-09,391.8289489746094
2021-06-10,393.6502990722656
2021-06-11,394.3009033203125
2021-06-14,395.1836242675781
2021-06-15,394.4588317871094
2021-06-16,392.2564392089844
2021-06-17,392.1263427734375
2021-06-18,386.8363952636719
2021-06-21,392.37432861328125
2021-06-22,394.47198486328125
2021-06-23,393.9966125488281
2021-06-24,396.327392578125
2021-06-25,397.7351379394531
2021-06-28,398.5369873046875
2021-06-29,398.75140380859375
2021-06-30,399.0870056152344
2021-07-01,401.29656982421875
2021-07-02,404.3638916015625
2021-07-06,403.6274108886719
2021-07-07,405.0538635253906
2021-07-08,401.7534484863281
2021-07-09,406.0419921875
2021-07-12,407.4964599609375
2021-07-13,406.10736083984375
2021-07-14,406.7133483886719
2021-07-15,405.3240966796875
2021-07-16,402.14501953125
2021-07-19,396.2060852050781
2021-07-20,401.8840026855469
2021-07-21,405.1377258300781
2021-07-22,405.98614501953125
2021-07-23,410.16302490234375
2021-07-26,411.1698913574219
2021-07-27,409.2958984375
2021-07-28,409.1280517578125
2021-07-29,410.8249206542969
2021-07-30,408.8297119140625
2021-08-02,407.97198486328125
2021-08-03,411.291015625
2021-08-04,409.2679138183594
2021-08-05,411.8597717285156
2021-08-06,412.5403137207031
2021-08-09,412.2047424316406
2021-08-10,412.7175598144531
2021-08-11,413.7429504394531
2021-08-12,414.9830017089844
2021-08-13,415.73822021484375
2021-08-16,416.7170715332031
2021-08-17,413.9855041503906
2021-08-18,409.4543762207031
2021-08-19,410.08831787109375
2021-08-20,413.3514404296875
2021-08-23,416.9874572753906
2021-08-24,417.6493835449219
2021-08-25,418.5257873535156
2021-08-26,416.0551452636719
2021-08-27,419.7751159667969
2021-08-30,421.6211242675781
2021-08-31,420.9964599609375
2021-09-01,421.22015380859375
2021-09-02,422.51617431640625
2021-09-03,422.4134826660156
2021-09-07,420.9031677246094
2021-09-08,420.3905029296875
2021-09-09,418.5910949707031
2021-09-10,415.2906494140625
2021-09-13,416.35345458984375
2021-09-14,414.1066589355469
2021-09-15,417.5655517578125
2021-09-16,416.9035949707031
2021-09-17,412.84246826171875
2021-09-20,405.9586486816406
2021-09-21,405.5751953125
2021-09-22,409.53155517578125
2021-09-23,414.5072937011719
2021-09-24,415.19012451171875
2021-09-27,414.0022888183594
2021-09-28,405.65936279296875
2021-09-29,406.3421936035156
2021-09-30,401.3757019042969
2021-10-01,406.1457214355469
2021-10-04,400.9080810546875
2021-10-05,405.07952880859375
2021-10-06,406.7630615234375
2021-10-07,410.2797546386719
2021-10-08,409.53155517578125
2021-10-11,406.5666198730469
2021-10-12,405.5658874511719
2021-10-13,407.0249328613281
2021-10-14,413.8713073730469
2021-10-15,417.0232849121094
2021-10-18,418.25787353515625
2021-10-19,421.4846496582031
2021-10-20,423.1401062011719
2021-10-21,424.24383544921875
2021-10-22,423.8042297363281
2021-10-25,426.0769958496094
2021-10-26,426.46044921875
2021-10-27,424.5712585449219
2021-10-28,428.66778564453125
2021-10-29,429.53759765625
2021-11-01,430.27655029296875
2021-11-02,432.0162048339844
2021-11-03,434.65374755859375
2021-11-04,436.7020263671875
2021-11-05,438.2172546386719
2021-11-08,438.59136962890625
2021-11-09,437.1416320800781
2021-11-10,433.6248474121094
2021-11-11,433.76519775390625
2021-11-12,437.0387268066406
2021-11-15,437.1884460449219
2021-11-16,438.9187927246094
2021-11-17,437.85247802734375
2021-11-18,439.33966064453125
2021-11-19,438.5539855957031
2021-11-22,437.31939697265625
2021-11-23,437.8992614746094
2021-11-24,439.0684509277344
2021-11-26,429.2757873535156
2021-11-29,434.54150390625
2021-11-30,426.08642578125
2021-12-01,421.35369873046875
2021-12-02,427.80731201171875
2021-12-03,424.0848083496094
2021-12-06,429.107421875
2021-12-07,437.9833984375
2021-12-08,439.14312744140625
2021-12-09,436.1783447265625
2021-12-10,440.28424072265625
2021-12-13,436.3841247558594
2021-12-14,433.3817443847656
2021-12-15,440.1532897949219
2021-12-16,436.2718505859375
2021-12-17,431.628662109375
2021-12-20,427.03900146484375
2021-12-21,434.6227722167969
2021-12-22,438.9683532714844
2021-12-23,441.6996765136719
2021-12-27,447.9506530761719
2021-12-28,447.5846252441406
2021-12-29,448.1571960449219
2021-12-30,446.91827392578125
2021-12-31,445.7918701171875
2022-01-03,448.3730163574219
2022-01-04,448.22283935546875
2022-01-05,439.61602783203125
2022-01-06,439.2030029296875
2022-01-07,437.46661376953125
2022-01-10,436.92230224609375
2022-01-11,440.9018859863281
2022-01-12,442.0939025878906
2022-01-13,436.00250244140625
2022-01-14,436.1808166503906
2022-01-18,428.45623779296875
2022-01-19,424.00726318359375
2022-01-20,419.3143005371094
2022-01-21,411.0829772949219
2022-01-24,412.82879638671875
2022-01-25,407.7884521484375
2022-01-26,406.7655029296875
2022-01-27,404.75689697265625
2022-01-28,414.8092041015625
2022-01-31,422.2803039550781
2022-02-01,425.13360595703125
2022-02-02,429.26336669921875
2022-02-03,419.173583984375
2022-02-04,421.1446228027344
2022-02-07,419.7929992675781
2022-02-08,423.2471008300781
2022-02-09,429.4417419433594
2022-02-10,421.7265625
2022-02-11,413.4106750488281
2022-02-14,412.05902099609375
2022-02-15,418.7042236328125
2022-02-16,419.173583984375
2022-02-17,410.2194519042969
2022-02-18,407.563232421875
2022-02-22,403.1894836425781
2022-02-23,396.0374450683594
2022-02-24,401.9974060058594
2022-02-25,410.8670959472656
2022-02-28,409.81585693359375
2022-03-01,403.57427978515625
2022-03-02,410.9984436035156
2022-03-03,408.952392578125
2022-03-04,405.6297912597656
2022-03-07,393.67218017578125
2022-03-08,390.6874084472656
2022-03-09,401.16204833984375
2022-03-10,399.35064697265625
2022-03-11,394.2727966308594
2022-03-14,391.3913269042969
2022-03-15,399.9982604980469
2022-03-16,408.8678894042969
2022-03-17,413.9831848144531
2022-03-18,418.5174865722656
2022-03-21,418.3950500488281
2022-03-22,423.29083251953125
2022-03-23,417.83953857421875
2022-03-24,424.13824462890625
2022-03-25,426.20953369140625
2022-03-28,429.2411804199219
2022-03-29,434.55126953125
2022-03-30,431.86798095703125
2022-03-31,425.2209777832031
2022-04-01,426.4261474609375
2022-04-04,430.0790100097656
2022-04-05,424.6466064453125
2022-04-06,420.4005126953125
2022-04-07,422.5188293457031
2022-04-08,421.38897705078125
2022-04-11,414.1865539550781
2022-04-12,412.65185546875
2022-04-13,417.3782653808594
2022-04-14,412.18109130859375
2022-04-18,412.3505859375
2022-04-19,419.007080078125
2022-04-20,418.6962890625
2022-04-21,412.4353332519531
2022-04-22,401.1185607910156
2022-04-25,403.4440002441406
2022-04-26,391.7599182128906
2022-04-27,392.8614501953125
2022-04-28,402.784912109375
2022-04-29,387.8997497558594
2022-05-02,390.2346496582031
2022-05-03,392.0235290527344
2022-05-04,403.96185302734375
2022-05-05,389.60382080078125
2022-05-06,387.2783508300781
2022-05-09,374.8787841796875
2022-05-10,375.74493408203125
2022-05-11,369.77581787109375
2022-05-12,369.3897705078125
2022-05-13,378.2210998535156
2022-05-16,376.6864318847656
2022-05-17,384.4350280761719
2022-05-18,368.93780517578125
2022-05-19,366.67822265625
2022-05-20,366.8383483886719
2022-05-23,373.70184326171875
2022-05-24,370.84906005859375
2022-05-25,374.12554931640625
2022-05-26,381.60107421875
2022-05-27,390.96905517578125
2022-05-31,388.77532958984375
2022-06-01,385.6307678222656
2022-06-02,392.9744873046875
2022-06-03,386.525146484375
2022-06-06,387.7019958496094
2022-06-07,391.4209289550781
2022-06-08,387.1653747558594
2022-06-09,377.95745849609375
2022-06-10,366.99835205078125
2022-06-13,353.0640869140625
2022-06-14,352.0001525878906
2022-06-15,357.0184020996094
2022-06-16,345.2025146484375
2022-06-17,345.94671630859375
2022-06-21,354.6553955078125
2022-06-22,354.012451171875
2022-06-23,357.4826354980469
2022-06-24,368.8484191894531
2022-06-27,367.4394836425781
2022-06-28,359.9316711425781
2022-06-29,359.6386413574219
2022-06-30,356.71673583984375
2022-07-01,360.4895935058594
2022-07-05,361.1703796386719
2022-07-06,362.3901672363281
2022-07-07,367.8177490234375
2022-07-08,367.51519775390625
2022-07-11,363.3168640136719
2022-07-12,360.10186767578125
2022-07-13,358.21075439453125
2022-07-14,357.3408508300781
2022-07-15,364.1679382324219
2022-07-18,361.16094970703125
2022-07-19,370.9191589355469
2022-07-20,373.2831726074219
2022-07-21,377.0843505859375
2022-07-22,373.5857238769531
2022-07-25,374.0396423339844
2022-07-26,369.6143493652344
2022-07-27,379.2119140625
2022-07-28,383.96820068359375
2022-07-29,389.5658874511719
2022-08-01,388.4122619628906
2022-08-02,385.8497619628906
2022-08-03,391.8920593261719
2022-08-04,391.62725830078125
2022-08-05,390.96533203125
2022-08-08,390.511474609375
2022-08-09,388.9606628417969
2022-08-10,397.1304931640625
2022-08-11,397.1304931640625
2022-08-12,403.8535461425781
2022-08-15,405.5177307128906
2022-08-16,406.31195068359375
2022-08-17,403.42791748046875
2022-08-18,404.6004943847656
2022-08-19,399.1634826660156
2022-08-22,390.85186767578125
2022-08-23,389.90625
2022-08-24,391.154541015625
2022-08-25,396.6766052246094
2022-08-26,383.2494812011719
2022-08-29,380.7153015136719
2022-08-30,376.535888671875
2022-08-31,373.6708679199219
2022-09-01,374.8433837890625
2022-09-02,370.890869140625
2022-09-06,369.491455078125
2022-09-07,376.1293640136719
2022-09-08,378.5877990722656
2022-09-09,384.46929931640625
2022-09-12,388.6014099121094
2022-09-13,371.7041015625
2022-09-14,373.1224670410156
2022-09-15,368.88623046875
2022-09-16,366.0720520019531
2022-09-19,368.9109191894531
2022-09-20,364.6763610839844
2022-09-21,358.3149719238281
2022-09-22,355.3052673339844
2022-09-23,349.3522033691406
2022-09-26,345.8961181640625
2022-09-27,345.01318359375
2022-09-28,351.8017272949219
2022-09-29,344.4530334472656
2022-09-30,339.1264953613281
2022-10-03,348.0798645019531
2022-10-04,358.86572265625
2022-10-05,358.03009033203125
2022-10-06,354.3367919921875
2022-10-07,344.4530334472656
2022-10-10,341.8230285644531
2022-10-11,339.6582336425781
2022-10-12,338.537841796875
2022-10-13,347.4721984863281
2022-10-14,339.5537414550781
2022-10-17,348.2793273925781
2022-10-18,352.3714294433594
2022-10-19,349.8743591308594
2022-10-20,346.9405212402344
2022-10-21,355.3717041015625
2022-10-24,359.72021484375
2022-10-25,365.4643859863281
2022-10-26,362.7109680175781
2022-10-27,360.77410888671875
2022-10-28,369.3571472167969
2022-10-31,366.6891784667969
2022-11-01,365.0845947265625
2022-11-02,355.9223937988281
2022-11-03,352.25750732421875
2022-11-04,357.3275451660156
2022-11-07,360.74566650390625
2022-11-08,362.6919860839844
2022-11-09,355.21978759765625
2022-11-10,374.7406005859375
2022-11-11,378.3675537109375
2022-11-14,375.1488342285156
2022-11-15,378.3484802246094
2022-11-16,375.46221923828125
2022-11-17,374.31341552734375
2022-11-18,376.0128479003906
2022-11-21,374.6457214355469
2022-11-22,379.68719482421875
2022-11-23,382.0799560546875
2022-11-25,381.99444580078125
2022-11-28,375.89898681640625
2022-11-29,375.2532958984375
2022-11-30,387.0740051269531
2022-12-01,386.7891845703125
2022-12-02,386.3429870605469
2022-12-05,379.3929138183594
2022-12-06,373.9240417480469
2022-12-07,373.2878723144531
2022-12-08,376.2122497558594
2022-12-09,373.40185546875
2022-12-12,378.7852783203125
2022-12-13,381.65264892578125
2022-12-14,379.2125549316406
2022-12-15,369.93634033203125
2022-12-16,365.5688171386719
2022-12-19,362.46893310546875
2022-12-20,362.9649353027344
2022-12-21,368.39215087890625
2022-12-22,363.1365966796875
2022-12-23,365.2254333496094
2022-12-27,363.78521728515625
2022-12-28,359.2641296386719
2022-12-29,365.73095703125
2022-12-30,364.7676086425781
2023-01-03,363.2319641113281
2023-01-04,366.0361022949219
2023-01-05,361.8584899902344
2023-01-06,370.15667724609375
2023-01-09,369.94683837890625
2023-01-10,372.5411682128906
2023-01-11,377.2530517578125
2023-01-12,378.62652587890625
2023-01-13,380.095458984375
2023-01-17,379.3992004394531
2023-01-18,373.4091491699219
2023-01-19,370.6907958984375
2023-01-20,377.5964660644531
2023-01-23,382.12701416015625
2023-01-24,381.7169189453125
2023-01-25,381.8599548339844
2023-01-26,386.0567932128906
2023-01-27,386.9438171386719
2023-01-30,382.08892822265625
2023-01-31,387.7069091796875
2023-02-01,391.8273620605469
2023-02-02,397.5312194824219
2023-02-03,393.3057556152344
2023-02-06,390.9021301269531
2023-02-07,396.0146179199219
2023-02-08,391.6842956542969
2023-02-09,388.2887268066406
2023-02-10,389.1948547363281
2023-02-13,393.7635803222656
2023-02-14,393.5823669433594
2023-02-15,394.86053466796875
2023-02-16,389.4237060546875
2023-02-17,388.45086669921875
2023-02-21,380.6581726074219
2023-02-22,380.1336364746094
2023-02-23,382.1556701660156
2023-02-24,378.07342529296875
2023-02-27,379.3610534667969
2023-02-28,377.9588623046875
2023-03-01,376.5090637207031
2023-03-02,379.4372863769531
2023-03-03,385.5226745605469
2023-03-06,385.78973388671875
2023-03-07,379.87603759765625
2023-03-08,380.49603271484375
2023-03-09,373.4759521484375
2023-03-10,368.0869140625
2023-03-13,367.5622863769531
2023-03-14,373.63812255859375
2023-03-15,371.3012390136719
2023-03-16,377.81585693359375
2023-03-17,373.3981018066406
2023-03-20,376.98858642578125
2023-03-21,381.9386291503906
2023-03-22,375.427978515625
2023-03-23,376.4428405761719
2023-03-24,378.91302490234375
2023-03-27,379.6216125488281
2023-03-28,378.7694091796875
2023-03-29,384.2748718261719
2023-03-30,386.52484130859375
2023-03-31,391.9728088378906
2023-04-03,393.4664001464844
2023-04-04,391.28338623046875
2023-04-05,390.25885009765625
2023-04-06,391.78125
2023-04-10,392.1833801269531
2023-04-11,392.2886962890625
2023-04-12,390.6897277832031
2023-04-13,395.879150390625
2023-04-14,394.9121398925781
2023-04-17,396.32916259765625
2023-04-18,396.5876770019531
2023-04-19,396.52069091796875
2023-04-20,394.35687255859375
2023-04-21,394.6632385253906
2023-04-24,395.07489013671875
2023-04-25,388.8035888671875
2023-04-26,387.1567687988281
2023-04-27,394.8642883300781
2023-04-28,398.2345275878906
2023-05-01,397.8323669433594
2023-05-02,393.3610534667969
2023-05-03,390.6610107421875
2023-05-04,387.8940124511719
2023-05-05,395.07489013671875
2023-05-08,395.1802062988281
2023-05-09,393.4472351074219
2023-05-10,395.2855529785156
2023-05-11,394.59619140625
2023-05-12,394.07916259765625
2023-05-15,395.4387512207031
2023-05-16,392.7961730957031
2023-05-17,397.5643005371094
2023-05-18,401.3940734863281
2023-05-19,400.81005859375
2023-05-22,400.97283935546875
2023-05-23,396.4727783203125
2023-05-24,393.6004333496094
2023-05-25,397.0090026855469
2023-05-26,402.1504821777344
2023-05-30,402.3037109375
2023-05-31,400.0729064941406
2023-06-01,403.8739318847656
2023-06-02,409.7143859863281
2023-06-05,408.92926025390625
2023-06-06,409.8197326660156
2023-06-07,408.40264892578125
2023-06-08,410.8729248046875
2023-06-09,411.610107421875
2023-06-12,415.34423828125
2023-06-13,418.0826110839844
2023-06-14,418.5804138183594
2023-06-15,423.7698669433594
2023-06-16,422.326416015625
2023-06-20,420.1352844238281
2023-06-21,417.9826965332031
2023-06-22,419.49139404296875
2023-06-23,416.3200988769531
2023-06-26,414.6191711425781
2023-06-27,419.1647033691406
2023-06-28,419.3761291503906
2023-06-29,421.029052734375
2023-06-30,425.9974365234375
2023-07-03,426.4876403808594
2023-07-05,425.8533630371094
2023-07-06,422.5186462402344
2023-07-07,421.45184326171875
2023-07-10,422.5186462402344
2023-07-11,425.2094421386719
2023-07-12,428.630615234375
2023-07-13,432.0326843261719
2023-07-14,431.7635803222656
2023-07-17,433.2627258300781
2023-07-18,436.48211669921875
2023-07-19,437.4527282714844
2023-07-20,434.5505065917969
2023-07-21,434.5505065917969
2023-07-24,436.4917297363281
2023-07-25,437.68341064453125
2023-07-26,437.750732421875
2023-07-27,434.8484191894531
2023-07-28,439.1057434082031
2023-07-31,439.9418029785156
2023-08-01,438.682861328125
2023-08-02,432.58050537109375
2023-08-03,431.3406982421875
2023-08-04,429.38983154296875
2023-08-07,433.1378173828125
2023-08-08,431.2542724609375
2023-08-09,428.3712158203125
2023-08-10,428.52490234375
2023-08-11,428.2750549316406
2023-08-14,430.6391296386719
2023-08-15,425.62274169921875
2023-08-16,422.49945068359375
2023-08-17,419.2799987792969
2023-08-18,419.48187255859375
2023-08-21,422.2111511230469
2023-08-22,421.0674743652344
2023-08-23,425.7572326660156
2023-08-24,419.8566589355469
2023-08-25,422.8165283203125
2023-08-28,425.4977722167969
2023-08-29,431.64825439453125
2023-08-30,433.4261474609375
2023-08-31,432.7918701171875
2023-09-01,433.59906005859375
2023-09-05,431.72515869140625
2023-09-06,428.8228759765625
2023-09-07,427.50628662109375
2023-09-08,428.15008544921875
2023-09-11,430.9659729003906
2023-09-12,428.6018371582031
2023-09-13,429.10162353515625
2023-09-14,432.80145263671875
2023-09-15,427.5869445800781
2023-09-18,427.83770751953125
2023-09-19,426.950439453125
2023-09-20,423.0252990722656
2023-09-21,416.0334167480469
2023-09-22,415.0979309082031
2023-09-25,416.843505859375
2023-09-26,410.71954345703125
2023-09-27,410.88348388671875
2023-09-28,413.26556396484375
2023-09-29,412.2625732421875
2023-10-02,412.09869384765625
2023-10-03,406.582275390625
2023-10-04,409.5429992675781
2023-10-05,409.388671875
2023-10-06,414.249267578125
2023-10-09,416.9013671875
2023-10-10,419.0712890625
2023-10-11,420.78790283203125
2023-10-12,418.22259521484375
2023-10-13,416.13946533203125
2023-10-16,420.5177917480469
2023-10-17,420.49853515625
2023-10-18,414.8954162597656
2023-10-19,411.2499694824219
2023-10-20,406.1965026855469
2023-10-23,405.49249267578125
2023-10-24,408.54962158203125
2023-10-25,402.6860656738281
2023-10-26,397.86407470703125
2023-10-27,396.0605773925781
2023-10-30,400.79583740234375
2023-10-31,403.3129577636719
2023-11-01,407.6141357421875
2023-11-02,415.4258117675781
2023-11-03,419.2159423828125
2023-11-06,420.1803283691406
2023-11-07,421.3761901855469
2023-11-08,421.6847839355469
2023-11-09,418.39617919921875
2023-11-10,424.9252014160156
2023-11-13,424.5201416015625
2023-11-14,432.7561340332031
2023-11-15,433.6723327636719
2023-11-16,434.2027282714844
2023-11-17,434.7427673339844
2023-11-20,438.08929443359375
2023-11-21,437.134521484375
2023-11-22,438.82220458984375
2023-11-24,439.0921936035156
2023-11-27,438.30145263671875
2023-11-28,438.7353515625
2023-11-29,438.42681884765625
2023-11-30,440.1531066894531
2023-12-01,442.7569580078125
2023-12-04,440.4327697753906
2023-12-05,440.345947265625
2023-12-06,438.5715026855469
2023-12-07,441.9179382324219
2023-12-08,443.81781005859375
2023-12-11,445.5440979003906
2023-12-12,447.57904052734375
2023-12-13,453.7511901855469
2023-12-14,455.2074279785156
2023-12-15,454.4578857421875
2023-12-18,457.0142822265625
2023-12-19,459.7933654785156
2023-12-20,453.4218444824219
2023-12-21,457.7211608886719
2023-12-22,458.64105224609375
2023-12-26,460.5776672363281
2023-12-27,461.410400390625
2023-12-28,461.58465576171875
2023-12-29,460.2483825683594
2024-01-02,457.6727294921875
2024-01-03,453.93505859375
2024-01-04,452.4728698730469
2024-01-05,453.0926818847656
2024-01-08,459.56097412109375
2024-01-09,458.86370849609375
2024-01-10,461.45880126953125
2024-01-11,461.2554931640625
2024-01-12,461.57501220703125
2024-01-16,459.88043212890625
2024-01-17,457.32415771484375
2024-01-18,461.3910217285156
2024-01-19,467.1428527832031
2024-01-22,468.1304626464844
2024-01-23,469.49578857421875
2024-01-24,470.0090637207031
2024-01-25,472.5653381347656
2024-01-26,471.96502685546875
2024-01-29,475.7026672363281
2024-01-30,475.3347473144531
2024-01-31,467.5785827636719
2024-02-01,473.69830322265625
2024-02-02,478.68505859375
2024-02-05,476.942138671875
2024-02-06,478.32684326171875
2024-02-07,482.3162841796875
2024-02-08,482.52935791015625
2024-02-09,485.31805419921875
2024-02-12,485.10498046875
2024-02-13,478.4236145019531
2024-02-14,482.7713623046875
2024-02-15,486.10235595703125
2024-02-16,483.68157958984375
2024-02-20,481.0187072753906
2024-02-21,481.4544677734375
2024-02-22,491.4183654785156
2024-02-23,491.7572937011719
2024-02-26,489.95623779296875
2024-02-27,490.8664245605469
2024-02-28,490.2176513671875
2024-02-29,491.9800109863281
2024-03-01,496.598876953125
2024-03-04,496.0662841796875
2024-03-05,491.1085510253906
2024-03-06,493.5970153808594
2024-03-07,498.4967956542969
2024-03-08,495.5046691894531
2024-03-11,495.07861328125
2024-03-12,500.4044189453125
2024-03-13,499.6199951171875
2024-03-14,498.6322937011719
2024-03-15,495.20843505859375
2024-03-18,498.15155029296875
2024-03-19,500.9197692871094
2024-03-20,505.552978515625
2024-03-21,507.2237548828125
2024-03-22,506.2620849609375
2024-03-25,504.8634338378906
2024-03-26,503.9308166503906
2024-03-27,508.1658630371094
2024-03-28,508.06866455078125
2024-04-01,507.1848449707031
2024-04-02,503.9600524902344
2024-04-03,504.513671875
2024-04-04,498.35552978515625
2024-04-05,503.5617370605469
2024-04-08,503.84344482421875
2024-04-09,504.42620849609375
2024-04-10,499.3753662109375
2024-04-11,503.1440734863281
2024-04-12,496.19921875
2024-04-15,489.9826965332031
2024-04-16,489.0891418457031
2024-04-17,486.1946105957031
2024-04-18,485.194091796875
2024-04-19,480.959228515625
2024-04-22,485.3883361816406
2024-04-23,491.1482849121094
2024-04-24,490.9151611328125
2024-04-25,489.05023193359375
2024-04-26,493.6835021972656
2024-04-29,495.43182373046875
2024-04-30,487.5835876464844
2024-05-01,486.00030517578125
2024-05-02,490.54608154296875
2024-05-03,496.6266174316406
2024-05-06,501.7551574707031
2024-05-07,502.308837890625
2024-05-08,502.3572998046875
2024-05-09,505.2519226074219
2024-05-10,505.9027404785156
2024-05-13,505.9705505371094
2024-05-14,508.2921447753906
2024-05-15,514.5863037109375
2024-05-16,513.5274658203125
2024-05-17,514.2656860351562
2024-05-20,514.8582153320312
2024-05-21,516.1209106445312
2024-05-22,514.6348266601562
2024-05-23,510.8758544921875
2024-05-24,514.2561645507812
2024-05-28,514.6154174804688
2024-05-29,511.0117492675781
2024-05-30,507.6218566894531
2024-05-31,512.2453002929688
2024-06-03,512.6631469726562
2024-06-04,513.2361450195312
2024-06-05,519.3360595703125
2024-06-06,519.3262939453125
2024-06-07,518.6949462890625
2024-06-10,520.2975463867188
2024-06-11,521.5505981445312
2024-06-12,525.8341674804688
2024-06-13,526.8928833007812
2024-06-14,527.2135620117188
2024-06-17,531.4095458984375
2024-06-18,532.7596435546875
2024-06-20,531.3125
2024-06-21,530.60009765625
2024-06-24,528.8753051757812
2024-06-25,530.9119262695312
2024-06-26,531.5745849609375
2024-06-27,532.41259765625
2024-06-28,530.3175048828125
2024-07-01,531.4088745117188
2024-07-02,534.9852294921875
2024-07-03,537.37255859375
2024-07-05,540.4713134765625
2024-07-08,541.0950317382812
2024-07-09,541.6212158203125
2024-07-10,546.980712890625
2024-07-11,542.2642822265625
2024-07-12,545.6847534179688
2024-07-15,547.1854248046875
2024-07-16,550.43017578125
2024-07-17,542.7125854492188
2024-07-18,538.5419311523438
2024-07-19,534.9656982421875
2024-07-22,540.4811401367188
2024-07-23,539.6333618164062
2024-07-24,527.4038696289062
2024-07-25,524.656005859375
2024-07-26,530.5317993164062
2024-07-29,530.84375
2024-07-30,528.1541137695312
2024-07-31,536.7391357421875
2024-08-01,529.1384887695312
2024-08-02,519.2866821289062
2024-08-05,504.1631164550781
2024-08-06,508.8113098144531
2024-08-07,505.41046142578125
2024-08-08,517.0941772460938
2024-08-09,519.374267578125
2024-08-12,519.6472778320312
2024-08-13,528.193115234375
2024-08-14,529.8595581054688
2024-08-15,538.9413452148438
2024-08-16,540.1497192382812
2024-08-19,545.3143310546875
2024-08-20,544.4275512695312
2024-08-21,546.2984619140625
2024-08-22,542.0109252929688
2024-08-23,547.7700805664062
2024-08-26,546.4642333984375
2024-08-27,547.2144775390625
2024-08-28,544.0377807617188
2024-08-29,544.0866088867188
2024-08-30,549.2803955078125
2024-09-03,537.976806640625
2024-09-04,536.8756103515625
2024-09-05,535.5697631835938
2024-09-06,526.5559692382812
2024-09-09,532.4515991210938
2024-09-10,534.770751953125
2024-09-11,540.2570190429688
2024-09-12,544.8077392578125
2024-09-13,547.653076171875
2024-09-16,548.4618530273438
2024-09-17,548.68603515625
2024-09-18,547.0587158203125
2024-09-19,556.393798828125
2024-09-20,555.43212890625
2024-09-23,556.820068359375
2024-09-24,558.4132080078125
2024-09-25,557.181640625
2024-09-26,559.3906860351562
2024-09-27,558.579345703125
2024-09-30,560.8178100585938
2024-10-01,555.793701171875
2024-10-02,556.0282592773438
2024-10-03,555.01171875
2024-10-04,560.0553588867188
2024-10-07,554.9922485351562
2024-10-08,560.2410888671875
2024-10-09,564.12158203125
2024-10-10,563.1343383789062
2024-10-11,566.5065307617188
2024-10-14,571.1395874023438
2024-10-15,566.7020874023438
2024-10-16,569.1652221679688
2024-10-17,569.2139892578125
2024-10-18,571.403564453125
2024-10-21,570.4651489257812
2024-10-22,570.1620483398438
2024-10-23,564.9523315429688
2024-10-24,566.1741943359375
2024-10-25,565.9786987304688
2024-10-28,567.7283935546875
2024-10-29,568.6471557617188
2024-10-30,566.9268798828125
2024-10-31,555.8132934570312
2024-11-01,558.1590576171875
2024-11-04,556.9568481445312
2024-11-05,563.6914672851562
2024-11-06,577.7080688476562
2024-11-07,582.1748657226562
2024-11-08,584.6967163085938
2024-11-11,585.2539672851562
2024-11-12,583.4359130859375
2024-11-13,583.7194213867188
2024-11-14,579.9658203125
2024-11-15,572.537353515625
2024-11-18,574.8831787109375
2024-11-19,576.9846801757812
2024-11-20,577.1802368164062
2024-11-21,580.2786865234375
2024-11-22,582.0771484375
2024-11-25,584.0516357421875
2024-11-26,587.101318359375
2024-11-27,585.3222045898438
2024-11-29,588.958251953125
2024-12-02,590.0139770507812
2024-12-03,590.2876586914062
2024-12-04,593.953125
2024-12-05,592.9756469726562
2024-12-06,594.0997924804688
2024-12-09,591.0404052734375
2024-12-10,589.2026977539062
2024-12-11,593.7577514648438
2024-12-12,590.6983032226562
2024-12-13,590.5809326171875
2024-12-16,593.102783203125
2024-12-17,590.6591796875
2024-12-18,573.0553588867188
2024-12-19,572.8794555664062
2024-12-20,579.76025390625
2024-12-23,583.2320556640625
2024-12-24,589.7147216796875
2024-12-26,589.7539672851562
2024-12-27,583.5458984375
2024-12-30,576.88671875
2024-12-31,574.7880249023438
2025-01-02,573.375732421875
2025-01-03,580.5448608398438
2025-01-06,583.8890991210938
2025-01-07,577.288818359375
2025-01-08,578.1322631835938
2025-01-10,569.3056640625
2025-01-13,570.1883544921875
2025-01-14,570.9729614257812
2025-01-15,581.35888671875
2025-01-16,580.2408447265625
2025-01-17,586.0664672851562
2025-01-21,591.4309692382812
2025-01-22,594.7557983398438
2025-01-23,598.0018920898438
2025-01-24,596.2561645507812
2025-01-27,587.8218994140625
2025-01-28,592.8726196289062
2025-01-29,590.2149047851562
2025-01-30,593.382568359375
2025-01-31,590.2246704101562
2025-02-03,586.2527465820312
2025-02-04,590.1854248046875
2025-02-05,592.5784301757812
2025-02-06,594.6380004882812
2025-02-07,589.1950073242188
2025-02-10,593.1963500976562
2025-02-11,593.6473999023438
2025-02-12,591.7349243164062
2025-02-13,597.9822998046875
2025-02-14,597.9528198242188
2025-02-18,599.7083740234375
2025-02-19,601.12060546875
2025-02-20,598.6198120117188
2025-02-21,588.3809814453125
2025-02-24,585.70361328125
2025-02-25,582.7907104492188
2025-02-26,583.0848999023438
2025-02-27,573.7777099609375
2025-02-28,582.7318725585938
2025-03-03,572.5224609375
2025-03-04,565.74560546875
2025-03-05,571.826171875
2025-03-06,561.675537109375
2025-03-07,564.8236694335938
2025-03-10,549.779296875
2025-03-11,545.2089233398438
2025-03-12,548.102294921875
2025-03-13,540.7957153320312
2025-03-14,551.96630859375
2025-03-17,556.22265625
2025-03-18,550.2108154296875
2025-03-19,556.2030639648438
2025-03-20,554.5946655273438
2025-03-21,554.777587890625
2025-03-24,564.712890625
2025-03-25,566.0703735351562
2025-03-26,559.3124389648438
2025-03-27,557.8270874023438
2025-03-28,546.5934448242188
2025-03-31,550.2625732421875
2025-04-01,551.8167724609375
2025-04-02,555.308837890625
2025-04-03,527.94287109375
2025-04-04,497.0354309082031
2025-04-07,496.1501159667969
2025-04-08,488.37908935546875
2025-04-09,539.6683349609375
2025-04-10,516.0205688476562
2025-04-11,525.227783203125
2025-04-14,530.3233032226562
2025-04-15,528.837890625
2025-04-16,517.0828247070312
2025-04-17,517.8206787109375
2025-04-21,505.4951171875
2025-04-22,518.64697265625
2025-04-23,526.68359375
2025-04-24,537.769775390625
2025-04-25,541.6553344726562
2025-04-28,541.86181640625
2025-04-29,545.2752685546875
2025-04-30,545.49169921875
2025-05-01,549.3575439453125
2025-05-02,557.5123291015625
2025-05-05,554.3153686523438
2025-05-06,549.68212890625
2025-05-07,551.9938354492188
2025-05-08,555.8400268554688
2025-05-09,555.1317749023438
2025-05-12,573.4774169921875
2025-05-13,577.2646484375
2025-05-14,578.0023803710938
2025-05-15,580.8256225585938
2025-05-16,584.5045166015625
2025-05-19,585.1439208984375
2025-05-20,583.1765747070312
2025-05-21,573.3495483398438
2025-05-22,573.5758666992188
2025-05-23,569.66064453125
2025-05-27,581.5042724609375
2025-05-28,578.1401977539062
2025-05-29,580.4222412109375
2025-05-30,579.7730712890625
2025-06-02,583.038818359375
2025-06-03,586.3637084960938
2025-06-04,586.206298828125
2025-06-05,583.373291015625
2025-06-06,589.364013671875
2025-06-09,589.8950805664062
2025-06-10,593.23974609375
2025-06-11,591.5476684570312
2025-06-12,593.8987426757812
2025-06-13,587.2589721679688
2025-06-16,592.8461303710938
2025-06-17,587.7802124023438
2025-06-18,587.691650390625
2025-06-20,586.3114624023438
2025-06-23,592.1026611328125
2025-06-24,598.6438598632812
2025-06-25,598.979248046875
2025-06-26,603.6655883789062
2025-06-27,606.6648559570312
2025-06-30,609.5653686523438
2025-07-01,609.3681030273438
2025-07-02,612.1305541992188
2025-07-03,616.9549560546875
2025-07-07,612.357421875
2025-07-08,612.0220336914062
2025-07-09,615.692138671875
2025-07-10,617.4285278320312
2025-07-11,615.2579956054688
2025-07-14,616.4320678710938
2025-07-15,613.7979125976562
2025-07-16,615.8499145507812
2025-07-17,619.6187744140625
2025-07-18,619.1649169921875
2025-07-21,620.3389892578125
2025-07-22,620.4276733398438
2025-07-23,625.7060546875
2025-07-24,625.9132080078125
2025-07-25,628.5572509765625
2025-07-28,628.3994140625
2025-07-29,626.741943359375
2025-07-30,625.9526977539062
2025-07-31,623.6046142578125
2025-08-01,613.3834838867188
2025-08-04,622.7067260742188
2025-08-05,619.5496215820312
2025-08-06,624.2952880859375
2025-08-07,623.7723388671875
2025-08-08,628.63623046875
2025-08-11,627.39306640625
2025-08-12,634.0723266601562
2025-08-13,636.2428588867188
2025-08-14,636.3020629882812
2025-08-15,634.8123168945312
2025-08-18,634.674072265625
2025-08-19,631.23095703125
2025-08-20,629.5537719726562
2025-08-21,627.028076171875
2025-08-22,636.6571655273438
2025-08-25,633.855224609375
2025-08-26,636.5092163085938
2025-08-27,637.95947265625
2025-08-28,640.2188110351562
2025-08-29,636.400634765625
2025-09-02,631.6847534179688
2025-09-03,635.1082153320312
2025-09-04,640.4161376953125
2025-09-05,638.5612182617188
2025-09-08,640.1300048828125
2025-09-09,641.60986328125
2025-09-10,643.4647216796875
2025-09-11,648.8119506835938
2025-09-12,648.5948486328125
2025-09-15,652.0479736328125
2025-09-16,651.1502075195312
2025-09-17,650.3412475585938
2025-09-18,653.3798828125
2025-09-19,656.6160278320312
2025-09-22,659.7225341796875
2025-09-23,656.1312866210938
2025-09-24,654.043701171875
2025-09-25,651.0263061523438
2025-09-26,654.756103515625
2025-09-29,656.5962524414062
2025-09-30,659.0695190429688
2025-10-01,661.3153076171875
2025-10-02,662.0770263671875
2025-10-03,662.0671997070312
2025-10-06,664.4415283203125
2025-10-07,661.9781494140625
2025-10-08,665.925537109375
2025-10-09,663.996337890625
2025-10-10,646.0499877929688
2025-10-13,655.9630126953125
2025-10-14,655.1616821289062
2025-10-15,658.0703125
2025-10-16,653.588623046875
2025-10-17,657.2986450195312
2025-10-20,664.1348876953125
2025-10-21,664.1249389648438
2025-10-22,660.6722412109375
2025-10-23,664.5899658203125
2025-10-24,670.0213623046875
2025-10-27,677.9260864257812
2025-10-28,679.7266235351562
2025-10-29,680.0531616210938
2025-10-30,672.5738525390625
2025-10-31,674.7799682617188
2025-11-03,676.04638671875
2025-11-04,668.0328369140625
2025-11-05,670.3478393554688
2025-11-06,663.1554565429688
2025-11-07,663.808349609375
2025-11-10,674.1666259765625
2025-11-11,675.7099609375
2025-11-12,676.0859985351562
2025-11-13,664.8670043945312
2025-11-14,664.7581176757812
2025-11-17,658.56494140625
2025-11-18,653.0346069335938
2025-11-19,655.5574340820312
2025-11-20,645.5652465820312
2025-11-21,651.9959106445312
2025-11-24,661.5922241210938
2025-11-25,667.815185546875
2025-11-26,672.4254760742188
2025-11-28,676.0958251953125
2025-12-01,673.0090942382812
2025-12-02,674.2557373046875
2025-12-03,676.5905151367188
2025-12-04,677.0851440429688
2025-12-05,678.3712768554688
2025-12-08,676.3333129882812
2025-12-09,675.74951171875
2025-12-10,680.2312622070312
2025-12-11,681.8141479492188
2025-12-12,674.4832763671875
2025-12-15,673.4641723632812
2025-12-16,671.6240844726562
2025-12-17,664.2338256835938
2025-12-18,669.2496337890625
2025-12-19,675.3153686523438
2025-12-22,679.5225219726562
2025-12-23,682.628173828125
2025-12-24,685.0294799804688
2025-12-26,684.9600219726562
2025-12-29,682.51904296875
2025-12-30,681.6856079101562
2025-12-31,676.635009765625
2026-01-02,677.8753051757812
2026-01-05,682.3900146484375
2026-01-06,686.4483642578125
2026-01-07,684.2356567382812
2026-01-08,684.1661987304688
2026-01-09,688.6908569335938
2026-01-12,689.7723999023438
2026-01-13,688.3931884765625
2026-01-14,685.0096435546875
2026-01-15,686.8750610351562
2026-01-16,686.2994995117188
2026-01-20,672.32861328125
2026-01-21,680.0880737304688
2026-01-22,683.6403198242188
2026-01-23,683.8883056640625
2026-01-26,687.3612060546875
2026-01-27,690.0997924804688
2026-01-28,690.0303344726562
2026-01-29,688.6610717773438
2026-01-30,686.6071166992188
2026-02-02,690.0205078125
2026-02-03,684.18603515625
2026-02-04,680.8719482421875
2026-02-05,672.3683471679688
2026-02-06,685.267578125
2026-02-09,688.5718383789062
2026-02-10,686.7559204101562
2026-02-11,686.5972290039062
2026-02-12,675.9901123046875
2026-02-13,676.46630859375
2026-02-17,677.5578002929688
2026-02-18,680.9711303710938
2026-02-19,679.1751098632812
2026-02-20,684.0868530273438
2026-02-23,677.1013793945312
2026-02-24,682.0228881835938
2026-02-25,687.7780151367188
2026-02-26,683.957763671875
2026-02-27,680.6734619140625
2026-03-02,681.0604858398438
2026-03-03,675.057373046875
2026-03-04,679.8201293945312
2026-03-05,676.02978515625
2026-03-06,667.1689453125
2026-03-09,673.0133666992188
2026-03-10,671.9317626953125
2026-03-11,671.08837890625
2026-03-12,660.89794921875
2026-03-13,657.1571655273438
2026-03-16,663.844970703125
2026-03-17,665.5912475585938
2026-03-18,656.3037719726562
2026-03-19,654.6864624023438
2026-03-20,645.301025390625
2026-03-23,652.07666015625
2026-03-24,649.8877563476562
2026-03-25,653.5093994140625
2026-03-26,641.8385620117188
2026-03-27,630.8939819335938
2026-03-30,628.78466796875
2026-03-31,647.0620727539062
2026-04-01,651.9373779296875
2026-04-02,652.5244140625
2026-04-06,655.6088256835938
2026-04-07,655.8972778320312
2026-04-08,672.6027221679688
2026-04-09,676.4829711914062
2026-04-10,676.0353393554688
2026-04-13,682.641845703125
2026-04-14,690.959716796875
2026-04-15,696.412109375
2026-04-16,698.1234130859375
2026-04-17,706.5607299804688
2026-04-20,705.1477661132812
2026-04-21,700.53125
2026-04-22,707.6253051757812
2026-04-23,704.8792114257812
2026-04-24,710.341552734375
2026-04-27,711.5653076171875
2026-04-28,708.1028442382812
2026-04-29,707.993408203125
2026-04-30,715.0377197265625
2026-05-01,717.0177001953125
2026-05-04,714.3909912109375
2026-05-05,720.1220092773438
2026-05-06,730.1312866210938
2026-05-07,727.8926391601562
2026-05-08,733.9021606445312
2026-05-11,735.5736694335938
2026-05-12,734.4593505859375
2026-05-13,738.5685424804688
2026-05-14,744.3989868164062
2026-05-15,735.4443969726562
2026-05-18,734.927001953125
2026-05-19,730.0317993164062
2026-05-20,737.5138549804688
2026-05-21,738.9764404296875
2026-05-22,741.8817749023438
2026-05-26,746.8068237304688
2026-05-27,746.677490234375
2026-05-28,750.7965698242188
2026-05-29,752.6671142578125
2026-06-01,754.7167358398438
2026-06-02,755.7415771484375
2026-06-03,750.4384155273438
2026-06-04,753.2740478515625
2026-06-05,733.83251953125
2026-06-08,735.4940795898438
2026-06-09,733.3350219726562
2026-06-10,721.7736206054688
2026-06-11,734.04150390625
2026-06-12,738.0113525390625
2026-06-15,751.0254516601562
2026-06-16,746.5481567382812
2026-06-17,737.225341796875
2026-06-18,744.8902587890625
2026-06-22,742.546142578125
2026-06-23,731.7628784179688
2026-06-24,731.4237060546875
2026-06-25,732.4810791015625
2026-06-26,727.1842651367188
2026-06-29,739.1644897460938
2026-06-30,744.9202270507812
2026-07-01,743.9127197265625
2026-07-02,742.9351806640625
2026-07-06,749.4190673828125
2026-07-07,745.85791015625
2026-07-08,743.5536499023438
2026-07-09,749.8480224609375
2026-07-10,753.0799560546875
2026-07-13,747.3142700195312
2026-07-14,749.9677124023438
2026-07-15,752.9403076171875
2026-07-16,748.8604125976562
2026-07-17,741.4487915039062
2026-07-20,740.2518310546875
2026-07-21,746.426513671875
2026-07-22,745.55859375
2026-07-23,736.3515014648438
2026-07-24,737.099609375
2026-07-27,737.25927734375
2026-07-28,739.0248413085938
2026-07-29,727.6531372070312
2026-07-30,739.852783203125
2026-07-31,745.1796264648438
2026-08-03,755.793212890625
2026-08-04,769.4193725585938
2026-08-05,767.8831787109375
2026-08-06,766.65625
2026-08-07,771.3446044921875
2026-08-10,771.1151733398438
2026-08-11,768.6513061523438
2026-08-12,770.5764770507812
2026-08-13,775.9531860351562
2026-08-14,774.4169921875
2026-08-17,770.7560424804688
2026-08-18,765.5490112304688
2026-08-19,767.1549682617188
2026-08-20,760.7109985351562
2026-08-21,763.8232421875
2026-08-24,761.5787963867188
2026-08-25,764.0127563476562
2026-08-26,764.182373046875
2026-08-27,769.18994140625
2026-08-28,767.4442749023438
2026-08-31,765.1499633789062
2026-09-01,759.89306640625
2026-09-02,763.2646484375
2026-09-03,771.2548217773438
2026-09-04,768.2822265625
2026-09-08,764.0626831054688
2026-09-09,760.5115356445312
2026-09-10,755.9528198242188
2026-09-11,762.3967895507812
2026-09-14,758.9952392578125
2026-09-15,755.513916015625
2026-09-16,752.1821899414062
2026-09-17,760.7109985351562
2026-09-18,761.6900024414062
2026-09-21,773.5
2026-09-22,773.3800048828125
2026-09-23,767.8099975585938
2026-09-24,767.1799926757812
2026-09-25,771.3499755859375
2026-09-28,765.6099853515625
2026-09-29,764.2000122070312
