date,close
2011-04-08,4021.9560546875
2011-04-11,4136.81005859375
2011-04-12,4043.77001953125
2011-04-13,4021.72998046875
2011-04-14,4066.679931640625
2011-04-15,4260.6201171875
2011-04-18,4278.47998046875
2011-04-19,4321.43017578125
2011-04-20,4478.35986328125
2011-04-21,4625.27978515625
2011-04-26,4547.0498046875
2011-04-27,4529.0
2011-04-28,4868.8701171875
2011-04-29,4868.8798828125
2011-05-03,4359.75
2011-05-04,4027.800048828125
2011-05-05,3782.830078125
2011-05-06,3418.909912109375
2011-05-09,3798.659912109375
2011-05-10,3838.60009765625
2011-05-11,3916.530029296875
2011-05-12,3248.75
2011-05-13,3618.56005859375
2011-05-16,3433.52001953125
2011-05-17,3426.489990234375
2011-05-18,3457.43994140625
2011-05-19,3573.35009765625
2011-05-20,3478.35009765625
2011-05-23,3468.239990234375
2011-05-24,3583.139892578125
2011-05-25,3715.0400390625
2011-05-26,3693.010009765625
2011-05-27,3766.929931640625
2011-05-31,3862.699951171875
2011-06-01,3792.699951171875
2011-06-02,3719.7099609375
2011-06-03,3516.7900390625
2011-06-06,3684.570068359375
2011-06-07,3738.489990234375
2011-06-08,3619.530029296875
2011-06-09,3700.429931640625
2011-06-10,3735.3701171875
2011-06-13,3548.3798828125
2011-06-14,3465.409912109375
2011-06-15,3523.320068359375
2011-06-16,3552.260009765625
2011-06-17,3536.239990234375
2011-06-20,3555.10009765625
2011-06-21,3619.010009765625
2011-06-22,3588.0
2011-06-23,3597.949951171875
2011-06-24,3470.02001953125
2011-06-27,3397.969970703125
2011-06-28,3392.93994140625
2011-06-29,3435.860107421875
2011-06-30,3498.77001953125
2011-07-01,3381.840087890625
2011-07-04,3406.699951171875
2011-07-05,3472.60009765625
2011-07-06,3534.5
2011-07-07,3582.409912109375
2011-07-08,3624.330078125
2011-07-11,3632.199951171875
2011-07-12,3487.320068359375
2011-07-13,3671.080078125
2011-07-14,3935.760009765625
2011-07-15,3812.85009765625
2011-07-18,4028.47998046875
2011-07-19,4027.43994140625
2011-07-20,3854.590087890625
2011-07-21,3973.409912109375
2011-07-22,3962.3798828125
2011-07-25,4073.1201171875
2011-07-26,4029.1298828125
2011-07-27,4076.02001953125
2011-07-28,4014.06005859375
2011-07-29,3958.080078125
2011-08-01,3925.989990234375
2011-08-02,3967.889892578125
2011-08-03,4098.68017578125
2011-08-04,4156.56005859375
2011-08-05,3918.830078125
2011-08-08,3980.610107421875
2011-08-09,3830.780029296875
2011-08-10,3825.739990234375
2011-08-11,3912.580078125
2011-08-12,3823.659912109375
2011-08-15,3912.409912109375
2011-08-16,3930.340087890625
2011-08-17,3996.199951171875
2011-08-18,4026.110107421875
2011-08-19,4191.81982421875
2011-08-22,4342.4599609375
2011-08-23,4281.5
2011-08-24,4201.580078125
2011-08-25,3894.0
2011-08-26,4099.64013671875
2011-08-30,4083.489990234375
2011-08-31,4128.3701171875
2011-09-01,4140.31005859375
2011-09-02,4243.08984375
2011-09-05,4263.919921875
2011-09-06,4178.02001953125
2011-09-07,4091.1201171875
2011-09-08,4206.8701171875
2011-09-09,4132.9501953125
2011-09-12,4073.919921875
2011-09-13,3995.010009765625
2011-09-14,4115.759765625
2011-09-15,4026.8701171875
2011-09-16,3989.889892578125
2011-09-19,4038.669921875
2011-09-20,3910.860107421875
2011-09-21,4017.6201171875
2011-09-22,3778.02001953125
2011-09-23,3283.89990234375
2011-09-26,2810.679931640625
2011-09-27,3343.639892578125
2011-09-28,3098.070068359375
2011-09-29,3013.199951171875
2011-09-30,3039.1201171875
2011-10-03,3098.89990234375
2011-10-04,3053.949951171875
2011-10-05,2863.300048828125
2011-10-06,3173.64990234375
2011-10-07,3191.580078125
2011-10-10,3216.419921875
2011-10-11,3130.56005859375
2011-10-12,3282.2099609375
2011-10-13,3190.3701171875
2011-10-14,3175.360107421875
2011-10-17,3223.159912109375
2011-10-18,3093.39990234375
2011-10-19,3190.159912109375
2011-10-20,3072.3798828125
2011-10-21,3073.340087890625
2011-10-24,3163.0400390625
2011-10-25,3192.93994140625
2011-10-26,3322.6201171875
2011-10-27,3347.530029296875
2011-10-28,3534.070068359375
2011-10-31,3416.219970703125
2011-11-01,3289.469970703125
2011-11-02,3375.239990234375
2011-11-03,3464.0
2011-11-04,3387.139892578125
2011-11-07,3439.89990234375
2011-11-08,3455.830078125
2011-11-09,3449.800048828125
2011-11-10,3362.969970703125
2011-11-11,3368.919921875
2011-11-14,3429.659912109375
2011-11-15,3393.7099609375
2011-11-16,3436.570068359375
2011-11-17,3321.81005859375
2011-11-18,3217.0400390625
2011-11-21,3082.27001953125
2011-11-22,3177.0
2011-11-23,3143.050048828125
2011-11-24,3185.89990234375
2011-11-25,3116.050048828125
2011-11-28,3191.75
2011-11-29,3187.719970703125
2011-11-30,3126.85009765625
2011-12-01,3319.31005859375
2011-12-02,3306.31005859375
2011-12-05,3239.3798828125
2011-12-06,3176.510009765625
2011-12-07,3236.31005859375
2011-12-08,3255.22998046875
2011-12-09,3191.360107421875
2011-12-12,3113.469970703125
2011-12-13,3125.39990234375
2011-12-14,2983.760009765625
2011-12-15,2872.0400390625
2011-12-16,2969.72998046875
2011-12-19,2869.919921875
2011-12-20,2919.739990234375
2011-12-21,2966.580078125
2011-12-22,2921.669921875
2011-12-23,2913.659912109375
2011-12-28,2856.669921875
2011-12-29,2608.3701171875
2011-12-30,2809.75
2012-01-03,2869.43994140625
2012-01-04,2909.2900390625
2012-01-05,2883.340087890625
2012-01-06,2931.159912109375
2012-01-09,2876.22998046875
2012-01-10,2959.949951171875
2012-01-11,2971.8798828125
2012-01-12,3048.610107421875
2012-01-13,2954.860107421875
2012-01-16,2980.68994140625
2012-01-17,3031.489990234375
2012-01-18,3005.5400390625
2012-01-19,3069.31005859375
2012-01-20,3026.409912109375
2012-01-23,3234.639892578125
2012-01-24,3184.77001953125
2012-01-25,3156.820068359375
2012-01-26,3324.25
2012-01-27,3337.169921875
2012-01-30,3307.159912109375
2012-01-31,3348.97998046875
2012-02-01,3368.8798828125
2012-02-02,3355.889892578125
2012-02-03,3381.760009765625
2012-02-06,3340.7900390625
2012-02-07,3316.830078125
2012-02-08,3425.429931640625
2012-02-09,3368.590087890625
2012-02-10,3343.6298828125
2012-02-13,3372.429931640625
2012-02-14,3339.5
2012-02-15,3357.39990234375
2012-02-16,3306.5400390625
2012-02-17,3336.39990234375
2012-02-20,3344.260009765625
2012-02-21,3353.199951171875
2012-02-22,3396.010009765625
2012-02-23,3442.81005859375
2012-02-24,3544.409912109375
2012-02-27,3496.4599609375
2012-02-28,3547.239990234375
2012-02-29,3709.6201171875
2012-03-01,3443.5400390625
2012-03-02,3508.27001953125
2012-03-05,3405.530029296875
2012-03-06,3309.840087890625
2012-03-07,3304.820068359375
2012-03-08,3396.449951171875
2012-03-09,3374.489990234375
2012-03-12,3364.419921875
2012-03-13,3345.449951171875
2012-03-14,3271.68994140625
2012-03-15,3223.840087890625
2012-03-16,3214.840087890625
2012-03-19,3231.669921875
2012-03-20,3209.7099609375
2012-03-21,3184.77001953125
2012-03-22,3166.81005859375
2012-03-23,3141.8701171875
2012-03-26,3210.5
2012-03-27,3288.159912109375
2012-03-28,3230.35009765625
2012-03-29,3166.570068359375
2012-03-30,3230.280029296875
2012-04-02,3229.179931640625
2012-04-03,3283.919921875
2012-04-04,3185.280029296875
2012-04-05,3114.530029296875
2012-04-10,3142.25
2012-04-11,3157.14990234375
2012-04-12,3134.2099609375
2012-04-13,3223.31005859375
2012-04-16,3119.1298828125
2012-04-17,3150.969970703125
2012-04-18,3147.949951171875
2012-04-19,3133.969970703125
2012-04-20,3165.800048828125
2012-04-23,3102.9599609375
2012-04-24,3073.050048828125
2012-04-25,3075.010009765625
2012-04-26,3057.050048828125
2012-04-27,3100.840087890625
2012-04-30,3106.7099609375
2012-05-01,3064.85009765625
2012-05-02,3038.929931640625
2012-05-03,3022.969970703125
2012-05-04,2977.1298828125
2012-05-08,2945.139892578125
2012-05-09,2864.4599609375
2012-05-10,2912.219970703125
2012-05-11,2845.47998046875
2012-05-14,2820.5
2012-05-15,2815.489990234375
2012-05-16,2712.909912109375
2012-05-17,2735.780029296875
2012-05-18,2835.31005859375
2012-05-21,2826.25
2012-05-22,2794.3701171875
2012-05-23,2763.47998046875
2012-05-24,2795.300048828125
2012-05-25,2811.199951171875
2012-05-29,2812.070068359375
2012-05-30,2755.300048828125
2012-05-31,2797.080078125
2012-06-01,2725.3798828125
2012-06-06,2922.31005859375
2012-06-07,2914.31005859375
2012-06-08,2803.800048828125
2012-06-11,2849.489990234375
2012-06-12,2840.5
2012-06-13,2873.31005859375
2012-06-14,2874.280029296875
2012-06-15,2852.35009765625
2012-06-18,2829.3701171875
2012-06-19,2867.14990234375
2012-06-20,2817.360107421875
2012-06-21,2774.5400390625
2012-06-22,2668.030029296875
2012-06-25,2658.97998046875
2012-06-26,2730.60009765625
2012-06-27,2670.3701171875
2012-06-28,2667.85009765625
2012-06-29,2694.68994140625
2012-07-02,2722.4599609375
2012-07-03,2778.159912109375
2012-07-04,2797.030029296875
2012-07-05,2818.889892578125
2012-07-06,2718.360107421875
2012-07-09,2710.320068359375
2012-07-10,2743.1201171875
2012-07-11,2697.320068359375
2012-07-12,2653.510009765625
2012-07-13,2734.080078125
2012-07-16,2691.199951171875
2012-07-17,2727.989990234375
2012-07-18,2689.159912109375
2012-07-19,2730.909912109375
2012-07-20,2693.080078125
2012-07-23,2681.050048828125
2012-07-24,2679.030029296875
2012-07-25,2696.909912109375
2012-07-26,2766.510009765625
2012-07-27,2758.530029296875
2012-07-30,2749.47998046875
2012-07-31,2805.159912109375
2012-08-01,2772.300048828125
2012-08-02,2727.510009765625
2012-08-03,2710.570068359375
2012-08-06,2757.22998046875
2012-08-07,2785.050048828125
2012-08-08,2769.10009765625
2012-08-09,2786.97998046875
2012-08-10,2773.02001953125
2012-08-13,2789.840087890625
2012-08-14,2768.919921875
2012-08-15,2749.0
2012-08-16,2768.860107421875
2012-08-17,2804.639892578125
2012-08-20,2794.60009765625
2012-08-21,2876.1201171875
2012-08-22,2916.860107421875
2012-08-23,3015.280029296875
2012-08-24,3020.219970703125
2012-08-28,3063.840087890625
2012-08-29,3055.860107421875
2012-08-30,3048.860107421875
2012-08-31,3034.909912109375
2012-09-03,3156.1201171875
2012-09-04,3189.889892578125
2012-09-05,3191.85009765625
2012-09-06,3268.3798828125
2012-09-07,3203.7099609375
2012-09-10,3340.820068359375
2012-09-11,3332.820068359375
2012-09-12,3373.550048828125
2012-09-13,3281.050048828125
2012-09-14,3451.030029296875
2012-09-17,3433.02001953125
2012-09-18,3386.260009765625
2012-09-19,3444.8798828125
2012-09-20,3405.070068359375
2012-09-21,3448.780029296875
2012-09-24,3353.22998046875
2012-09-25,3381.030029296875
2012-09-26,3368.070068359375
2012-09-27,3374.989990234375
2012-09-28,3444.5400390625
2012-10-01,3414.60009765625
2012-10-02,3464.27001953125
2012-10-03,3451.31005859375
2012-10-04,3475.1298828125
2012-10-05,3464.14990234375
2012-10-08,3364.639892578125
2012-10-09,3366.590087890625
2012-10-10,3358.60009765625
2012-10-11,3404.2900390625
2012-10-12,3358.530029296875
2012-10-15,3301.77001953125
2012-10-16,3259.989990234375
2012-10-17,3282.81005859375
2012-10-18,3278.800048828125
2012-10-19,3213.169921875
2012-10-22,3197.159912109375
2012-10-23,3151.409912109375
2012-10-24,3175.22998046875
2012-10-25,3188.110107421875
2012-10-26,3147.330078125
2012-10-29,3162.1298828125
2012-10-30,3178.0
2012-10-31,3207.780029296875
2012-11-01,3245.5
2012-11-02,3171.929931640625
2012-11-05,3071.469970703125
2012-11-06,3120.1201171875
2012-11-07,3193.6201171875
2012-11-08,3149.860107421875
2012-11-09,3195.5400390625
2012-11-12,3242.1298828125
2012-11-13,3237.1298828125
2012-11-14,3227.159912109375
2012-11-15,3236.06005859375
2012-11-16,3206.219970703125
2012-11-19,3245.860107421875
2012-11-20,3297.489990234375
2012-11-21,3279.570068359375
2012-11-22,3307.35009765625
2012-11-23,3319.22998046875
2012-11-26,3385.68994140625
2012-11-27,3382.669921875
2012-11-28,3362.760009765625
2012-11-29,3353.7900390625
2012-11-30,3405.409912109375
2012-12-03,3319.860107421875
2012-12-04,3307.909912109375
2012-12-05,3285.02001953125
2012-12-06,3261.14990234375
2012-12-07,3263.10009765625
2012-12-10,3311.659912109375
2012-12-11,3294.739990234375
2012-12-12,3287.75
2012-12-13,3246.989990234375
2012-12-14,3230.070068359375
2012-12-17,3199.169921875
2012-12-18,3216.02001953125
2012-12-19,3115.679931640625
2012-12-20,3090.81005859375
2012-12-21,2968.6201171875
2012-12-24,2998.31005859375
2012-12-27,2954.52001953125
2012-12-28,2994.2099609375
2012-12-31,2974.25
2013-01-02,3065.5400390625
2013-01-03,3069.47998046875
2013-01-04,2911.56005859375
2013-01-07,2992.889892578125
2013-01-08,3017.679931640625
2013-01-09,3017.64990234375
2013-01-10,3027.5400390625
2013-01-11,3045.3798828125
2013-01-14,3054.219970703125
2013-01-15,3096.8798828125
2013-01-16,3100.820068359375
2013-01-17,3127.590087890625
2013-01-18,3159.330078125
2013-01-21,3167.169921875
2013-01-22,3171.10009765625
2013-01-23,3199.860107421875
2013-01-24,3162.10009765625
2013-01-25,3133.27001953125
2013-01-28,3064.669921875
2013-01-29,3083.5
2013-01-30,3112.25
2013-01-31,3179.72998046875
2013-02-01,3120.1298828125
2013-02-04,3127.969970703125
2013-02-05,3177.570068359375
2013-02-06,3146.760009765625
2013-02-07,3151.68994140625
2013-02-08,3128.820068359375
2013-02-11,3092.97998046875
2013-02-12,3061.18994140625
2013-02-13,3080.510009765625
2013-02-14,3065.090087890625
2013-02-15,2995.580078125
2013-02-18,2977.610107421875
2013-02-19,2977.580078125
2013-02-20,2889.2099609375
2013-02-21,2850.469970703125
2013-02-22,2857.389892578125
2013-02-25,2895.010009765625
2013-02-26,2853.2900390625
2013-02-27,2885.02001953125
2013-02-28,2873.080078125
2013-03-01,2779.760009765625
2013-03-04,2847.14990234375
2013-03-05,2870.93994140625
2013-03-06,2852.050048828125
2013-03-07,2878.81005859375
2013-03-08,2855.9599609375
2013-03-11,2867.77001953125
2013-03-12,2902.469970703125
2013-03-13,2889.5400390625
2013-03-14,2841.8798828125
2013-03-15,2868.639892578125
2013-03-18,2857.6298828125
2013-03-19,2862.56005859375
2013-03-20,2867.489990234375
2013-03-21,2868.449951171875
2013-03-22,2883.300048828125
2013-03-25,2844.510009765625
2013-03-26,2860.35009765625
2013-03-27,2810.719970703125
2013-03-28,2841.43994140625
2013-04-02,2773.820068359375
2013-04-03,2697.39990234375
2013-04-04,2658.68994140625
2013-04-05,2675.52001953125
2013-04-08,2705.18994140625
2013-04-09,2703.179931640625
2013-04-10,2751.760009765625
2013-04-11,2734.860107421875
2013-04-12,2717.969970703125
2013-04-15,2335.0
2013-04-16,2328.030029296875
2013-04-17,2312.1298828125
2013-04-18,2331.93994140625
2013-04-19,2346.800048828125
2013-04-22,2340.77001953125
2013-04-23,2282.219970703125
2013-04-24,2272.280029296875
2013-04-25,2310.93994140625
2013-04-26,2382.320068359375
2013-04-29,2407.0400390625
2013-04-30,2421.889892578125
2013-05-01,2377.22998046875
2013-05-02,2349.43994140625
2013-05-03,2404.949951171875
2013-05-07,2355.260009765625
2013-05-08,2366.139892578125
2013-05-09,2386.93994140625
2013-05-10,2317.5
2013-05-13,2346.179931640625
2013-05-14,2324.340087890625
2013-05-15,2267.7900390625
2013-05-16,2207.280029296875
2013-05-17,2233.030029296875
2013-05-20,2147.68994140625
2013-05-21,2225.0
2013-05-22,2242.830078125
2013-05-23,2227.929931640625
2013-05-24,2218.97998046875
2013-05-28,2216.89990234375
2013-05-29,2216.8798828125
2013-05-30,2248.580078125
2013-05-31,2237.64990234375
2013-06-03,2223.68994140625
2013-06-04,2231.60009765625
2013-06-05,2217.699951171875
2013-06-06,2242.4599609375
2013-06-07,2240.449951171875
2013-06-10,2162.06005859375
2013-06-11,2139.239990234375
2013-06-12,2159.0400390625
2013-06-13,2163.969970703125
2013-06-14,2150.070068359375
2013-06-17,2167.840087890625
2013-06-18,2160.8798828125
2013-06-19,2143.02001953125
2013-06-20,2006.199951171875
2013-06-21,1969.510009765625
2013-06-24,1947.6400146484375
2013-06-25,1959.510009765625
2013-06-26,1850.4599609375
2013-06-27,1844.5
2013-06-28,1869.25
2013-07-01,1926.6700439453125
2013-07-02,1944.489990234375
2013-07-03,1937.530029296875
2013-07-04,1939.5
2013-07-05,1914.699951171875
2013-07-08,1898.780029296875
2013-07-09,1892.81005859375
2013-07-10,1919.550048828125
2013-07-11,1967.0899658203125
2013-07-12,1948.239990234375
2013-07-15,1964.030029296875
2013-07-16,1976.8900146484375
2013-07-17,1964.97998046875
2013-07-18,1931.27001953125
2013-07-19,1924.31005859375
2013-07-22,1976.760009765625
2013-07-23,1999.530029296875
2013-07-24,2020.81005859375
2013-07-25,1973.72998046875
2013-07-26,1983.6099853515625
2013-07-29,1991.469970703125
2013-07-30,1949.8399658203125
2013-07-31,1975.5799560546875
2013-08-01,1953.760009765625
2013-08-02,1927.97998046875
2013-08-05,1957.6400146484375
2013-08-06,1959.5999755859375
2013-08-07,1909.050048828125
2013-08-08,1954.5999755859375
2013-08-09,2012.0400390625
2013-08-12,2063.97998046875
2013-08-13,2125.8701171875
2013-08-14,2129.81005859375
2013-08-15,2179.320068359375
2013-08-16,2261.510009765625
2013-08-19,2301.06005859375
2013-08-20,2265.3701171875
2013-08-21,2272.280029296875
2013-08-22,2285.139892578125
2013-08-23,2284.1201171875
2013-08-27,2405.85009765625
2013-08-28,2450.389892578125
2013-08-29,2387.969970703125
2013-08-30,2341.389892578125
2013-09-02,2374.0
2013-09-03,2397.739990234375
2013-09-04,2348.18994140625
2013-09-05,2329.35009765625
2013-09-06,2282.780029296875
2013-09-09,2341.1298828125
2013-09-10,2309.419921875
2013-09-11,2268.7900390625
2013-09-12,2245.0
2013-09-13,2150.889892578125
2013-09-16,2166.669921875
2013-09-17,2175.56005859375
2013-09-18,2126.02001953125
2013-09-19,2277.5
2013-09-20,2251.72998046875
2013-09-23,2146.699951171875
2013-09-24,2122.909912109375
2013-09-25,2146.64990234375
2013-09-26,2175.340087890625
2013-09-27,2139.669921875
2013-09-30,2146.530029296875
2013-10-01,2148.489990234375
2013-10-02,2093.02001953125
2013-10-03,2135.570068359375
2013-10-04,2143.469970703125
2013-10-07,2155.280029296875
2013-10-08,2207.72998046875
2013-10-09,2187.89990234375
2013-10-10,2171.050048828125
2013-10-11,2130.429931640625
2013-10-14,2130.360107421875
2013-10-15,2028.3800048828125
2013-10-16,2110.52001953125
2013-10-17,2150.090087890625
2013-10-18,2164.919921875
2013-10-21,2186.6201171875
2013-10-22,2183.6298828125
2013-10-23,2230.1298828125
2013-10-24,2243.9599609375
2013-10-25,2212.260009765625
2013-10-28,2231.0
2013-10-29,2208.2099609375
2013-10-30,2250.739990234375
2013-10-31,2197.27001953125
2013-11-01,2152.7099609375
2013-11-04,2162.530029296875
2013-11-05,2137.77001953125
2013-11-06,2171.389892578125
2013-11-07,2152.570068359375
2013-11-08,2147.590087890625
2013-11-11,2117.340087890625
2013-11-12,2088.1201171875
2013-11-13,2048.510009765625
2013-11-14,2056.409912109375
2013-11-15,2042.0400390625
2013-11-18,2042.4599609375
2013-11-19,2022.6500244140625
2013-11-20,2002.8399658203125
2013-11-21,1976.0999755859375
2013-11-22,1972.1199951171875
2013-11-25,1950.280029296875
2013-11-26,1989.8399658203125
2013-11-27,1976.9599609375
2013-11-28,1955.1700439453125
2013-11-29,1971.969970703125
2013-12-02,1954.0899658203125
2013-12-03,1896.6800537109375
2013-12-04,1884.7900390625
2013-12-05,1925.3299560546875
2013-12-06,1928.280029296875
2013-12-09,1929.2099609375
2013-12-10,1983.5999755859375
2013-12-11,2017.2099609375
2013-12-12,1958.8199462890625
2013-12-13,1934.0699462890625
2013-12-16,1929.06005859375
2013-12-17,1980.47998046875
2013-12-18,1972.5400390625
2013-12-19,1913.1700439453125
2013-12-20,1912.1600341796875
2013-12-23,1916.050048828125
2013-12-24,1919.0
2013-12-27,1970.3699951171875
2013-12-30,1943.5999755859375
2013-12-31,1928.739990234375
2014-01-02,1972.219970703125
2014-01-03,1995.9300537109375
2014-01-06,1982.02001953125
2014-01-07,1980.02001953125
2014-01-08,1930.550048828125
2014-01-09,1932.510009765625
2014-01-10,1958.199951171875
2014-01-13,1986.81005859375
2014-01-14,2004.5899658203125
2014-01-15,1986.77001953125
2014-01-16,1977.8499755859375
2014-01-17,1978.8199462890625
2014-01-20,2006.43994140625
2014-01-21,1980.7099609375
2014-01-22,1964.8599853515625
2014-01-23,1988.5699462890625
2014-01-24,1996.4599609375
2014-01-27,1960.800048828125
2014-01-28,1949.9000244140625
2014-01-29,1945.9300537109375
2014-01-30,1919.2099609375
2014-01-31,1909.300048828125
2014-02-03,1905.280029296875
2014-02-04,1912.1800537109375
2014-02-05,1940.8399658203125
2014-02-06,1991.22998046875
2014-02-07,1964.52001953125
2014-02-10,1997.0799560546875
2014-02-11,1994.0899658203125
2014-02-12,1997.0400390625
2014-02-13,2003.9300537109375
2014-02-14,2084.97998046875
2014-02-17,2140.27001953125
2014-02-18,2112.570068359375
2014-02-19,2150.110107421875
2014-02-20,2134.27001953125
2014-02-21,2149.070068359375
2014-02-24,2179.64990234375
2014-02-25,2147.989990234375
2014-02-26,2159.330078125
2014-02-27,2113.35009765625
2014-02-28,2102.449951171875
2014-03-03,2121.159912109375
2014-03-04,2090.5
2014-03-05,2107.280029296875
2014-03-06,2086.5
2014-03-07,2113.159912109375
2014-03-10,2074.550048828125
2014-03-11,2100.219970703125
2014-03-12,2072.52001953125
2014-03-13,2099.179931640625
2014-03-14,2111.02001953125
2014-03-17,2097.1201171875
2014-03-18,2069.419921875
2014-03-19,2050.6201171875
2014-03-20,1993.280029296875
2014-03-21,2030.81005859375
2014-03-24,1996.1600341796875
2014-03-25,1976.3699951171875
2014-03-26,1979.3199462890625
2014-03-27,1944.7099609375
2014-03-28,1947.6500244140625
2014-03-31,1973.280029296875
2014-04-01,1956.4599609375
2014-04-02,1958.4100341796875
2014-04-03,1959.3800048828125
2014-04-04,1969.239990234375
2014-04-07,1957.3199462890625
2014-04-08,1990.8900146484375
2014-04-09,1965.1800537109375
2014-04-10,1999.739990234375
2014-04-11,1984.9000244140625
2014-04-14,1950.25
2014-04-15,1953.18994140625
2014-04-16,1936.3800048828125
2014-04-17,1938.3299560546875
2014-04-22,1927.3599853515625
2014-04-23,1922.4000244140625
2014-04-24,1882.8599853515625
2014-04-25,1942.1099853515625
2014-04-28,1936.1199951171875
2014-04-29,1909.4300537109375
2014-04-30,1904.469970703125
2014-05-01,1882.7099609375
2014-05-02,1893.56005859375
2014-05-06,1939.9000244140625
2014-05-07,1939.8800048828125
2014-05-08,1901.3399658203125
2014-05-09,1901.3199462890625
2014-05-12,1922.0
2014-05-13,1920.0
2014-05-14,1962.449951171875
2014-05-15,1941.68994140625
2014-05-16,1909.0699462890625
2014-05-19,1930.739990234375
2014-05-20,1912.93994140625
2014-05-21,1906.989990234375
2014-05-22,1931.6600341796875
2014-05-23,1917.8199462890625
2014-05-27,1900.93994140625
2014-05-28,1888.5799560546875
2014-05-29,1861.4000244140625
2014-05-30,1876.18994140625
2014-06-02,1857.3699951171875
2014-06-03,1863.280029296875
2014-06-04,1852.3900146484375
2014-06-05,1857.31005859375
2014-06-06,1879.010009765625
2014-06-09,1886.8499755859375
2014-06-10,1875.969970703125
2014-06-11,1895.68994140625
2014-06-12,1908.510009765625
2014-06-13,1933.1700439453125
2014-06-16,1941.989990234375
2014-06-17,1930.1199951171875
2014-06-18,1947.8699951171875
2014-06-19,1968.5799560546875
2014-06-20,2035.68994140625
2014-06-23,2048.4599609375
2014-06-24,2084.969970703125
2014-06-25,2051.3798828125
2014-06-26,2056.2900390625
2014-06-27,2077.0
2014-06-30,2060.14990234375
2014-07-01,2080.860107421875
2014-07-02,2076.889892578125
2014-07-03,2072.909912109375
2014-07-04,2084.739990234375
2014-07-07,2067.889892578125
2014-07-08,2080.699951171875
2014-07-09,2085.610107421875
2014-07-10,2122.110107421875
2014-07-11,2113.68994140625
2014-07-14,2085.489990234375
2014-07-15,2065.72998046875
2014-07-16,2043.010009765625
2014-07-17,2050.8798828125
2014-07-18,2066.64990234375
2014-07-21,2065.60009765625
2014-07-22,2053.72998046875
2014-07-23,2065.550048828125
2014-07-24,2056.64990234375
2014-07-25,2019.1199951171875
2014-07-28,2035.8299560546875
2014-07-29,2036.800048828125
2014-07-30,2026.9100341796875
2014-07-31,2041.68994140625
2014-08-01,2007.1300048828125
2014-08-04,2008.050048828125
2014-08-05,1993.219970703125
2014-08-06,1951.760009765625
2014-08-07,1980.3499755859375
2014-08-08,1986.25
2014-08-11,1958.56005859375
2014-08-12,1981.22998046875
2014-08-13,1963.449951171875
2014-08-14,1959.47998046875
2014-08-15,1959.4599609375
2014-08-18,1932.760009765625
2014-08-19,1939.6400146484375
2014-08-20,1915.93994140625
2014-08-21,1913.949951171875
2014-08-22,1922.81005859375
2014-08-26,1922.719970703125
2014-08-27,1905.9300537109375
2014-08-28,1948.3299560546875
2014-08-29,1920.6800537109375
2014-09-01,1922.5899658203125
2014-09-02,1893.969970703125
2014-09-03,1884.0799560546875
2014-09-04,1894.9100341796875
2014-09-05,1887.0
2014-09-08,1892.8599853515625
2014-09-09,1874.0899658203125
2014-09-10,1875.06005859375
2014-09-11,1844.4599609375
2014-09-12,1838.52001953125
2014-09-15,1838.4599609375
2014-09-16,1849.2900390625
2014-09-17,1837.43994140625
2014-09-18,1824.5899658203125
2014-09-19,1819.6400146484375
2014-09-22,1749.56005859375
2014-09-23,1767.2900390625
2014-09-24,1751.5
2014-09-25,1727.81005859375
2014-09-26,1729.760009765625
2014-09-29,1733.6500244140625
2014-09-30,1687.280029296875
2014-10-01,1680.3599853515625
2014-10-02,1685.27001953125
2014-10-03,1673.4200439453125
2014-10-06,1678.300048828125
2014-10-07,1711.800048828125
2014-10-08,1710.800048828125
2014-10-09,1739.3699951171875
2014-10-10,1701.8900146484375
2014-10-13,1716.6199951171875
2014-10-14,1725.47998046875
2014-10-15,1677.1400146484375
2014-10-16,1721.489990234375
2014-10-17,1711.6099853515625
2014-10-20,1713.530029296875
2014-10-21,1711.5400390625
2014-10-22,1711.52001953125
2014-10-23,1682.9100341796875
2014-10-24,1694.719970703125
2014-10-27,1693.6800537109375
2014-10-28,1693.6600341796875
2014-10-29,1695.6199951171875
2014-10-30,1654.18994140625
2014-10-31,1597.0
2014-11-03,1592.02001953125
2014-11-04,1589.0400390625
2014-11-05,1510.1600341796875
2014-11-06,1506.2099609375
2014-11-07,1519.989990234375
2014-11-10,1544.5799560546875
2014-11-11,1534.7099609375
2014-11-12,1539.6199951171875
2014-11-13,1551.4300537109375
2014-11-14,1512.969970703125
2014-11-17,1596.699951171875
2014-11-18,1603.5799560546875
2014-11-19,1602.5799560546875
2014-11-20,1596.6500244140625
2014-11-21,1606.489990234375
2014-11-24,1609.3900146484375
2014-11-25,1641.8900146484375
2014-11-26,1636.949951171875
2014-11-27,1618.2099609375
2014-11-28,1573.8399658203125
2014-12-01,1550.1400146484375
2014-12-02,1592.5
2014-12-03,1606.27001953125
2014-12-04,1618.0799560546875
2014-12-05,1609.199951171875
2014-12-08,1602.239990234375
2014-12-09,1613.0699462890625
2014-12-10,1681.0400390625
2014-12-11,1673.1400146484375
2014-12-12,1681.989990234375
2014-12-15,1660.260009765625
2014-12-16,1605.06005859375
2014-12-17,1571.5400390625
2014-12-18,1584.3299560546875
2014-12-19,1562.6400146484375
2014-12-22,1585.25
2014-12-23,1547.7900390625
2014-12-24,1553.68994140625
2014-12-29,1576.260009765625
2014-12-30,1555.56005859375
2014-12-31,1573.27001953125
2015-01-02,1547.6199951171875
2015-01-05,1564.3199462890625
2015-01-06,1604.68994140625
2015-01-07,1608.6099853515625
2015-01-08,1612.530029296875
2015-01-09,1599.7099609375
2015-01-12,1627.239990234375
2015-01-13,1674.5
2015-01-14,1639.02001953125
2015-01-15,1686.280029296875
2015-01-16,1666.5699462890625
2015-01-19,1738.4100341796875
2015-01-20,1753.1700439453125
2015-01-21,1794.510009765625
2015-01-22,1780.7099609375
2015-01-23,1795.4599609375
2015-01-26,1756.010009765625
2015-01-27,1759.9300537109375
2015-01-28,1773.68994140625
2015-01-29,1716.56005859375
2015-01-30,1666.31005859375
2015-02-02,1695.800048828125
2015-02-03,1732.219970703125
2015-02-04,1712.5
2015-02-05,1674.0799560546875
2015-02-06,1695.719970703125
2015-02-09,1671.050048828125
2015-02-10,1654.2900390625
2015-02-11,1669.0400390625
2015-02-12,1663.1199951171875
2015-02-13,1660.1500244140625
2015-02-16,1700.4599609375
2015-02-17,1656.1300048828125
2015-02-18,1616.72998046875
2015-02-19,1647.239990234375
2015-02-20,1608.8199462890625
2015-02-23,1594.97998046875
2015-02-24,1606.780029296875
2015-02-25,1625.469970703125
2015-02-26,1655.969970703125
2015-02-27,1627.4000244140625
2015-03-02,1637.18994140625
2015-03-03,1616.5
2015-03-04,1606.6400146484375
2015-03-05,1593.8199462890625
2015-03-06,1574.1199951171875
2015-03-09,1567.1700439453125
2015-03-10,1553.3800048828125
2015-03-11,1539.5799560546875
2015-03-12,1543.5
2015-03-13,1525.760009765625
2015-03-16,1533.5899658203125
2015-03-17,1531.5999755859375
2015-03-18,1522.72998046875
2015-03-19,1563.0699462890625
2015-03-20,1591.5899658203125
2015-03-23,1646.6600341796875
2015-03-24,1670.260009765625
2015-03-25,1667.2900390625
2015-03-26,1685.969970703125
2015-03-27,1686.93994140625
2015-03-30,1638.6600341796875
2015-03-31,1633.719970703125
2015-04-01,1629.760009765625
2015-04-02,1657.300048828125
2015-04-07,1659.1800537109375
2015-04-08,1657.18994140625
2015-04-09,1604.0400390625
2015-04-10,1628.6199951171875
2015-04-13,1601.010009765625
2015-04-14,1582.300048828125
2015-04-15,1592.1199951171875
2015-04-16,1620.6400146484375
2015-04-17,1609.800048828125
2015-04-20,1583.1800537109375
2015-04-21,1582.1800537109375
2015-04-22,1579.2099609375
2015-04-23,1560.5
2015-04-24,1557.530029296875
2015-04-27,1558.4599609375
2015-04-28,1605.6700439453125
2015-04-29,1621.3900146484375
2015-04-30,1625.31005859375
2015-05-01,1590.8599853515625
2015-05-05,1615.3800048828125
2015-05-06,1614.3800048828125
2015-05-07,1608.4599609375
2015-05-08,1604.510009765625
2015-05-11,1612.3299560546875
2015-05-12,1619.18994140625
2015-05-13,1637.8699951171875
2015-05-14,1711.6300048828125
2015-05-15,1696.8499755859375
2015-05-18,1741.06005859375
2015-05-19,1711.530029296875
2015-05-20,1679.050048828125
2015-05-21,1689.8499755859375
2015-05-22,1696.719970703125
2015-05-26,1651.4000244140625
2015-05-27,1638.5999755859375
2015-05-28,1640.550048828125
2015-05-29,1639.550048828125
2015-06-01,1633.5899658203125
2015-06-02,1642.4200439453125
2015-06-03,1632.5699462890625
2015-06-04,1619.77001953125
2015-06-05,1588.280029296875
2015-06-08,1579.3800048828125
2015-06-09,1586.239990234375
2015-06-10,1586.22998046875
2015-06-11,1560.6400146484375
2015-06-12,1566.52001953125
2015-06-15,1566.469970703125
2015-06-16,1576.2900390625
2015-06-17,1571.3499755859375
2015-06-18,1596.9000244140625
2015-06-19,1585.0899658203125
2015-06-22,1591.9200439453125
2015-06-23,1569.280029296875
2015-06-24,1562.3800048828125
2015-06-25,1550.5699462890625
2015-06-26,1556.449951171875
2015-06-29,1556.4000244140625
2015-06-30,1543.5999755859375
2015-07-01,1536.699951171875
2015-07-02,1534.719970703125
2015-07-03,1537.6500244140625
2015-07-06,1532.6800537109375
2015-07-07,1534.6300048828125
2015-07-08,1473.6600341796875
2015-07-09,1511.989990234375
2015-07-10,1518.8499755859375
2015-07-13,1518.800048828125
2015-07-14,1502.0799560546875
2015-07-15,1505.010009765625
2015-07-16,1467.6400146484375
2015-07-17,1475.489990234375
2015-07-20,1458.72998046875
2015-07-21,1449.8599853515625
2015-07-22,1452.800048828125
2015-07-23,1462.6099853515625
2015-07-24,1424.260009765625
2015-07-27,1443.8699951171875
2015-07-28,1429.1099853515625
2015-07-29,1435.97998046875
2015-07-30,1438.9100341796875
2015-07-31,1431.030029296875
2015-08-03,1447.68994140625
2015-08-04,1429.0
2015-08-05,1427.02001953125
2015-08-06,1433.8800048828125
2015-08-07,1449.5899658203125
2015-08-10,1462.3199462890625
2015-08-11,1504.56005859375
2015-08-12,1509.4599609375
2015-08-13,1506.489990234375
2015-08-14,1528.0999755859375
2015-08-17,1496.5999755859375
2015-08-18,1496.5899658203125
2015-08-19,1458.25
2015-08-20,1523.0799560546875
2015-08-21,1519.1400146484375
2015-08-24,1467.989990234375
2015-08-25,1461.0999755859375
2015-08-26,1415.8800048828125
2015-08-27,1402.1099853515625
2015-08-28,1418.800048828125
2015-09-01,1442.3199462890625
2015-09-02,1430.510009765625
2015-09-03,1445.22998046875
2015-09-04,1443.25
2015-09-07,1428.469970703125
2015-09-08,1437.2900390625
2015-09-09,1451.030029296875
2015-09-10,1446.0999755859375
2015-09-11,1432.3399658203125
2015-09-14,1417.550048828125
2015-09-15,1409.6800537109375
2015-09-16,1425.3800048828125
2015-09-17,1449.9200439453125
2015-09-18,1499.02001953125
2015-09-21,1491.1199951171875
2015-09-22,1467.52001953125
2015-09-23,1453.760009765625
2015-09-24,1452.760009765625
2015-09-25,1472.3900146484375
2015-09-28,1443.8499755859375
2015-09-29,1430.0899658203125
2015-09-30,1438.9100341796875
2015-10-01,1429.0699462890625
2015-10-02,1417.27001953125
2015-10-05,1497.760009765625
2015-10-06,1538.989990234375
2015-10-07,1553.7099609375
2015-10-08,1533.0699462890625
2015-10-09,1570.3699951171875
2015-10-12,1567.3699951171875
2015-10-13,1532.97998046875
2015-10-14,1555.550048828125
2015-10-15,1588.9300537109375
2015-10-16,1575.1600341796875
2015-10-19,1557.4300537109375
2015-10-20,1557.4200439453125
2015-10-21,1546.5999755859375
2015-10-22,1548.5400390625
2015-10-23,1569.1500244140625
2015-10-26,1580.8800048828125
2015-10-27,1551.4000244140625
2015-10-28,1573.969970703125
2015-10-29,1553.3299560546875
2015-10-30,1534.6600341796875
2015-11-02,1512.030029296875
2015-11-03,1510.050048828125
2015-11-04,1498.25
2015-11-05,1474.6700439453125
2015-11-06,1480.5400390625
2015-11-09,1451.0400390625
2015-11-10,1428.449951171875
2015-11-11,1417.6300048828125
2015-11-12,1412.7099609375
2015-11-13,1412.68994140625
2015-11-16,1409.699951171875
2015-11-17,1398.8900146484375
2015-11-18,1391.02001953125
2015-11-19,1394.9300537109375
2015-11-20,1402.77001953125
2015-11-23,1372.2900390625
2015-11-24,1387.97998046875
2015-11-25,1381.0899658203125
2015-11-26,1402.6700439453125
2015-11-27,1384.989990234375
2015-11-30,1382.0
2015-12-01,1394.75
2015-12-02,1387.8599853515625
2015-12-03,1367.22998046875
2015-12-04,1386.8499755859375
2015-12-07,1422.1300048828125
2015-12-08,1397.5799560546875
2015-12-09,1400.510009765625
2015-12-10,1390.6800537109375
2015-12-11,1366.1300048828125
2015-12-14,1345.47998046875
2015-12-15,1348.4100341796875
2015-12-16,1348.3900146484375
2015-12-17,1381.739990234375
2015-12-18,1356.2099609375
2015-12-21,1393.4599609375
2015-12-22,1397.3699951171875
2015-12-23,1406.1800537109375
2015-12-24,1393.4100341796875
2015-12-29,1366.8399658203125
2015-12-30,1356.030029296875
2015-12-31,1356.02001953125
2016-01-04,1373.6199951171875
2016-01-05,1374.5899658203125
2016-01-06,1374.0799560546875
2016-01-07,1376.52001953125
2016-01-08,1377.47998046875
2016-01-11,1370.5699462890625
2016-01-12,1361.72998046875
2016-01-13,1356.81005859375
2016-01-14,1375.4300537109375
2016-01-15,1353.8299560546875
2016-01-18,1361.6400146484375
2016-01-19,1376.3399658203125
2016-01-20,1378.280029296875
2016-01-21,1374.3499755859375
2016-01-22,1390.030029296875
2016-01-25,1394.8900146484375
2016-01-26,1405.6600341796875
2016-01-27,1410.550048828125
2016-01-28,1332.06005859375
2016-01-29,1381.0899658203125
2016-02-01,1405.5699462890625
2016-02-02,1398.68994140625
2016-02-03,1413.3800048828125
2016-02-04,1445.739990234375
2016-02-05,1462.3900146484375
2016-02-08,1465.2900390625
2016-02-09,1504.5
2016-02-10,1482.9100341796875
2016-02-11,1534.8699951171875
2016-02-12,1533.8800048828125
2016-02-15,1496.56005859375
2016-02-16,1505.3699951171875
2016-02-17,1495.5400390625
2016-02-18,1495.530029296875
2016-02-19,1507.280029296875
2016-02-22,1470.949951171875
2016-02-23,1491.52001953125
2016-02-24,1502.2900390625
2016-02-25,1486.5899658203125
2016-02-26,1487.550048828125
2016-02-29,1446.3199462890625
2016-03-01,1469.8399658203125
2016-03-02,1453.1500244140625
2016-03-03,1467.8399658203125
2016-03-04,1512.9300537109375
2016-03-07,1535.4300537109375
2016-03-08,1535.4200439453125
2016-03-09,1497.1600341796875
2016-03-10,1497.1500244140625
2016-03-11,1519.6800537109375
2016-03-14,1529.4300537109375
2016-03-15,1501.969970703125
2016-03-16,1499.010009765625
2016-03-17,1542.1300048828125
2016-03-18,1562.699951171875
2016-03-21,1549.9000244140625
2016-03-22,1557.72998046875
2016-03-23,1527.3199462890625
2016-03-24,1497.9000244140625
2016-03-29,1476.25
2016-03-30,1507.5999755859375
2016-03-31,1507.5799560546875
2016-04-01,1507.5699462890625
2016-04-04,1466.3499755859375
2016-04-05,1488.8800048828125
2016-04-06,1477.0999755859375
2016-04-07,1491.7900390625
2016-04-08,1485.8900146484375
2016-04-11,1525.0400390625
2016-04-12,1564.22998046875
2016-04-13,1566.1700439453125
2016-04-14,1580.8599853515625
2016-04-15,1584.760009765625
2016-04-18,1587.6500244140625
2016-04-19,1628.7900390625
2016-04-20,1663.0799560546875
2016-04-21,1697.3599853515625
2016-04-22,1684.5999755859375
2016-04-25,1652.199951171875
2016-04-26,1661.010009765625
2016-04-27,1699.2099609375
2016-04-28,1700.1700439453125
2016-04-29,1749.6300048828125
2016-05-03,1713.7900390625
2016-05-04,1683.4000244140625
2016-05-05,1702.97998046875
2016-05-06,1696.0999755859375
2016-05-09,1698.0
2016-05-10,1669.5699462890625
2016-05-11,1715.5999755859375
2016-05-12,1688.1500244140625
2016-05-13,1674.4100341796875
2016-05-16,1696.8900146484375
2016-05-17,1673.3599853515625
2016-05-18,1670.4000244140625
2016-05-19,1626.300048828125
2016-05-20,1622.3599853515625
2016-05-23,1597.8199462890625
2016-05-24,1593.8800048828125
2016-05-25,1587.5
2016-05-26,1612.4599609375
2016-05-27,1596.77001953125
2016-05-31,1573.18994140625
2016-06-01,1562.4000244140625
2016-06-02,1565.3199462890625
2016-06-03,1577.050048828125
2016-06-06,1606.3900146484375
2016-06-07,1597.550048828125
2016-06-08,1640.6300048828125
2016-06-09,1670.0
2016-06-10,1696.4300537109375
2016-06-13,1696.3699951171875
2016-06-14,1689.5
2016-06-15,1705.1500244140625
2016-06-16,1734.510009765625
2016-06-17,1701.18994140625
2016-06-20,1697.7099609375
2016-06-21,1700.1400146484375
2016-06-22,1684.449951171875
2016-06-23,1693.25
2016-06-24,1766.6800537109375
2016-06-27,1733.3199462890625
2016-06-28,1720.5799560546875
2016-06-29,1783.22998046875
2016-06-30,1797.9000244140625
2016-07-01,1884.050048828125
2016-07-04,1993.6600341796875
2016-07-05,1931.949951171875
2016-07-06,2000.469970703125
2016-07-07,1953.449951171875
2016-07-08,1930.9100341796875
2016-07-11,2004.280029296875
2016-07-12,1992.510009765625
2016-07-13,1986.6099853515625
2016-07-14,1982.6700439453125
2016-07-15,1971.8800048828125
2016-07-18,1930.699951171875
2016-07-19,1957.1099853515625
2016-07-20,1928.699951171875
2016-07-21,1893.4300537109375
2016-07-22,1928.6500244140625
2016-07-25,1900.199951171875
2016-07-26,1926.6099853515625
2016-07-27,1916.800048828125
2016-07-28,1998.030029296875
2016-07-29,1961.7900390625
2016-08-01,2007.72998046875
2016-08-02,2027.2900390625
2016-08-03,2015.52001953125
2016-08-04,1973.4100341796875
2016-08-05,1979.260009765625
2016-08-08,1924.3800048828125
2016-08-09,1928.27001953125
2016-08-10,1990.4100341796875
2016-08-11,1978.1500244140625
2016-08-12,1944.8499755859375
2016-08-15,1947.719970703125
2016-08-16,1960.9100341796875
2016-08-17,1915.3800048828125
2016-08-18,1935.9100341796875
2016-08-19,1900.1700439453125
2016-08-22,1850.6800537109375
2016-08-23,1857.510009765625
2016-08-24,1843.7900390625
2016-08-25,1810.5
2016-08-26,1827.1099853515625
2016-08-30,1837.800048828125
2016-08-31,1833.8599853515625
2016-09-01,1825.0400390625
2016-09-02,1834.800048828125
2016-09-05,1904.219970703125
2016-09-06,1917.9000244140625
2016-09-07,1949.18994140625
2016-09-08,1950.1500244140625
2016-09-09,1899.239990234375
2016-09-12,1831.6700439453125
2016-09-13,1874.699951171875
2016-09-14,1862.93994140625
2016-09-15,1855.0899658203125
2016-09-16,1850.1800537109375
2016-09-19,1870.6600341796875
2016-09-20,1875.530029296875
2016-09-21,1900.949951171875
2016-09-22,1944.469970703125
2016-09-23,1939.06005859375
2016-09-26,1901.8199462890625
2016-09-27,1899.8499755859375
2016-09-28,1870.47998046875
2016-09-29,1859.699951171875
2016-09-30,1892.93994140625
2016-10-03,1876.239990234375
2016-10-04,1833.1800537109375
2016-10-05,1741.2099609375
2016-10-06,1737.280029296875
2016-10-07,1695.199951171875
2016-10-10,1739.1600341796875
2016-10-11,1709.800048828125
2016-10-12,1705.8599853515625
2016-10-13,1720.52001953125
2016-10-14,1708.760009765625
2016-10-17,1701.8599853515625
2016-10-18,1726.2900390625
2016-10-19,1730.1800537109375
2016-10-20,1721.3599853515625
2016-10-21,1712.5400390625
2016-10-24,1725.199951171875
2016-10-25,1733.97998046875
2016-10-26,1727.1199951171875
2016-10-27,1727.0999755859375
2016-10-28,1722.18994140625
2016-10-31,1736.800048828125
2016-11-01,1783.719970703125
2016-11-02,1813.0400390625
2016-11-03,1767.06005859375
2016-11-04,1789.530029296875
2016-11-07,1781.6500244140625
2016-11-08,1785.5400390625
2016-11-09,1839.300048828125
2016-11-10,1833.4200439453125
2016-11-11,1817.75
2016-11-14,1681.2900390625
2016-11-15,1662.2099609375
2016-11-16,1657.300048828125
2016-11-17,1666.0799560546875
2016-11-18,1614.239990234375
2016-11-21,1630.81005859375
2016-11-22,1638.6099853515625
2016-11-23,1619.0400390625
2016-11-24,1594.5799560546875
2016-11-25,1609.719970703125
2016-11-28,1630.68994140625
2016-11-29,1616.97998046875
2016-11-30,1629.6700439453125
2016-12-01,1593.47998046875
2016-12-02,1598.3499755859375
2016-12-05,1624.699951171875
2016-12-06,1641.300048828125
2016-12-07,1639.3199462890625
2016-12-08,1674.5
2016-12-09,1656.8800048828125
2016-12-12,1648.030029296875
2016-12-13,1662.6700439453125
2016-12-14,1672.4300537109375
2016-12-15,1577.5999755859375
2016-12-16,1568.7900390625
2016-12-19,1563.8499755859375
2016-12-20,1544.280029296875
2016-12-21,1566.75
2016-12-22,1541.3199462890625
2016-12-23,1538.3699951171875
2016-12-28,1549.030029296875
2016-12-29,1569.5400390625
2016-12-30,1587.1099853515625
2017-01-03,1558.699951171875
2017-01-04,1604.6199951171875
2017-01-05,1621.2099609375
2017-01-06,1607.510009765625
2017-01-09,1614.300048828125
2017-01-10,1628.449951171875
2017-01-11,1640.6500244140625
2017-01-12,1652.3599853515625
2017-01-13,1637.6800537109375
2017-01-16,1643.489990234375
2017-01-17,1661.06005859375
2017-01-18,1672.77001953125
2017-01-19,1656.1400146484375
2017-01-20,1650.260009765625
2017-01-23,1674.6300048828125
2017-01-24,1671.18994140625
2017-01-25,1654.0699462890625
2017-01-26,1647.219970703125
2017-01-27,1631.5699462890625
2017-01-30,1670.5899658203125
2017-01-31,1689.1400146484375
2017-02-01,1719.4000244140625
2017-02-02,1730.1300048828125
2017-02-03,1688.0999755859375
2017-02-06,1719.31005859375
2017-02-07,1719.2900390625
2017-02-08,1732.949951171875
2017-02-09,1730.47998046875
2017-02-10,1721.18994140625
2017-02-13,1755.3199462890625
2017-02-14,1748.949951171875
2017-02-15,1746.489990234375
2017-02-16,1767.9599609375
2017-02-17,1758.6600341796875
2017-02-20,1756.1600341796875
2017-02-21,1747.3499755859375
2017-02-22,1758.0699462890625
2017-02-23,1758.050048828125
2017-02-24,1784.4100341796875
2017-02-27,1791.1800537109375
2017-02-28,1785.300048828125
2017-03-01,1790.1700439453125
2017-03-02,1790.1500244140625
2017-03-03,1724.699951171875
2017-03-06,1739.2900390625
2017-03-07,1728.530029296875
2017-03-08,1699.2099609375
2017-03-09,1673.800048828125
2017-03-10,1649.3699951171875
2017-03-13,1662.010009765625
2017-03-14,1660.0400390625
2017-03-15,1651.22998046875
2017-03-16,1704.9200439453125
2017-03-17,1699.0400390625
2017-03-20,1682.3900146484375
2017-03-21,1690.1800537109375
2017-03-22,1716.52001953125
2017-03-23,1713.5799560546875
2017-03-24,1721.3699951171875
2017-03-27,1751.5799560546875
2017-03-28,1751.56005859375
2017-03-29,1770.0899658203125
2017-03-30,1767.1400146484375
2017-03-31,1763.219970703125
2017-04-03,1772.9200439453125
2017-04-04,1790.47998046875
2017-04-05,1782.6500244140625
2017-04-06,1778.719970703125
2017-04-07,1796.27001953125
2017-04-10,1751.31005859375
2017-04-11,1751.2900390625
2017-04-12,1787.3900146484375
2017-04-13,1811.77001953125
2017-04-18,1798.010009765625
2017-04-19,1778.469970703125
2017-04-20,1775.52001953125
2017-04-21,1755.0
2017-04-24,1738.3499755859375
2017-04-25,1741.260009765625
2017-04-26,1716.8399658203125
2017-04-27,1704.1300048828125
2017-04-28,1699.22998046875
2017-05-02,1654.27001953125
2017-05-03,1644.489990234375
2017-05-04,1610.31005859375
2017-05-05,1587.8499755859375
2017-05-08,1598.530029296875
2017-05-09,1582.9000244140625
2017-05-10,1589.7099609375
2017-05-11,1597.5
2017-05-12,1590.6500244140625
2017-05-15,1618.9000244140625
2017-05-16,1631.5699462890625
2017-05-17,1649.1099853515625
2017-05-18,1640.31005859375
2017-05-19,1636.3900146484375
2017-05-22,1653.9000244140625
2017-05-23,1672.4200439453125
2017-05-24,1661.6700439453125
2017-05-25,1673.3599853515625
2017-05-26,1687.0
2017-05-30,1684.97998046875
2017-05-31,1688.8599853515625
2017-06-01,1671.280029296875
2017-06-02,1677.1199951171875
2017-06-05,1709.260009765625
2017-06-06,1713.1400146484375
2017-06-07,1717.02001953125
2017-06-08,1717.010009765625
2017-06-09,1692.5999755859375
2017-06-12,1671.0799560546875
2017-06-13,1640.8199462890625
2017-06-14,1654.4599609375
2017-06-15,1644.68994140625
2017-06-16,1634.9100341796875
2017-06-19,1626.0799560546875
2017-06-20,1618.260009765625
2017-06-21,1610.43994140625
2017-06-22,1617.25
2017-06-23,1629.9100341796875
2017-06-26,1612.300048828125
2017-06-27,1624.9599609375
2017-06-28,1636.6500244140625
2017-06-29,1641.510009765625
2017-06-30,1606.3800048828125
2017-07-03,1607.300048828125
2017-07-04,1575.0999755859375
2017-07-05,1555.5699462890625
2017-07-06,1561.4100341796875
2017-07-07,1544.81005859375
2017-07-10,1484.300048828125
2017-07-11,1512.56005859375
2017-07-12,1543.75
2017-07-13,1555.43994140625
2017-07-14,1532.02001953125
2017-07-17,1567.0699462890625
2017-07-18,1576.81005859375
2017-07-19,1582.6400146484375
2017-07-20,1577.75
2017-07-21,1602.1099853515625
2017-07-24,1608.8800048828125
2017-07-25,1590.3399658203125
2017-07-26,1596.1700439453125
2017-07-27,1637.0999755859375
2017-07-28,1614.6600341796875
2017-07-31,1634.1099853515625
2017-08-01,1632.1400146484375
2017-08-02,1625.2900390625
2017-08-03,1605.780029296875
2017-08-04,1628.1800537109375
2017-08-07,1572.56005859375
2017-08-08,1597.8900146484375
2017-08-09,1617.3699951171875
2017-08-10,1665.1199951171875
2017-08-11,1666.0799560546875
2017-08-14,1654.3299560546875
2017-08-15,1646.510009765625
2017-08-16,1626.02001953125
2017-08-17,1659.1500244140625
2017-08-18,1671.800048828125
2017-08-21,1659.0699462890625
2017-08-22,1659.050048828125
2017-08-23,1662.93994140625
2017-08-24,1650.25
2017-08-25,1659.0
2017-08-29,1715.4599609375
2017-08-30,1699.8499755859375
2017-08-31,1690.0799560546875
2017-09-01,1705.6600341796875
2017-09-04,1734.8399658203125
2017-09-05,1742.6199951171875
2017-09-06,1731.8800048828125
2017-09-07,1733.81005859375
2017-09-08,1774.719970703125
2017-09-11,1739.5799560546875
2017-09-12,1729.81005859375
2017-09-13,1745.3900146484375
2017-09-14,1729.780029296875
2017-09-15,1724.8900146484375
2017-09-18,1708.260009765625
2017-09-19,1671.2099609375
2017-09-20,1693.6099853515625
2017-09-21,1651.68994140625
2017-09-22,1653.6199951171875
2017-09-25,1651.6199951171875
2017-09-26,1657.43994140625
2017-09-27,1645.72998046875
2017-09-28,1638.8900146484375
2017-09-29,1642.77001953125
2017-10-02,1615.43994140625
2017-10-03,1618.3399658203125
2017-10-04,1639.27001953125
2017-10-05,1623.1800537109375
2017-10-06,1619.75
2017-10-09,1648.43994140625
2017-10-10,1667.9100341796875
2017-10-11,1670.81005859375
2017-10-12,1675.1800537109375
2017-10-13,1675.6400146484375
2017-10-16,1696.050048828125
2017-10-17,1666.800048828125
2017-10-18,1651.199951171875
2017-10-19,1658.489990234375
2017-10-20,1663.3399658203125
2017-10-23,1655.489990234375
2017-10-24,1659.3699951171875
2017-10-25,1645.22998046875
2017-10-26,1653.0
2017-10-27,1628.6300048828125
2017-10-30,1630.0400390625
2017-10-31,1638.300048828125
2017-11-01,1649.969970703125
2017-11-02,1663.5899658203125
2017-11-03,1664.06005859375
2017-11-06,1647.449951171875
2017-11-07,1656.18994140625
2017-11-08,1655.199951171875
2017-11-09,1665.4100341796875
2017-11-10,1655.6500244140625
2017-11-13,1648.2900390625
2017-11-14,1649.25
2017-11-15,1666.760009765625
2017-11-16,1659.43994140625
2017-11-17,1663.800048828125
2017-11-20,1669.5899658203125
2017-11-21,1655.449951171875
2017-11-22,1652.02001953125
2017-11-23,1664.6700439453125
2017-11-24,1660.27001953125
2017-11-27,1665.0799560546875
2017-11-28,1662.1400146484375
2017-11-29,1645.0799560546875
2017-11-30,1613.4200439453125
2017-12-01,1598.7900390625
2017-12-04,1589.97998046875
2017-12-05,1585.5799560546875
2017-12-06,1569.010009765625
2017-12-07,1549.030029296875
2017-12-08,1540.739990234375
2017-12-11,1541.6600341796875
2017-12-12,1536.2900390625
2017-12-13,1528.969970703125
2017-12-14,1558.6500244140625
2017-12-15,1556.199951171875
2017-12-18,1566.3699951171875
2017-12-19,1572.6800537109375
2017-12-20,1575.5799560546875
2017-12-21,1571.6700439453125
2017-12-22,1574.5799560546875
2017-12-27,1606.1300048828125
2017-12-28,1629.469970703125
2017-12-29,1641.6199951171875
2018-01-02,1660.530029296875
2018-01-03,1666.8399658203125
2018-01-04,1667.300048828125
2018-01-05,1669.719970703125
2018-01-08,1671.1199951171875
2018-01-09,1659.9100341796875
2018-01-10,1667.6800537109375
2018-01-11,1655.5
2018-01-12,1666.1800537109375
2018-01-15,1686.0799560546875
2018-01-16,1663.6800537109375
2018-01-17,1674.8499755859375
2018-01-18,1663.1600341796875
2018-01-19,1658.27001953125
2018-01-22,1657.72998046875
2018-01-23,1652.3599853515625
2018-01-24,1672.780029296875
2018-01-25,1704.8699951171875
2018-01-26,1693.1800537109375
2018-01-29,1686.7900390625
2018-01-30,1682.8800048828125
2018-01-31,1676.5400390625
2018-02-01,1672.6300048828125
2018-02-02,1667.260009765625
2018-02-05,1641.9100341796875
2018-02-06,1635.0799560546875
2018-02-07,1623.8699951171875
2018-02-08,1590.2900390625
2018-02-09,1591.239990234375
2018-02-12,1598.0
2018-02-13,1615.5
2018-02-14,1613.050048828125
2018-02-15,1636.8599853515625
2018-02-16,1637.8199462890625
2018-02-19,1626.5799560546875
2018-02-20,1611.969970703125
2018-02-21,1598.8199462890625
2018-02-22,1601.719970703125
2018-02-23,1615.800048828125
2018-02-26,1621.5899658203125
2018-02-27,1615.72998046875
2018-02-28,1599.1800537109375
2018-03-01,1587.0
2018-03-02,1599.6300048828125
2018-03-05,1605.9000244140625
2018-03-06,1616.5799560546875
2018-03-07,1619.0
2018-03-08,1602.9300537109375
2018-03-09,1603.4000244140625
2018-03-12,1600.4300537109375
2018-03-13,1605.760009765625
2018-03-14,1614.97998046875
2018-03-15,1606.699951171875
2018-03-16,1602.300048828125
2018-03-19,1583.77001953125
2018-03-20,1580.3499755859375
2018-03-21,1579.8499755859375
2018-03-22,1606.5699462890625
2018-03-23,1607.530029296875
2018-03-26,1615.25
2018-03-27,1618.1500244140625
2018-03-28,1600.1500244140625
2018-03-29,1583.1099853515625
2018-04-03,1606.3599853515625
2018-04-04,1600.510009765625
2018-04-05,1585.4200439453125
2018-04-06,1582.489990234375
2018-04-09,1588.75
2018-04-10,1603.3199462890625
2018-04-11,1610.5999755859375
2018-04-12,1619.3299560546875
2018-04-13,1604.72998046875
2018-04-16,1613.9100341796875
2018-04-17,1616.3199462890625
2018-04-18,1647.4200439453125
2018-04-19,1671.699951171875
2018-04-20,1663.4200439453125
2018-04-23,1646.3499755859375
2018-04-24,1613.280029296875
2018-04-25,1610.3499755859375
2018-04-26,1611.300048828125
2018-04-27,1606.9100341796875
2018-04-30,1592.280029296875
2018-05-01,1579.6199951171875
2018-05-02,1589.3199462890625
2018-05-03,1600.489990234375
2018-05-04,1595.6099853515625
2018-05-08,1598.449951171875
2018-05-09,1597.949951171875
2018-05-10,1613.47998046875
2018-05-11,1629.02001953125
2018-05-14,1617.7900390625
2018-05-15,1594.9300537109375
2018-05-16,1579.8499755859375
2018-05-17,1592.4599609375
2018-05-18,1592.9300537109375
2018-05-21,1588.02001953125
2018-05-22,1611.3299560546875
2018-05-23,1606.449951171875
2018-05-24,1604.489990234375
2018-05-25,1620.02001953125
2018-05-29,1601.0
2018-05-30,1590.780029296875
2018-05-31,1608.25
2018-06-01,1595.5999755859375
2018-06-04,1597.489990234375
2018-06-05,1592.1300048828125
2018-06-06,1607.6600341796875
2018-06-07,1627.0799560546875
2018-06-08,1624.6300048828125
2018-06-11,1628.4599609375
2018-06-12,1637.6800537109375
2018-06-13,1642.52001953125
2018-06-14,1663.8699951171875
2018-06-15,1673.5699462890625
2018-06-18,1613.280029296875
2018-06-19,1588.969970703125
2018-06-20,1582.1500244140625
2018-06-21,1578.25
2018-06-22,1595.719970703125
2018-06-25,1590.81005859375
2018-06-26,1576.219970703125
2018-06-27,1574.75
2018-06-28,1565.010009765625
2018-06-29,1557.22998046875
2018-07-02,1552.3199462890625
2018-07-03,1547.43994140625
2018-07-04,1558.5999755859375
2018-07-05,1549.3499755859375
2018-07-06,1553.7099609375
2018-07-09,1574.050048828125
2018-07-10,1547.3199462890625
2018-07-11,1545.8499755859375
2018-07-12,1538.550048828125
2018-07-13,1535.6199951171875
2018-07-16,1535.5699462890625
2018-07-17,1531.6700439453125
2018-07-18,1499.5999755859375
2018-07-19,1482.0999755859375
2018-07-20,1492.77001953125
2018-07-23,1503.8900146484375
2018-07-24,1506.300048828125
2018-07-25,1511.6199951171875
2018-07-26,1508.68994140625
2018-07-27,1491.18994140625
2018-07-30,1504.260009765625
2018-07-31,1498.4100341796875
2018-08-01,1502.77001953125
2018-08-02,1500.3199462890625
2018-08-03,1491.5699462890625
2018-08-06,1490.06005859375
2018-08-07,1501.699951171875
2018-08-08,1490.030029296875
2018-08-09,1503.1199951171875
2018-08-10,1492.9100341796875
2018-08-13,1474.4100341796875
2018-08-14,1459.8299560546875
2018-08-15,1439.4200439453125
2018-08-16,1418.050048828125
2018-08-17,1423.3699951171875
2018-08-20,1432.550048828125
2018-08-21,1435.43994140625
2018-08-22,1437.8599853515625
2018-08-23,1419.8800048828125
2018-08-24,1419.3800048828125
2018-08-28,1446.5
2018-08-29,1426.0999755859375
2018-08-30,1423.6500244140625
2018-08-31,1422.6700439453125
2018-09-03,1410.0
2018-09-04,1383.2900390625
2018-09-05,1375.510009765625
2018-09-06,1384.719970703125
2018-09-07,1376.93994140625
2018-09-10,1379.800048828125
2018-09-11,1371.050048828125
2018-09-12,1373.949951171875
2018-09-13,1380.72998046875
2018-09-14,1379.739990234375
2018-09-17,1375.3299560546875
2018-09-18,1379.199951171875
2018-09-19,1376.75
2018-09-20,1381.1099853515625
2018-09-21,1390.800048828125
2018-09-24,1389.2900390625
2018-09-25,1386.8499755859375
2018-09-26,1404.7900390625
2018-09-27,1399.43994140625
2018-09-28,1388.260009765625
2018-10-01,1411.989990234375
2018-10-02,1407.6099853515625
2018-10-03,1429.9200439453125
2018-10-04,1419.7099609375
2018-10-05,1420.1800537109375
2018-10-08,1403.6400146484375
2018-10-09,1390.0400390625
2018-10-10,1394.8699951171875
2018-10-11,1397.280029296875
2018-10-12,1416.6700439453125
2018-10-15,1430.2099609375
2018-10-16,1431.6500244140625
2018-10-17,1421.449951171875
2018-10-18,1408.3299560546875
2018-10-19,1417.5400390625
2018-10-22,1419.4300537109375
2018-10-23,1427.6600341796875
2018-10-24,1430.56005859375
2018-10-25,1430.06005859375
2018-10-26,1425.18994140625
2018-10-29,1421.260009765625
2018-10-30,1399.4200439453125
2018-10-31,1391.1600341796875
2018-11-01,1401.81005859375
2018-11-02,1437.68994140625
2018-11-05,1429.4000244140625
2018-11-06,1425.989990234375
2018-11-07,1423.06005859375
2018-11-08,1405.5799560546875
2018-11-09,1391.02001953125
2018-11-12,1373.510009765625
2018-11-13,1359.9200439453125
2018-11-14,1355.050048828125
2018-11-15,1370.56005859375
2018-11-16,1385.5799560546875
2018-11-19,1392.81005859375
2018-11-20,1400.550048828125
2018-11-21,1398.5899658203125
2018-11-22,1408.280029296875
2018-11-23,1382.56005859375
2018-11-26,1394.6400146484375
2018-11-27,1384.43994140625
2018-11-28,1372.300048828125
2018-11-29,1383.43994140625
2018-11-30,1380.510009765625
2018-12-03,1395.02001953125
2018-12-04,1410.52001953125
2018-12-05,1404.199951171875
2018-12-06,1394.47998046875
2018-12-07,1404.6500244140625
2018-12-10,1408.969970703125
2018-12-11,1419.6199951171875
2018-12-12,1421.06005859375
2018-12-13,1423.469970703125
2018-12-14,1413.760009765625
2018-12-17,1415.6500244140625
2018-12-18,1420.969970703125
2018-12-19,1419.97998046875
2018-12-20,1432.0799560546875
2018-12-21,1424.31005859375
2018-12-24,1422.81005859375
2018-12-27,1459.6099853515625
2018-12-28,1482.8599853515625
2018-12-31,1499.2900390625
2019-01-02,1496.8299560546875
2019-01-03,1506.030029296875
2019-01-04,1522.489990234375
2019-01-07,1526.800048828125
2019-01-08,1516.1199951171875
2019-01-09,1514.1700439453125
2019-01-10,1522.3900146484375
2019-01-11,1519.949951171875
2019-01-14,1513.5999755859375
2019-01-15,1512.1300048828125
2019-01-16,1506.300048828125
2019-01-17,1509.6700439453125
2019-01-18,1499.47998046875
2019-01-21,1479.0799560546875
2019-01-22,1479.06005859375
2019-01-23,1491.1600341796875
2019-01-24,1482.9000244140625
2019-01-25,1490.1600341796875
2019-01-28,1520.1500244140625
2019-01-29,1536.6099853515625
2019-01-30,1542.4100341796875
2019-01-31,1557.9000244140625
2019-02-01,1551.5799560546875
2019-02-04,1525.8499755859375
2019-02-05,1537.4599609375
2019-02-06,1524.3599853515625
2019-02-07,1522.4100341796875
2019-02-08,1529.1700439453125
2019-02-11,1521.8599853515625
2019-02-12,1532.010009765625
2019-02-13,1520.8499755859375
2019-02-14,1509.68994140625
2019-02-15,1518.8800048828125
2019-02-18,1527.550048828125
2019-02-19,1528.989990234375
2019-02-20,1553.6800537109375
2019-02-21,1541.550048828125
2019-02-22,1537.6600341796875
2019-02-25,1545.8399658203125
2019-02-26,1533.719970703125
2019-02-27,1536.6099853515625
2019-02-28,1532.22998046875
2019-03-01,1507.510009765625
2019-03-04,1468.699951171875
2019-03-05,1463.8399658203125
2019-03-06,1462.3800048828125
2019-03-07,1460.4200439453125
2019-03-08,1464.280029296875
2019-03-11,1481.6700439453125
2019-03-12,1496.1800537109375
2019-03-13,1503.4300537109375
2019-03-14,1475.81005859375
2019-03-15,1487.4200439453125
2019-03-18,1489.7900390625
2019-03-19,1492.6800537109375
2019-03-20,1483.949951171875
2019-03-21,1505.239990234375
2019-03-22,1497.469970703125
2019-03-25,1503.719970703125
2019-03-26,1495.469970703125
2019-03-27,1491.5799560546875
2019-03-28,1471.7099609375
2019-03-29,1462.489990234375
2019-04-01,1459.5400390625
2019-04-02,1455.1600341796875
2019-04-03,1468.7099609375
2019-04-04,1460.93994140625
2019-04-05,1471.5799560546875
2019-04-08,1466.199951171875
2019-04-09,1477.3199462890625
2019-04-10,1476.3399658203125
2019-04-11,1468.0899658203125
2019-04-12,1458.8800048828125
2019-04-15,1446.239990234375
2019-04-16,1447.18994140625
2019-04-17,1452.5
2019-04-18,1448.1300048828125
2019-04-23,1449.989990234375
2019-04-24,1433.510009765625
2019-04-25,1439.300048828125
2019-04-26,1452.3599853515625
2019-04-29,1449.4100341796875
2019-04-30,1450.8399658203125
2019-05-01,1440.6600341796875
2019-05-02,1420.800048828125
2019-05-03,1418.8499755859375
2019-05-07,1435.72998046875
2019-05-08,1445.3900146484375
2019-05-09,1434.72998046875
2019-05-10,1432.2900390625
2019-05-13,1419.1700439453125
2019-05-14,1428.3499755859375
2019-05-15,1434.1500244140625
2019-05-16,1432.199951171875
2019-05-17,1401.68994140625
2019-05-20,1395.3499755859375
2019-05-21,1396.7900390625
2019-05-22,1397.25
2019-05-23,1401.5899658203125
2019-05-24,1408.3499755859375
2019-05-28,1401.52001953125
2019-05-29,1391.3399658203125
2019-05-30,1393.739990234375
2019-05-31,1401.469970703125
2019-06-03,1423.199951171875
2019-06-04,1424.6400146484375
2019-06-05,1436.239990234375
2019-06-06,1447.3499755859375
2019-06-07,1442.97998046875
2019-06-10,1426.9599609375
2019-06-11,1422.1099853515625
2019-06-12,1431.2900390625
2019-06-13,1431.75
2019-06-14,1454.0
2019-06-17,1430.239990234375
2019-06-18,1441.3499755859375
2019-06-19,1446.1800537109375
2019-06-20,1483.4100341796875
2019-06-21,1479.530029296875
2019-06-24,1487.219970703125
2019-06-25,1490.1099853515625
2019-06-26,1476.06005859375
2019-06-27,1475.56005859375
2019-06-28,1472.6400146484375
2019-07-01,1476.4599609375
2019-07-02,1467.739990234375
2019-07-03,1481.27001953125
2019-07-04,1478.3499755859375
2019-07-05,1471.56005859375
2019-07-08,1457.969970703125
2019-07-09,1453.5999755859375
2019-07-10,1460.3499755859375
2019-07-11,1476.780029296875
2019-07-12,1464.6800537109375
2019-07-15,1482.0400390625
2019-07-16,1489.280029296875
2019-07-17,1510.06005859375
2019-07-18,1550.6700439453125
2019-07-19,1578.22998046875
2019-07-22,1584.949951171875
2019-07-23,1589.280029296875
2019-07-24,1599.4200439453125
2019-07-25,1599.4000244140625
2019-07-26,1590.199951171875
2019-07-29,1585.31005859375
2019-07-30,1591.5799560546875
2019-07-31,1593.489990234375
2019-08-01,1548.02001953125
2019-08-02,1566.3800048828125
2019-08-05,1594.3699951171875
2019-08-06,1584.6800537109375
2019-08-07,1626.739990234375
2019-08-08,1646.06005859375
2019-08-09,1644.1099853515625
2019-08-12,1639.699951171875
2019-08-13,1687.0699462890625
2019-08-14,1655.1400146484375
2019-08-15,1672.050048828125
2019-08-16,1659.4599609375
2019-08-19,1636.6800537109375
2019-08-20,1645.8499755859375
2019-08-21,1654.530029296875
2019-08-22,1640.010009765625
2019-08-23,1648.68994140625
2019-08-27,1713.8900146484375
2019-08-28,1775.75
2019-08-29,1786.8499755859375
2019-08-30,1777.6500244140625
2019-09-02,1774.199951171875
2019-09-03,1786.27001953125
2019-09-04,1866.5
2019-09-05,1858.260009765625
2019-09-06,1754.31005859375
2019-09-09,1756.6700439453125
2019-09-10,1739.239990234375
2019-09-11,1756.1400146484375
2019-09-12,1758.5400390625
2019-09-13,1754.1700439453125
2019-09-16,1724.1500244140625
2019-09-17,1724.6099853515625
2019-09-18,1725.56005859375
2019-09-19,1716.3599853515625
2019-09-20,1728.4200439453125
2019-09-23,1776.699951171875
2019-09-24,1794.0799560546875
2019-09-25,1795.02001953125
2019-09-26,1737.010009765625
2019-09-27,1693.489990234375
2019-09-30,1667.8199462890625
2019-10-01,1653.7900390625
2019-10-02,1668.27001953125
2019-10-03,1701.1099853515625
2019-10-04,1701.5699462890625
2019-10-07,1684.1199951171875
2019-10-08,1696.6700439453125
2019-10-09,1718.3900146484375
2019-10-10,1715.47998046875
2019-10-11,1700.9599609375
2019-10-14,1701.3900146484375
2019-10-15,1707.6500244140625
2019-10-16,1667.530029296875
2019-10-17,1686.3499755859375
2019-10-18,1684.8800048828125
2019-10-21,1712.8499755859375
2019-10-22,1703.1700439453125
2019-10-23,1694.4599609375
2019-10-24,1693.949951171875
2019-10-25,1751.4300537109375
2019-10-28,1744.6099853515625
2019-10-29,1706.4200439453125
2019-10-30,1734.9100341796875
2019-10-31,1744.550048828125
2019-11-01,1750.81005859375
2019-11-04,1757.0400390625
2019-11-05,1743.489990234375
2019-11-06,1694.6800537109375
2019-11-07,1693.68994140625
2019-11-08,1624.1099853515625
2019-11-11,1630.8199462890625
2019-11-12,1616.7900390625
2019-11-13,1637.550048828125
2019-11-14,1645.739990234375
2019-11-15,1629.780029296875
2019-11-18,1622.47998046875
2019-11-19,1654.3499755859375
2019-11-20,1653.3599853515625
2019-11-21,1650.9300537109375
2019-11-22,1659.1199951171875
2019-11-25,1629.5999755859375
2019-11-26,1635.8599853515625
2019-11-27,1647.43994140625
2019-11-28,1636.7900390625
2019-11-29,1638.7099609375
2019-12-02,1629.9599609375
2019-12-03,1642.97998046875
2019-12-04,1654.56005859375
2019-12-05,1629.4200439453125
2019-12-06,1636.1700439453125
2019-12-09,1605.2099609375
2019-12-10,1610.5
2019-12-11,1609.0400390625
2019-12-12,1628.8199462890625
2019-12-13,1635.56005859375
2019-12-16,1643.7099609375
2019-12-17,1647.56005859375
2019-12-18,1641.260009765625
2019-12-19,1635.9300537109375
2019-12-20,1645.0899658203125
2019-12-23,1677.8699951171875
2019-12-24,1698.1300048828125
2019-12-27,1721.25
2019-12-30,1721.18994140625
2019-12-31,1742.4200439453125
2020-01-02,1730.7900390625
2020-01-03,1758.2900390625
2020-01-06,1780.43994140625
2020-01-07,1751.93994140625
2020-01-08,1778.469970703125
2020-01-09,1729.2099609375
2020-01-10,1729.6800537109375
2020-01-13,1736.3800048828125
2020-01-14,1715.5999755859375
2020-01-15,1723.31005859375
2020-01-16,1738.72998046875
2020-01-17,1743.5400390625
2020-01-20,1743.0
2020-01-21,1736.219970703125
2020-01-22,1715.449951171875
2020-01-23,1699.02001953125
2020-01-24,1721.199951171875
2020-01-27,1766.0400390625
2020-01-28,1735.1300048828125
2020-01-29,1686.3599853515625
2020-01-30,1710.9599609375
2020-01-31,1726.3800048828125
2020-02-03,1715.219970703125
2020-02-04,1711.3499755859375
2020-02-05,1700.7099609375
2020-02-06,1714.68994140625
2020-02-07,1715.1500244140625
2020-02-10,1716.5400390625
2020-02-11,1708.800048828125
2020-02-12,1694.7900390625
2020-02-13,1702.489990234375
2020-02-14,1708.75
2020-02-17,1717.8599853515625
2020-02-18,1726.0400390625
2020-02-19,1770.4200439453125
2020-02-20,1774.260009765625
2020-02-21,1791.1300048828125
2020-02-24,1811.81005859375
2020-02-25,1768.8499755859375
2020-02-26,1744.22998046875
2020-02-27,1741.7900390625
2020-02-28,1658.300048828125
2020-03-02,1632.199951171875
2020-03-03,1622.050048828125
2020-03-04,1664.489990234375
2020-03-05,1659.6400146484375
2020-03-06,1686.6400146484375
2020-03-09,1629.1800537109375
2020-03-10,1647.010009765625
2020-03-11,1642.1700439453125
2020-03-12,1594.3900146484375
2020-03-13,1521.530029296875
2020-03-16,1250.8499755859375
2020-03-17,1200.18994140625
2020-03-18,1198.239990234375
2020-03-19,1158.18994140625
2020-03-20,1218.47998046875
2020-03-23,1206.8599853515625
2020-03-24,1314.4100341796875
2020-03-25,1347.199951171875
2020-03-26,1390.5999755859375
2020-03-27,1380.9300537109375
2020-03-30,1355.81005859375
2020-03-31,1343.72998046875
2020-04-01,1351.9200439453125
2020-04-02,1367.3399658203125
2020-04-03,1388.06005859375
2020-04-06,1403.9300537109375
2020-04-07,1454.0699462890625
2020-04-08,1453.0899658203125
2020-04-09,1463.68994140625
2020-04-14,1495.9200439453125
2020-04-15,1501.68994140625
2020-04-16,1494.9200439453125
2020-04-17,1462.1099853515625
2020-04-20,1461.0999755859375
2020-04-21,1443.719970703125
2020-04-22,1437.9200439453125
2020-04-23,1476.0
2020-04-24,1476.949951171875
2020-04-27,1466.2900390625
2020-04-28,1460.489990234375
2020-04-29,1462.4000244140625
2020-04-30,1478.780029296875
2020-05-01,1431.510009765625
2020-05-04,1439.6600341796875
2020-05-05,1422.2900390625
2020-05-06,1453.6099853515625
2020-05-07,1444.43994140625
2020-05-11,1489.2099609375
2020-05-12,1493.050048828125
2020-05-13,1500.260009765625
2020-05-14,1497.3499755859375
2020-05-15,1566.760009765625
2020-05-18,1672.760009765625
2020-05-19,1650.5699462890625
2020-05-20,1684.2900390625
2020-05-21,1658.72998046875
2020-05-22,1638.93994140625
2020-05-26,1667.7900390625
2020-05-27,1657.1700439453125
2020-05-28,1671.6099853515625
2020-05-29,1695.699951171875
2020-06-01,1750.5899658203125
2020-06-02,1761.1700439453125
2020-06-03,1721.6300048828125
2020-06-04,1711.010009765625
2020-06-05,1694.5999755859375
2020-06-08,1699.3699951171875
2020-06-09,1699.3499755859375
2020-06-10,1707.52001953125
2020-06-11,1722.9200439453125
2020-06-12,1698.81005859375
2020-06-15,1646.7099609375
2020-06-16,1678.010009765625
2020-06-17,1683.780029296875
2020-06-18,1697.72998046875
2020-06-19,1689.0400390625
2020-06-22,1721.27001953125
2020-06-23,1716.4300537109375
2020-06-24,1720.75
2020-06-25,1689.4100341796875
2020-06-26,1718.300048828125
2020-06-29,1725.47998046875
2020-06-30,1719.6700439453125
2020-07-01,1755.7900390625
2020-07-02,1727.3499755859375
2020-07-03,1736.47998046875
2020-07-06,1759.0699462890625
2020-07-07,1736.4100341796875
2020-07-08,1781.18994140625
2020-07-09,1814.9000244140625
2020-07-10,1808.6199951171875
2020-07-13,1839.8699951171875
2020-07-14,1820.5799560546875
2020-07-15,1862.469970703125
2020-07-16,1854.260009765625
2020-07-17,1846.050048828125
2020-07-20,1872.969970703125
2020-07-21,1980.3800048828125
2020-07-22,2143.179931640625
2020-07-23,2202.39990234375
2020-07-24,2165.2900390625
2020-07-27,2348.260009765625
2020-07-28,2268.27001953125
2020-07-29,2344.360107421875
2020-07-30,2231.139892578125
2020-07-31,2318.780029296875
2020-08-03,2334.110107421875
2020-08-04,2343.719970703125
2020-08-05,2595.60009765625
2020-08-06,2686.1201171875
2020-08-07,2728.949951171875
2020-08-10,2723.080078125
2020-08-11,2724.02001953125
2020-08-12,2486.070068359375
2020-08-13,2528.429931640625
2020-08-14,2572.219970703125
2020-08-17,2592.3701171875
2020-08-18,2728.139892578125
2020-08-19,2642.8701171875
2020-08-20,2592.280029296875
2020-08-21,2585.989990234375
2020-08-24,2589.280029296875
2020-08-25,2551.68994140625
2020-08-26,2542.030029296875
2020-08-27,2623.860107421875
2020-08-28,2633.949951171875
2020-09-01,2781.64990234375
2020-09-02,2667.989990234375
2020-09-03,2590.43994140625
2020-09-04,2582.22998046875
2020-09-07,2583.580078125
2020-09-08,2568.6298828125
2020-09-09,2555.1201171875
2020-09-10,2609.97998046875
2020-09-11,2587.800048828125
2020-09-14,2588.679931640625
2020-09-15,2652.199951171875
2020-09-16,2636.2900390625
2020-09-17,2575.1201171875
2020-09-18,2605.419921875
2020-09-21,2537.93994140625
2020-09-22,2339.570068359375
2020-09-23,2271.669921875
2020-09-24,2139.27001953125
2020-09-25,2178.719970703125
2020-09-28,2203.679931640625
2020-09-29,2294.6298828125
2020-09-30,2284.010009765625
2020-10-01,2273.8798828125
2020-10-02,2297.43994140625
2020-10-05,2302.179931640625
2020-10-06,2339.219970703125
2020-10-07,2265.070068359375
2020-10-08,2306.43994140625
2020-10-09,2340.580078125
2020-10-12,2412.22998046875
2020-10-13,2400.18994140625
2020-10-14,2327.02001953125
2020-10-15,2303.89990234375
2020-10-16,2344.800048828125
2020-10-19,2390.9599609375
2020-10-20,2370.739990234375
2020-10-21,2408.260009765625
2020-10-22,2398.139892578125
2020-10-23,2383.2099609375
2020-10-26,2336.969970703125
2020-10-27,2351.8798828125
2020-10-28,2302.780029296875
2020-10-29,2215.179931640625
2020-10-30,2273.8798828125
2020-11-02,2307.530029296875
2020-11-03,2326.280029296875
2020-11-04,2307.5
2020-11-05,2364.75
2020-11-06,2481.199951171875
2020-11-09,2416.18994140625
2020-11-10,2328.60009765625
2020-11-11,2330.030029296875
2020-11-12,2330.5
2020-11-13,2333.3701171875
2020-11-16,2335.260009765625
2020-11-17,2370.3701171875
2020-11-18,2340.050048828125
2020-11-19,2307.7900390625
2020-11-20,2325.580078125
2020-11-23,2300.52001953125
2020-11-24,2228.340087890625
2020-11-25,2252.860107421875
2020-11-26,2248.0400390625
2020-11-27,2226.3701171875
2020-11-30,2131.550048828125
2020-12-01,2264.820068359375
2020-12-02,2307.6298828125
2020-12-03,2325.89990234375
2020-12-04,2331.179931640625
2020-12-07,2285.429931640625
2020-12-08,2355.18994140625
2020-12-09,2317.639892578125
2020-12-10,2298.389892578125
2020-12-11,2291.639892578125
2020-12-14,2295.449951171875
2020-12-15,2330.080078125
2020-12-16,2418.110107421875
2020-12-17,2476.7900390625
2020-12-18,2484.0
2020-12-21,2516.669921875
2020-12-22,2479.610107421875
2020-12-23,2435.820068359375
2020-12-24,2480.550048828125
2020-12-29,2516.080078125
2020-12-30,2530.97998046875
2020-12-31,2548.280029296875
2021-01-04,2623.760009765625
2021-01-05,2646.830078125
2021-01-06,2648.260009765625
2021-01-07,2610.239990234375
2021-01-08,2563.570068359375
2021-01-11,2407.179931640625
2021-01-12,2455.760009765625
2021-01-13,2437.4599609375
2021-01-14,2429.27001953125
2021-01-15,2428.780029296875
2021-01-18,2392.179931640625
2021-01-19,2433.530029296875
2021-01-20,2433.52001953125
2021-01-21,2488.340087890625
2021-01-22,2435.89990234375
2021-01-25,2466.159912109375
2021-01-26,2443.5400390625
2021-01-27,2422.840087890625
2021-01-28,2424.760009765625
2021-01-29,2637.35009765625
2021-02-01,2846.06005859375
2021-02-02,2628.6298828125
2021-02-03,2578.110107421875
2021-02-04,2539.6201171875
2021-02-05,2552.110107421875
2021-02-08,2614.60009765625
2021-02-09,2658.35009765625
2021-02-10,2619.3798828125
2021-02-11,2609.260009765625
2021-02-12,2603.9599609375
2021-02-15,2652.010009765625
2021-02-16,2652.47998046875
2021-02-17,2608.2099609375
2021-02-18,2613.010009765625
2021-02-19,2592.31005859375
2021-02-22,2639.8798828125
2021-02-23,2689.889892578125
2021-02-24,2668.7099609375
2021-02-25,2686.010009765625
2021-02-26,2566.72998046875
2021-03-01,2586.39990234375
2021-03-02,2525.7900390625
2021-03-03,2557.0400390625
2021-03-04,2496.429931640625
2021-03-05,2438.699951171875
2021-03-08,2419.429931640625
2021-03-09,2477.1201171875
2021-03-10,2466.530029296875
2021-03-11,2524.699951171875
2021-03-12,2450.14990234375
2021-03-15,2510.219970703125
2021-03-16,2508.280029296875
2021-03-17,2486.14990234375
2021-03-18,2513.070068359375
2021-03-19,2517.3798828125
2021-03-22,2475.5
2021-03-23,2463.949951171875
2021-03-24,2423.06005859375
2021-03-25,2372.56005859375
2021-03-26,2409.570068359375
2021-03-29,2387.889892578125
2021-03-30,2340.760009765625
2021-03-31,2308.050048828125
2021-04-01,2338.330078125
2021-04-06,2407.97998046875
2021-04-07,2402.679931640625
2021-04-08,2435.840087890625
2021-04-09,2425.72998046875
2021-04-12,2419.43994140625
2021-04-13,2399.239990234375
2021-04-14,2435.760009765625
2021-04-15,2460.27001953125
2021-04-16,2513.6298828125
2021-04-19,2510.219970703125
2021-04-20,2488.570068359375
2021-04-21,2491.43994140625
2021-04-22,2528.929931640625
2021-04-23,2512.090087890625
2021-04-26,2510.610107421875
2021-04-27,2527.419921875
2021-04-28,2487.5
2021-04-29,2527.389892578125
2021-04-30,2487.949951171875
2021-05-04,2579.239990234375
2021-05-05,2528.27001953125
2021-05-06,2569.60009765625
2021-05-07,2632.080078125
2021-05-10,2666.64990234375
2021-05-11,2642.1201171875
2021-05-12,2635.3798828125
2021-05-13,2578.639892578125
2021-05-14,2618.0400390625
2021-05-17,2654.530029296875
2021-05-18,2737.679931640625
2021-05-19,2660.75
2021-05-20,2666.989990234375
2021-05-21,2672.739990234375
2021-05-24,2657.800048828125
2021-05-25,2649.1298828125
2021-05-26,2703.429931640625
2021-05-27,2658.7099609375
2021-05-28,2656.2900390625
2021-06-01,2712.0
2021-06-02,2667.280029296875
2021-06-03,2668.219970703125
2021-06-04,2630.719970703125
2021-06-07,2651.340087890625
2021-06-08,2664.31005859375
2021-06-09,2651.31005859375
2021-06-10,2658.989990234375
2021-06-11,2705.1201171875
2021-06-14,2665.659912109375
2021-06-15,2655.550048828125
2021-06-16,2663.7099609375
2021-06-17,2556.510009765625
2021-06-18,2536.31005859375
2021-06-21,2494.929931640625
2021-06-22,2496.360107421875
2021-06-23,2493.949951171875
2021-06-24,2498.260009765625
2021-06-25,2511.699951171875
2021-06-28,2507.820068359375
2021-06-29,2494.830078125
2021-06-30,2476.550048828125
2021-07-01,2524.110107421875
2021-07-02,2515.449951171875
2021-07-05,2551.449951171875
2021-07-06,2557.68994140625
2021-07-07,2536.050048828125
2021-07-08,2509.1201171875
2021-07-09,2499.97998046875
2021-07-12,2491.760009765625
2021-07-13,2509.050048828125
2021-07-14,2515.280029296875
2021-07-15,2518.6298828125
2021-07-16,2509.010009765625
2021-07-19,2434.0
2021-07-20,2411.8798828125
2021-07-21,2412.830078125
2021-07-22,2409.449951171875
2021-07-23,2418.570068359375
2021-07-26,2437.75
2021-07-27,2413.7099609375
2021-07-28,2382.949951171875
2021-07-29,2445.8798828125
2021-07-30,2449.7099609375
2021-08-02,2441.5
2021-08-03,2446.780029296875
2021-08-04,2466.93994140625
2021-08-05,2445.7900390625
2021-08-06,2400.1298828125
2021-08-09,2291.010009765625
2021-08-10,2247.760009765625
2021-08-11,2250.14990234375
2021-08-12,2250.1298828125
2021-08-13,2247.239990234375
2021-08-16,2262.10009765625
2021-08-17,2296.679931640625
2021-08-18,2274.56005859375
2021-08-19,2242.840087890625
2021-08-20,2229.860107421875
2021-08-23,2251.43994140625
2021-08-24,2283.139892578125
2021-08-25,2282.639892578125
2021-08-26,2274.93994140625
2021-08-27,2268.68994140625
2021-08-31,2310.43994140625
2021-09-01,2298.409912109375
2021-09-02,2321.93994140625
2021-09-03,2311.360107421875
2021-09-06,2373.780029296875
2021-09-07,2329.56005859375
2021-09-08,2336.280029296875
2021-09-09,2319.929931640625
2021-09-10,2308.389892578125
2021-09-13,2265.590087890625
2021-09-14,2267.5
2021-09-15,2290.070068359375
2021-09-16,2254.989990234375
2021-09-17,2210.780029296875
2021-09-20,2151.64990234375
2021-09-21,2167.010009765625
2021-09-22,2184.300048828125
2021-09-23,2184.760009765625
2021-09-24,2177.070068359375
2021-09-27,2166.93994140625
2021-09-28,2132.820068359375
2021-09-29,2144.820068359375
2021-09-30,2067.949951171875
2021-10-01,2122.699951171875
2021-10-04,2143.320068359375
2021-10-05,2160.1201171875
2021-10-06,2141.860107421875
2021-10-07,2179.7900390625
2021-10-08,2166.330078125
2021-10-11,2163.409912109375
2021-10-12,2174.929931640625
2021-10-13,2198.449951171875
2021-10-14,2242.14990234375
2021-10-15,2232.530029296875
2021-10-18,2230.580078125
2021-10-19,2279.550048828125
2021-10-20,2301.159912109375
2021-10-21,2327.56005859375
2021-10-22,2335.22998046875
2021-10-25,2341.43994140625
2021-10-26,2335.659912109375
2021-10-27,2301.070068359375
2021-10-28,2312.580078125
2021-10-29,2306.330078125
2021-11-01,2292.360107421875
2021-11-02,2292.35009765625
2021-11-03,2264.9599609375
2021-11-04,2279.35009765625
2021-11-05,2287.989990234375
2021-11-08,2332.1298828125
2021-11-09,2341.25
2021-11-10,2322.02001953125
2021-11-11,2399.330078125
2021-11-12,2396.919921875
2021-11-15,2421.3701171875
2021-11-16,2427.1201171875
2021-11-17,2405.010009765625
2021-11-18,2398.280029296875
2021-11-19,2380.5
2021-11-22,2371.330078125
2021-11-23,2287.280029296875
2021-11-24,2256.530029296875
2021-11-25,2275.25
2021-11-26,2269.47998046875
2021-11-29,2231.5
2021-11-30,2195.949951171875
2021-12-01,2195.4599609375
2021-12-02,2150.7900390625
2021-12-03,2146.4599609375
2021-12-06,2145.4599609375
2021-12-07,2154.570068359375
2021-12-08,2153.60009765625
2021-12-09,2136.780029296875
2021-12-10,2102.679931640625
2021-12-13,2133.860107421875
2021-12-14,2129.0400390625
2021-12-15,2093.97998046875
2021-12-16,2129.5
2021-12-17,2174.6201171875
2021-12-20,2140.97998046875
2021-12-21,2184.179931640625
2021-12-22,2176.0
2021-12-23,2190.8798828125
2021-12-24,2176.4599609375
2021-12-29,2192.719970703125
2021-12-30,2185.989990234375
2021-12-31,2216.7099609375
2022-01-04,2197.929931640625
2022-01-05,2213.77001953125
2022-01-06,2135.97998046875
2022-01-07,2135.47998046875
2022-01-10,2156.090087890625
2022-01-11,2169.0400390625
2022-01-12,2183.909912109375
2022-01-13,2231.909912109375
2022-01-14,2217.97998046875
2022-01-17,2209.780029296875
2022-01-18,2200.159912109375
2022-01-19,2282.719970703125
2022-01-20,2325.919921875
2022-01-21,2335.030029296875
2022-01-24,2310.510009765625
2022-01-25,2272.090087890625
2022-01-26,2290.800048828125
2022-01-27,2224.5400390625
2022-01-28,2160.199951171875
2022-01-31,2159.68994140625
2022-02-01,2196.639892578125
2022-02-02,2187.02001953125
2022-02-03,2146.68994140625
2022-02-04,2160.60009765625
2022-02-07,2194.639892578125
2022-02-08,2194.6298828125
2022-02-09,2232.06005859375
2022-02-10,2242.1298828125
2022-02-11,2197.9599609375
2022-02-14,2274.239990234375
2022-02-15,2235.35009765625
2022-02-16,2255.97998046875
2022-02-17,2264.1201171875
2022-02-18,2281.8701171875
2022-02-21,2278.469970703125
2022-02-22,2304.860107421875
2022-02-23,2313.969970703125
2022-02-24,2430.110107421875
2022-02-25,2324.02001953125
2022-02-28,2337.419921875
2022-03-01,2365.25
2022-03-02,2406.989990234375
2022-03-03,2429.530029296875
2022-03-04,2414.159912109375
2022-03-07,2470.760009765625
2022-03-08,2507.219970703125
2022-03-09,2512.47998046875
2022-03-10,2490.389892578125
2022-03-11,2462.5400390625
2022-03-14,2435.6298828125
2022-03-15,2364.580078125
2022-03-16,2394.330078125
2022-03-17,2432.22998046875
2022-03-18,2422.139892578125
2022-03-21,2402.89990234375
2022-03-22,2407.679931640625
2022-03-23,2400.949951171875
2022-03-24,2429.72998046875
2022-03-25,2458.989990234375
2022-03-28,2390.330078125
2022-03-29,2364.8798828125
2022-03-30,2375.909912109375
2022-03-31,2381.64990234375
2022-04-01,2369.6298828125
2022-04-04,2367.199951171875
2022-04-05,2368.14990234375
2022-04-06,2328.7900390625
2022-04-07,2339.81005859375
2022-04-08,2363.31005859375
2022-04-11,2404.06005859375
2022-04-12,2399.72998046875
2022-04-13,2460.659912109375
2022-04-14,2462.080078125
2022-04-19,2486.969970703125
2022-04-20,2418.340087890625
2022-04-21,2365.06005859375
2022-04-22,2336.260009765625
2022-04-25,2256.570068359375
2022-04-26,2281.030029296875
2022-04-27,2268.06005859375
2022-04-28,2222.469970703125
2022-04-29,2249.81005859375
2022-05-03,2171.550048828125
2022-05-04,2168.179931640625
2022-05-05,2198.8701171875
2022-05-06,2157.60009765625
2022-05-09,2098.070068359375
2022-05-10,2098.06005859375
2022-05-11,2090.3701171875
2022-05-12,2013.5999755859375
2022-05-13,1999.6700439453125
2022-05-16,2031.31005859375
2022-05-17,2089.820068359375
2022-05-18,2078.780029296875
2022-05-19,2068.68994140625
2022-05-20,2113.780029296875
2022-05-23,2119.02001953125
2022-05-24,2103.659912109375
2022-05-25,2094.530029296875
2022-05-26,2099.800048828125
2022-05-27,2137.199951171875
2022-05-30,2114.139892578125
2022-05-31,2088.699951171875
2022-06-01,2073.340087890625
2022-06-06,2135.169921875
2022-06-07,2119.330078125
2022-06-08,2103.0
2022-06-09,2103.949951171875
2022-06-10,2071.320068359375
2022-06-13,2068.409912109375
2022-06-14,2037.219970703125
2022-06-15,2058.7900390625
2022-06-16,2056.3798828125
2022-06-17,2095.699951171875
2022-06-20,2077.43994140625
2022-06-21,2078.8701171875
2022-06-22,2054.8798828125
2022-06-23,2032.3199462890625
2022-06-24,2001.1300048828125
2022-06-27,2058.659912109375
2022-06-28,2037.06005859375
2022-06-29,2012.1099853515625
2022-06-30,1958.3800048828125
2022-07-01,1892.1800537109375
2022-07-04,1904.6199951171875
2022-07-05,1903.1700439453125
2022-07-06,1843.6800537109375
2022-07-07,1863.3399658203125
2022-07-08,1841.739990234375
2022-07-11,1842.6700439453125
2022-07-12,1809.5699462890625
2022-07-13,1818.18994140625
2022-07-14,1799.47998046875
2022-07-15,1770.68994140625
2022-07-18,1810.949951171875
2022-07-19,1812.8599853515625
2022-07-20,1801.3399658203125
2022-07-21,1751.9300537109375
2022-07-22,1804.18994140625
2022-07-25,1798.8900146484375
2022-07-26,1778.260009765625
2022-07-27,1799.8299560546875
2022-07-28,1853.530029296875
2022-07-29,1924.5
2022-08-01,1957.0699462890625
2022-08-02,1950.3499755859375
2022-08-03,1910.5400390625
2022-08-04,1943.6199951171875
2022-08-05,1923.93994140625
2022-08-08,1936.8599853515625
2022-08-09,1975.68994140625
2022-08-10,1959.8599853515625
2022-08-11,1969.9100341796875
2022-08-12,1943.530029296875
2022-08-15,1949.72998046875
2022-08-16,1930.06005859375
2022-08-17,1908.949951171875
2022-08-18,1901.27001953125
2022-08-19,1844.199951171875
2022-08-22,1812.0400390625
2022-08-23,1821.1400146484375
2022-08-24,1822.0899658203125
2022-08-25,1853.25
2022-08-26,1842.68994140625
2022-08-30,1792.780029296875
2022-08-31,1720.8499755859375
2022-09-01,1704.06005859375
2022-09-02,1717.949951171875
2022-09-05,1748.1300048828125
2022-09-06,1763.93994140625
2022-09-07,1742.3599853515625
2022-09-08,1785.97998046875
2022-09-09,1799.3900146484375
2022-09-12,1842.52001953125
2022-09-13,1910.5899658203125
2022-09-14,1870.300048828125
2022-09-15,1857.3499755859375
2022-09-16,1821.3800048828125
2022-09-20,1852.02001953125
2022-09-21,1870.7099609375
2022-09-22,1877.8900146484375
2022-09-23,1821.7900390625
2022-09-26,1786.760009765625
2022-09-27,1791.0699462890625
2022-09-28,1750.31005859375
2022-09-29,1790.0899658203125
2022-09-30,1823.6400146484375
2022-10-03,1861.47998046875
2022-10-04,2006.239990234375
2022-10-05,1959.25
2022-10-06,1969.31005859375
2022-10-07,1977.449951171875
2022-10-10,1900.719970703125
2022-10-11,1859.47998046875
2022-10-12,1839.3399658203125
2022-10-13,1838.3699951171875
2022-10-14,1799.050048828125
2022-10-17,1782.719970703125
2022-10-18,1792.300048828125
2022-10-19,1767.3599853515625
2022-10-20,1800.9100341796875
2022-10-21,1762.550048828125
2022-10-24,1842.0899658203125
2022-10-25,1809.969970703125
2022-10-26,1878.02001953125
2022-10-27,1856.9200439453125
2022-10-28,1843.010009765625
2022-10-31,1837.22998046875
2022-11-01,1917.260009765625
2022-11-02,1896.1600341796875
2022-11-03,1813.7099609375
2022-11-04,1913.8800048828125
2022-11-07,1981.4300537109375
2022-11-08,1989.0799560546875
2022-11-09,2043.7099609375
2022-11-10,2021.6500244140625
2022-11-11,2059.030029296875
2022-11-14,2058.030029296875
2022-11-15,2103.080078125
2022-11-16,2104.02001953125
2022-11-17,2020.1400146484375
2022-11-18,2022.0400390625
2022-11-21,1978.4000244140625
2022-11-22,2038.77001953125
2022-11-23,2038.280029296875
2022-11-24,2066.550048828125
2022-11-25,2044.969970703125
2022-11-28,2058.360107421875
2022-11-29,2047.800048828125
2022-11-30,2066.47998046875
2022-12-01,2121.580078125
2022-12-02,2166.6201171875
2022-12-05,2203.0
2022-12-06,2160.340087890625
2022-12-07,2145.469970703125
2022-12-08,2175.169921875
2022-12-09,2214.93994140625
2022-12-12,2241.739990234375
2022-12-13,2242.199951171875
2022-12-14,2262.800048828125
2022-12-15,2220.1298828125
2022-12-16,2188.02001953125
2022-12-19,2227.27001953125
2022-12-20,2275.179931640625
2022-12-21,2289.5400390625
2022-12-22,2274.679931640625
2022-12-23,2274.659912109375
2022-12-28,2286.10009765625
2022-12-29,2286.090087890625
2022-12-30,2294.699951171875
2023-01-03,2328.179931640625
2023-01-04,2327.68994140625
2023-01-05,2243.340087890625
2023-01-06,2247.639892578125
2023-01-09,2285.4599609375
2023-01-10,2253.340087890625
2023-01-11,2287.35009765625
2023-01-12,2271.050048828125
2023-01-13,2268.639892578125
2023-01-16,2316.030029296875
2023-01-17,2309.320068359375
2023-01-18,2317.449951171875
2023-01-19,2246.530029296875
2023-01-20,2287.239990234375
2023-01-23,2268.52001953125
2023-01-24,2271.860107421875
2023-01-25,2245.02001953125
2023-01-26,2271.830078125
2023-01-27,2273.260009765625
2023-01-30,2264.60009765625
2023-01-31,2203.260009765625
2023-02-01,2251.169921875
2023-02-02,2341.219970703125
2023-02-03,2250.669921875
2023-02-06,2144.280029296875
2023-02-07,2127.5
2023-02-08,2150.9599609375
2023-02-09,2152.389892578125
2023-02-10,2118.840087890625
2023-02-13,2106.35009765625
2023-02-14,2079.989990234375
2023-02-15,2056.989990234375
2023-02-16,2066.080078125
2023-02-17,2032.530029296875
2023-02-20,2079.919921875
2023-02-21,2086.139892578125
2023-02-22,2094.27001953125
2023-02-23,2061.68994140625
2023-02-24,2020.47998046875
2023-02-27,1985.9599609375
2023-02-28,1966.31005859375
2023-03-01,2011.3199462890625
2023-03-02,1992.6300048828125
2023-03-03,2020.4000244140625
2023-03-06,2019.8900146484375
2023-03-07,2003.1099853515625
2023-03-08,1925.989990234375
2023-03-09,1927.4100341796875
2023-03-10,1625.5
2023-03-13,2020.77001953125
2023-03-14,2072.969970703125
2023-03-15,2116.5400390625
2023-03-16,2108.389892578125
2023-03-17,2096.39990234375
2023-03-20,2154.800048828125
2023-03-21,2151.909912109375
2023-03-22,2140.409912109375
2023-03-23,2193.56005859375
2023-03-24,2219.409912109375
2023-03-27,2192.550048828125
2023-03-28,2207.389892578125
2023-03-29,2227.489990234375
2023-03-30,2271.06005859375
2023-03-31,2287.81005859375
2023-04-03,2291.60009765625
2023-04-04,2300.2099609375
2023-04-05,2369.639892578125
2023-04-06,2388.300048828125
2023-04-11,2399.72998046875
2023-04-12,2408.340087890625
2023-04-13,2453.820068359375
2023-04-14,2492.60009765625
2023-04-17,2431.739990234375
2023-04-18,2402.989990234375
2023-04-19,2370.409912109375
2023-04-20,2432.659912109375
2023-04-21,2409.179931640625
2023-04-24,2397.169921875
2023-04-25,2384.219970703125
2023-04-26,2379.89990234375
2023-04-27,2408.139892578125
2023-04-28,2371.72998046875
2023-05-02,2372.159912109375
2023-05-03,2418.1201171875
2023-05-04,2454.02001953125
2023-05-05,2474.590087890625
2023-05-09,2448.199951171875
2023-05-10,2443.8798828125
2023-05-11,2383.06005859375
2023-05-12,2284.409912109375
2023-05-15,2287.719970703125
2023-05-16,2277.659912109375
2023-05-17,2268.070068359375
2023-05-18,2252.25
2023-05-19,2265.64990234375
2023-05-22,2283.800048828125
2023-05-23,2217.719970703125
2023-05-24,2242.1298828125
2023-05-25,2202.85009765625
2023-05-26,2216.25
2023-05-30,2226.72998046875
2023-05-31,2226.719970703125
2023-06-01,2249.2099609375
2023-06-02,2287.02001953125
2023-06-05,2247.719970703125
2023-06-06,2263.989990234375
2023-06-07,2258.22998046875
2023-06-08,2266.360107421875
2023-06-09,2328.10009765625
2023-06-12,2318.010009765625
2023-06-13,2316.080078125
2023-06-14,2281.1201171875
2023-06-15,2240.89990234375
2023-06-16,2296.89990234375
2023-06-19,2293.030029296875
2023-06-20,2275.780029296875
2023-06-21,2209.22998046875
2023-06-22,2165.64990234375
2023-06-23,2138.840087890625
2023-06-26,2182.840087890625
2023-06-27,2186.179931640625
2023-06-28,2164.6298828125
2023-06-29,2185.679931640625
2023-06-30,2151.199951171875
2023-07-03,2180.360107421875
2023-07-04,2202.3701171875
2023-07-05,2183.68994140625
2023-07-06,2218.139892578125
2023-07-07,2174.570068359375
2023-07-10,2205.64990234375
2023-07-11,2214.72998046875
2023-07-12,2217.110107421875
2023-07-13,2322.39990234375
2023-07-14,2371.2099609375
2023-07-17,2375.0
2023-07-18,2382.159912109375
2023-07-19,2394.590087890625
2023-07-20,2409.889892578125
2023-07-21,2367.280029296875
2023-07-24,2353.840087890625
2023-07-25,2350.47998046875
2023-07-26,2361.469970703125
2023-07-27,2394.010009765625
2023-07-28,2318.85009765625
2023-07-31,2331.27001953125
2023-08-01,2346.570068359375
2023-08-02,2336.510009765625
2023-08-03,2254.659912109375
2023-08-04,2244.590087890625
2023-08-07,2239.2900390625
2023-08-08,2205.300048828125
2023-08-09,2173.219970703125
2023-08-10,2182.31005859375
2023-08-11,2171.77001953125
2023-08-14,2175.080078125
2023-08-15,2144.919921875
2023-08-16,2172.18994140625
2023-08-17,2173.1298828125
2023-08-18,2181.260009765625
2023-08-21,2189.830078125
2023-08-22,2238.6298828125
2023-08-23,2273.080078125
2023-08-24,2314.699951171875
2023-08-25,2314.68994140625
2023-08-29,2317.989990234375
2023-08-30,2356.260009765625
2023-08-31,2348.110107421875
2023-09-01,2358.610107421875
2023-09-04,2300.18994140625
2023-09-05,2253.2900390625
2023-09-06,2246.570068359375
2023-09-07,2202.06005859375
2023-09-08,2202.050048828125
2023-09-11,2211.10009765625
2023-09-12,2191.469970703125
2023-09-13,2191.93994140625
2023-09-14,2166.56005859375
2023-09-15,2206.739990234375
2023-09-18,2219.6298828125
2023-09-19,2232.530029296875
2023-09-20,2227.260009765625
2023-09-21,2223.889892578125
2023-09-22,2263.110107421875
2023-09-25,2254.4599609375
2023-09-26,2202.300048828125
2023-09-27,2180.760009765625
2023-09-28,2157.780029296875
2023-09-29,2208.0
2023-10-02,2068.760009765625
2023-10-03,2014.6800537109375
2023-10-04,2019.4599609375
2023-10-05,2021.8399658203125
2023-10-06,2020.3900146484375
2023-10-09,2071.550048828125
2023-10-10,2077.75
2023-10-11,2111.7099609375
2023-10-12,2118.39990234375
2023-10-13,2112.639892578125
2023-10-16,2161.8798828125
2023-10-17,2170.010009765625
2023-10-18,2220.699951171875
2023-10-19,2189.60009765625
2023-10-20,2221.159912109375
2023-10-23,2218.25
2023-10-24,2175.659912109375
2023-10-25,2182.35009765625
2023-10-26,2197.639892578125
2023-10-27,2177.06005859375
2023-10-30,2214.820068359375
2023-10-31,2219.590087890625
2023-11-01,2168.8701171875
2023-11-02,2203.780029296875
2023-11-03,2165.97998046875
2023-11-06,2220.469970703125
2023-11-07,2155.8798828125
2023-11-08,2146.780029296875
2023-11-09,2157.300048828125
2023-11-10,2152.02001953125
2023-11-13,2111.81005859375
2023-11-14,2138.10009765625
2023-11-15,2239.5
2023-11-16,2264.360107421875
2023-11-17,2295.429931640625
2023-11-20,2237.0400390625
2023-11-21,2250.89990234375
2023-11-22,2280.06005859375
2023-11-23,2262.830078125
2023-11-24,2267.60009765625
2023-11-27,2368.010009765625
2023-11-28,2357.949951171875
2023-11-29,2388.070068359375
2023-11-30,2393.320068359375
2023-12-01,2406.699951171875
2023-12-04,2407.139892578125
2023-12-05,2321.510009765625
2023-12-06,2304.760009765625
2023-12-07,2287.050048828125
2023-12-08,2275.56005859375
2023-12-11,2192.31005859375
2023-12-12,2195.639892578125
2023-12-13,2173.6298828125
2023-12-14,2294.6201171875
2023-12-15,2313.72998046875
2023-12-18,2289.31005859375
2023-12-19,2286.89990234375
2023-12-20,2292.6298828125
2023-12-21,2313.179931640625
2023-12-22,2339.469970703125
2023-12-27,2299.239990234375
2023-12-28,2319.7900390625
2023-12-29,2275.300048828125
2024-01-02,2290.070068359375
2024-01-03,2226.4599609375
2024-01-04,2195.85009765625
2024-01-05,2197.75
2024-01-08,2184.800048828125
2024-01-09,2211.570068359375
2024-01-10,2196.25
2024-01-11,2202.4599609375
2024-01-12,2204.840087890625
2024-01-15,2219.6201171875
2024-01-16,2204.31005859375
2024-01-17,2180.8701171875
2024-01-18,2161.72998046875
2024-01-19,2180.3701171875
2024-01-22,2122.949951171875
2024-01-23,2128.679931640625
2024-01-24,2177.43994140625
2024-01-25,2187.469970703125
2024-01-26,2191.280029296875
2024-01-29,2199.85009765625
2024-01-30,2206.530029296875
2024-01-31,2207.949951171875
2024-02-01,2167.780029296875
2024-02-02,2221.320068359375
2024-02-05,2151.949951171875
2024-02-06,2132.820068359375
2024-02-07,2131.3701171875
2024-02-08,2137.10009765625
2024-02-09,2166.25
2024-02-12,2191.070068359375
2024-02-13,2186.760009765625
2024-02-14,2111.68994140625
2024-02-15,2163.31005859375
2024-02-16,2200.110107421875
2024-02-19,2207.239990234375
2024-02-20,2204.840087890625
2024-02-21,2206.260009765625
2024-02-22,2205.77001953125
2024-02-23,2171.820068359375
2024-02-26,2152.179931640625
2024-02-27,2167.469970703125
2024-02-28,2136.389892578125
2024-02-29,2135.89990234375
2024-03-01,2172.219970703125
2024-03-04,2208.510009765625
2024-03-05,2287.85009765625
2024-03-06,2274.929931640625
2024-03-07,2309.340087890625
2024-03-08,2341.830078125
2024-03-11,2328.409912109375
2024-03-12,2330.31005859375
2024-03-13,2323.1201171875
2024-03-14,2387.159912109375
2024-03-15,2411.050048828125
2024-03-18,2406.7099609375
2024-03-19,2383.27001953125
2024-03-20,2376.090087890625
2024-03-21,2431.050048828125
2024-03-22,2350.72998046875
2024-03-25,2357.860107421875
2024-03-26,2373.139892578125
2024-03-27,2343.5
2024-03-28,2345.8701171875
2024-04-02,2451.919921875
2024-04-03,2508.7900390625
2024-04-04,2580.93994140625
2024-04-05,2559.89990234375
2024-04-08,2659.75
2024-04-09,2673.1201171875
2024-04-10,2683.6201171875
2024-04-11,2677.8701171875
2024-04-12,2774.39990234375
2024-04-15,2718.43994140625
2024-04-16,2700.739990234375
2024-04-17,2721.280029296875
2024-04-18,2721.260009765625
2024-04-19,2699.27001953125
2024-04-22,2650.949951171875
2024-04-23,2572.56005859375
2024-04-24,2592.139892578125
2024-04-25,2615.550048828125
2024-04-26,2640.389892578125
2024-04-29,2616.929931640625
2024-04-30,2547.6201171875
2024-05-01,2530.860107421875
2024-05-02,2507.429931640625
2024-05-03,2532.739990234375
2024-05-07,2605.330078125
2024-05-08,2602.929931640625
2024-05-09,2640.18994140625
2024-05-10,2737.179931640625
2024-05-13,2687.919921875
2024-05-14,2717.050048828125
2024-05-15,2753.830078125
2024-05-16,2835.530029296875
2024-05-17,2836.469970703125
2024-05-20,3038.550048828125
2024-05-21,3023.239990234375
2024-05-22,3040.429931640625
2024-05-23,2918.570068359375
2024-05-24,2923.330078125
2024-05-28,3015.489990234375
2024-05-29,3058.9599609375
2024-05-30,3011.639892578125
2024-05-31,2987.72998046875
2024-06-03,2902.1201171875
2024-06-04,2838.56005859375
2024-06-05,2829.469970703125
2024-06-06,2894.909912109375
2024-06-07,2892.02001953125
2024-06-10,2836.080078125
2024-06-11,2794.489990234375
2024-06-12,2807.3798828125
2024-06-13,2793.97998046875
2024-06-14,2791.10009765625
2024-06-17,2793.43994140625
2024-06-18,2783.389892578125
2024-06-19,2816.340087890625
2024-06-20,2888.469970703125
2024-06-21,2908.0400390625
2024-06-24,2824.3798828125
2024-06-25,2824.3701171875
2024-06-26,2755.080078125
2024-06-27,2758.409912109375
2024-06-28,2806.169921875
2024-07-01,2794.18994140625
2024-07-02,2800.389892578125
2024-07-03,2878.719970703125
2024-07-04,2898.2900390625
2024-07-05,2921.679931640625
2024-07-08,2960.81005859375
2024-07-09,2967.0
2024-07-10,2955.52001953125
2024-07-11,2963.14990234375
2024-07-12,2934.949951171875
2024-07-15,2936.81005859375
2024-07-16,2948.72998046875
2024-07-17,2953.5
2024-07-18,2910.969970703125
2024-07-19,2780.5400390625
2024-07-22,2776.679931640625
2024-07-23,2775.7099609375
2024-07-24,2798.139892578125
2024-07-25,2673.93994140625
2024-07-26,2651.469970703125
2024-07-29,2688.2099609375
2024-07-30,2663.35009765625
2024-07-31,2728.300048828125
2024-08-01,2758.85009765625
2024-08-02,2765.52001953125
2024-08-05,2589.22998046875
2024-08-06,2585.39990234375
2024-08-07,2593.5
2024-08-08,2572.469970703125
2024-08-09,2634.070068359375
2024-08-12,2671.280029296875
2024-08-13,2645.47998046875
2024-08-14,2669.340087890625
2024-08-15,2679.360107421875
2024-08-16,2687.4599609375
2024-08-19,2753.800048828125
2024-08-20,2843.580078125
2024-08-21,2823.5
2024-08-22,2823.9599609375
2024-08-23,2811.530029296875
2024-08-27,2855.8798828125
2024-08-28,2811.4599609375
2024-08-29,2816.68994140625
2024-08-30,2814.77001953125
2024-09-02,2733.5400390625
2024-09-03,2704.389892578125
2024-09-04,2681.929931640625
2024-09-05,2743.0400390625
2024-09-06,2754.489990234375
2024-09-09,2686.6298828125
2024-09-10,2715.75
2024-09-11,2752.5
2024-09-12,2747.239990234375
2024-09-13,2861.830078125
2024-09-16,2952.030029296875
2024-09-17,2930.050048828125
2024-09-18,2921.43994140625
2024-09-19,2975.860107421875
2024-09-20,2990.64990234375
2024-09-23,2925.179931640625
2024-09-24,2948.56005859375
2024-09-25,3041.179931640625
2024-09-26,3101.800048828125
2024-09-27,3047.830078125
2024-09-30,2967.56005859375
2024-10-01,2994.2900390625
2024-10-02,2997.610107421875
2024-10-03,3008.10009765625
2024-10-04,3061.56005859375
2024-10-07,3044.320068359375
2024-10-08,2987.010009765625
2024-10-09,2930.169921875
2024-10-10,2928.72998046875
2024-10-11,2978.840087890625
2024-10-14,2984.050048828125
2024-10-15,2975.43994140625
2024-10-16,3036.050048828125
2024-10-17,3037.469970703125
2024-10-18,3067.530029296875
2024-10-21,3246.52001953125
2024-10-22,3287.080078125
2024-10-23,3295.179931640625
2024-10-24,3259.360107421875
2024-10-25,3165.2900390625
2024-10-28,3187.669921875
2024-10-29,3260.219970703125
2024-10-30,3249.219970703125
2024-10-31,3207.18994140625
2024-11-01,3131.75
2024-11-04,3135.510009765625
2024-11-05,3117.360107421875
2024-11-06,3036.179931640625
2024-11-07,2969.81005859375
2024-11-08,3012.280029296875
2024-11-11,2989.800048828125
2024-11-12,2902.89990234375
2024-11-13,2951.10009765625
2024-11-14,2863.239990234375
2024-11-15,2927.199951171875
2024-11-18,2934.7900390625
2024-11-19,2986.800048828125
2024-11-20,2947.159912109375
2024-11-21,2965.760009765625
2024-11-22,2983.889892578125
2024-11-25,2939.449951171875
2024-11-26,2915.56005859375
2024-11-27,2910.77001953125
2024-11-28,2870.179931640625
2024-11-29,2930.7900390625
2024-12-02,2907.35009765625
2024-12-03,2950.300048828125
2024-12-04,2943.60009765625
2024-12-05,2992.27001953125
2024-12-06,2969.820068359375
2024-12-09,3019.409912109375
2024-12-10,3045.159912109375
2024-12-11,3026.06005859375
2024-12-12,3043.219970703125
2024-12-13,2933.909912109375
2024-12-16,2926.219970703125
2024-12-17,2893.27001953125
2024-12-18,2897.550048828125
2024-12-19,2814.969970703125
2024-12-20,2748.610107421875
2024-12-23,2825.8798828125
2024-12-24,2813.93994140625
2024-12-27,2829.639892578125
2024-12-30,2811.93994140625
2024-12-31,2758.949951171875
2025-01-02,2806.639892578125
2025-01-03,2845.760009765625
2025-01-06,2889.139892578125
2025-01-07,2885.780029296875
2025-01-08,2876.699951171875
2025-01-09,2890.52001953125
2025-01-10,2897.18994140625
2025-01-13,2851.800048828125
2025-01-14,2837.949951171875
2025-01-15,2862.27001953125
2025-01-16,2930.5
2025-01-17,2923.320068359375
2025-01-20,2887.47998046875
2025-01-21,2909.419921875
2025-01-22,2938.989990234375
2025-01-23,2908.429931640625
2025-01-24,2943.25
2025-01-27,2918.389892578125
2025-01-28,2877.340087890625
2025-01-29,2905.0
2025-01-30,2957.949951171875
2025-01-31,3016.139892578125
2025-02-03,2986.0400390625
2025-02-04,3015.1298828125
2025-02-05,3080.0
2025-02-06,3055.64990234375
2025-02-07,3079.969970703125
2025-02-10,3078.9599609375
2025-02-11,3027.889892578125
2025-02-12,3031.219970703125
2025-02-13,3079.8701171875
2025-02-14,3159.050048828125
2025-02-17,3099.360107421875
2025-02-18,3097.429931640625
2025-02-19,3140.360107421875
2025-02-20,3154.64990234375
2025-02-21,3142.22998046875
2025-02-24,3102.10009765625
2025-02-25,3067.260009765625
2025-02-26,3026.2099609375
2025-02-27,3027.14990234375
2025-02-28,2970.840087890625
2025-03-03,3008.0
2025-03-04,3044.239990234375
2025-03-05,3077.6201171875
2025-03-06,3094.300048828125
2025-03-07,3100.47998046875
2025-03-10,3101.389892578125
2025-03-11,3105.659912109375
2025-03-12,3151.43994140625
2025-03-13,3162.8798828125
2025-03-14,3233.93994140625
2025-03-17,3221.9599609375
2025-03-18,3252.0
2025-03-19,3236.239990234375
2025-03-20,3178.02001953125
2025-03-21,3165.60009765625
2025-03-24,3156.47998046875
2025-03-25,3189.860107421875
2025-03-26,3220.85009765625
2025-03-27,3254.219970703125
2025-03-28,3281.389892578125
2025-03-31,3248.89990234375
2025-04-01,3240.780029296875
2025-04-02,3231.219970703125
2025-04-03,3098.1201171875
2025-04-04,2989.820068359375
2025-04-07,2892.93994140625
2025-04-08,2891.969970703125
2025-04-09,2879.080078125
2025-04-10,2950.1298828125
2025-04-11,2983.030029296875
2025-04-14,3078.85009765625
2025-04-15,3082.169921875
2025-04-16,3143.68994140625
2025-04-17,3082.139892578125
2025-04-22,3110.669921875
2025-04-23,3144.0400390625
2025-04-24,3185.52001953125
2025-04-25,3179.780029296875
2025-04-28,3148.719970703125
2025-04-29,3169.219970703125
2025-04-30,3073.81005859375
2025-05-01,3064.260009765625
2025-05-02,3087.1298828125
2025-05-06,3150.02001953125
2025-05-07,3135.68994140625
2025-05-08,3093.22998046875
2025-05-09,3101.320068359375
2025-05-12,3054.06005859375
2025-05-13,3145.60009765625
2025-05-14,3136.530029296875
2025-05-15,3060.2099609375
2025-05-16,3064.9599609375
2025-05-19,3101.6298828125
2025-05-20,3099.699951171875
2025-05-21,3162.6298828125
2025-05-22,3121.1298828125
2025-05-23,3156.39990234375
2025-05-27,3137.72998046875
2025-05-28,3174.429931640625
2025-05-29,3182.52001953125
2025-05-30,3154.85009765625
2025-06-02,3170.530029296875
2025-06-03,3266.360107421875
2025-06-04,3275.8798828125
2025-06-05,3413.669921875
2025-06-06,3450.840087890625
2025-06-09,3456.97998046875
2025-06-10,3505.60009765625
2025-06-11,3452.179931640625
2025-06-12,3450.25
2025-06-13,3440.219970703125
2025-06-16,3468.77001953125
2025-06-17,3534.550048828125
2025-06-18,3543.110107421875
2025-06-19,3462.510009765625
2025-06-20,3445.330078125
2025-06-23,3445.27001953125
2025-06-24,3439.06005859375
2025-06-25,3410.429931640625
2025-06-26,3489.080078125
2025-06-27,3430.89990234375
2025-06-30,3430.360107421875
2025-07-01,3480.8798828125
2025-07-02,3461.7900390625
2025-07-03,3516.60009765625
2025-07-04,3517.050048828125
2025-07-07,3455.969970703125
2025-07-08,3506.489990234375
2025-07-09,3488.830078125
2025-07-10,3509.7900390625
2025-07-11,3575.56005859375
2025-07-14,3718.0400390625
2025-07-15,3647.93994140625
2025-07-16,3611.219970703125
2025-07-17,3599.760009765625
2025-07-18,3648.840087890625
2025-07-21,3667.85009765625
2025-07-22,3703.10009765625
2025-07-23,3748.85009765625
2025-07-24,3720.699951171875
2025-07-25,3693.030029296875
2025-07-28,3634.81005859375
2025-07-29,3632.889892578125
2025-07-30,3615.22998046875
2025-07-31,3453.139892578125
2025-08-01,3478.860107421875
2025-08-04,3541.719970703125
2025-08-05,3560.77001953125
2025-08-06,3601.27001953125
2025-08-07,3658.449951171875
2025-08-08,3650.330078125
2025-08-11,3599.260009765625
2025-08-12,3593.050048828125
2025-08-13,3680.25
2025-08-14,3652.590087890625
2025-08-15,3596.800048828125
2025-08-18,3630.580078125
2025-08-19,3629.1298828125
2025-08-20,3534.260009765625
2025-08-21,3580.949951171875
2025-08-22,3622.8798828125
2025-08-26,3662.360107421875
2025-08-27,3642.7900390625
2025-08-28,3711.409912109375
2025-08-29,3698.52001953125
2025-09-01,3867.699951171875
2025-09-02,3862.429931640625
2025-09-03,3894.820068359375
2025-09-04,3904.81005859375
2025-09-05,3883.81005859375
2025-09-08,3926.169921875
2025-09-09,3931.389892578125
2025-09-10,3927.550048828125
2025-09-11,3915.139892578125
2025-09-12,4028.070068359375
2025-09-15,4022.280029296875
2025-09-16,4068.969970703125
2025-09-17,3933.1201171875
2025-09-18,3989.330078125
2025-09-19,4025.530029296875
2025-09-22,4168.43017578125
2025-09-23,4224.64013671875
2025-09-24,4181.72998046875
2025-09-25,4283.2099609375
2025-09-26,4288.91015625
2025-09-29,4474.68994140625
2025-09-30,4400.7998046875
2025-10-01,4506.0400390625
2025-10-02,4516.97998046875
2025-10-03,4536.97021484375
2025-10-06,4628.3798828125
2025-10-07,4617.39990234375
2025-10-08,4670.259765625
2025-10-09,4736.9501953125
2025-10-10,4837.4599609375
2025-10-13,4883.1298828125
2025-10-14,4909.77978515625
2025-10-15,5011.25
2025-10-16,5052.68017578125
2025-10-17,5155.56982421875
2025-10-20,4936.2998046875
2025-10-21,4759.5
2025-10-22,4551.259765625
2025-10-23,4679.39990234375
2025-10-24,4574.56005859375
2025-10-27,4513.490234375
2025-10-28,4425.31982421875
2025-10-29,4590.6298828125
2025-10-30,4591.080078125
2025-10-31,4665.39013671875
2025-11-03,4647.68017578125
2025-11-04,4550.93994140625
2025-11-05,4536.6201171875
2025-11-06,4639.02978515625
2025-11-07,4639.9599609375
2025-11-10,4768.0400390625
2025-11-11,4882.35009765625
2025-11-12,4910.43994140625
2025-11-13,5132.89990234375
2025-11-14,4955.64013671875
2025-11-17,4864.56982421875
2025-11-18,4792.60009765625
2025-11-19,4973.60986328125
2025-11-20,4844.47998046875
2025-11-21,4659.60986328125
2025-11-24,4767.669921875
2025-11-25,4878.64013671875
2025-11-26,5000.10009765625
2025-11-27,5087.72021484375
2025-11-28,5136.27978515625
2025-12-01,5477.27978515625
2025-12-02,5472.47998046875
2025-12-03,5560.580078125
2025-12-04,5484.330078125
2025-12-05,5535.75
2025-12-08,5561.3798828125
2025-12-09,5585.64013671875
2025-12-10,5814.72998046875
2025-12-11,5917.58984375
2025-12-12,6145.72021484375
2025-12-15,6084.64990234375
2025-12-16,5999.830078125
2025-12-17,6282.259765625
2025-12-18,6315.56005859375
2025-12-19,6266.93994140625
2025-12-22,6594.06005859375
2025-12-23,6643.56005859375
2025-12-24,6875.97021484375
2025-12-29,7109.6298828125
2025-12-30,7128.64990234375
2025-12-31,6857.60009765625
2026-01-02,7069.490234375
2026-01-05,7150.81005859375
2026-01-06,7475.10986328125
2026-01-07,7523.64990234375
2026-01-08,7163.5498046875
2026-01-09,7443.06982421875
2026-01-12,8007.7900390625
2026-01-13,8174.43017578125
2026-01-14,8676.830078125
2026-01-15,8692.9697265625
2026-01-16,8648.6298828125
2026-01-19,8858.5
2026-01-20,9115.1396484375
2026-01-21,9034.6103515625
2026-01-22,8894.1103515625
2026-01-23,9429.349609375
2026-01-26,10439.259765625
2026-01-27,10625.8798828125
2026-01-28,10742.9697265625
2026-01-29,11281.509765625
2026-01-30,9828.0498046875
2026-02-02,7807.35009765625
2026-02-03,8332.5595703125
2026-02-04,8627.75
2026-02-05,7496.259765625
2026-02-06,7137.169921875
2026-02-09,7653.22998046875
2026-02-10,7836.0400390625
2026-02-11,8199.7900390625
2026-02-12,7953.56005859375
2026-02-13,7366.39013671875
2026-02-16,7341.509765625
2026-02-17,7108.6201171875
2026-02-18,7185.240234375
2026-02-19,7404.22998046875
2026-02-20,7666.5498046875
2026-02-23,8279.2099609375
2026-02-24,8390.1103515625
2026-02-25,8637.650390625
2026-02-26,8230.5
2026-02-27,8568.0400390625
2026-03-02,9010.2900390625
2026-03-03,7742.31005859375
2026-03-04,8264.099609375
2026-03-05,8019.330078125
2026-03-06,7840.740234375
2026-03-09,7945.830078125
2026-03-10,8429.509765625
2026-03-11,8210.9296875
2026-03-12,8287.0595703125
2026-03-13,7969.4501953125
2026-03-16,7517.02978515625
2026-03-17,7637.919921875
2026-03-18,7484.10009765625
2026-03-19,6636.6201171875
2026-03-20,6890.81982421875
2026-03-23,6401.2998046875
2026-03-24,6662.14990234375
2026-03-25,6966.7900390625
2026-03-26,6406.89990234375
2026-03-27,6454.9501953125
2026-03-30,5129.0
2026-03-31,5317.0
2026-04-01,5402.0
2026-04-02,5183.0
2026-04-07,5109.0
2026-04-08,5342.0
2026-04-09,5368.0
2026-04-10,5398.0
2026-04-13,5228.5
2026-04-14,5550.0
2026-04-15,5547.0
2026-04-16,5534.0
2026-04-17,5784.0
2026-04-20,5618.0
2026-04-21,5425.0
2026-04-22,5496.0
2026-04-23,5374.0
2026-04-24,5341.0
2026-04-27,5278.0
2026-04-28,5130.0
2026-04-29,5055.0
2026-04-30,5138.0
2026-05-01,5311.0
2026-05-05,5164.0
2026-05-06,5409.0
2026-05-07,5683.0
2026-05-08,5602.0
2026-05-11,5969.0
2026-05-12,5908.0
2026-05-13,6229.0
2026-05-14,6016.0
2026-05-15,5460.0
2026-05-18,5441.0
2026-05-19,5279.0
2026-05-20,5380.0
2026-05-21,5350.0
2026-05-22,5373.0
2026-05-26,5386.0
2026-05-27,5282.0
2026-05-28,5303.0
2026-05-29,5359.0
2026-06-01,5312.0
2026-06-02,5363.0
2026-06-03,5200.0
2026-06-04,5225.0
2026-06-05,4899.0
2026-06-08,4893.0
2026-06-09,4663.0
2026-06-10,4607.0
2026-06-11,4559.0
2026-06-12,4800.0
2026-06-15,5006.0
2026-06-16,4960.0
2026-06-17,5015.0
2026-06-18,4754.0
2026-06-19,4653.0
2026-06-22,4726.0
2026-06-23,4475.0
2026-06-24,4266.0
2026-06-25,4195.0
2026-06-26,4265.0
2026-06-29,4157.0
2026-06-30,4285.0
2026-07-01,4315.0
2026-07-02,4357.0
2026-07-03,4437.0
2026-07-06,4408.0
2026-07-07,4318.0
2026-07-08,4086.0
2026-07-09,4283.0
2026-07-10,4236.0
2026-07-13,4131.0
2026-07-14,4194.0
2026-07-15,4069.0
2026-07-16,3987.0
2026-07-17,3955.0
2026-07-20,4040.0
2026-07-21,4205.0
2026-07-22,4283.0
2026-07-23,4112.0
2026-07-24,4193.0
2026-07-27,4185.0
2026-07-28,4091.0
2026-07-29,4081.0
2026-07-30,4134.0
2026-07-31,4048.0
2026-08-03,4056.0
2026-08-04,4206.0
2026-08-05,4412.0
2026-08-06,4331.0
2026-08-07,4481.0
2026-08-10,4545.0
2026-08-11,4558.0
2026-08-12,4634.0
2026-08-13,4548.0
2026-08-14,4571.0
2026-08-17,4660.0
2026-08-18,4479.0
2026-08-19,4588.0
2026-08-20,4782.0
2026-08-21,4845.0
2026-08-24,4814.0
2026-08-25,4783.0
2026-08-26,4757.0
2026-08-27,4809.0
2026-08-28,4855.0
2026-09-01,4567.0
2026-09-02,4582.0
2026-09-03,4724.0
2026-09-04,4658.0
2026-09-07,4657.0
2026-09-08,4664.0
2026-09-09,4722.0
2026-09-10,4529.0
2026-09-11,4538.0
2026-09-14,4473.0
2026-09-15,4459.0
2026-09-16,4564.0
2026-09-17,4688.0
2026-09-18,4717.0
2026-09-21,4708.0
2026-09-22,4695.0
2026-09-23,4631.0
2026-09-24,4547.0
2026-09-25,4613.0
2026-09-28,4380.0
2026-09-29,
