date,close
2006-01-02,37.24613952636719
2006-01-03,37.69274139404297
2006-01-04,38.37752151489258
2006-01-05,38.37752151489258
2006-01-06,38.67524719238281
2006-01-09,38.883670806884766
2006-01-10,38.70502853393555
2006-01-11,39.80662155151367
2006-01-12,40.07459259033203
2006-01-13,39.89595031738281
2006-01-16,40.0448112487793
2006-01-17,39.65776824951172
2006-01-18,39.03253173828125
2006-01-19,39.95549774169922
2006-01-20,39.4493522644043
2006-01-23,39.89595031738281
2006-01-24,39.80662155151367
2006-01-25,39.71731185913086
2006-01-26,40.52119445800781
2006-01-27,41.02732467651367
2006-01-30,40.938011169433594
2006-01-31,41.38459777832031
2006-02-01,41.38459777832031
2006-02-02,41.05710220336914
2006-02-03,41.14641571044922
2006-02-06,41.65255355834961
2006-02-07,41.47392654418945
2006-02-08,41.14641571044922
2006-02-09,41.533470153808594
2006-02-10,41.6227912902832
2006-02-13,41.801429748535156
2006-02-14,41.354827880859375
2006-02-15,40.938011169433594
2006-02-16,41.682334899902344
2006-02-17,41.74188232421875
2006-02-20,42.367122650146484
2006-02-21,42.575531005859375
2006-02-22,42.90303421020508
2006-02-23,42.69461441040039
2006-02-24,42.60530090332031
2006-02-27,42.367122650146484
2006-02-28,41.47392654418945
2006-03-01,42.1884651184082
2006-03-02,41.8609733581543
2006-03-03,41.9205207824707
2006-03-06,41.9205207824707
2006-03-07,41.38459777832031
2006-03-08,40.78913879394531
2006-03-09,40.67005157470703
2006-03-10,41.6227912902832
2006-03-13,41.98006820678711
2006-03-14,42.21824645996094
2006-03-15,42.1587028503418
2006-03-16,42.27779769897461
2006-03-17,42.03961181640625
2006-03-20,42.635074615478516
2006-03-21,42.635074615478516
2006-03-22,42.575531005859375
2006-03-23,42.75416564941406
2006-03-24,42.813716888427734
2006-03-27,42.39688491821289
2006-03-28,42.1884651184082
2006-03-29,42.069393157958984
2006-03-30,42.39688491821289
2006-03-31,42.635074615478516
2006-04-03,42.96258544921875
2006-04-04,42.90303421020508
2006-04-05,43.37939453125
2006-04-06,43.52826690673828
2006-04-07,43.61757278442383
2006-04-10,43.64736557006836
2006-04-11,42.90303421020508
2006-04-12,42.96258544921875
2006-04-13,43.170982360839844
2006-04-14,43.170982360839844
2006-04-17,43.170982360839844
2006-04-18,43.29006576538086
2006-04-19,43.88553237915039
2006-04-20,43.170982360839844
2006-04-21,43.23054122924805
2006-04-24,43.319854736328125
2006-04-25,43.29006576538086
2006-04-26,43.61757278442383
2006-04-27,43.58781051635742
2006-04-28,43.766456604003906
2006-05-01,43.766456604003906
2006-05-02,43.23054122924805
2006-05-03,43.02211380004883
2006-05-04,43.02211380004883
2006-05-05,44.361915588378906
2006-05-08,44.83829116821289
2006-05-09,44.51077651977539
2006-05-10,44.272586822509766
2006-05-11,44.361915588378906
2006-05-12,43.349632263183594
2006-05-15,42.932804107666016
2006-05-16,42.72438049316406
2006-05-17,40.9975471496582
2006-05-18,40.55095672607422
2006-05-19,41.444156646728516
2006-05-22,39.71731185913086
2006-05-23,40.55095672607422
2006-05-24,40.16390609741211
2006-05-25,40.16390609741211
2006-05-26,41.682334899902344
2006-05-29,41.533470153808594
2006-05-30,40.372318267822266
2006-05-31,41.02732467651367
2006-06-01,41.533470153808594
2006-06-02,41.503692626953125
2006-06-05,41.503692626953125
2006-06-06,40.13413619995117
2006-06-07,40.34254837036133
2006-06-08,38.82411193847656
2006-06-09,39.33026123046875
2006-06-12,38.288204193115234
2006-06-13,36.859092712402344
2006-06-14,36.94841003417969
2006-06-15,38.02023696899414
2006-06-16,37.573646545410156
2006-06-19,38.2286491394043
2006-06-20,38.5561637878418
2006-06-21,38.853885650634766
2006-06-22,39.27070999145508
2006-06-23,39.1218376159668
2006-06-26,38.972984313964844
2006-06-27,38.91343307495117
2006-06-28,38.883670806884766
2006-06-29,39.27070999145508
2006-06-30,39.89595031738281
2006-07-03,40.46162796020508
2006-07-04,40.43186950683594
2006-07-05,40.01504135131836
2006-07-06,40.16390609741211
2006-07-07,39.479129791259766
2006-07-10,39.65776824951172
2006-07-11,38.883670806884766
2006-07-12,38.64548110961914
2006-07-13,37.573646545410156
2006-07-14,36.978187561035156
2006-07-17,36.35294723510742
2006-07-18,36.29340362548828
2006-07-19,37.75227355957031
2006-07-20,38.10955810546875
2006-07-21,37.75227355957031
2006-07-24,38.5561637878418
2006-07-25,38.49661636352539
2006-07-26,38.58592987060547
2006-07-27,39.479129791259766
2006-07-28,40.01504135131836
2006-07-31,39.866180419921875
2006-08-01,39.866180419921875
2006-08-02,39.74708557128906
2006-08-03,39.4493522644043
2006-08-04,39.479129791259766
2006-08-07,38.972984313964844
2006-08-08,38.67524719238281
2006-08-09,39.092071533203125
2006-08-10,38.883670806884766
2006-08-11,39.1218376159668
2006-08-14,39.33026123046875
2006-08-15,40.67005157470703
2006-08-16,41.503692626953125
2006-08-17,42.27779769897461
2006-08-18,41.890750885009766
2006-08-21,41.71210861206055
2006-08-22,41.71210861206055
2006-08-23,41.23573684692383
2006-08-24,40.9975471496582
2006-08-25,41.14641571044922
2006-08-28,41.503692626953125
2006-08-29,41.503692626953125
2006-08-30,41.6227912902832
2006-08-31,41.47392654418945
2006-09-01,41.9205207824707
2006-09-04,42.1587028503418
2006-09-05,42.45643615722656
2006-09-06,41.98006820678711
2006-09-07,41.74188232421875
2006-09-08,41.801429748535156
2006-09-11,41.59300994873047
2006-09-12,42.099159240722656
2006-09-13,42.367122650146484
2006-09-14,42.1884651184082
2006-09-15,42.813716888427734
2006-09-18,42.992347717285156
2006-09-19,42.635074615478516
2006-09-20,43.29006576538086
2006-09-21,43.88553237915039
2006-09-22,43.43894958496094
2006-09-25,43.319854736328125
2006-09-26,43.91531753540039
2006-09-27,43.766456604003906
2006-09-28,43.825992584228516
2006-09-29,44.54055404663086
2006-10-02,43.796226501464844
2006-10-03,43.70690155029297
2006-10-04,44.361915588378906
2006-10-05,45.076454162597656
2006-10-06,45.49329376220703
2006-10-09,45.85057067871094
2006-10-10,46.92240524291992
2006-10-11,46.68421936035156
2006-10-12,47.24990463256836
2006-10-13,47.458309173583984
2006-10-16,46.68421936035156
2006-10-17,45.70170593261719
2006-10-18,46.59489440917969
2006-10-19,46.416255950927734
2006-10-20,46.654441833496094
2006-10-23,46.92240524291992
2006-10-24,46.505577087402344
2006-10-25,46.56512451171875
2006-10-26,46.74375915527344
2006-10-27,46.95217514038086
2006-10-30,46.59489440917969
2006-10-31,44.24282455444336
2006-11-01,44.6298713684082
2006-11-02,44.12372970581055
2006-11-03,44.48099899291992
2006-11-06,45.076454162597656
2006-11-07,45.58261489868164
2006-11-08,45.04669952392578
2006-11-09,45.076454162597656
2006-11-10,44.957374572753906
2006-11-13,44.9276008605957
2006-11-14,44.71918869018555
2006-11-15,44.80850601196289
2006-11-16,45.31466293334961
2006-11-17,44.77873611450195
2006-11-20,44.80850601196289
2006-11-21,44.74896240234375
2006-11-22,44.957374572753906
2006-11-23,44.80850601196289
2006-11-24,44.272586822509766
2006-11-27,43.29006576538086
2006-11-28,43.14122009277344
2006-11-29,43.46872329711914
2006-11-30,42.90303421020508
2006-12-01,42.337345123291016
2006-12-04,42.843482971191406
2006-12-05,42.75416564941406
2006-12-06,43.05189895629883
2006-12-07,43.23054122924805
2006-12-08,42.87325668334961
2006-12-11,43.05189895629883
2006-12-12,44.06418228149414
2006-12-13,44.06418228149414
2006-12-14,44.42146301269531
2006-12-15,44.24282455444336
2006-12-18,44.18327331542969
2006-12-19,43.58781051635742
2006-12-20,43.43894958496094
2006-12-21,43.61757278442383
2006-12-22,43.260318756103516
2006-12-27,43.88553237915039
2006-12-28,43.974853515625
2006-12-29,44.09395217895508
2007-01-03,45.195560455322266
2007-01-04,45.016929626464844
2007-01-05,44.71918869018555
2007-01-08,44.24282455444336
2007-01-09,44.57032012939453
2007-01-10,44.361915588378906
2007-01-11,45.22532653808594
2007-01-12,45.344425201416016
2007-01-15,45.46351623535156
2007-01-16,45.61238098144531
2007-01-17,45.55284118652344
2007-01-18,45.403968811035156
2007-01-19,45.403968811035156
2007-01-22,45.195560455322266
2007-01-23,45.70170593261719
2007-01-24,46.08875274658203
2007-01-25,46.47581100463867
2007-01-26,45.910118103027344
2007-01-29,46.118526458740234
2007-01-30,46.35670852661133
2007-01-31,46.32693862915039
2007-02-01,46.86284637451172
2007-02-02,47.19035339355469
2007-02-05,46.86284637451172
2007-02-06,46.83308792114258
2007-02-07,47.0414924621582
2007-02-08,47.39876937866211
2007-02-09,47.607181549072266
2007-02-12,47.39876937866211
2007-02-13,46.59489440917969
2007-02-14,46.56512451171875
2007-02-15,45.939884185791016
2007-02-16,46.207855224609375
2007-02-19,46.3864860534668
2007-02-20,46.23762130737305
2007-02-21,45.43375015258789
2007-02-22,45.37419509887695
2007-02-23,45.195560455322266
2007-02-26,44.77873611450195
2007-02-27,43.23054122924805
2007-02-28,43.02211380004883
2007-03-01,42.87325668334961
2007-03-02,42.575531005859375
2007-03-05,42.099159240722656
2007-03-06,41.9205207824707
2007-03-07,42.367122650146484
2007-03-08,43.111446380615234
2007-03-09,42.813716888427734
2007-03-12,42.248023986816406
2007-03-13,41.801429748535156
2007-03-14,40.19367599487305
2007-03-15,41.14641571044922
2007-03-16,41.14641571044922
2007-03-19,41.74188232421875
2007-03-20,42.1587028503418
2007-03-21,42.575531005859375
2007-03-22,43.43894958496094
2007-03-23,43.677127838134766
2007-03-26,43.05189895629883
2007-03-27,42.87325668334961
2007-03-28,42.575531005859375
2007-03-29,43.170982360839844
2007-03-30,42.992347717285156
2007-04-02,43.05189895629883
2007-04-03,43.64736557006836
2007-04-04,43.677127838134766
2007-04-05,43.85577392578125
2007-04-10,44.18327331542969
2007-04-11,44.06418228149414
2007-04-12,44.06418228149414
2007-04-13,44.42146301269531
2007-04-16,45.016929626464844
2007-04-17,44.957374572753906
2007-04-18,45.642154693603516
2007-04-19,45.979339599609375
2007-04-20,47.971778869628906
2007-04-23,47.7265510559082
2007-04-24,47.48133087158203
2007-04-25,48.09438705444336
2007-04-26,49.01396560668945
2007-04-27,48.217002868652344
2007-04-30,48.52353286743164
2007-05-02,48.15568923950195
2007-05-03,46.89891815185547
2007-05-04,47.2054443359375
2007-05-07,47.51198959350586
2007-05-08,46.5923957824707
2007-05-09,47.05219268798828
2007-05-10,46.71500778198242
2007-05-11,47.266761779785156
2007-05-14,47.08284378051758
2007-05-15,47.1441535949707
2007-05-16,47.236114501953125
2007-05-18,48.43156433105469
2007-05-21,48.247657775878906
2007-05-22,47.941123962402344
2007-05-23,48.370262145996094
2007-05-24,47.818511962890625
2007-05-25,48.43156433105469
2007-05-29,48.70744705200195
2007-05-30,48.58482360839844
2007-05-31,48.98331832885742
2007-06-01,49.044639587402344
2007-06-04,48.67679214477539
2007-06-05,47.941123962402344
2007-06-06,47.08284378051758
2007-06-07,46.16325759887695
2007-06-08,46.16325759887695
2007-06-11,46.68436050415039
2007-06-12,46.40848159790039
2007-06-13,46.500423431396484
2007-06-14,47.297420501708984
2007-06-15,47.757205963134766
2007-06-18,47.7265510559082
2007-06-19,47.51198959350586
2007-06-20,47.42002868652344
2007-06-21,46.5923957824707
2007-06-22,46.19390106201172
2007-06-25,45.826072692871094
2007-06-26,45.33563232421875
2007-06-27,44.75321960449219
2007-06-28,44.9371452331543
2007-06-29,45.12105941772461
2007-07-02,45.090396881103516
2007-07-03,45.39693069458008
2007-07-04,45.55020523071289
2007-07-05,45.24366760253906
2007-07-06,45.61151123046875
2007-07-09,45.79541778564453
2007-07-10,45.12105941772461
2007-07-11,44.72257614135742
2007-07-12,44.78388214111328
2007-07-13,45.18236541748047
2007-07-16,45.764774322509766
2007-07-17,45.18236541748047
2007-07-18,44.50800323486328
2007-07-19,44.0482063293457
2007-07-20,43.09797286987305
2007-07-23,42.82209014892578
2007-07-24,42.852745056152344
2007-07-25,42.08643341064453
2007-07-26,40.82965850830078
2007-07-27,40.52312088012695
2007-07-30,40.277896881103516
2007-07-31,41.41206359863281
2007-08-02,40.79900360107422
2007-08-03,40.247249603271484
2007-08-06,39.87941360473633
2007-08-07,40.70704650878906
2007-08-08,41.871856689453125
2007-08-09,41.197486877441406
2007-08-10,40.06332778930664
2007-08-13,40.49247741699219
2007-08-14,38.929176330566406
2007-08-15,38.77591323852539
2007-08-16,37.8869743347168
2007-08-17,38.68395233154297
2007-08-20,38.74525451660156
2007-08-21,38.377418518066406
2007-08-22,38.990482330322266
2007-08-23,38.837215423583984
2007-08-24,38.86786651611328
2007-08-27,39.08243942260742
2007-08-28,38.4387321472168
2007-08-29,38.40806579589844
2007-08-30,38.4387321472168
2007-08-31,38.622642517089844
2007-09-03,38.714603424072266
2007-09-04,39.38896942138672
2007-09-05,38.89851760864258
2007-09-06,38.68395233154297
2007-09-07,37.70305633544922
2007-09-10,37.70305633544922
2007-09-11,37.6110954284668
2007-09-12,37.6110954284668
2007-09-13,38.1322021484375
2007-09-14,37.733707427978516
2007-09-17,37.33522415161133
2007-09-18,38.1015510559082
2007-09-19,39.48093032836914
2007-09-20,39.174400329589844
2007-09-21,38.86786651611328
2007-09-24,38.561336517333984
2007-09-25,38.1322021484375
2007-09-26,37.97893524169922
2007-09-27,38.1015510559082
2007-09-28,38.377418518066406
2007-10-01,39.542232513427734
2007-10-02,40.70704650878906
2007-10-03,41.28944778442383
2007-10-04,41.44270324707031
2007-10-05,41.65727233886719
2007-10-08,41.74924087524414
2007-10-09,41.65727233886719
2007-10-10,41.687931060791016
2007-10-11,41.50401306152344
2007-10-12,41.65727233886719
2007-10-15,41.2588005065918
2007-10-16,40.768348693847656
2007-10-17,40.676387786865234
2007-10-18,40.185951232910156
2007-10-19,39.695499420166016
2007-10-22,39.02113342285156
2007-10-23,39.113094329833984
2007-10-24,38.40806579589844
2007-10-25,38.285457611083984
2007-10-26,37.97893524169922
2007-10-29,38.1015510559082
2007-10-30,37.6110954284668
2007-10-31,37.97893524169922
2007-11-01,36.29302978515625
2007-11-02,34.760379791259766
2007-11-05,33.472957611083984
2007-11-06,33.77948760986328
2007-11-07,33.16642761230469
2007-11-08,32.553375244140625
2007-11-09,31.235301971435547
2007-11-12,32.492069244384766
2007-11-13,32.89055633544922
2007-11-14,33.81014633178711
2007-11-15,33.44230651855469
2007-11-16,32.46141052246094
2007-11-19,30.95942497253418
2007-11-20,30.990076065063477
2007-11-21,29.54939079284668
2007-11-22,29.488082885742188
2007-11-23,30.493499755859375
2007-11-26,30.493499755859375
2007-11-27,31.357908248901367
2007-11-28,33.44230651855469
2007-11-29,33.84079360961914
2007-11-30,35.06690979003906
2007-12-03,34.423194885253906
2007-12-04,33.65687942504883
2007-12-05,34.08601760864258
2007-12-06,34.39254379272461
2007-12-07,35.06690979003906
2007-12-10,35.55735397338867
2007-12-11,34.91365051269531
2007-12-12,34.484500885009766
2007-12-13,33.258384704589844
2007-12-14,33.8714485168457
2007-12-17,32.95185470581055
2007-12-18,32.95185470581055
2007-12-19,32.30815505981445
2007-12-20,32.062923431396484
2007-12-21,31.787052154541016
2007-12-24,31.787052154541016
2007-12-27,32.2468376159668
2007-12-28,32.12423324584961
2007-12-31,32.12423324584961
2008-01-03,31.29660415649414
2008-01-04,30.34636878967285
2008-01-07,29.5616512298584
2008-01-08,30.101137161254883
2008-01-09,30.039825439453125
2008-01-10,30.07662010192871
2008-01-11,30.064359664916992
2008-01-14,30.383153915405273
2008-01-15,29.537124633789062
2008-01-16,28.654327392578125
2008-01-17,27.894128799438477
2008-01-18,26.484100341796875
2008-01-21,24.70622444152832
2008-01-22,26.97454261779785
2008-01-23,26.851930618286133
2008-01-24,29.022151947021484
2008-01-25,28.29874610900879
2008-01-28,27.881872177124023
2008-01-29,28.691110610961914
2008-01-30,28.237445831298828
2008-01-31,27.170726776123047
2008-02-01,27.219770431518555
2008-02-04,27.133943557739258
2008-02-05,26.030439376831055
2008-02-06,26.00591278076172
2008-02-07,25.307031631469727
2008-02-08,25.135377883911133
2008-02-11,24.36292266845703
2008-02-12,25.098590850830078
2008-02-13,25.049543380737305
2008-02-14,22.96514892578125
2008-02-15,22.082347869873047
2008-02-18,22.143646240234375
2008-02-19,22.008771896362305
2008-02-20,22.26626205444336
2008-02-21,22.29078483581543
2008-02-22,21.873903274536133
2008-02-25,22.41339874267578
2008-02-26,22.74444580078125
2008-02-27,22.9774112701416
2008-02-28,21.861644744873047
2008-02-29,21.064668655395508
2008-03-03,20.365781784057617
2008-03-04,19.66689682006836
2008-03-05,19.764986038208008
2008-03-06,18.845396041870117
2008-03-07,18.514347076416016
2008-03-10,17.778676986694336
2008-03-11,18.379478454589844
2008-03-12,19.581069946289062
2008-03-13,18.83313751220703
2008-03-14,17.43536376953125
2008-03-17,15.019912719726562
2008-03-18,17.17787742614746
2008-03-19,17.300491333007812
2008-03-20,17.1165771484375
2008-03-25,18.514347076416016
2008-03-26,17.98711585998535
2008-03-27,18.207820892333984
2008-03-28,17.766416549682617
2008-03-31,17.692848205566406
2008-04-01,19.863075256347656
2008-04-02,20.843965530395508
2008-04-03,19.863075256347656
2008-04-04,20.512914657592773
2008-04-07,21.702251434326172
2008-04-08,21.849384307861328
2008-04-09,21.21180534362793
2008-04-10,21.076929092407227
2008-04-11,20.966575622558594
2008-04-14,20.4638671875
2008-04-15,20.67230987548828
2008-04-16,20.880752563476562
2008-04-17,20.991104125976562
2008-04-18,22.131383895874023
2008-04-21,22.033296585083008
2008-04-22,21.824859619140625
2008-04-23,21.59189796447754
2008-04-24,21.886167526245117
2008-04-25,22.670879364013672
2008-04-28,22.278522491455078
2008-04-29,21.886167526245117
2008-04-30,21.457027435302734
2008-05-02,22.560529708862305
2008-05-05,22.609573364257812
2008-05-06,21.59189796447754
2008-05-07,21.21180534362793
2008-05-08,20.12055778503418
2008-05-09,19.936641693115234
2008-05-13,19.850812911987305
2008-05-14,19.924381256103516
2008-05-15,20.0469913482666
2008-05-16,19.715940475463867
2008-05-19,19.777244567871094
2008-05-20,19.45845603942871
2008-05-21,18.784088134765625
2008-05-22,18.992530822753906
2008-05-23,18.354955673217773
2008-05-26,17.28822898864746
2008-05-27,16.086639404296875
2008-05-28,15.964028358459473
2008-05-29,15.804631233215332
2008-05-30,15.387751579284668
2008-06-02,14.885046005249023
2008-06-03,15.449058532714844
2008-06-04,15.473580360412598
2008-06-05,16.1234188079834
2008-06-06,15.093486785888672
2008-06-09,14.603038787841797
2008-06-10,15.019912719726562
2008-06-11,14.529470443725586
2008-06-12,14.909564018249512
2008-06-13,15.682021141052246
2008-06-16,15.743325233459473
2008-06-17,15.816893577575684
2008-06-18,15.191576957702637
2008-06-19,14.627557754516602
2008-06-20,14.149373054504395
2008-06-23,13.524054527282715
2008-06-24,13.9777193069458
2008-06-25,14.676604270935059
2008-06-26,14.088068008422852
2008-06-27,13.732494354248047
2008-06-30,13.14395809173584
2008-07-01,12.445075988769531
2008-07-02,12.641253471374512
2008-07-03,12.886475563049316
2008-07-04,12.555424690246582
2008-07-07,12.242766380310059
2008-07-08,12.230504035949707
2008-07-09,12.910998344421387
2008-07-10,12.604469299316406
2008-07-11,11.94849681854248
2008-07-14,11.973020553588867
2008-07-15,11.218957901000977
2008-07-16,11.605184555053711
2008-07-17,12.518641471862793
2008-07-18,13.475011825561523
2008-07-21,13.769278526306152
2008-07-22,13.475011825561523
2008-07-23,14.284246444702148
2008-07-24,14.10033130645752
2008-07-25,13.242050170898438
2008-07-28,12.518641471862793
2008-07-29,12.064980506896973
2008-07-30,12.285679817199707
2008-07-31,12.494119644165039
2008-08-04,11.991411209106445
2008-08-05,12.910998344421387
2008-08-06,13.389184951782227
2008-08-07,13.32787799835205
2008-08-08,13.487271308898926
2008-08-11,14.21068000793457
2008-08-12,13.86737060546875
2008-08-13,12.861953735351562
2008-08-14,13.32787799835205
2008-08-15,13.524054527282715
2008-08-18,13.769278526306152
2008-08-19,13.033610343933105
2008-08-20,13.376920700073242
2008-08-21,13.376920700073242
2008-08-22,14.014504432678223
2008-08-25,13.9777193069458
2008-08-26,14.1861572265625
2008-08-27,14.002238273620605
2008-08-28,14.639822959899902
2008-08-29,14.799215316772461
2008-09-01,14.664345741271973
2008-09-02,14.701127052307129
2008-09-03,15.0566987991333
2008-09-04,14.247464179992676
2008-09-05,13.732494354248047
2008-09-08,14.872782707214355
2008-09-09,14.860523223876953
2008-09-10,14.259724617004395
2008-09-11,14.039023399353027
2008-09-12,14.419119834899902
2008-09-15,12.32246208190918
2008-09-16,10.201282501220703
2008-09-17,9.625007629394531
2008-09-18,9.778273582458496
2008-09-19,12.874213218688965
2008-09-22,12.751602172851562
2008-09-23,11.740057945251465
2008-09-24,12.310202598571777
2008-09-25,12.935518264770508
2008-09-26,12.874213218688965
2008-09-29,11.12700080871582
2008-09-30,11.317047119140625
2008-10-01,12.077238082885742
2008-10-02,13.058133125305176
2008-10-03,14.701127052307129
2008-10-06,12.812911987304688
2008-10-07,11.89332103729248
2008-10-08,11.16378402709961
2008-10-09,11.347699165344238
2008-10-10,10.421982765197754
2008-10-13,11.709406852722168
2008-10-14,13.119441032409668
2008-10-15,12.310202598571777
2008-10-16,11.70327377319336
2008-10-17,11.13313102722168
2008-10-20,11.035040855407715
2008-10-21,11.15765380859375
2008-10-22,10.618162155151367
2008-10-23,10.11545467376709
2008-10-24,9.588226318359375
2008-10-27,8.828032493591309
2008-10-28,9.208130836486816
2008-10-29,10.605902671813965
2008-10-30,10.943083763122559
2008-10-31,11.862669944763184
2008-11-03,11.617445945739746
2008-11-04,12.077238082885742
2008-11-05,11.825886726379395
2008-11-06,11.035040855407715
2008-11-07,10.605902671813965
2008-11-10,10.710119247436523
2008-11-11,9.80892562866211
2008-11-12,9.71696662902832
2008-11-13,9.244912147521973
2008-11-14,8.889338493347168
2008-11-17,8.429545402526855
2008-11-18,8.135275840759277
2008-11-19,7.3996076583862305
2008-11-20,6.927554607391357
2008-11-21,6.9582061767578125
2008-11-24,8.447936058044434
2008-11-25,8.834163665771484
2008-11-26,9.073257446289062
2008-11-27,9.441091537475586
2008-11-28,9.287825584411621
2008-12-01,8.14140796661377
2008-12-02,8.435674667358398
2008-12-03,8.546026229858398
2008-12-04,8.999690055847168
2008-12-05,8.864816665649414
2008-12-08,9.784400939941406
2008-12-09,9.980582237243652
2008-12-10,9.75374984741211
2008-12-11,9.655660629272461
2008-12-12,8.834163665771484
2008-12-15,8.70542049407959
2008-12-16,8.858686447143555
2008-12-17,8.932252883911133
2008-12-18,8.98129653930664
2008-12-19,8.650245666503906
2008-12-22,8.27628231048584
2008-12-23,8.595072746276855
2008-12-24,8.595072746276855
2008-12-29,8.858686447143555
2008-12-30,9.097776412963867
2008-12-31,9.097776412963867
2009-01-05,9.790534973144531
2009-01-06,9.86410140991211
2009-01-07,9.71696662902832
2009-01-08,9.974451065063477
2009-01-09,10.348416328430176
2009-01-12,9.710835456848145
2009-01-13,9.195868492126465
2009-01-14,8.349847793579102
2009-01-15,8.27628231048584
2009-01-16,8.1720609664917
2009-01-19,7.724529266357422
2009-01-20,7.240212440490723
2009-01-21,7.859401226043701
2009-01-22,8.27628231048584
2009-01-23,8.582809448242188
2009-01-26,8.840292930603027
2009-01-27,8.858686447143555
2009-01-28,9.759880065917969
2009-01-29,8.809642791748047
2009-01-30,8.975167274475098
2009-02-02,8.01879596710205
2009-02-03,8.116886138916016
2009-02-04,8.521504402160645
2009-02-05,7.969752311706543
2009-02-06,7.957490921020508
2009-02-09,7.908446788787842
2009-02-10,8.355978965759277
2009-02-11,8.564417839050293
2009-02-12,8.239496231079102
2009-02-13,8.07397174835205
2009-02-16,7.896185874938965
2009-02-17,7.460915565490723
2009-02-18,7.48543643951416
2009-02-19,7.847140789031982
2009-02-20,6.743635654449463
2009-02-23,6.130579948425293
2009-02-24,6.038619041442871
2009-02-25,6.191883563995361
2009-02-26,7.197298526763916
2009-02-27,6.780420303344727
2009-03-02,6.057011127471924
2009-03-03,6.0631422996521
2009-03-04,6.271580696105957
2009-03-05,5.836311340332031
2009-03-06,5.548173904418945
2009-03-09,5.253905296325684
2009-03-10,6.00183629989624
2009-03-11,6.148970603942871
2009-03-12,6.41258430480957
2009-03-13,6.621025085449219
2009-03-16,7.123732089996338
2009-03-17,7.1789069175720215
2009-03-18,7.240212440490723
2009-03-19,7.571264266967773
2009-03-20,7.828749179840088
2009-03-23,8.0617094039917
2009-03-24,8.0617094039917
2009-03-25,7.810357093811035
2009-03-26,7.516089916229248
2009-03-27,6.970468044281006
2009-03-30,6.21640682220459
2009-03-31,6.559720516204834
2009-04-01,6.841724395751953
2009-04-02,7.246344566345215
2009-04-03,7.295388221740723
2009-04-06,7.05016565322876
2009-04-07,6.6823296546936035
2009-04-08,6.743635654449463
2009-04-09,7.05016565322876
2009-04-14,8.135275840759277
2009-04-15,7.577394962310791
2009-04-16,7.988142967224121
2009-04-17,8.570549011230469
2009-04-20,8.165929794311523
2009-04-21,8.2272367477417
2009-04-22,8.828032493591309
2009-04-23,8.466328620910645
2009-04-24,8.582809448242188
2009-04-27,8.938385009765625
2009-04-28,8.723812103271484
2009-04-29,9.244912147521973
2009-04-30,9.778273582458496
2009-05-04,9.631138801574707
2009-05-05,9.851839065551758
2009-05-06,9.86410140991211
2009-05-07,10.146108627319336
2009-05-08,10.483287811279297
2009-05-11,10.710119247436523
2009-05-12,9.931537628173828
2009-05-13,8.932252883911133
2009-05-14,9.287825584411621
2009-05-15,9.220390319824219
2009-05-18,9.75374984741211
2009-05-19,10.152237892150879
2009-05-20,10.1338472366333
2009-05-22,9.649529457092285
2009-05-25,9.759880065917969
2009-05-26,9.545310020446777
2009-05-27,9.710835456848145
2009-05-28,9.594354629516602
2009-05-29,9.766012191772461
2009-06-02,9.974451065063477
2009-06-03,9.551441192626953
2009-06-04,9.51465892791748
2009-06-05,9.201998710632324
2009-06-08,9.097776412963867
2009-06-09,9.12230110168457
2009-06-10,9.563702583312988
2009-06-11,9.83344841003418
2009-06-12,9.857970237731934
2009-06-15,9.306219100952148
2009-06-16,8.926121711730957
2009-06-17,8.582809448242188
2009-06-18,8.889338493347168
2009-06-19,8.754467964172363
2009-06-22,8.454068183898926
2009-06-23,8.631855010986328
2009-06-24,9.103910446166992
2009-06-25,8.564417839050293
2009-06-26,8.104625701904297
2009-06-29,8.1720609664917
2009-06-30,8.147541046142578
2009-07-01,8.239496231079102
2009-07-02,7.9758830070495605
2009-07-03,7.945228576660156
2009-07-06,7.945228576660156
2009-07-07,7.9758830070495605
2009-07-08,7.706136703491211
2009-07-09,7.932968616485596
2009-07-10,7.742920398712158
2009-07-13,8.110754013061523
2009-07-14,8.398894309997559
2009-07-15,8.70542049407959
2009-07-16,8.699291229248047
2009-07-17,8.797381401062012
2009-07-20,8.877077102661133
2009-07-21,8.754467964172363
2009-07-22,8.656376838684082
2009-07-23,9.103910446166992
2009-07-24,9.097776412963867
2009-07-27,9.146822929382324
2009-07-28,8.870948791503906
2009-07-29,8.754467964172363
2009-07-30,9.208130836486816
2009-07-31,9.569832801818848
2009-08-03,9.80892562866211
2009-08-04,9.385916709899902
2009-08-05,9.490134239196777
2009-08-06,9.741488456726074
2009-08-07,10.017366409301758
2009-08-10,9.992842674255371
2009-08-11,9.71696662902832
2009-08-12,10.017366409301758
2009-08-13,10.556855201721191
2009-08-14,10.495552062988281
2009-08-17,10.103194236755371
2009-08-18,10.360675811767578
2009-08-19,10.26258659362793
2009-08-20,10.728513717651367
2009-08-21,11.41513729095459
2009-08-24,11.507098197937012
2009-08-25,11.409006118774414
2009-08-26,11.298654556274414
2009-08-27,11.543877601623535
2009-08-28,11.89945125579834
2009-08-31,11.979151725769043
2009-09-01,11.286396026611328
2009-09-02,11.059562683105469
2009-09-03,11.46418285369873
2009-09-04,11.678751945495605
2009-09-07,11.819755554199219
2009-09-08,11.74618911743164
2009-09-09,11.611316680908203
2009-09-10,11.451920509338379
2009-09-11,11.42126750946045
2009-09-14,11.378351211547852
2009-09-15,11.46418285369873
2009-09-16,11.770710945129395
2009-09-17,11.764579772949219
2009-09-18,11.954627990722656
2009-09-21,11.81362533569336
2009-09-22,11.801361083984375
2009-09-23,11.966891288757324
2009-09-24,11.70327377319336
2009-09-25,11.500965118408203
2009-09-28,11.752320289611816
2009-09-29,11.770710945129395
2009-09-30,11.629706382751465
2009-10-01,11.27413272857666
2009-10-02,10.9921293258667
2009-10-05,10.918560028076172
2009-10-06,11.372222900390625
2009-10-07,11.23735237121582
2009-10-08,11.200567245483398
2009-10-09,11.15765380859375
2009-10-12,11.280264854431152
2009-10-13,11.323177337646484
2009-10-14,11.770710945129395
2009-10-15,11.672622680664062
2009-10-16,11.592925071716309
2009-10-19,11.740057945251465
2009-10-20,11.764579772949219
2009-10-21,11.782973289489746
2009-10-22,11.494834899902344
2009-10-23,11.286396026611328
2009-10-26,11.02277946472168
2009-10-27,10.96147346496582
2009-10-28,10.544596672058105
2009-10-29,10.814338684082031
2009-10-30,10.605902671813965
2009-11-02,10.636553764343262
2009-11-03,10.0234956741333
2009-11-04,10.428114891052246
2009-11-05,10.305501937866211
2009-11-06,10.354546546936035
2009-11-09,10.636553764343262
2009-11-10,10.544596672058105
2009-11-11,10.697860717773438
2009-11-12,10.691730499267578
2009-11-13,10.483287811279297
2009-11-16,10.716252326965332
2009-11-17,10.33615493774414
2009-11-18,10.330023765563965
2009-11-19,10.08480167388916
2009-11-20,9.857970237731934
2009-11-23,10.109322547912598
2009-11-24,9.907014846801758
2009-11-25,9.845708847045898
2009-11-26,9.379786491394043
2009-11-27,9.618878364562988
2009-11-30,9.551441192626953
2009-12-01,9.83344841003418
2009-12-02,9.704707145690918
2009-12-03,9.83344841003418
2009-12-04,10.054147720336914
2009-12-07,9.919276237487793
2009-12-08,9.821187973022461
2009-12-09,9.600484848022461
2009-12-10,9.80892562866211
2009-12-11,9.625007629394531
2009-12-14,9.704707145690918
2009-12-15,9.82731819152832
2009-12-16,10.17063045501709
2009-12-17,9.937666893005371
2009-12-18,9.637269973754883
2009-12-21,9.790534973144531
2009-12-22,9.925406455993652
2009-12-23,9.919276237487793
2009-12-24,9.919276237487793
2009-12-28,10.06027889251709
2009-12-29,10.005104064941406
2009-12-30,9.839576721191406
2009-12-31,10.005104064941406
2010-01-04,10.11545467376709
2010-01-05,10.201282501220703
2010-01-06,10.1338472366333
2010-01-07,10.164499282836914
2010-01-08,10.550724983215332
2010-01-11,10.446507453918457
2010-01-12,10.26258659362793
2010-01-13,10.11545467376709
2010-01-14,10.13997745513916
2010-01-15,9.870232582092285
2010-01-18,9.907014846801758
2010-01-19,9.845708847045898
2010-01-20,9.680183410644531
2010-01-21,9.5269193649292
2010-01-22,9.15295124053955
2010-01-25,9.0426025390625
2010-01-26,8.889338493347168
2010-01-27,8.67476749420166
2010-01-28,8.668639183044434
2010-01-29,8.601201057434082
2010-02-01,8.711553573608398
2010-02-02,8.797381401062012
2010-02-03,8.98129653930664
2010-02-04,8.552156448364258
2010-02-05,8.509242057800293
2010-02-08,8.680900573730469
2010-02-09,8.214974403381348
2010-02-10,8.380501747131348
2010-02-11,8.337586402893066
2010-02-12,8.355978965759277
2010-02-15,8.570549011230469
2010-02-16,8.81577205657959
2010-02-17,8.926121711730957
2010-02-18,8.993557929992676
2010-02-19,8.956774711608887
2010-02-22,9.054865837097168
2010-02-23,8.864816665649414
2010-02-24,9.030342102050781
2010-02-25,9.011950492858887
2010-02-26,9.079386711120605
2010-03-01,9.18360710144043
2010-03-02,9.330740928649902
2010-03-03,9.51465892791748
2010-03-04,9.723097801208496
2010-03-05,10.078669548034668
2010-03-08,9.907014846801758
2010-03-09,9.839576721191406
2010-03-10,9.882493019104004
2010-03-11,9.851839065551758
2010-03-12,10.048017501831055
2010-03-15,10.029626846313477
2010-03-16,10.182890892028809
2010-03-17,10.274848937988281
2010-03-18,10.08480167388916
2010-03-19,10.256457328796387
2010-03-22,10.054147720336914
2010-03-23,10.035757064819336
2010-03-24,10.041887283325195
2010-03-25,10.097064018249512
2010-03-26,10.164499282836914
2010-03-29,10.176761627197266
2010-03-30,10.477158546447754
2010-03-31,10.507810592651367
2010-04-01,10.887907981872559
2010-04-06,11.053433418273926
2010-04-07,10.887907981872559
2010-04-08,10.550724983215332
2010-04-09,10.838862419128418
2010-04-12,11.176042556762695
2010-04-13,11.065691947937012
2010-04-14,11.32930850982666
2010-04-15,11.310916900634766
2010-04-16,10.9921293258667
2010-04-19,10.7714262008667
2010-04-20,10.765295028686523
2010-04-21,10.556855201721191
2010-04-22,10.385200500488281
2010-04-23,10.513940811157227
2010-04-26,10.783687591552734
2010-04-27,10.354546546936035
2010-04-28,10.207414627075195
2010-04-29,10.434244155883789
2010-04-30,10.34228801727295
2010-05-03,10.446507453918457
2010-05-04,9.919276237487793
2010-05-05,9.907014846801758
2010-05-06,9.520787239074707
2010-05-07,9.257173538208008
2010-05-10,10.11545467376709
2010-05-11,10.08480167388916
2010-05-12,10.238065719604492
2010-05-14,9.759880065917969
2010-05-17,9.741488456726074
2010-05-18,9.943798065185547
2010-05-19,9.680183410644531
2010-05-20,9.447221755981445
2010-05-21,9.508526802062988
2010-05-25,9.18360710144043
2010-05-26,9.293956756591797
2010-05-27,9.575963973999023
2010-05-28,9.45948314666748
2010-05-31,9.520787239074707
2010-06-01,9.41043758392334
2010-06-02,9.392044067382812
2010-06-03,9.41043758392334
2010-06-04,8.98129653930664
2010-06-07,9.024209976196289
2010-06-08,8.828032493591309
2010-06-09,8.858686447143555
2010-06-10,8.877077102661133
2010-06-11,9.171342849731445
2010-06-14,9.32461166381836
2010-06-15,9.508526802062988
2010-06-16,9.508526802062988
2010-06-17,9.637269973754883
2010-06-18,9.80279541015625
2010-06-21,9.815055847167969
2010-06-22,9.75374984741211
2010-06-23,9.551441192626953
2010-06-24,9.355263710021973
2010-06-25,9.300087928771973
2010-06-28,9.244912147521973
2010-06-29,8.858686447143555
2010-06-30,8.864816665649414
2010-07-01,8.595072746276855
2010-07-02,8.619593620300293
2010-07-05,8.607332229614258
2010-07-06,8.919991493225098
2010-07-07,9.091647148132324
2010-07-08,9.195868492126465
2010-07-09,9.275564193725586
2010-07-12,9.336871147155762
2010-07-13,9.533050537109375
2010-07-14,9.545310020446777
2010-07-15,9.422698020935059
2010-07-16,9.220390319824219
2010-07-19,9.177477836608887
2010-07-20,9.18360710144043
2010-07-21,9.31847858428955
2010-07-22,9.508526802062988
2010-07-23,9.484006881713867
2010-07-26,9.625007629394531
2010-07-27,10.703991889953613
2010-07-28,10.716252326965332
2010-07-29,10.740772247314453
2010-07-30,10.912429809570312
2010-08-02,11.09634780883789
2010-08-03,11.047303199768066
2010-08-04,11.09634780883789
2010-08-05,11.09634780883789
2010-08-06,11.004385948181152
2010-08-09,11.231220245361328
2010-08-10,11.059562683105469
2010-08-11,10.56298542022705
2010-08-12,10.605902671813965
2010-08-13,10.67333698272705
2010-08-16,10.667204856872559
2010-08-17,10.826600074768066
2010-08-18,10.710119247436523
2010-08-19,10.697860717773438
2010-08-20,10.434244155883789
2010-08-23,10.636553764343262
2010-08-24,10.415854454040527
2010-08-25,10.26258659362793
2010-08-26,10.397461891174316
2010-08-27,10.464898109436035
2010-08-30,10.471028327941895
2010-08-31,10.532334327697754
2010-09-01,10.930822372436523
2010-09-02,10.973736763000488
2010-09-03,11.176042556762695
2010-09-06,11.084087371826172
2010-09-07,10.924692153930664
2010-09-08,10.973736763000488
2010-09-09,11.13313102722168
2010-09-10,11.218957901000977
2010-09-13,11.27413272857666
2010-09-14,11.218957901000977
2010-09-15,11.24348258972168
2010-09-16,11.200567245483398
2010-09-17,11.041173934936523
2010-09-20,11.23735237121582
2010-09-21,11.114739418029785
2010-09-22,10.78981876373291
2010-09-23,10.587510108947754
2010-09-24,10.753035545349121
2010-09-27,10.703991889953613
2010-09-28,10.710119247436523
2010-09-29,10.45876693725586
2010-09-30,10.22580623626709
2010-10-01,10.213541984558105
2010-10-04,10.164499282836914
2010-10-05,10.385200500488281
2010-10-06,10.56298542022705
2010-10-07,10.56298542022705
2010-10-08,10.495552062988281
2010-10-11,10.421982765197754
2010-10-12,10.544596672058105
2010-10-13,10.814338684082031
2010-10-14,10.64881706237793
2010-10-15,10.45263671875
2010-10-18,10.59364128112793
2010-10-19,10.777557373046875
2010-10-20,10.728513717651367
2010-10-21,10.783687591552734
2010-10-22,10.685598373413086
2010-10-25,10.814338684082031
2010-10-26,10.274848937988281
2010-10-27,10.323895454406738
2010-10-28,10.268718719482422
2010-10-29,10.213541984558105
2010-11-01,10.189022064208984
2010-11-02,10.323895454406738
2010-11-03,10.23193359375
2010-11-04,10.477158546447754
2010-11-05,10.56911563873291
2010-11-08,10.642684936523438
2010-11-09,10.654948234558105
2010-11-10,10.495552062988281
2010-11-11,10.403592109680176
2010-11-12,10.354546546936035
2010-11-15,10.385200500488281
2010-11-16,10.146108627319336
2010-11-17,10.182890892028809
2010-11-18,10.244194984436035
2010-11-19,10.078669548034668
2010-11-22,9.870232582092285
2010-11-23,9.612746238708496
2010-11-24,9.582094192504883
2010-11-25,9.612746238708496
2010-11-26,9.434959411621094
2010-11-29,9.398178100585938
2010-11-30,9.214258193969727
2010-12-01,9.484006881713867
2010-12-02,9.680183410644531
2010-12-03,9.631138801574707
2010-12-06,9.477873802185059
2010-12-07,9.51465892791748
2010-12-08,9.667922973632812
2010-12-09,9.907014846801758
2010-12-10,9.900882720947266
2010-12-13,9.894753456115723
2010-12-14,9.894753456115723
2010-12-15,9.729228019714355
2010-12-16,9.680183410644531
2010-12-17,9.496265411376953
2010-12-20,9.447221755981445
2010-12-21,9.5269193649292
2010-12-22,9.649529457092285
2010-12-23,9.661789894104004
2010-12-27,9.594354629516602
2010-12-28,9.582094192504883
2010-12-29,9.557574272155762
2010-12-30,9.41043758392334
2011-01-03,9.551441192626953
2011-01-04,9.643399238586426
2011-01-05,9.75374984741211
2011-01-06,9.919276237487793
2011-01-07,9.741488456726074
2011-01-10,9.612746238708496
2011-01-11,9.778273582458496
2011-01-12,10.201282501220703
2011-01-13,10.274848937988281
2011-01-14,10.379069328308105
2011-01-17,10.45263671875
2011-01-18,10.581378936767578
2011-01-19,10.21967601776123
2011-01-20,10.23193359375
2011-01-21,10.415854454040527
2011-01-24,10.501680374145508
2011-01-25,10.366808891296387
2011-01-26,10.385200500488281
2011-01-27,10.581378936767578
2011-01-28,10.587510108947754
2011-01-31,10.379069328308105
2011-02-01,10.636553764343262
2011-02-02,10.605902671813965
2011-02-03,10.544596672058105
2011-02-04,10.716252326965332
2011-02-07,10.728513717651367
2011-02-08,11.188304901123047
2011-02-09,11.353832244873047
2011-02-10,11.280264854431152
2011-02-11,11.292525291442871
2011-02-14,11.280264854431152
2011-02-15,11.335439682006836
2011-02-16,11.52548599243164
2011-02-17,11.494834899902344
2011-02-18,11.605184555053711
2011-02-21,11.445789337158203
2011-02-22,11.347699165344238
2011-02-23,11.310916900634766
2011-02-24,11.114739418029785
2011-02-25,11.261873245239258
2011-02-28,11.310916900634766
2011-03-01,11.090217590332031
2011-03-02,11.188304901123047
2011-03-03,11.323177337646484
2011-03-04,11.010518074035645
2011-03-07,11.010518074035645
2011-03-08,11.15765380859375
2011-03-09,10.875645637512207
2011-03-10,10.661075592041016
2011-03-11,10.624292373657227
2011-03-14,10.464898109436035
2011-03-15,10.21967601776123
2011-03-16,10.078669548034668
2011-03-17,10.103194236755371
2011-03-18,9.998974800109863
2011-03-21,10.287110328674316
2011-03-22,10.213541984558105
2011-03-23,10.189022064208984
2011-03-24,10.299371719360352
2011-03-25,10.31776237487793
2011-03-28,10.45263671875
2011-03-29,10.250327110290527
2011-03-30,10.280981063842773
2011-03-31,10.103194236755371
2011-04-01,10.256457328796387
2011-04-04,10.299371719360352
2011-04-05,10.189022064208984
2011-04-06,10.366808891296387
2011-04-07,10.513940811157227
2011-04-08,10.421982765197754
2011-04-11,10.428114891052246
2011-04-12,10.244194984436035
2011-04-13,10.354546546936035
2011-04-14,10.21967601776123
2011-04-15,10.127715110778809
2011-04-18,9.876363754272461
2011-04-19,9.931537628173828
2011-04-20,10.066411018371582
2011-04-21,10.17063045501709
2011-04-26,10.56298542022705
2011-04-27,10.636553764343262
2011-04-28,10.612030029296875
2011-04-29,10.599772453308105
2011-05-02,10.483287811279297
2011-05-03,10.45876693725586
2011-05-04,10.446507453918457
2011-05-05,10.26258659362793
2011-05-06,10.440376281738281
2011-05-09,10.238065719604492
2011-05-10,10.348416328430176
2011-05-11,10.311633110046387
2011-05-12,10.26258659362793
2011-05-13,10.048017501831055
2011-05-16,9.998974800109863
2011-05-17,9.882493019104004
2011-05-18,9.949928283691406
2011-05-19,10.017366409301758
2011-05-20,9.962190628051758
2011-05-23,9.747620582580566
2011-05-24,9.698575019836426
2011-05-25,9.80892562866211
2011-05-26,9.86410140991211
2011-05-27,9.980582237243652
2011-05-30,9.870232582092285
2011-05-31,10.017366409301758
2011-06-01,10.041887283325195
2011-06-03,9.815055847167969
2011-06-06,9.735358238220215
2011-06-07,9.594354629516602
2011-06-08,9.392044067382812
2011-06-09,9.45948314666748
2011-06-10,9.385916709899902
2011-06-14,9.4717435836792
2011-06-15,9.31847858428955
2011-06-16,9.32461166381836
2011-06-17,9.32461166381836
2011-06-20,9.281697273254395
2011-06-21,9.416568756103516
2011-06-22,9.306219100952148
2011-06-23,8.889338493347168
2011-06-24,8.883208274841309
2011-06-27,8.846424102783203
2011-06-28,9.054865837097168
2011-06-29,9.195868492126465
2011-06-30,9.398178100585938
2011-07-01,9.618878364562988
2011-07-04,9.551441192626953
2011-07-05,9.45948314666748
2011-07-06,9.31847858428955
2011-07-07,9.287825584411621
2011-07-08,9.030342102050781
2011-07-11,8.748335838317871
2011-07-12,8.582809448242188
2011-07-13,8.656376838684082
2011-07-14,8.576679229736328
2011-07-15,8.398894309997559
2011-07-18,8.110754013061523
2011-07-19,8.165929794311523
2011-07-20,8.50311279296875
2011-07-21,8.81577205657959
2011-07-22,8.772856712341309
2011-07-25,8.521504402160645
2011-07-26,8.27628231048584
2011-07-27,8.080103874206543
2011-07-28,8.098494529724121
2011-07-29,8.037186622619629
2011-08-02,7.418001174926758
2011-08-03,7.301519393920898
2011-08-04,6.835594177246094
2011-08-05,6.755897521972656
2011-08-08,6.443237781524658
2011-08-09,6.498414039611816
2011-08-10,6.148970603942871
2011-08-11,6.768158435821533
2011-08-12,7.154385089874268
2011-08-15,7.258605003356934
2011-08-16,7.215692043304443
2011-08-17,7.123732089996338
2011-08-18,6.529066562652588
2011-08-19,6.529066562652588
2011-08-22,6.455499172210693
2011-08-23,6.590371131896973
2011-08-24,6.811072826385498
2011-08-25,6.829463958740234
2011-08-26,6.621025085449219
2011-08-29,6.8969011306762695
2011-08-30,7.007252216339111
2011-08-31,7.154385089874268
2011-09-01,7.14825439453125
2011-09-02,6.768158435821533
2011-09-05,6.326757907867432
2011-09-06,6.41258430480957
2011-09-07,6.706851482391357
2011-09-08,6.847856044769287
2011-09-09,6.467759132385254
2011-09-12,6.314494609832764
2011-09-13,6.688460350036621
2011-09-14,6.700722694396973
2011-09-15,5.977313995361328
2011-09-16,6.289973735809326
2011-09-19,6.173491954803467
2011-09-20,6.2593207359313965
2011-09-21,6.3083648681640625
2011-09-22,5.92213773727417
2011-09-23,6.2041449546813965
2011-09-26,6.516805171966553
2011-09-27,6.903031349182129
2011-09-28,6.749766826629639
2011-09-29,6.927554607391357
2011-09-30,6.4616289138793945
2011-10-03,6.185754776000977
2011-10-04,6.271580696105957
2011-10-05,6.437106609344482
2011-10-06,6.725244998931885
2011-10-07,6.510673999786377
2011-10-10,6.670069694519043
2011-10-11,6.676200866699219
2011-10-12,6.952076435089111
2011-10-13,6.694592475891113
2011-10-14,6.6332855224609375
2011-10-17,6.510673999786377
2011-10-18,6.437106609344482
2011-10-19,6.5842413902282715
2011-10-20,6.48615026473999
2011-10-21,6.737505912780762
2011-10-24,6.829463958740234
2011-10-25,6.811072826385498
2011-10-26,6.762027263641357
2011-10-27,7.307651042938232
2011-10-28,7.338302135467529
2011-10-31,6.872378826141357
2011-11-01,6.535196781158447
2011-11-02,6.627155780792236
2011-11-03,6.688460350036621
2011-11-04,6.6823296546936035
2011-11-07,6.743635654449463
2011-11-08,6.860117435455322
2011-11-09,6.676200866699219
2011-11-10,6.559720516204834
2011-11-11,6.749766826629639
2011-11-14,6.712982654571533
2011-11-15,6.516805171966553
2011-11-16,6.621025085449219
2011-11-17,6.430976867675781
2011-11-18,6.4616289138793945
2011-11-21,6.2593207359313965
2011-11-22,6.130579948425293
2011-11-23,6.007967472076416
2011-11-24,6.136709213256836
2011-11-25,6.2041449546813965
2011-11-28,6.455499172210693
2011-11-29,6.547457695007324
2011-11-30,6.853987216949463
2011-12-01,6.725244998931885
2011-12-02,6.96433687210083
2011-12-05,6.9888596534729
2011-12-06,7.031773090362549
2011-12-07,6.9582061767578125
2011-12-08,6.817203044891357
2011-12-09,7.001119136810303
2011-12-12,6.878509044647217
2011-12-13,6.811072826385498
2011-12-14,6.712982654571533
2011-12-15,6.749766826629639
2011-12-16,6.657809257507324
2011-12-19,6.621025085449219
2011-12-20,6.694592475891113
2011-12-21,6.676200866699219
2011-12-22,6.884639263153076
2011-12-23,6.970468044281006
2011-12-27,6.878509044647217
2011-12-28,6.7865495681762695
2011-12-29,6.774289608001709
2011-12-30,6.853987216949463
2012-01-03,7.068557262420654
2012-01-04,7.09307861328125
2012-01-05,6.860117435455322
2012-01-06,6.7988128662109375
2012-01-09,6.559720516204834
2012-01-10,6.792681694030762
2012-01-11,6.817203044891357
2012-01-12,6.982730388641357
2012-01-13,6.976598739624023
2012-01-16,7.062426567077637
2012-01-17,7.062426567077637
2012-01-18,7.129862308502197
2012-01-19,7.706136703491211
2012-01-20,7.755182266235352
2012-01-23,7.902315616607666
2012-01-24,7.761310577392578
2012-01-25,7.798096656799316
2012-01-26,7.963621616363525
2012-01-27,7.890054702758789
2012-01-30,7.650961399078369
2012-01-31,7.681615829467773
2012-02-01,7.945228576660156
2012-02-02,7.963621616363525
2012-02-03,8.245628356933594
2012-02-06,8.098494529724121
2012-02-07,7.982014179229736
2012-02-08,8.031058311462402
2012-02-09,8.024927139282227
2012-02-10,7.804225921630859
2012-02-13,7.9268388748168945
2012-02-14,7.908446788787842
2012-02-15,7.969752311706543
2012-02-16,8.031058311462402
2012-02-17,8.024927139282227
2012-02-20,8.153668403625488
2012-02-21,8.08623218536377
2012-02-22,7.8164873123168945
2012-02-23,7.834878921508789
2012-02-24,7.896185874938965
2012-02-27,7.8164873123168945
2012-02-28,7.773575305938721
2012-02-29,7.755182266235352
2012-03-01,7.736790180206299
2012-03-02,7.804225921630859
2012-03-05,7.736790180206299
2012-03-06,7.4486517906188965
2012-03-07,7.565134525299072
2012-03-08,7.693875789642334
2012-03-09,7.626438617706299
2012-03-12,7.61417818069458
2012-03-13,7.828749179840088
2012-03-14,7.982014179229736
2012-03-15,8.08623218536377
2012-03-16,8.116886138916016
2012-03-19,8.135275840759277
2012-03-20,8.012666702270508
2012-03-21,7.957490921020508
2012-03-22,7.920708179473877
2012-03-23,7.890054702758789
2012-03-26,7.969752311706543
2012-03-27,7.988142967224121
2012-03-28,7.865530967712402
2012-03-29,7.706136703491211
2012-03-30,7.755182266235352
2012-04-02,7.791964530944824
2012-04-03,7.63870096206665
2012-04-04,7.436391353607178
2012-04-05,7.436391353607178
2012-04-10,7.068557262420654
2012-04-11,7.142123222351074
2012-04-12,7.234082221984863
2012-04-13,7.062426567077637
2012-04-16,6.970468044281006
2012-04-17,7.246344566345215
2012-04-18,7.056297302246094
2012-04-19,7.007252216339111
2012-04-20,7.025643825531006
2012-04-23,6.866247177124023
2012-04-24,6.945944309234619
2012-04-25,7.019511699676514
2012-04-26,6.982730388641357
2012-04-27,7.074686527252197
2012-04-30,6.945944309234619
2012-05-02,7.203430652618408
2012-05-03,7.0133819580078125
2012-05-04,6.96433687210083
2012-05-07,7.081852436065674
2012-05-08,6.94578218460083
2012-05-09,6.834453105926514
2012-05-10,7.069483757019043
2012-05-11,7.088037967681885
2012-05-14,6.865377902984619
2012-05-15,6.834453105926514
2012-05-16,6.77260160446167
2012-05-18,6.611790180206299
2012-05-21,6.68601131439209
2012-05-22,6.902484893798828
2012-05-23,6.809712886810303
2012-05-24,6.9581522941589355
2012-05-25,6.896301746368408
2012-05-29,6.9395976066589355
2012-05-30,6.921041488647461
2012-05-31,6.77260160446167
2012-06-01,6.741675853729248
2012-06-04,6.611790180206299
2012-06-05,6.617977142333984
2012-06-06,6.896301746368408
2012-06-07,6.982892990112305
2012-06-08,6.908671855926514
2012-06-11,6.809712886810303
2012-06-12,6.853006362915039
2012-06-13,6.896301746368408
2012-06-14,6.877747535705566
2012-06-15,6.982892990112305
2012-06-18,6.951966762542725
2012-06-19,7.0571112632751465
2012-06-20,7.050927639007568
2012-06-21,7.044742584228516
2012-06-22,7.044742584228516
2012-06-25,6.834453105926514
2012-06-26,6.692195892333984
2012-06-27,6.834453105926514
2012-06-28,6.642715930938721
2012-06-29,6.834453105926514
2012-07-02,6.9272260665893555
2012-07-03,6.96433687210083
2012-07-04,6.896301746368408
2012-07-05,6.877747535705566
2012-07-06,6.679826736450195
2012-07-09,6.599421501159668
2012-07-10,6.54994010925293
2012-07-11,6.53138542175293
2012-07-12,6.463351249694824
2012-07-13,6.4571661949157715
2012-07-16,6.40768575668335
2012-07-17,6.4014997482299805
2012-07-18,6.481905460357666
2012-07-19,6.488090515136719
2012-07-20,6.203579902648926
2012-07-23,6.058230400085449
2012-07-24,6.104618549346924
2012-07-25,6.222135543823242
2012-07-26,6.389130592346191
2012-07-27,6.506645679473877
2012-07-30,6.760231971740723
2012-07-31,6.364388942718506
2012-08-02,6.271613597869873
2012-08-03,6.494274139404297
2012-08-06,6.54994010925293
2012-08-07,6.6056060791015625
2012-08-08,6.556126594543457
2012-08-09,6.543755531311035
2012-08-10,6.512831211090088
2012-08-13,6.494274139404297
2012-08-14,6.488090515136719
2012-08-15,6.463351249694824
2012-08-16,6.525199890136719
2012-08-17,6.630345344543457
2012-08-20,6.512831211090088
2012-08-21,6.710751056671143
2012-08-22,6.815896034240723
2012-08-23,6.729306221008301
2012-08-24,6.630345344543457
2012-08-27,6.716936111450195
2012-08-28,6.599421501159668
2012-08-29,6.636531352996826
2012-08-30,6.525199890136719
2012-08-31,6.6056060791015625
2012-09-03,6.636531352996826
2012-09-04,6.53138542175293
2012-09-05,6.729306221008301
2012-09-06,7.038557052612305
2012-09-07,7.2117390632629395
2012-09-10,7.267403602600098
2012-09-11,7.316882610321045
2012-09-12,7.4529547691345215
2012-09-13,7.440583229064941
2012-09-14,7.743650913238525
2012-09-17,7.669429302215576
2012-09-18,7.4282145500183105
2012-09-19,7.4220290184021
2012-09-20,7.353994369506836
2012-09-21,7.520989418029785
2012-09-24,7.440583229064941
2012-09-25,7.4653239250183105
2012-09-26,7.143703460693359
2012-09-27,7.18699836730957
2012-09-28,7.081852436065674
2012-10-01,7.236479759216309
2012-10-02,7.279774188995361
2012-10-03,7.341623306274414
2012-10-04,7.397289276123047
2012-10-05,7.4282145500183105
2012-10-08,7.2983269691467285
2012-10-09,7.236479759216309
2012-10-10,7.224107265472412
2012-10-11,7.29214334487915
2012-10-12,7.3230695724487305
2012-10-15,7.4282145500183105
2012-10-16,7.650875091552734
2012-10-17,7.706540584564209
2012-10-18,7.737464904785156
2012-10-19,7.539544105529785
2012-10-22,7.638504505157471
2012-10-23,7.496249675750732
2012-10-24,7.638504505157471
2012-10-25,7.638504505157471
2012-10-26,7.564284801483154
2012-10-29,8.114750862121582
2012-10-30,8.590998649597168
2012-10-31,8.634293556213379
2012-11-01,8.906435012817383
2012-11-02,8.937360763549805
2012-11-05,8.906435012817383
2012-11-06,9.122910499572754
2012-11-07,9.023950576782227
2012-11-08,9.005393981933594
2012-11-09,8.887879371643066
2012-11-12,8.912619590759277
2012-11-13,8.986841201782227
2012-11-14,8.826028823852539
2012-11-15,8.832213401794434
2012-11-16,8.597184181213379
2012-11-19,8.968284606933594
2012-11-20,8.894064903259277
2012-11-21,8.943544387817383
2012-11-22,9.030136108398438
2012-11-23,9.11672592163086
2012-11-26,8.980656623840332
2012-11-27,8.949731826782227
2012-11-28,8.906435012817383
2012-11-29,8.968284606933594
2012-11-30,8.968284606933594
2012-12-03,9.005393981933594
2012-12-04,9.030136108398438
2012-12-05,9.160021781921387
2012-12-06,9.252796173095703
2012-12-07,9.27135181427002
2012-12-10,9.240425109863281
2012-12-11,9.277535438537598
2012-12-12,9.425975799560547
2012-12-13,9.32701587677002
2012-12-14,9.302276611328125
2012-12-17,9.258981704711914
2012-12-18,9.432162284851074
2012-12-19,9.401237487792969
2012-12-20,9.296091079711914
2012-12-21,9.017765045166016
2012-12-27,8.887879371643066
2012-12-28,8.826028823852539
2013-01-03,9.184762001037598
2013-01-04,9.104353904724121
2013-01-07,9.277535438537598
2013-01-08,9.333200454711914
2013-01-09,9.716672897338867
2013-01-10,9.667194366455078
2013-01-11,9.803264617919922
2013-01-14,9.90841007232666
2013-01-15,9.951704978942871
2013-01-16,9.957889556884766
2013-01-17,10.007369041442871
2013-01-18,9.90841007232666
2013-01-21,9.914595603942871
2013-01-22,9.8280029296875
2013-01-23,9.803264617919922
2013-01-24,10.050663948059082
2013-01-25,9.951704978942871
2013-01-28,10.087774276733398
2013-01-29,10.044478416442871
2013-01-30,9.797078132629395
2013-01-31,9.759967803955078
2013-02-01,9.821818351745605
2013-02-04,9.661008834838867
2013-02-05,9.667194366455078
2013-02-06,9.729043006896973
2013-02-07,9.51875114440918
2013-02-08,9.500198364257812
2013-02-11,9.407421112060547
2013-02-12,9.661008834838867
2013-02-13,9.586787223815918
2013-02-14,9.574416160583496
2013-02-15,9.419793128967285
2013-02-18,9.419793128967285
2013-02-19,9.450716018676758
2013-02-20,9.46927261352539
2013-02-21,9.265168190002441
2013-02-22,9.265168190002441
2013-02-25,9.234241485595703
2013-02-26,9.085801124572754
2013-02-27,9.184762001037598
2013-02-28,9.17238998413086
2013-03-01,9.09817123413086
2013-03-04,8.887879371643066
2013-03-05,9.129096031188965
2013-03-06,9.153836250305176
2013-03-07,9.190945625305176
2013-03-08,9.351755142211914
2013-03-11,9.333200454711914
2013-03-12,9.364128112792969
2013-03-13,9.333200454711914
2013-03-14,9.531121253967285
2013-03-15,9.586787223815918
2013-03-18,9.395051956176758
2013-03-19,9.122910499572754
2013-03-20,9.14146614074707
2013-03-21,9.030136108398438
2013-03-22,9.054876327514648
2013-03-25,9.085801124572754
2013-03-26,9.153836250305176
2013-03-27,9.011580467224121
2013-03-28,8.999210357666016
2013-04-02,9.11672592163086
2013-04-03,9.011580467224121
2013-04-04,8.881694793701172
2013-04-05,8.782733917236328
2013-04-08,8.733257293701172
2013-04-09,8.856955528259277
2013-04-10,9.203315734863281
2013-04-11,9.37031078338623
2013-04-12,9.215686798095703
2013-04-15,9.228056907653809
2013-04-16,9.283721923828125
2013-04-17,8.968284606933594
2013-04-18,8.807474136352539
2013-04-19,9.091983795166016
2013-04-22,9.190945625305176
2013-04-23,9.456902503967285
2013-04-24,9.555861473083496
2013-04-25,9.704303741455078
2013-04-26,9.605341911315918
2013-04-29,9.716672897338867
2013-04-30,10.267141342163086
2013-05-02,10.378469467163086
2013-05-03,10.458876609802246
2013-05-06,10.67557430267334
2013-05-07,10.828537940979004
2013-05-08,10.962379455566406
2013-05-10,11.0579833984375
2013-05-13,10.89864730834961
2013-05-14,10.981500625610352
2013-05-15,11.249185562133789
2013-05-16,11.17270565032959
2013-05-17,11.357538223266602
2013-05-21,11.421272277832031
2013-05-22,11.472258567810059
2013-05-23,11.038862228393555
2013-05-24,10.95600700378418
2013-05-27,10.96875286102295
2013-05-28,11.134464263916016
2013-05-29,10.83491039276123
2013-05-30,10.809417724609375
2013-05-31,10.841285705566406
2013-06-03,10.745682716369629
2013-06-04,10.885900497436523
2013-06-05,10.637333869934082
2013-06-06,10.446127891540527
2013-06-07,10.803044319152832
2013-06-10,10.745682716369629
2013-06-11,10.50986385345459
2013-06-12,10.29316520690918
2013-06-13,10.376022338867188
2013-06-14,10.50348949432373
2013-06-17,10.567224502563477
2013-06-18,10.586344718933105
2013-06-19,10.592719078063965
2013-06-20,10.261299133300781
2013-06-21,10.063719749450684
2013-06-24,9.840648651123047
2013-06-25,10.108335494995117
2013-06-26,10.274045944213867
2013-06-27,10.305912971496582
2013-06-28,10.248552322387695
2013-07-01,10.427008628845215
2013-07-02,10.3186616897583
2013-07-03,10.223057746887207
2013-07-04,10.50348949432373
2013-07-05,10.407888412475586
2013-07-08,10.516237258911133
2013-07-09,10.599091529846191
2013-07-10,10.55447769165039
2013-07-11,10.643707275390625
2013-07-12,10.630962371826172
2013-07-15,10.6819486618042
2013-07-16,10.707440376281738
2013-07-17,10.847658157348633
2013-07-18,11.077102661132812
2013-07-19,11.22369384765625
2013-07-22,11.504125595092773
2013-07-23,11.421272277832031
2013-07-24,11.4340181350708
2013-07-25,11.3447904586792
2013-07-26,11.293802261352539
2013-07-29,11.306549072265625
2013-07-30,11.567862510681152
2013-07-31,11.618849754333496
2013-08-02,12.020379066467285
2013-08-05,12.064992904663086
2013-08-06,11.924774169921875
2013-08-07,11.873788833618164
2013-08-08,12.007630348205566
2013-08-09,12.007630348205566
2013-08-12,12.090487480163574
2013-08-13,12.186089515686035
2013-08-14,12.3836669921875
2013-08-15,12.154220581054688
2013-08-16,12.268943786621094
2013-08-19,12.00125789642334
2013-08-20,11.77181339263916
2013-08-21,11.695330619812012
2013-08-22,11.994884490966797
2013-08-23,12.077738761901855
2013-08-26,11.956643104553223
2013-08-27,11.637969970703125
2013-08-28,11.555115699768066
2013-08-29,11.529619216918945
2013-08-30,11.485006332397461
2013-09-02,11.8419189453125
2013-09-03,11.816427230834961
2013-09-04,11.880159378051758
2013-09-05,12.007630348205566
2013-09-06,11.873788833618164
2013-09-09,11.994884490966797
2013-09-10,12.224331855773926
2013-09-11,12.31993293762207
2013-09-12,12.288064956665039
2013-09-13,12.396413803100586
2013-09-16,12.428279876708984
2013-09-17,12.428279876708984
2013-09-18,12.307185173034668
2013-09-19,12.370920181274414
2013-09-20,12.268943786621094
2013-09-23,12.084113121032715
2013-09-24,12.103232383728027
2013-09-25,12.084113121032715
2013-09-26,12.007630348205566
2013-09-27,11.950268745422363
2013-09-30,11.790932655334473
2013-10-01,11.982136726379395
2013-10-02,11.892908096313477
2013-10-03,11.7654390335083
2013-10-04,11.829172134399414
2013-10-07,11.574234962463379
2013-10-08,11.555115699768066
2013-10-09,11.472258567810059
2013-10-10,11.803678512573242
2013-10-11,11.924774169921875
2013-10-14,11.873788833618164
2013-10-15,12.064992904663086
2013-10-16,12.077738761901855
2013-10-17,12.077738761901855
2013-10-18,12.16696834564209
2013-10-21,12.249822616577148
2013-10-22,12.256195068359375
2013-10-23,12.064992904663086
2013-10-24,12.007630348205566
2013-10-25,12.058619499206543
2013-10-28,12.224331855773926
2013-10-29,11.281057357788086
2013-10-30,11.121718406677246
2013-10-31,11.191825866699219
2013-11-01,11.128090858459473
2013-11-04,10.541732788085938
2013-11-05,10.541732788085938
2013-11-06,10.688323020935059
2013-11-07,10.643707275390625
2013-11-08,10.67557430267334
2013-11-11,10.796670913696289
2013-11-12,10.764802932739258
2013-11-13,10.707440376281738
2013-11-14,10.83491039276123
2013-11-15,10.809417724609375
2013-11-18,10.847658157348633
2013-11-19,10.688323020935059
2013-11-20,10.560850143432617
2013-11-21,10.57359790802002
2013-11-22,10.50986385345459
2013-11-25,10.726561546325684
2013-11-26,10.726561546325684
2013-11-27,10.815789222717285
2013-11-28,11.070730209350586
2013-11-29,11.013368606567383
2013-12-02,11.000621795654297
2013-12-03,10.650079727172852
2013-12-04,10.701069831848145
2013-12-05,10.60546588897705
2013-12-06,10.67557430267334
2013-12-09,10.662825584411621
2013-12-10,10.55447769165039
2013-12-11,10.586344718933105
2013-12-12,10.388768196105957
2013-12-13,10.356900215148926
2013-12-16,10.427008628845215
2013-12-17,10.305912971496582
2013-12-18,10.356900215148926
2013-12-19,10.57359790802002
2013-12-20,10.707440376281738
2013-12-23,10.73293399810791
2013-12-27,10.879525184631348
2013-12-30,10.783924102783203
2014-01-03,10.866776466369629
2014-01-06,10.987874984741211
2014-01-07,11.27468204498291
2014-01-08,11.618849754333496
2014-01-09,11.59335708618164
2014-01-10,11.59335708618164
2014-01-13,11.956643104553223
2014-01-14,11.943897247314453
2014-01-15,12.00125789642334
2014-01-16,12.064992904663086
2014-01-17,12.173344612121582
2014-01-20,12.039497375488281
2014-01-21,11.988510131835938
2014-01-22,11.943897247314453
2014-01-23,11.7208251953125
2014-01-24,11.4340181350708
2014-01-27,11.408523559570312
2014-01-28,11.625221252441406
2014-01-29,11.472258567810059
2014-01-30,11.478632926940918
2014-01-31,11.465886116027832
2014-02-03,11.121718406677246
2014-02-04,11.7208251953125
2014-02-05,11.650717735290527
2014-02-06,11.714452743530273
2014-02-07,11.739944458007812
2014-02-10,11.759065628051758
2014-02-11,11.78455924987793
2014-02-12,11.918401718139648
2014-02-13,11.912030220031738
2014-02-14,11.880159378051758
2014-02-17,11.880159378051758
2014-02-18,11.918401718139648
2014-02-19,11.880159378051758
2014-02-20,11.797307968139648
2014-02-21,11.797307968139648
2014-02-24,11.822800636291504
2014-02-25,11.727198600769043
2014-02-26,11.759065628051758
2014-02-27,11.937520980834961
2014-02-28,12.026753425598145
2014-03-03,11.555115699768066
2014-03-04,11.829172134399414
2014-03-05,11.880159378051758
2014-03-06,12.00125789642334
2014-03-07,11.873788833618164
2014-03-10,11.803678512573242
2014-03-11,11.78455924987793
2014-03-12,11.708078384399414
2014-03-13,11.708078384399414
2014-03-14,11.281057357788086
2014-03-17,11.370282173156738
2014-03-18,11.555115699768066
2014-03-19,11.504125595092773
2014-03-20,11.73357105255127
2014-03-21,11.535993576049805
2014-03-24,11.357538223266602
2014-03-25,11.4340181350708
2014-03-26,11.523245811462402
2014-03-27,11.421272277832031
2014-03-28,11.465886116027832
2014-03-31,11.637969970703125
2014-04-01,11.867416381835938
2014-04-02,11.905656814575195
2014-04-03,11.880159378051758
2014-04-04,11.854667663574219
2014-04-07,11.61247444152832
2014-04-08,11.516873359680176
2014-04-09,11.529619216918945
2014-04-10,11.49138069152832
2014-04-11,11.249185562133789
2014-04-14,11.166332244873047
2014-04-15,11.077102661132812
2014-04-16,11.153584480285645
2014-04-17,11.389404296875
2014-04-22,11.618849754333496
2014-04-23,11.567862510681152
2014-04-24,11.555115699768066
2014-04-25,11.389404296875
2014-04-28,11.44676399230957
2014-04-29,11.650717735290527
2014-04-30,11.727198600769043
2014-05-02,11.68258285522461
2014-05-05,11.644343376159668
2014-05-06,11.676209449768066
2014-05-07,11.669836044311523
2014-05-08,11.708078384399414
2014-05-09,11.631595611572266
2014-05-12,11.71560287475586
2014-05-13,11.741451263427734
2014-05-14,11.806070327758789
2014-05-15,11.450661659240723
2014-05-16,11.463584899902344
2014-05-19,11.37957763671875
2014-05-20,11.39896297454834
2014-05-21,11.521743774414062
2014-05-22,11.541128158569336
2014-05-23,11.59282398223877
2014-05-26,11.657445907592773
2014-05-27,11.702677726745605
2014-05-28,11.793145179748535
2014-05-30,11.618672370910645
2014-06-02,11.6832914352417
2014-06-03,11.566976547241211
2014-06-04,11.53466510772705
2014-06-05,11.508816719055176
2014-06-06,11.689754486083984
2014-06-10,11.81253433227539
2014-06-11,11.625134468078613
2014-06-12,11.437737464904785
2014-06-13,11.30849552154541
2014-06-16,11.185717582702637
2014-06-17,11.243876457214355
2014-06-18,11.243876457214355
2014-06-19,11.06294059753418
2014-06-20,11.050016403198242
2014-06-23,10.972471237182617
2014-06-24,10.875543594360352
2014-06-25,10.920774459838867
2014-06-26,10.642909049987793
2014-06-27,10.59121322631836
2014-06-30,10.513670921325684
2014-07-01,10.649371147155762
2014-07-02,10.765687942504883
2014-07-03,10.901391983032227
2014-07-04,10.79799747467041
2014-07-07,10.662296295166016
2014-07-08,10.507206916809082
2014-07-09,10.59121322631836
2014-07-10,10.500746726989746
2014-07-11,10.507206916809082
2014-07-14,10.649371147155762
2014-07-15,10.70753002166748
2014-07-16,10.823846817016602
2014-07-17,10.713991165161133
2014-07-18,10.623523712158203
2014-07-21,10.597675323486328
2014-07-22,10.642909049987793
2014-07-23,10.662296295166016
2014-07-24,10.772151947021484
2014-07-25,10.72691535949707
2014-07-28,10.739840507507324
2014-07-29,10.545980453491211
2014-07-30,10.306885719299316
2014-07-31,10.125951766967773
2014-08-04,10.003172874450684
2014-08-05,9.964401245117188
2014-08-06,9.977323532104492
2014-08-07,9.932090759277344
2014-08-08,10.151800155639648
2014-08-11,10.16472339630127
2014-08-12,10.132412910461426
2014-08-13,10.261652946472168
2014-08-14,10.352120399475098
2014-08-15,10.203495025634766
2014-08-18,10.352120399475098
2014-08-19,10.416742324829102
2014-08-20,10.384428977966309
2014-08-21,10.500746726989746
2014-08-22,10.455513000488281
2014-08-25,10.545980453491211
2014-08-26,10.655834197998047
2014-08-27,10.629986763000488
2014-08-28,10.558903694152832
2014-08-29,10.63644790649414
2014-09-01,10.565366744995117
2014-09-02,10.59121322631836
2014-09-03,10.610600471496582
2014-09-04,10.739840507507324
2014-09-05,10.655834197998047
2014-09-08,10.649371147155762
2014-09-09,10.584752082824707
2014-09-10,10.629986763000488
2014-09-11,10.59121322631836
2014-09-12,10.63644790649414
2014-09-15,10.552441596984863
2014-09-16,10.526596069335938
2014-09-17,10.617061614990234
2014-09-18,10.70753002166748
2014-09-19,10.739840507507324
2014-09-22,10.578291893005371
2014-09-23,10.545980453491211
2014-09-24,10.72691535949707
2014-09-25,10.720454216003418
2014-09-26,10.791537284851074
2014-09-29,10.810920715332031
2014-09-30,10.765687942504883
2014-10-01,10.772151947021484
2014-10-02,10.545980453491211
2014-10-03,10.455513000488281
2014-10-06,10.513670921325684
2014-10-07,10.332735061645508
2014-10-08,10.26811408996582
2014-10-09,10.087180137634277
2014-10-10,9.925628662109375
2014-10-13,9.886857032775879
2014-10-14,9.906241416931152
2014-10-15,9.51852035522461
2014-10-16,9.369897842407227
2014-10-17,9.725306510925293
2014-10-20,9.751155853271484
2014-10-21,9.970861434936523
2014-10-22,10.09364128112793
2014-10-23,10.113024711608887
2014-10-24,10.067793846130371
2014-10-27,9.970861434936523
2014-10-28,10.545980453491211
2014-10-29,10.545980453491211
2014-10-30,10.526596069335938
2014-10-31,10.791537284851074
2014-11-03,10.688145637512207
2014-11-04,10.629986763000488
2014-11-05,10.752763748168945
2014-11-06,10.72691535949707
2014-11-07,10.649371147155762
2014-11-10,10.72691535949707
2014-11-11,10.823846817016602
2014-11-12,10.817383766174316
2014-11-13,10.940163612365723
2014-11-14,10.907851219177246
2014-11-17,10.856154441833496
2014-11-18,10.849696159362793
2014-11-19,10.83030891418457
2014-11-20,10.70753002166748
2014-11-21,10.920774459838867
2014-11-24,10.888465881347656
2014-11-25,10.95308780670166
2014-11-26,10.888465881347656
2014-11-27,11.08232593536377
2014-11-28,11.243876457214355
2014-12-01,11.211566925048828
2014-12-02,11.30849552154541
2014-12-03,11.437737464904785
2014-12-04,11.340805053710938
2014-12-05,11.470046043395996
2014-12-08,11.437737464904785
2014-12-09,11.243876457214355
2014-12-10,11.20510482788086
2014-12-11,11.166332244873047
2014-12-12,10.972471237182617
2014-12-15,10.772151947021484
2014-12-16,10.862617492675781
2014-12-17,10.817383766174316
2014-12-18,11.043553352355957
2014-12-19,11.01124382019043
2014-12-22,11.121097564697266
2014-12-23,11.192180633544922
2014-12-29,11.101712226867676
2014-12-30,11.043553352355957
2015-01-05,10.810920715332031
2015-01-06,10.72691535949707
2015-01-07,10.83030891418457
2015-01-08,10.998319625854492
2015-01-09,10.804458618164062
2015-01-12,10.772151947021484
2015-01-13,11.08232593536377
2015-01-14,10.785075187683105
2015-01-15,9.51852035522461
2015-01-16,8.930481910705566
2015-01-19,9.292353630065918
2015-01-20,9.324662208557129
2015-01-21,9.344049453735352
2015-01-22,9.628377914428711
2015-01-23,9.867470741271973
2015-01-26,10.029020309448242
2015-01-27,10.009634017944336
2015-01-28,9.809313774108887
2015-01-29,9.977323532104492
2015-01-30,9.945014953613281
2015-02-02,10.035482406616211
2015-02-03,10.21641731262207
2015-02-04,10.474897384643555
2015-02-05,10.377968788146973
2015-02-06,10.468437194824219
2015-02-09,10.403817176818848
2015-02-10,10.132412910461426
2015-02-11,9.873931884765625
2015-02-12,10.138874053955078
2015-02-13,10.332735061645508
2015-02-16,10.474897384643555
2015-02-17,10.481359481811523
2015-02-18,10.60413932800293
2015-02-19,10.642909049987793
2015-02-20,10.6687593460083
2015-02-23,10.713991165161133
2015-02-24,10.688145637512207
2015-02-25,10.69460678100586
2015-02-26,10.804458618164062
2015-02-27,10.823846817016602
2015-03-02,10.836771011352539
2015-03-03,10.875543594360352
2015-03-04,10.966008186340332
2015-03-05,11.08232593536377
2015-03-06,11.21802806854248
2015-03-09,11.14694595336914
2015-03-10,11.140483856201172
2015-03-11,11.230950355529785
2015-03-12,11.230950355529785
2015-03-13,11.353731155395508
2015-03-16,11.644518852233887
2015-03-17,11.515280723571777
2015-03-18,11.586360931396484
2015-03-19,11.657445907592773
2015-03-20,11.838379859924316
2015-03-23,11.890076637268066
2015-03-24,11.890076637268066
2015-03-25,11.838379859924316
2015-03-26,11.806070327758789
2015-03-27,11.78668212890625
2015-03-30,11.987006187438965
2015-03-31,11.838379859924316
2015-04-01,11.935309410095215
2015-04-02,11.980545043945312
2015-04-07,12.148555755615234
2015-04-08,12.045162200927734
2015-04-09,12.200250625610352
2015-04-10,12.303644180297852
2015-04-13,12.251947402954102
2015-04-14,12.22610092163086
2015-04-15,12.355340957641602
2015-04-16,12.323027610778809
2015-04-17,12.180866241455078
2015-04-20,12.310103416442871
2015-04-21,12.342418670654297
2015-04-22,12.342418670654297
2015-04-23,12.445807456970215
2015-04-24,12.484580993652344
2015-04-27,12.445807456970215
2015-04-28,12.310103416442871
2015-04-29,12.180866241455078
2015-04-30,12.187329292297363
2015-05-04,12.310103416442871
2015-05-05,12.775370597839355
2015-05-06,12.439345359802246
2015-05-07,12.723676681518555
2015-05-08,12.801218032836914
2015-05-11,13.139311790466309
2015-05-12,13.066389083862305
2015-05-13,12.854251861572266
2015-05-15,12.83436393737793
2015-05-18,12.947063446044922
2015-05-19,13.139311790466309
2015-05-20,13.56358814239502
2015-05-21,13.503927230834961
2015-05-22,13.47740650177002
2015-05-26,13.424371719360352
2015-05-27,13.729320526123047
2015-05-28,13.722694396972656
2015-05-29,13.404486656188965
2015-06-01,13.47740650177002
2015-06-02,13.55033016204834
2015-06-03,13.669659614562988
2015-06-04,13.656402587890625
2015-06-05,13.43100357055664
2015-06-08,13.371338844299316
2015-06-09,13.298416137695312
2015-06-10,13.596735954284668
2015-06-11,13.543700218200684
2015-06-12,13.371338844299316
2015-06-15,13.285158157348633
2015-06-16,13.218864440917969
2015-06-17,13.033243179321289
2015-06-18,12.966951370239258
2015-06-19,13.066389083862305
2015-06-22,13.305046081542969
2015-06-23,13.56358814239502
2015-06-24,13.510555267333984
2015-06-25,13.537071228027344
2015-06-26,13.590106010437012
2015-06-29,13.19234561920166
2015-06-30,13.145941734313965
2015-07-01,13.537071228027344
2015-07-02,13.6298828125
2015-07-03,13.530441284179688
2015-07-06,13.19234561920166
2015-07-07,13.066389083862305
2015-07-08,12.98684024810791
2015-07-09,13.344822883605957
2015-07-10,13.590106010437012
2015-07-13,13.84201717376709
2015-07-14,13.921570777893066
2015-07-15,14.193374633789062
2015-07-16,14.345847129821777
2015-07-17,14.319330215454102
2015-07-20,14.345847129821777
2015-07-21,14.246407508850098
2015-07-22,14.08730697631836
2015-07-23,14.365735054016113
2015-07-24,14.306074142456055
2015-07-27,14.074047088623047
2015-07-28,14.33259105682373
2015-07-29,14.584504127502441
2015-07-30,14.730348587036133
2015-07-31,14.750237464904785
2015-08-03,14.843047142028809
2015-08-04,14.730348587036133
2015-08-05,14.89608097076416
2015-08-06,14.915969848632812
2015-08-07,14.61765193939209
2015-08-10,14.790010452270508
2015-08-11,14.644169807434082
2015-08-12,14.100564002990723
2015-08-13,14.286184310913086
2015-08-14,14.259668350219727
2015-08-17,14.42540168762207
2015-08-18,14.378994941711426
2015-08-19,14.120451927185059
2015-08-20,13.80887508392334
2015-08-21,13.291788101196289
2015-08-24,12.781329154968262
2015-08-25,13.311674118041992
2015-08-26,12.960320472717285
2015-08-27,13.165828704833984
2015-08-28,13.225495338439941
2015-08-31,13.278528213500977
2015-09-01,13.013354301452637
2015-09-02,13.039873123168945
2015-09-03,13.271899223327637
2015-09-04,12.99346923828125
2015-09-07,13.00672435760498
2015-09-08,13.19234561920166
2015-09-09,13.464147567749023
2015-09-10,13.291788101196289
2015-09-11,13.291788101196289
2015-09-14,13.039873123168945
2015-09-15,12.94043254852295
2015-09-16,12.874140739440918
2015-09-17,12.761441230773926
2015-09-18,12.539794921875
2015-09-21,12.620394706726074
2015-09-22,12.250982284545898
2015-09-23,12.056203842163086
2015-09-24,11.733810424804688
2015-09-25,12.177103042602539
2015-09-28,11.93530559539795
2015-09-29,11.9285888671875
2015-09-30,12.096503257751465
2015-10-01,12.237549781799316
2015-10-02,12.345016479492188
2015-10-05,12.78158950805664
2015-10-06,12.902488708496094
2015-10-07,12.956221580505371
2015-10-08,12.82861042022705
2015-10-09,12.78158950805664
2015-10-12,12.78158950805664
2015-10-13,12.647260665893555
2015-10-14,12.566659927368164
2015-10-15,12.707710266113281
2015-10-16,13.097268104553223
2015-10-19,13.003236770629883
2015-10-20,12.862187385559082
2015-10-21,12.78158950805664
2015-10-22,13.130850791931152
2015-10-23,13.49354362487793
2015-10-26,13.527129173278809
2015-10-27,13.439814567565918
2015-10-28,13.426380157470703
2015-10-29,13.3121976852417
2015-10-30,13.285331726074219
2015-11-02,13.446529388427734
2015-11-03,12.875622749328613
2015-11-04,12.842041015625
2015-11-05,12.929354667663574
2015-11-06,13.345781326293945
2015-11-09,13.224885940551758
2015-11-10,13.177865982055664
2015-11-11,13.157719612121582
2015-11-12,12.922637939453125
2015-11-13,12.889056205749512
2015-11-16,12.687559127807617
2015-11-17,13.151002883911133
2015-11-18,13.265182495117188
2015-11-19,13.433096885681152
2015-11-20,13.332348823547363
2015-11-23,13.218167304992676
2015-11-24,13.050253868103027
2015-11-25,13.218167304992676
2015-11-26,13.218167304992676
2015-11-27,13.298765182495117
2015-11-30,13.265182495117188
2015-12-01,13.345781326293945
2015-12-02,13.372647285461426
2015-12-03,13.077119827270508
2015-12-04,13.070402145385742
2015-12-07,13.009956359863281
2015-12-08,12.727858543395996
2015-12-09,12.613679885864258
2015-12-10,12.580094337463379
2015-12-11,12.2308349609375
2015-12-14,12.015904426574707
2015-12-15,12.459197044372559
2015-12-16,12.519644737243652
2015-12-17,12.848753929138184
2015-12-18,12.91592025756836
2015-12-21,12.741291999816895
2015-12-22,12.748008728027344
2015-12-23,12.969654083251953
2015-12-28,13.036820411682129
2015-12-29,13.24503231048584
2015-12-30,13.110701560974121
2016-01-04,12.801741600036621
2016-01-05,12.902488708496094
2016-01-06,12.78158950805664
2016-01-07,12.412178993225098
2016-01-08,11.727092742919922
2016-01-11,11.77410888671875
2016-01-12,11.800975799560547
2016-01-13,11.861422538757324
2016-01-14,11.680076599121094
2016-01-15,11.22335147857666
2016-01-18,11.250218391418457
2016-01-19,11.444997787475586
2016-01-20,10.988273620605469
2016-01-21,11.062153816223145
2016-01-22,11.303951263427734
2016-01-25,11.102455139160156
2016-01-26,11.129319190979004
2016-01-27,11.196487426757812
2016-01-28,11.115887641906738
2016-01-29,11.303951263427734
2016-02-01,11.203204154968262
2016-02-02,10.437516212463379
2016-02-03,10.370349884033203
2016-02-04,10.30318546295166
2016-02-05,10.215869903564453
2016-02-08,9.772578239440918
2016-02-09,9.221820831298828
2016-02-10,9.71884536743164
2016-02-11,9.268836975097656
2016-02-12,9.738995552062988
2016-02-15,9.940491676330566
2016-02-16,9.85317611694336
2016-02-17,10.175569534301758
2016-02-18,9.994223594665527
2016-02-19,9.9337739944458
2016-02-22,10.229302406311035
2016-02-23,9.974072456359863
2016-02-24,9.974072456359863
2016-02-25,10.068105697631836
2016-02-26,10.283035278320312
2016-02-29,10.30318546295166
2016-03-01,10.551698684692383
2016-03-02,10.887523651123047
2016-03-03,10.961406707763672
2016-03-04,11.062153816223145
2016-03-07,11.115887641906738
2016-03-08,10.914390563964844
2016-03-09,10.968122482299805
2016-03-10,10.780057907104492
2016-03-11,11.136035919189453
2016-03-14,11.203204154968262
2016-03-15,11.129319190979004
2016-03-16,10.598713874816895
2016-03-17,10.71289348602295
2016-03-18,10.88080883026123
2016-03-21,11.008421897888184
2016-03-22,10.994990348815918
2016-03-23,10.786776542663574
2016-03-24,10.61214542388916
2016-03-29,10.504680633544922
2016-03-30,10.61886215209961
2016-03-31,10.40393352508545
2016-04-01,10.15541934967041
2016-04-04,10.014373779296875
2016-04-05,9.691978454589844
2016-04-06,9.7860107421875
2016-04-07,9.685262680053711
2016-04-08,9.79272747039795
2016-04-11,9.7860107421875
2016-04-12,9.859893798828125
2016-04-13,10.316617965698242
2016-04-14,10.43079948425293
2016-04-15,10.417366027832031
2016-04-18,10.471099853515625
2016-04-19,10.659162521362305
2016-04-20,10.88080883026123
2016-04-21,10.786776542663574
2016-04-22,10.874094009399414
2016-04-25,10.88080883026123
2016-04-26,11.122603416442871
2016-04-27,11.149469375610352
2016-04-28,11.283799171447754
2016-04-29,11.149469375610352
2016-05-02,11.102455139160156
2016-05-03,10.269601821899414
2016-05-04,10.088257789611816
2016-05-06,10.141987800598145
2016-05-09,10.229302406311035
2016-05-10,10.464383125305176
2016-05-11,10.40393352508545
2016-05-12,10.35418701171875
2016-05-13,10.339975357055664
2016-05-17,10.062819480895996
2016-05-18,10.247591018676758
2016-05-19,10.361294746398926
2016-05-20,10.467890739440918
2016-05-23,10.496317863464355
2016-05-24,10.624235153198242
2016-05-25,10.844536781311035
2016-05-26,10.929815292358398
2016-05-27,10.901390075683594
2016-05-30,10.858749389648438
2016-05-31,10.915600776672363
2016-06-01,10.737937927246094
2016-06-02,10.595808982849121
2016-06-03,10.240484237670898
2016-06-06,10.283121109008789
2016-06-07,10.396825790405273
2016-06-08,10.325761795043945
2016-06-09,10.112565994262695
2016-06-10,9.8780517578125
2016-06-13,9.679070472717285
2016-06-14,9.465873718261719
2016-06-15,9.608003616333008
2016-06-16,9.565363883972168
2016-06-17,9.927797317504883
2016-06-20,10.375508308410645
2016-06-21,10.524744033813477
2016-06-22,10.695301055908203
2016-06-23,10.880070686340332
2016-06-24,9.66485595703125
2016-06-27,8.883139610290527
2016-06-28,8.705476760864258
2016-06-29,9.025270462036133
2016-06-30,8.932886123657227
2016-07-01,9.146079063415527
2016-07-04,8.968419075012207
2016-07-05,8.620198249816895
2016-07-06,8.456748962402344
2016-07-07,8.527813911437988
2016-07-08,8.534921646118164
2016-07-11,8.776541709899902
2016-07-12,8.92577838897705
2016-07-13,8.97552490234375
2016-07-14,9.210038185119629
2016-07-15,9.195826530456543
2016-07-18,9.195826530456543
2016-07-19,9.153185844421387
2016-07-20,9.32374382019043
2016-07-21,9.330849647521973
2016-07-22,9.35216999053955
2016-07-25,9.444554328918457
2016-07-26,9.508513450622559
2016-07-27,9.643534660339355
2016-07-28,9.444554328918457
2016-07-29,9.487192153930664
2016-08-02,8.918672561645508
2016-08-03,8.97552490234375
2016-08-04,9.110547065734863
2016-08-05,9.373488426208496
2016-08-08,9.5014066696167
2016-08-09,9.544044494628906
2016-08-10,9.529831886291504
2016-08-11,9.558259010314941
2016-08-12,9.61510944366455
2016-08-15,9.572471618652344
2016-08-16,9.444554328918457
2016-08-17,9.316637992858887
2016-08-18,9.295317649841309
2016-08-19,9.153185844421387
2016-08-22,9.167400360107422
2016-08-23,9.465873718261719
2016-08-24,9.735921859741211
2016-08-25,9.70749568939209
2016-08-26,9.785667419433594
2016-08-29,9.785667419433594
2016-08-30,9.934903144836426
2016-08-31,10.105459213256836
2016-09-01,10.034395217895508
2016-09-02,10.247591018676758
2016-09-05,10.190738677978516
2016-09-06,10.04860782623291
2016-09-07,10.055713653564453
2016-09-08,10.119673728942871
2016-09-09,10.283121109008789
2016-09-12,10.04150104522705
2016-09-13,9.949115753173828
2016-09-14,9.814094543457031
2016-09-15,9.821199417114258
2016-09-16,9.572471618652344
2016-09-19,9.579578399658203
2016-09-20,9.430340766906738
2016-09-21,9.508513450622559
2016-09-22,9.579578399658203
2016-09-23,9.551151275634766
2016-09-26,9.28110408782959
2016-09-27,9.188719749450684
2016-09-28,9.266891479492188
2016-09-29,9.259783744812012
2016-09-30,9.401914596557617
2016-10-03,9.416129112243652
2016-10-04,9.586684226989746
2016-10-05,9.764348030090332
2016-10-06,9.743026733398438
2016-10-07,9.679070472717285
2016-10-10,9.686175346374512
2016-10-11,9.671963691711426
2016-10-12,9.643534660339355
2016-10-13,9.316637992858887
2016-10-14,9.437446594238281
2016-10-17,9.345063209533691
2016-10-18,9.472980499267578
2016-10-19,9.586684226989746
2016-10-20,9.593791007995605
2016-10-21,9.62932300567627
2016-10-24,9.750133514404297
2016-10-25,9.728815078735352
2016-10-26,9.735921859741211
2016-10-27,9.899371147155762
2016-10-28,10.13388729095459
2016-10-31,9.949115753173828
2016-11-01,9.771454811096191
2016-11-02,9.558259010314941
2016-11-03,9.465873718261719
2016-11-04,9.465873718261719
2016-11-07,9.743026733398438
2016-11-08,9.821199417114258
2016-11-09,9.977542877197266
2016-11-10,10.844536781311035
2016-11-11,10.965347290039062
2016-11-14,11.569401741027832
2016-11-15,11.491230010986328
2016-11-16,11.363312721252441
2016-11-17,11.363312721252441
2016-11-18,11.420165061950684
2016-11-21,11.256715774536133
2016-11-22,11.29935359954834
2016-11-23,11.285140037536621
2016-11-24,11.356205940246582
2016-11-25,11.341994285583496
2016-11-28,11.171436309814453
2016-11-29,11.22118091583252
2016-11-30,11.491230010986328
2016-12-01,11.51254940032959
2016-12-02,11.313566207885742
2016-12-05,11.448591232299805
2016-12-06,11.95315170288086
2016-12-07,12.37954330444336
2016-12-08,12.457715034484863
2016-12-09,12.137923240661621
2016-12-12,11.974472999572754
2016-12-13,11.95315170288086
2016-12-14,11.775487899780273
2016-12-15,11.924727439880371
2016-12-16,11.782596588134766
2016-12-19,11.711530685424805
2016-12-20,11.725744247436523
2016-12-21,11.704424858093262
2016-12-22,11.597826957702637
2016-12-23,11.42726993560791
2016-12-27,11.498335838317871
2016-12-28,11.484123229980469
2016-12-29,11.484123229980469
2016-12-30,11.334885597229004
2017-01-03,11.867875099182129
2017-01-04,12.166348457336426
2017-01-05,12.059749603271484
2017-01-06,12.081069946289062
2017-01-09,11.938939094543457
2017-01-10,11.924727439880371
2017-01-11,11.90340805053711
2017-01-12,11.867875099182129
2017-01-13,12.322690963745117
2017-01-16,12.109495162963867
2017-01-17,12.017110824584961
2017-01-18,11.761276245117188
2017-01-19,11.917620658874512
2017-01-20,11.860769271850586
2017-01-23,11.711530685424805
2017-01-24,11.946045875549316
2017-01-25,12.24452018737793
2017-01-26,12.095284461975098
2017-01-27,11.548081398010254
2017-01-30,11.46990966796875
2017-01-31,11.349099159240723
2017-02-01,11.306459426879883
2017-02-02,11.16433048248291
2017-02-03,11.370418548583984
2017-02-06,11.24250316619873
2017-02-07,11.22118091583252
2017-02-08,11.214076042175293
2017-02-09,11.356205940246582
2017-02-10,11.356205940246582
2017-02-13,11.292248725891113
2017-02-14,11.327778816223145
2017-02-15,11.477015495300293
2017-02-16,11.327778816223145
2017-02-17,11.235395431518555
2017-02-20,11.341994285583496
2017-02-21,11.356205940246582
2017-02-22,11.157224655151367
2017-02-23,11.107478141784668
2017-02-24,10.979561805725098
2017-02-27,10.972454071044922
2017-02-28,10.9937744140625
2017-03-01,11.51254940032959
2017-03-02,11.462803840637207
2017-03-03,11.526762008666992
2017-03-06,11.384632110595703
2017-03-07,11.29935359954834
2017-03-08,11.313566207885742
2017-03-09,11.448591232299805
2017-03-10,11.491230010986328
2017-03-13,11.434377670288086
2017-03-14,11.356205940246582
2017-03-15,11.491230010986328
2017-03-16,11.46990966796875
2017-03-17,11.398844718933105
2017-03-20,11.292248725891113
2017-03-21,11.228286743164062
2017-03-22,11.036413192749023
2017-03-23,11.086158752441406
2017-03-24,11.043519973754883
2017-03-27,10.972454071044922
2017-03-28,11.086158752441406
2017-03-29,11.214076042175293
2017-03-30,11.334885597229004
2017-03-31,11.391738891601562
2017-04-03,11.228286743164062
2017-04-04,11.178543090820312
2017-04-05,11.135904312133789
2017-04-06,11.150116920471191
2017-04-07,11.143013000488281
2017-04-10,11.24250316619873
2017-04-11,11.157224655151367
2017-04-12,11.043519973754883
2017-04-13,10.979561805725098
2017-04-18,10.801898956298828
2017-04-19,10.958242416381836
2017-04-20,11.015093803405762
2017-04-21,11.057733535766602
2017-04-24,11.604933738708496
2017-04-25,11.747064590454102
2017-04-26,11.860769271850586
2017-04-27,11.832342147827148
2017-04-28,12.081069946289062
2017-05-02,12.159242630004883
2017-05-03,12.258733749389648
2017-05-04,12.365330696105957
2017-05-05,12.365330696105957
2017-05-08,12.059749603271484
2017-05-09,12.045538902282715
2017-05-10,12.11660099029541
2017-05-11,11.95315170288086
2017-05-12,11.95315170288086
2017-05-15,11.803916931152344
2017-05-16,11.548081398010254
2017-05-17,11.29935359954834
2017-05-18,11.206969261169434
2017-05-19,11.334885597229004
2017-05-22,11.320672988891602
2017-05-23,11.413058280944824
2017-05-24,11.256715774536133
2017-05-26,11.263822555541992
2017-05-29,11.29935359954834
2017-05-30,11.135904312133789
2017-05-31,10.9440279006958
2017-06-01,11.022199630737305
2017-06-02,10.972454071044922
2017-06-06,10.90849494934082
2017-06-07,10.986668586730957
2017-06-08,10.901390075683594
2017-06-09,11.007987022399902
2017-06-12,10.9937744140625
2017-06-13,11.192756652832031
2017-06-14,11.086158752441406
2017-06-15,11.107478141784668
2017-06-16,11.214076042175293
2017-06-19,11.263822555541992
2017-06-20,11.143013000488281
2017-06-21,11.185648918151855
2017-06-22,11.199862480163574
2017-06-23,11.09326457977295
2017-06-26,11.16433048248291
2017-06-27,11.370418548583984
2017-06-28,11.576508522033691
2017-06-29,11.626254081726074
2017-06-30,11.540975570678711
2017-07-03,11.93183422088623
2017-07-04,11.874980926513672
2017-07-05,11.874980926513672
2017-07-06,11.874980926513672
2017-07-07,11.967365264892578
2017-07-10,12.038432121276855
2017-07-11,11.967365264892578
2017-07-12,11.938939094543457
2017-07-13,11.988687515258789
2017-07-14,11.981581687927246
2017-07-17,12.002897262573242
2017-07-18,11.924727439880371
2017-07-19,12.045538902282715
2017-07-20,12.088177680969238
2017-07-21,11.846555709838867
2017-07-24,12.073962211608887
2017-07-25,12.27294635772705
2017-07-26,12.294264793395996
2017-07-27,12.365330696105957
2017-07-28,12.010004997253418
2017-07-31,11.95315170288086
2017-08-02,12.02421760559082
2017-08-03,12.038432121276855
2017-08-04,12.12370777130127
2017-08-07,12.052641868591309
2017-08-08,12.02421760559082
2017-08-09,11.839448928833008
2017-08-10,11.761276245117188
2017-08-11,11.640466690063477
2017-08-14,11.832342147827148
2017-08-15,11.832342147827148
2017-08-16,11.803916931152344
2017-08-17,11.803916931152344
2017-08-18,11.533868789672852
2017-08-21,11.448591232299805
2017-08-22,11.462803840637207
2017-08-23,11.434377670288086
2017-08-24,11.448591232299805
2017-08-25,11.42726993560791
2017-08-28,11.377524375915527
2017-08-29,11.16433048248291
2017-08-30,11.249608039855957
2017-08-31,11.228286743164062
2017-09-01,11.228286743164062
2017-09-04,11.157224655151367
2017-09-05,11.022199630737305
2017-09-06,11.057733535766602
2017-09-07,11.064839363098145
2017-09-08,11.057733535766602
2017-09-11,11.214076042175293
2017-09-12,11.420165061950684
2017-09-13,11.441485404968262
2017-09-14,11.455698013305664
2017-09-15,11.405951499938965
2017-09-18,11.484123229980469
2017-09-19,11.597826957702637
2017-09-20,11.526762008666992
2017-09-21,11.725744247436523
2017-09-22,11.68310546875
2017-09-25,11.576508522033691
2017-09-26,11.51965618133545
2017-09-27,11.668891906738281
2017-09-28,11.69021224975586
2017-09-29,11.761276245117188
2017-10-02,11.803916931152344
2017-10-03,11.867875099182129
2017-10-04,11.811022758483887
2017-10-05,11.924727439880371
2017-10-06,11.90340805053711
2017-10-09,11.889193534851074
2017-10-10,11.89630126953125
2017-10-11,11.860769271850586
2017-10-12,11.960259437561035
2017-10-13,12.017110824584961
2017-10-16,11.95315170288086
2017-10-17,12.010004997253418
2017-10-18,12.066856384277344
2017-10-19,11.981581687927246
2017-10-20,12.166348457336426
2017-10-23,12.19477367401123
2017-10-24,12.251626014709473
2017-10-25,12.130814552307129
2017-10-26,12.230304718017578
2017-10-27,12.137923240661621
2017-10-30,11.981581687927246
2017-10-31,12.066856384277344
2017-11-01,12.02421760559082
2017-11-02,12.201881408691406
2017-11-03,12.130814552307129
2017-11-06,12.038432121276855
2017-11-07,12.038432121276855
2017-11-08,12.045538902282715
2017-11-09,11.981581687927246
2017-11-10,12.088177680969238
2017-11-13,12.02421760559082
2017-11-14,11.988687515258789
2017-11-15,11.938939094543457
2017-11-16,12.045538902282715
2017-11-17,12.066856384277344
2017-11-20,12.038432121276855
2017-11-21,12.052641868591309
2017-11-22,12.010004997253418
2017-11-23,12.017110824584961
2017-11-24,12.038432121276855
2017-11-27,11.946045875549316
2017-11-28,11.95315170288086
2017-11-29,12.088177680969238
2017-11-30,12.073962211608887
2017-12-01,12.045538902282715
2017-12-04,12.152134895324707
2017-12-05,12.081069946289062
2017-12-06,12.002897262573242
2017-12-07,12.073962211608887
2017-12-08,12.329798698425293
2017-12-11,12.479035377502441
2017-12-12,12.542994499206543
2017-12-13,12.6851224899292
2017-12-14,12.734868049621582
2017-12-15,12.798826217651367
2017-12-18,12.919638633728027
2017-12-19,12.898321151733398
2017-12-20,12.76329517364502
2017-12-21,12.948064804077148
2017-12-22,12.869894027709961
2017-12-27,12.770401000976562
2017-12-28,12.75618839263916
2017-12-29,12.749083518981934
2018-01-03,13.026236534118652
2018-01-04,13.132832527160645
2018-01-05,13.047555923461914
2018-01-08,13.147045135498047
2018-01-09,13.203898429870605
2018-01-10,13.211006164550781
2018-01-11,13.289178848266602
2018-01-12,13.427756309509277
2018-01-15,13.434860229492188
2018-01-16,13.360240936279297
2018-01-17,13.253642082214355
2018-01-18,13.466841697692871
2018-01-19,13.7333345413208
2018-01-22,13.786632537841797
2018-01-23,13.918103218078613
2018-01-24,13.807954788208008
2018-01-25,13.694247245788574
2018-01-26,13.754651069641113
2018-01-29,13.648056030273438
2018-01-30,13.552116394042969
2018-01-31,13.431306838989258
2018-02-01,13.541459083557129
2018-02-02,13.459734916687012
2018-02-05,13.118620872497559
2018-02-06,12.59273910522461
2018-02-07,12.855679512023926
2018-02-08,12.443504333496094
2018-02-09,12.24807357788086
2018-02-12,12.425735473632812
2018-02-13,12.294264793395996
2018-02-14,12.468376159667969
2018-02-15,12.542994499206543
2018-02-16,12.649591445922852
2018-02-19,12.596290588378906
2018-02-20,12.781063079833984
2018-02-21,12.884105682373047
2018-02-22,12.859232902526855
2018-02-23,12.8485746383667
2018-02-26,12.940958023071289
2018-02-27,12.962276458740234
2018-02-28,12.841465950012207
2018-03-01,12.599843978881836
2018-03-02,12.166348457336426
2018-03-05,12.280052185058594
2018-03-06,12.3724365234375
2018-03-07,12.329798698425293
2018-03-08,12.429288864135742
2018-03-09,12.368884086608887
2018-03-12,12.521674156188965
2018-03-13,12.280052185058594
2018-03-14,12.255180358886719
2018-03-15,12.450608253479004
2018-03-16,12.535886764526367
2018-03-19,12.319136619567871
2018-03-20,12.500353813171387
2018-03-21,12.294264793395996
2018-03-22,11.867875099182129
2018-03-23,11.782596588134766
2018-03-26,11.732851028442383
2018-03-27,11.917620658874512
2018-03-28,11.985133171081543
2018-03-29,11.935386657714844
2018-04-03,11.732851028442383
2018-04-04,11.50544261932373
2018-04-05,11.85366153717041
2018-04-06,11.739957809448242
2018-04-09,11.782596588134766
2018-04-10,11.878534317016602
2018-04-11,11.814574241638184
2018-04-12,11.963810920715332
2018-04-13,11.99223804473877
2018-04-16,11.981581687927246
2018-04-17,12.049091339111328
2018-04-18,12.03487777709961
2018-04-19,12.166348457336426
2018-04-20,12.223198890686035
2018-04-23,11.917620658874512
2018-04-24,11.878534317016602
2018-04-25,11.697318077087402
2018-04-26,11.867875099182129
2018-04-27,11.800362586975098
2018-04-30,11.917620658874512
2018-05-02,11.814574241638184
2018-05-03,11.640466690063477
2018-05-04,11.80746841430664
2018-05-07,11.837052345275879
2018-05-08,11.888823509216309
2018-05-09,11.992365837097168
2018-05-11,12.151376724243164
2018-05-14,12.047834396362305
2018-05-15,12.062625885009766
2018-05-16,11.87033462524414
2018-05-17,11.936896324157715
2018-05-18,11.829657554626465
2018-05-22,12.070021629333496
2018-05-23,11.851844787597656
2018-05-24,11.70022964477539
2018-05-25,11.659551620483398
2018-05-28,11.629969596862793
2018-05-29,11.271270751953125
2018-05-30,11.223196983337402
2018-05-31,10.982833862304688
2018-06-01,11.326739311218262
2018-06-04,11.441374778747559
2018-06-05,11.13814640045166
2018-06-06,11.245384216308594
2018-06-07,11.323041915893555
2018-06-08,11.237987518310547
2018-06-11,11.611479759216309
2018-06-12,11.611479759216309
2018-06-13,11.548614501953125
2018-06-14,11.655855178833008
2018-06-15,11.426583290100098
2018-06-18,11.212103843688965
2018-06-19,11.141841888427734
2018-06-20,11.308249473571777
2018-06-21,11.149238586425781
2018-06-22,11.445073127746582
2018-06-25,11.13075065612793
2018-06-26,11.175124168395996
2018-06-27,11.267573356628418
2018-06-28,11.197312355041504
2018-06-29,11.334134101867676
2018-07-02,11.167728424072266
2018-07-03,11.13814640045166
2018-07-04,11.119654655456543
2018-07-05,11.208404541015625
2018-07-06,11.219499588012695
2018-07-09,11.252779960632324
2018-07-10,11.212103843688965
2018-07-11,11.034602165222168
2018-07-12,11.093769073486328
2018-07-13,11.141841888427734
2018-07-16,11.189916610717773
2018-07-17,11.197312355041504
2018-07-18,11.36371898651123
2018-07-19,11.367417335510254
2018-07-20,11.278665542602539
2018-07-23,11.308249473571777
2018-07-24,11.796375274658203
2018-07-25,11.748302459716797
2018-07-26,11.833354949951172
2018-07-27,11.940594673156738
2018-07-30,11.96648120880127
2018-07-31,12.066323280334473
2018-08-02,11.85554313659668
2018-08-03,11.862937927246094
2018-08-06,11.752001762390137
2018-08-07,11.840750694274902
2018-08-08,11.833354949951172
2018-08-09,11.796375274658203
2018-08-10,11.541219711303711
2018-08-13,11.42288589477539
2018-08-14,11.404396057128906
2018-08-15,11.323041915893555
2018-08-16,11.433979988098145
2018-08-17,11.34522819519043
2018-08-20,11.41549015045166
2018-08-21,11.500542640686035
2018-08-22,11.39699935913086
2018-08-23,11.323041915893555
2018-08-24,11.378510475158691
2018-08-27,11.452469825744629
2018-08-28,11.426583290100098
2018-08-29,11.411792755126953
2018-08-30,11.308249473571777
2018-08-31,11.193614959716797
2018-09-03,11.25648021697998
2018-09-04,11.267573356628418
2018-09-05,11.41549015045166
2018-09-06,11.315646171569824
2018-09-07,11.208404541015625
2018-09-10,11.234291076660156
2018-09-11,11.152936935424805
2018-09-12,11.123353004455566
2018-09-13,11.13075065612793
2018-09-14,11.160333633422852
2018-09-17,11.189916610717773
2018-09-18,11.167728424072266
2018-09-19,11.4006986618042
2018-09-20,11.740906715393066
2018-09-21,11.722418785095215
2018-09-24,11.696531295776367
2018-09-25,11.781585693359375
2018-09-26,11.78528118133545
2018-09-27,11.703926086425781
2018-09-28,11.463562965393066
2018-10-01,11.36001968383789
2018-10-02,11.204706192016602
2018-10-03,11.25648021697998
2018-10-04,11.334134101867676
2018-10-05,11.149238586425781
2018-10-08,10.927364349365234
2018-10-09,10.908872604370117
2018-10-10,10.834915161132812
2018-10-11,10.450331687927246
2018-10-12,10.45772647857666
2018-10-15,10.40225887298584
2018-10-16,10.450331687927246
2018-10-17,10.46512222290039
2018-10-18,10.328300476074219
2018-10-19,10.25064468383789
2018-10-22,10.191476821899414
2018-10-23,9.991787910461426
2018-10-24,9.795798301696777
2018-10-25,9.903039932250977
2018-10-26,9.729236602783203
2018-10-29,9.921529769897461
2018-10-30,10.113821029663086
2018-10-31,10.420748710632324
2018-11-01,10.483613014221191
2018-11-02,10.590853691101074
2018-11-05,10.52428913116455
2018-11-06,10.450331687927246
2018-11-07,10.590853691101074
2018-11-08,10.727676391601562
2018-11-09,10.442935943603516
2018-11-12,10.198871612548828
2018-11-13,10.25064468383789
2018-11-14,10.228455543518066
2018-11-15,10.06944465637207
2018-11-16,10.0768404006958
2018-11-19,10.039861679077148
2018-11-20,9.806893348693848
2018-11-21,10.08053970336914
2018-11-22,9.96220588684082
2018-11-23,9.976996421813965
2018-11-26,10.202571868896484
2018-11-27,10.139704704284668
2018-11-28,10.01397705078125
2018-11-29,10.091633796691895
2018-11-30,9.980695724487305
2018-12-03,10.139704704284668
2018-12-04,9.8882474899292
2018-12-05,9.721841812133789
2018-12-06,9.2448091506958
2018-12-07,9.289183616638184
2018-12-10,8.997047424316406
2018-12-11,9.156059265136719
2018-12-12,9.366839408874512
2018-12-13,9.322463989257812
2018-12-14,9.248506546020508
2018-12-17,9.115381240844727
2018-12-18,9.078399658203125
2018-12-19,9.167152404785156
2018-12-20,8.808453559875488
2018-12-21,8.889808654785156
2018-12-27,8.693817138671875
2018-12-28,9.048818588256836
2019-01-03,9.056214332580566
2019-01-04,9.333559036254883
2019-01-07,9.352046966552734
2019-01-08,9.407517433166504
2019-01-09,9.429703712463379
2019-01-10,9.525850296020508
2019-01-11,9.5665283203125
2019-01-14,9.559131622314453
2019-01-15,9.573925018310547
2019-01-16,9.869757652282715
2019-01-17,9.814289093017578
2019-01-18,9.988091468811035
2019-01-21,9.925225257873535
2019-01-22,9.610901832580566
2019-01-23,9.614602088928223
2019-01-24,9.60720443725586
2019-01-25,9.60720443725586
2019-01-28,9.503664016723633
2019-01-29,9.596110343933105
2019-01-30,9.688559532165527
2019-01-31,9.503664016723633
2019-02-01,9.496267318725586
2019-02-04,9.40381908416748
2019-02-05,9.625694274902344
2019-02-06,9.655278205871582
2019-02-07,9.455591201782227
2019-02-08,9.348350524902344
2019-02-11,9.4592866897583
2019-02-12,9.5221529006958
2019-02-13,9.625694274902344
2019-02-14,9.426006317138672
2019-02-15,9.610901832580566
2019-02-18,9.577620506286621
2019-02-19,9.499964714050293
2019-02-20,9.2448091506958
2019-02-21,9.130172729492188
2019-02-22,9.148661613464355
2019-02-25,9.270694732666016
2019-02-26,9.340954780578613
2019-02-27,9.348350524902344
2019-02-28,9.392724990844727
2019-03-01,9.396424293518066
2019-03-04,9.38902759552002
2019-03-05,9.270694732666016
2019-03-06,9.270694732666016
2019-03-07,9.01553726196289
2019-03-08,8.893506050109863
2019-03-11,9.067309379577637
2019-03-12,8.993348121643066
2019-03-13,9.107985496520996
2019-03-14,9.152360916137695
2019-03-15,9.037724494934082
2019-03-18,9.263298034667969
2019-03-19,9.396424293518066
2019-03-20,9.130172729492188
2019-03-21,9.01553726196289
2019-03-22,8.789962768554688
2019-03-25,8.741889953613281
2019-03-26,8.745590209960938
2019-03-27,8.852828979492188
2019-03-28,8.819546699523926
2019-03-29,8.945277214050293
2019-04-01,9.100589752197266
2019-04-02,9.115381240844727
2019-04-03,9.248506546020508
2019-04-04,9.333559036254883
2019-04-05,9.278091430664062
2019-04-08,9.248506546020508
2019-04-09,9.255900382995605
2019-04-10,9.215225219726562
2019-04-11,9.418610572814941
2019-04-12,9.55543327331543
2019-04-15,9.599809646606445
2019-04-16,9.692256927490234
2019-04-17,9.880850791931152
2019-04-18,9.94001579284668
2019-04-23,9.906736373901367
2019-04-24,9.903039932250977
2019-04-25,10.025069236755371
2019-04-26,9.995487213134766
2019-04-29,10.147101402282715
2019-04-30,10.106426239013672
2019-05-02,10.0768404006958
2019-05-03,10.032465934753418
2019-05-06,9.958382606506348
2019-05-07,9.755626678466797
2019-05-08,9.767324447631836
2019-05-09,9.470992088317871
2019-05-10,9.467092514038086
2019-05-13,9.272136688232422
2019-05-14,9.307228088378906
2019-05-15,9.307228088378906
2019-05-16,9.494385719299316
2019-05-17,9.474889755249023
2019-05-20,9.412504196166992
2019-05-21,9.467092514038086
2019-05-22,9.3930082321167
2019-05-23,9.225345611572266
2019-05-24,9.229244232177734
2019-05-27,9.264336585998535
2019-05-28,9.205850601196289
2019-05-29,9.092774391174316
2019-05-31,9.006993293762207
2019-06-03,8.87442398071289
2019-06-04,9.065481185913086
2019-06-05,9.088875770568848
2019-06-06,9.065481185913086
2019-06-07,9.069381713867188
2019-06-11,9.244841575622559
2019-06-12,9.147363662719727
2019-06-13,9.088875770568848
2019-06-14,8.983600616455078
2019-06-17,8.971902847290039
2019-06-18,9.088875770568848
2019-06-19,9.174657821655273
2019-06-20,8.940709114074707
2019-06-21,8.929011344909668
2019-06-24,8.862726211547852
2019-06-25,8.804238319396973
2019-06-26,8.909516334533691
2019-06-27,9.0264892578125
2019-06-28,9.045985221862793
2019-07-01,9.147363662719727
2019-07-02,9.178556442260742
2019-07-03,9.237043380737305
2019-07-04,9.326723098754883
2019-07-05,9.361814498901367
2019-07-08,9.311126708984375
2019-07-09,9.237043380737305
2019-07-10,9.307228088378906
2019-07-11,9.318925857543945
2019-07-12,9.373513221740723
2019-07-15,9.318925857543945
2019-07-16,9.400805473327637
2019-07-17,9.350117683410645
2019-07-18,9.29552936553955
2019-07-19,9.221446990966797
2019-07-22,9.209750175476074
2019-07-23,9.451494216918945
2019-07-24,9.077178955078125
2019-07-25,8.929011344909668
2019-07-26,8.851031303405762
2019-07-29,8.882222175598145
2019-07-30,8.702861785888672
2019-07-31,8.652173042297363
2019-08-02,8.488409042358398
2019-08-05,8.387032508850098
2019-08-06,8.254462242126465
2019-08-07,8.114093780517578
2019-08-08,8.262259483337402
2019-08-09,8.203773498535156
2019-08-12,8.086797714233398
2019-08-13,8.047806739807129
2019-08-14,7.7514729499816895
2019-08-15,7.77331018447876
2019-08-16,7.907439231872559
2019-08-19,8.004918098449707
2019-08-20,7.973725318908691
2019-08-21,8.032212257385254
2019-08-22,8.141386985778809
2019-08-23,8.067302703857422
2019-08-26,8.0556058883667
2019-08-27,8.047806739807129
2019-08-28,8.028311729431152
2019-08-29,8.1257905960083
2019-08-30,8.149185180664062
2019-09-02,8.137487411499023
2019-09-03,8.036110877990723
2019-09-04,8.032212257385254
2019-09-05,8.309048652648926
2019-09-06,8.367536544799805
2019-09-09,8.562493324279785
2019-09-10,8.819836616516113
2019-09-11,8.936810493469238
2019-09-12,8.858826637268066
2019-09-13,9.065481185913086
2019-09-16,8.979700088500977
2019-09-17,8.812039375305176
2019-09-18,8.843231201171875
2019-09-19,8.968002319335938
2019-09-20,8.909516334533691
2019-09-23,8.745753288269043
2019-09-24,8.722358703613281
2019-09-25,8.652173042297363
2019-09-26,8.69896125793457
2019-09-27,8.780844688415527
2019-09-30,8.835432052612305
2019-10-01,8.67946720123291
2019-10-02,8.41822624206543
2019-10-03,8.28565502166748
2019-10-04,8.273957252502441
2019-10-07,8.305150032043457
2019-10-08,8.207671165466309
2019-10-09,8.188176155090332
2019-10-10,8.35973834991455
2019-10-11,8.659971237182617
2019-10-14,8.63267707824707
2019-10-15,8.761348724365234
2019-10-16,8.79254150390625
2019-10-17,8.722358703613281
2019-10-18,8.722358703613281
2019-10-21,8.9251127243042
2019-10-22,8.9251127243042
2019-10-23,8.987497329711914
2019-10-24,9.061583518981934
2019-10-25,9.15906047821045
2019-10-28,9.311126708984375
2019-10-29,9.338420867919922
2019-10-30,9.116169929504395
2019-10-31,9.077178955078125
2019-11-01,9.170758247375488
2019-11-04,9.44759464263916
2019-11-05,9.572367668151855
2019-11-06,9.599660873413086
2019-11-07,9.755626678466797
2019-11-08,9.63085651397705
2019-11-11,9.58016586303711
2019-11-12,9.595763206481934
2019-11-13,9.3930082321167
2019-11-14,9.334522247314453
2019-11-15,9.432000160217285
2019-11-18,9.38131046295166
2019-11-19,9.35401725769043
2019-11-20,9.342318534851074
2019-11-21,9.291630744934082
2019-11-22,9.474889755249023
2019-11-25,9.584065437316895
2019-11-26,9.482688903808594
2019-11-27,9.533378601074219
2019-11-28,9.513880729675293
2019-11-29,9.451494216918945
2019-12-02,9.361814498901367
2019-12-03,9.104472160339355
2019-12-04,9.221446990966797
2019-12-05,9.198051452636719
2019-12-06,9.31502628326416
2019-12-09,9.303327560424805
2019-12-10,9.201950073242188
2019-12-11,9.170758247375488
2019-12-12,9.350117683410645
2019-12-13,9.412504196166992
2019-12-16,9.591864585876465
2019-12-17,9.603561401367188
2019-12-18,9.58016586303711
2019-12-19,9.537276268005371
2019-12-20,9.548972129821777
2019-12-23,9.545074462890625
2019-12-27,9.521679878234863
2019-12-30,9.533378601074219
2020-01-03,9.650351524353027
2020-01-06,9.584065437316895
2020-01-07,9.837510108947754
2020-01-08,9.907692909240723
2020-01-09,9.899894714355469
2020-01-10,9.872601509094238
2020-01-13,9.841408729553223
2020-01-14,9.950584411621094
2020-01-15,9.849206924438477
2020-01-16,9.884299278259277
2020-01-17,9.9310884475708
2020-01-20,9.985676765441895
2020-01-21,9.533378601074219
2020-01-22,9.66204833984375
2020-01-23,9.576268196105957
2020-01-24,9.665947914123535
2020-01-27,9.424201965332031
2020-01-28,9.470992088317871
2020-01-29,9.556772232055664
2020-01-30,9.404706954956055
2020-01-31,9.357916831970215
2020-02-03,9.350117683410645
2020-02-04,9.486586570739746
2020-02-05,9.673746109008789
2020-02-06,9.80241584777832
2020-02-07,9.895995140075684
2020-02-10,9.9310884475708
2020-02-11,10.02856731414795
2020-02-12,10.157238006591797
2020-02-13,10.141640663146973
2020-02-14,10.110448837280273
2020-02-17,10.180632591247559
2020-02-18,10.079255104064941
2020-02-19,10.067557334899902
2020-02-20,10.157238006591797
2020-02-21,9.892098426818848
2020-02-24,9.40860366821289
2020-02-25,9.120068550109863
2020-02-26,9.116169929504395
2020-02-27,8.63267707824707
2020-02-28,8.266160011291504
2020-03-02,8.199873924255371
2020-03-03,8.188176155090332
2020-03-04,8.17647933959961
2020-03-05,7.946430206298828
2020-03-06,7.69688606262207
2020-03-09,6.895224571228027
2020-03-10,7.0636677742004395
2020-03-11,7.099539756774902
2020-03-12,6.1621880531311035
2020-03-13,6.27916145324707
2020-03-16,5.814385414123535
2020-03-17,6.05145263671875
2020-03-18,6.056130886077881
2020-03-19,6.5240278244018555
2020-03-20,6.442925453186035
2020-03-23,6.07484769821167
2020-03-24,6.835958003997803
2020-03-25,7.0558695793151855
2020-03-26,7.4348649978637695
2020-03-27,7.073025226593018
2020-03-30,7.0683465003967285
2020-03-31,7.054309368133545
2020-04-01,6.7314605712890625
2020-04-02,6.853114128112793
2020-04-03,6.750176429748535
2020-04-06,7.200915813446045
2020-04-07,7.403671741485596
2020-04-08,7.225870609283447
2020-04-09,7.545600414276123
2020-04-14,7.392752647399902
2020-04-15,7.058987617492676
2020-04-16,6.912381172180176
2020-04-17,7.2289910316467285
2020-04-20,7.358441352844238
2020-04-21,7.013758182525635
2020-04-22,7.0028395652771
2020-04-23,7.177521228790283
2020-04-24,7.093299865722656
2020-04-27,7.386515140533447
2020-04-28,7.907439231872559
2020-04-29,8.414326667785645
2020-04-30,8.063405990600586
2020-05-04,7.6048665046691895
2020-05-05,7.68421745300293
2020-05-06,7.574188709259033
2020-05-07,7.77968168258667
2020-05-08,7.781301498413086
2020-05-11,7.6712727546691895
2020-05-12,7.642147064208984
2020-05-13,7.45121431350708
2020-05-14,7.2974982261657715
2020-05-15,7.257046222686768
2020-05-18,7.755411624908447
2020-05-19,7.8508782386779785
2020-05-20,7.88162088394165
2020-05-22,7.690688610076904
2020-05-25,7.797480583190918
2020-05-26,8.118669509887695
2020-05-27,8.430148124694824
2020-05-28,8.490824699401855
2020-05-29,8.333064079284668
2020-06-02,8.632406234741211
2020-06-03,9.0369234085083
2020-06-04,8.903432846069336
2020-06-05,9.174459457397461
2020-06-08,9.198731422424316
2020-06-09,8.951974868774414
2020-06-10,8.879161834716797
2020-06-11,8.3492431640625
2020-06-12,8.296656608581543
2020-06-15,8.2764310836792
2020-06-16,8.539366722106934
2020-06-17,8.559593200683594
2020-06-18,8.547457695007324
2020-06-19,8.426102638244629
2020-06-22,8.462509155273438
2020-06-23,8.680947303771973
2020-06-24,8.454418182373047
2020-06-25,8.648585319519043
2020-06-26,8.693083763122559
2020-06-29,8.757805824279785
2020-06-30,8.822528839111328
2020-07-01,8.753761291503906
2020-07-02,8.972201347351074
2020-07-03,8.931748390197754
2020-07-06,9.109736442565918
2020-07-07,9.045013427734375
2020-07-08,8.972201347351074
2020-07-09,8.89938735961914
2020-07-10,9.008606910705566
2020-07-13,9.06119441986084
2020-07-14,9.174459457397461
2020-07-15,9.214913368225098
2020-07-16,9.23109245300293
2020-07-17,9.190640449523926
2020-07-20,9.11378288269043
2020-07-21,9.352447509765625
2020-07-22,9.32413101196289
2020-07-23,9.0814208984375
2020-07-24,9.11378288269043
2020-07-27,9.154233932495117
2020-07-28,8.988381385803223
2020-07-29,8.794212341308594
2020-07-30,8.591954231262207
2020-07-31,8.652630805969238
2020-08-03,8.814438819885254
2020-08-04,8.89938735961914
2020-08-05,8.960063934326172
2020-08-06,8.964110374450684
2020-08-07,8.907478332519531
2020-08-10,9.057148933410645
2020-08-11,9.202776908874512
2020-08-12,9.267498970031738
2020-08-13,9.174459457397461
2020-08-14,9.073331832885742
2020-08-17,9.012652397155762
2020-08-18,8.895341873168945
2020-08-19,9.016697883605957
2020-08-20,8.850844383239746
2020-08-21,8.850844383239746
2020-08-24,9.05310344696045
2020-08-25,9.012652397155762
2020-08-26,9.09355640411377
2020-08-27,9.057148933410645
2020-08-28,9.024786949157715
2020-08-31,8.887251853942871
2020-09-01,8.947929382324219
2020-09-02,9.101646423339844
2020-09-03,9.06119441986084
2020-09-04,9.012652397155762
2020-09-07,9.138054847717285
2020-09-08,8.956019401550293
2020-09-09,9.142098426818848
2020-09-10,9.097600936889648
2020-09-11,9.024786949157715
2020-09-14,9.247274398803711
2020-09-15,9.057148933410645
2020-09-16,9.109736442565918
2020-09-17,9.020742416381836
2020-09-18,8.883206367492676
2020-09-21,8.337108612060547
2020-09-22,8.320927619934082
2020-09-23,8.260250091552734
2020-09-24,8.069318771362305
2020-09-25,7.829842567443848
2020-09-28,8.308794021606445
2020-09-29,8.19148063659668
2020-09-30,8.333064079284668
2020-10-01,8.308794021606445
2020-10-02,8.385649681091309
2020-10-05,8.547457695007324
2020-10-06,8.70926570892334
2020-10-07,8.697128295898438
2020-10-08,8.697128295898438
2020-10-09,8.596000671386719
2020-10-12,8.63645076751709
2020-10-13,8.612180709838867
2020-10-14,8.547457695007324
2020-10-15,8.418011665344238
2020-10-16,8.583863258361816
2020-10-19,8.842756271362305
2020-10-20,9.077374458312988
2020-10-21,8.996472358703613
2020-10-22,9.097600936889648
2020-10-23,9.109736442565918
2020-10-26,9.057148933410645
2020-10-27,8.927703857421875
2020-10-28,8.563638687133789
2020-10-29,8.547457695007324
2020-10-30,8.612180709838867
2020-11-02,8.907478332519531
2020-11-03,9.421216011047363
2020-11-04,9.3605375289917
2020-11-05,9.506163597106934
2020-11-06,9.498074531555176
2020-11-09,9.930907249450684
2020-11-10,10.096759796142578
2020-11-11,10.181708335876465
2020-11-12,10.032037734985352
2020-11-13,10.060354232788086
2020-11-16,10.578134536743164
2020-11-17,10.663084983825684
2020-11-18,10.642857551574707
2020-11-19,10.598361015319824
2020-11-20,10.574089050292969
2020-11-23,10.756124496459961
2020-11-24,11.14710521697998
2020-11-25,11.022322654724121
2020-11-26,10.926658630371094
2020-11-27,10.947454452514648
2020-11-30,10.72284984588623
2020-12-01,10.818514823913574
2020-12-02,10.72284984588623
2020-12-03,10.760283470153809
2020-12-04,10.714529991149902
2020-12-07,10.76444149017334
2020-12-08,10.70621109008789
2020-12-09,10.727007865905762
2020-12-10,10.448330879211426
2020-12-11,10.323549270629883
2020-12-14,10.344347953796387
2020-12-15,10.460807800292969
2020-12-16,10.502403259277344
2020-12-17,10.394259452819824
2020-12-18,10.344347953796387
2020-12-21,10.123899459838867
2020-12-22,10.161334991455078
2020-12-23,10.42337417602539
2020-12-28,10.431693077087402
2020-12-29,10.419214248657227
2020-12-30,10.373462677001953
2021-01-04,10.49824333190918
2021-01-05,10.614705085754395
2021-01-06,11.072235107421875
2021-01-07,11.371709823608398
2021-01-08,11.234451293945312
2021-01-11,11.20533561706543
2021-01-12,11.280203819274902
2021-01-13,11.134626388549805
2021-01-14,11.25108814239502
2021-01-15,11.201176643371582
2021-01-18,11.159584045410156
2021-01-19,10.997366905212402
2021-01-20,11.059758186340332
2021-01-21,11.014004707336426
2021-01-22,10.93913459777832
2021-01-25,10.74780559539795
2021-01-26,11.005684852600098
2021-01-27,10.876744270324707
2021-01-28,11.047279357910156
2021-01-29,10.710371017456055
2021-02-01,10.872584342956543
2021-02-02,11.068075180053711
2021-02-03,11.122148513793945
2021-02-04,11.192858695983887
2021-02-05,11.163743019104004
2021-02-08,11.355072975158691
2021-02-09,11.38002872467041
2021-02-10,11.42994213104248
2021-02-11,11.330117225646973
2021-02-12,11.39666748046875
2021-02-15,11.604635238647461
2021-02-16,11.746052742004395
2021-02-17,11.62959098815918
2021-02-18,11.438260078430176
2021-02-19,11.571359634399414
2021-02-22,11.721096992492676
2021-02-23,11.750212669372559
2021-02-24,12.00809383392334
2021-02-25,12.045528411865234
2021-02-26,11.729415893554688
2021-03-01,11.983136177062988
2021-03-02,12.145353317260742
2021-03-03,12.141194343566895
2021-03-04,12.016411781311035
2021-03-05,11.937383651733398
2021-03-08,12.307568550109863
2021-03-09,12.082962036132812
2021-03-10,12.074644088745117
2021-03-11,11.887470245361328
2021-03-12,11.999773979187012
2021-03-15,11.787646293640137
2021-03-16,11.895791053771973
2021-03-17,12.082962036132812
2021-03-18,12.561288833618164
2021-03-19,12.35332202911377
2021-03-22,12.328364372253418
2021-03-23,12.320047378540039
2021-03-24,12.411552429199219
2021-03-25,12.473942756652832
2021-03-26,12.582086563110352
2021-03-29,12.091280937194824
2021-03-30,12.220221519470215
2021-03-31,12.174468994140625
2021-04-01,12.378276824951172
2021-04-06,12.548810958862305
2021-04-07,12.440667152404785
2021-04-08,12.386597633361816
2021-04-09,12.424030303955078
2021-04-12,12.332523345947266
2021-04-13,12.298398971557617
2021-04-14,12.490360260009766
2021-04-15,12.400776863098145
2021-04-16,12.639663696289062
2021-04-19,12.460497856140137
2021-04-20,12.132030487060547
2021-04-21,11.991257667541504
2021-04-22,11.923004150390625
2021-04-23,11.940067291259766
2021-04-26,12.046712875366211
2021-04-27,11.807826042175293
2021-04-28,12.02964973449707
2021-04-29,12.046712875366211
2021-04-30,11.880345344543457
2021-05-03,11.952865600585938
2021-05-04,11.624396324157715
2021-05-05,11.923004150390625
2021-05-06,12.04244613647461
2021-05-07,12.055245399475098
2021-05-10,12.01258659362793
2021-05-11,11.624396324157715
2021-05-12,11.773700714111328
2021-05-14,11.850485801696777
2021-05-17,11.923004150390625
2021-05-18,11.974194526672363
2021-05-19,11.867547035217285
2021-05-20,12.04244613647461
2021-05-21,12.166156768798828
2021-05-25,12.285600662231445
2021-05-26,12.12349796295166
2021-05-27,12.353853225708008
2021-05-28,12.537283897399902
2021-05-31,12.443435668945312
2021-06-01,12.622600555419922
2021-06-02,12.588475227355957
2021-06-03,12.737778663635254
2021-06-04,12.592740058898926
2021-06-07,12.597004890441895
2021-06-08,12.567144393920898
2021-06-09,12.460497856140137
2021-06-10,12.413575172424316
2021-06-11,12.439170837402344
2021-06-14,12.469030380249023
2021-06-15,12.511689186096191
2021-06-16,12.430638313293457
2021-06-17,12.486093521118164
2021-06-18,12.234410285949707
2021-06-21,12.174688339233398
2021-06-22,12.119232177734375
2021-06-23,12.127764701843262
2021-06-24,12.217347145080566
2021-06-25,12.247206687927246
2021-06-28,12.136296272277832
2021-06-29,12.187485694885254
2021-06-30,12.080840110778809
2021-07-01,12.183219909667969
2021-07-02,12.085104942321777
2021-07-05,12.208815574645996
2021-07-06,11.931536674499512
2021-07-07,11.923004150390625
2021-07-08,11.496420860290527
2021-07-09,11.667054176330566
2021-07-12,11.756636619567871
2021-07-13,11.748106002807617
2021-07-14,11.765167236328125
2021-07-15,11.803561210632324
2021-07-16,11.731040000915527
2021-07-19,11.389775276184082
2021-07-20,11.995524406433105
2021-07-21,12.341055870056152
2021-07-22,12.311195373535156
2021-07-23,12.473296165466309
2021-07-26,12.678056716918945
2021-07-27,12.66525936126709
2021-07-28,12.579941749572754
2021-07-29,12.797500610351562
2021-07-30,12.746309280395508
2021-08-02,12.87001895904541
2021-08-03,12.831625938415527
2021-08-04,12.882817268371582
2021-08-05,12.929739952087402
2021-08-06,13.14303207397461
2021-08-09,13.22408390045166
2021-08-10,13.317931175231934
2021-08-11,13.360590934753418
2021-08-12,13.373388290405273
2021-08-13,13.381919860839844
2021-08-16,13.236881256103516
2021-08-17,13.202754020690918
2021-08-18,13.258210182189941
2021-08-19,12.951070785522461
2021-08-20,12.976664543151855
2021-08-23,13.040651321411133
2021-08-24,13.100374221801758
2021-08-25,13.249678611755371
2021-08-26,13.177159309387207
2021-08-27,13.134500503540039
2021-08-30,13.087577819824219
2021-08-31,13.036386489868164
2021-09-01,13.104640007019043
2021-09-02,13.113171577453613
2021-09-03,13.049184799194336
2021-09-06,13.155830383300781
2021-09-07,13.177159309387207
2021-09-08,13.070513725280762
2021-09-09,12.997993469238281
2021-09-10,12.972397804260254
2021-09-13,13.134500503540039
2021-09-14,13.066246032714844
2021-09-15,13.100374221801758
2021-09-16,13.189956665039062
2021-09-17,13.061982154846191
2021-09-20,12.204548835754395
2021-09-21,12.050979614257812
2021-09-22,12.328258514404297
2021-09-23,12.490360260009766
2021-09-24,12.558612823486328
2021-09-27,12.712182998657227
2021-09-28,12.66525936126709
2021-09-29,12.857220649719238
2021-09-30,12.797500610351562
2021-10-01,12.588475227355957
2021-10-04,12.575677871704102
2021-10-05,12.810298919677734
2021-10-06,12.648195266723633
2021-10-07,13.100374221801758
2021-10-08,13.266741752624512
2021-10-11,13.330727577209473
2021-10-12,13.292337417602539
2021-10-13,13.207018852233887
2021-10-14,13.462970733642578
2021-10-15,13.544020652770996
2021-10-18,13.578146934509277
2021-10-19,13.59521198272705
2021-10-20,13.667729377746582
2021-10-21,13.59521198272705
2021-10-22,13.710387229919434
2021-10-25,13.957807540893555
2021-10-26,14.132706642150879
2021-10-27,14.171098709106445
2021-10-28,14.124175071716309
2021-10-29,14.200960159301758
2021-11-01,14.392922401428223
2021-11-02,14.47397232055664
2021-11-03,14.418516159057617
2021-11-04,14.20522403717041
2021-11-05,14.28200912475586
2021-11-08,14.303338050842285
2021-11-09,14.286276817321777
2021-11-10,14.235084533691406
2021-11-11,14.209490776062012
2021-11-12,14.235084533691406
2021-11-15,14.235084533691406
2021-11-16,14.337465286254883
2021-11-17,14.452644348144531
2021-11-18,14.200960159301758
2021-11-19,13.855425834655762
2021-11-22,13.974869728088379
2021-11-23,13.898086547851562
2021-11-24,14.094313621520996
2021-11-25,14.141237258911133
2021-11-26,13.322197914123535
2021-11-29,13.441640853881836
2021-11-30,13.59947681427002
2021-12-01,13.7914400100708
2021-12-02,13.876755714416504
2021-12-03,13.770109176635742
2021-12-06,14.017528533935547
2021-12-07,14.21375560760498
2021-12-08,14.196691513061523
2021-12-09,14.128437995910645
2021-12-10,14.055920600891113
2021-12-13,14.004732131958008
2021-12-14,13.974869728088379
2021-12-15,13.851160049438477
2021-12-16,14.119909286499023
2021-12-17,13.774375915527344
2021-12-20,13.475767135620117
2021-12-21,13.753047943115234
2021-12-22,13.79570484161377
2021-12-23,14.017528533935547
2021-12-27,14.094313621520996
2021-12-28,14.162567138671875
2021-12-29,14.085782051086426
2021-12-30,14.00899600982666
2022-01-03,14.188162803649902
2022-01-04,14.537959098815918
2022-01-05,14.631807327270508
2022-01-06,14.79391098022461
2022-01-07,15.169303894042969
2022-01-10,15.169303894042969
2022-01-11,15.203429222106934
2022-01-12,15.246088981628418
2022-01-13,15.305810928344727
2022-01-14,15.199163436889648
2022-01-17,15.339936256408691
2022-01-18,15.143709182739258
2022-01-19,15.066923141479492
2022-01-20,15.083986282348633
2022-01-21,14.92188549041748
2022-01-24,14.22228717803955
2022-01-25,14.444111824035645
2022-01-26,14.798174858093262
2022-01-27,14.687265396118164
2022-01-28,14.448375701904297
2022-01-31,14.589151382446289
2022-02-01,15.762255668640137
2022-02-02,16.039531707763672
2022-02-03,16.065128326416016
2022-02-04,15.945685386657715
2022-02-07,16.21442985534668
2022-02-08,16.466115951538086
2022-02-09,16.824447631835938
2022-02-10,16.85004425048828
2022-02-11,16.7305965423584
2022-02-14,16.265623092651367
2022-02-15,16.35947036743164
2022-02-16,16.146177291870117
2022-02-17,15.988344192504883
2022-02-18,15.9115571975708
2022-02-21,15.50203800201416
2022-02-22,15.374064445495605
2022-02-23,15.199163436889648
2022-02-24,13.949275016784668
2022-02-25,14.823771476745605
2022-02-28,14.405718803405762
2022-03-01,13.663464546203613
2022-03-02,13.727452278137207
2022-03-03,13.33499526977539
2022-03-04,12.405043601989746
2022-03-07,12.144826889038086
2022-03-08,12.65672779083252
2022-03-09,13.381919860839844
2022-03-10,13.194222450256348
2022-03-11,13.458703994750977
2022-03-14,13.748780250549316
2022-03-15,13.663464546203613
2022-03-16,14.525161743164062
2022-03-17,14.567822456359863
2022-03-18,14.6915283203125
2022-03-21,14.883491516113281
2022-03-22,15.216225624084473
2022-03-23,15.126644134521484
2022-03-24,15.156505584716797
2022-03-25,15.271681785583496
2022-03-28,15.19489860534668
2022-03-29,15.617216110229492
2022-03-30,15.378329277038574
2022-03-31,15.480707168579102
2022-04-01,15.540431022644043
2022-04-04,15.711064338684082
2022-04-05,15.083986282348633
2022-04-06,14.764049530029297
2022-04-07,14.576350212097168
2022-04-08,14.849366188049316
2022-04-11,14.862161636352539
2022-04-12,14.76554012298584
2022-04-13,14.611824989318848
2022-04-14,14.655742645263672
2022-04-19,14.774324417114258
2022-04-20,15.00709342956543
2022-04-21,14.901690483093262
2022-04-22,14.66892147064209
2022-04-25,14.264864921569824
2022-04-26,14.278040885925293
2022-04-27,14.66892147064209
2022-04-28,14.563512802124023
2022-04-29,14.682095527648926
2022-05-02,14.374662399291992
2022-05-03,14.892906188964844
2022-05-04,14.967568397521973
2022-05-05,14.870946884155273
2022-05-06,14.844594955444336
2022-05-09,14.370272636413574
2022-05-10,14.60304069519043
2022-05-11,14.901690483093262
2022-05-12,14.743581771850586
2022-05-13,15.134458541870117
2022-05-16,14.958786010742188
2022-05-17,15.301352500915527
2022-05-18,15.187162399291992
2022-05-19,14.976350784301758
2022-05-20,15.130069732666016
2022-05-23,15.613175392150879
2022-05-24,15.617568016052246
2022-05-25,15.58682632446289
2022-05-27,15.797635078430176
2022-05-30,16.06554412841797
2022-05-31,15.85033893585205
2022-06-01,15.898649215698242
2022-06-02,15.872297286987305
2022-06-03,15.872297286987305
2022-06-07,15.977703094482422
2022-06-08,15.56047534942627
2022-06-09,15.130069732666016
2022-06-10,14.598649978637695
2022-06-13,14.097973823547363
2022-06-14,14.045269966125488
2022-06-15,14.26047420501709
2022-06-16,13.408446311950684
2022-06-17,13.324999809265137
2022-06-20,13.483108520507812
2022-06-21,13.548986434936523
2022-06-22,13.59290599822998
2022-06-23,13.250337600708008
2022-06-24,14.049662590026855
2022-06-27,14.177027702331543
2022-06-28,14.032095909118652
2022-06-29,13.764189720153809
2022-06-30,13.518243789672852
2022-07-01,13.43040657043457
2022-07-04,13.764189720153809
2022-07-05,13.131757736206055
2022-07-06,13.166893005371094
2022-07-07,13.439189910888672
2022-07-08,13.742230415344238
2022-07-11,13.60608196258545
2022-07-12,13.900338172912598
2022-07-13,13.46993350982666
2022-07-14,13.175675392150879
2022-07-15,13.426013946533203
2022-07-18,13.812500953674316
2022-07-19,13.878379821777344
2022-07-20,13.917906761169434
2022-07-21,14.128715515136719
2022-07-22,13.988177299499512
2022-07-25,14.190203666687012
2022-07-26,12.850675582885742
2022-07-27,12.846283912658691
2022-07-28,13.14054012298584
2022-07-29,13.601689338684082
2022-08-02,13.447973251342773
2022-08-03,13.584122657775879
2022-08-04,13.913515090942383
2022-08-05,13.663176536560059
2022-08-08,13.878379821777344
2022-08-09,13.658784866333008
2022-08-10,13.852027893066406
2022-08-11,13.961825370788574
2022-08-12,14.128715515136719
2022-08-15,14.080406188964844
2022-08-16,14.119933128356934
2022-08-17,13.97060775756836
2022-08-18,14.119933128356934
2022-08-19,13.663176536560059
2022-08-22,13.434798240661621
2022-08-23,13.421622276306152
2022-08-24,13.377702713012695
2022-08-25,13.584122657775879
2022-08-26,13.408446311950684
2022-08-29,13.579730987548828
2022-08-30,13.60608196258545
2022-08-31,13.641217231750488
2022-09-01,13.149325370788574
2022-09-02,13.698310852050781
2022-09-05,13.55337905883789
2022-09-06,13.518243789672852
2022-09-07,13.40405559539795
2022-09-08,13.658784866333008
2022-09-09,13.904729843139648
2022-09-12,14.155067443847656
2022-09-13,14.251689910888672
2022-09-14,14.141892433166504
2022-09-15,14.238512992858887
2022-09-16,13.85641860961914
2022-09-19,13.865202903747559
2022-09-20,13.702703475952148
2022-09-21,13.68952751159668
2022-09-22,13.39087963104248
2022-09-23,12.7979736328125
2022-09-26,12.859460830688477
2022-09-27,12.811148643493652
2022-09-28,12.846283912658691
2022-09-29,12.613512992858887
2022-09-30,12.71452808380127
2022-10-03,12.894596099853516
2022-10-04,13.461149215698242
2022-10-05,13.237162590026855
2022-10-06,12.907771110534668
2022-10-07,12.894596099853516
2022-10-10,12.705742835998535
2022-10-11,12.530068397521973
2022-10-12,12.266554832458496
2022-10-13,12.692567825317383
2022-10-14,12.67500114440918
2022-10-17,12.824325561523438
2022-10-18,13.013175964355469
2022-10-19,13.057095527648926
2022-10-20,13.092230796813965
2022-10-21,12.916553497314453
2022-10-24,13.294258117675781
2022-10-25,14.32196044921875
2022-10-26,14.15946102142334
2022-10-27,14.018918991088867
2022-10-28,14.018918991088867
2022-10-31,13.957433700561523
2022-11-01,14.040878295898438
2022-11-02,13.961825370788574
2022-11-03,13.979392051696777
2022-11-04,14.273649215698242
2022-11-07,14.33952808380127
2022-11-08,14.396621704101562
2022-11-09,14.36148738861084
2022-11-10,14.835809707641602
2022-11-11,15.332096099853516
2022-11-14,15.22668743133545
2022-11-15,15.376014709472656
2022-11-16,15.200338363647461
2022-11-17,15.160811424255371
2022-11-18,15.358447074890137
2022-11-21,15.362837791442871
2022-11-22,15.301352500915527
2022-11-23,15.301352500915527
2022-11-24,15.446282386779785
2022-11-25,15.354053497314453
2022-11-28,15.19155502319336
2022-11-29,15.23986530303955
2022-11-30,15.130069732666016
2022-12-01,15.274999618530273
2022-12-02,15.19594669342041
2022-12-05,15.450677871704102
2022-12-06,15.21790599822998
2022-12-07,15.011487007141113
2022-12-08,14.936823844909668
2022-12-09,15.042230606079102
2022-12-12,14.888516426086426
2022-12-13,15.332096099853516
2022-12-14,15.07736587524414
2022-12-15,14.673310279846191
2022-12-16,14.50641918182373
2022-12-19,14.717230796813965
2022-12-20,14.625
2022-12-21,15.169596672058105
2022-12-22,15.029056549072266
2022-12-23,15.19594669342041
2022-12-27,15.266217231750488
2022-12-28,15.17837905883789
2022-12-29,15.253042221069336
2022-12-30,15.11250114440918
2023-01-03,15.639527320861816
2023-01-04,15.999663352966309
2023-01-05,16.008445739746094
2023-01-06,16.069934844970703
2023-01-09,16.289527893066406
2023-01-10,16.289527893066406
2023-01-11,16.583784103393555
2023-01-12,16.777029037475586
2023-01-13,16.851688385009766
2023-01-16,17.115203857421875
2023-01-17,17.207433700561523
2023-01-18,17.251352310180664
2023-01-19,16.820945739746094
2023-01-20,17.084461212158203
2023-01-23,17.172298431396484
2023-01-24,17.246959686279297
2023-01-25,17.145944595336914
2023-01-26,17.38311004638672
2023-01-27,17.35675621032715
2023-01-30,17.435810089111328
2023-01-31,17.07567596435547
2023-02-01,17.203041076660156
2023-02-02,17.435810089111328
2023-02-03,17.690540313720703
2023-02-06,17.43141746520996
2023-02-07,17.453380584716797
2023-02-08,17.475337982177734
2023-02-09,17.646623611450195
2023-02-10,17.519256591796875
2023-02-13,17.576353073120117
2023-02-14,17.78716278076172
2023-02-15,17.83986473083496
2023-02-16,17.927703857421875
2023-02-17,17.82229995727539
2023-02-20,17.76081085205078
2023-02-21,17.769596099853516
2023-02-22,17.545608520507812
2023-02-23,17.70810890197754
2023-02-24,17.62905502319336
2023-02-27,17.848648071289062
2023-02-28,17.962839126586914
2023-03-01,17.83986473083496
2023-03-02,17.734458923339844
2023-03-03,18.164867401123047
2023-03-06,18.21756935119629
2023-03-07,17.927703857421875
2023-03-08,17.734458923339844
2023-03-09,17.646623611450195
2023-03-10,16.84729766845703
2023-03-13,15.55608081817627
2023-03-14,16.109460830688477
2023-03-15,14.704054832458496
2023-03-16,15.204729080200195
2023-03-17,15.029056549072266
2023-03-20,15.21790599822998
2023-03-21,17.0625
2023-03-22,16.430068969726562
2023-03-23,15.718581199645996
2023-03-24,15.160811424255371
2023-03-27,15.323310852050781
2023-03-28,15.58243179321289
2023-03-29,16.162160873413086
2023-03-30,16.71114730834961
2023-03-31,16.943920135498047
2023-04-03,16.456418991088867
2023-04-04,16.487163543701172
2023-04-05,16.276351928710938
2023-04-06,16.4520263671875
2023-04-11,16.627704620361328
2023-04-12,17.197641372680664
2023-04-13,17.247398376464844
2023-04-14,17.609262466430664
2023-04-17,16.9398136138916
2023-04-18,16.99861717224121
2023-04-19,16.808635711669922
2023-04-20,16.52819061279297
2023-04-21,16.33368682861328
2023-04-24,16.460338592529297
2023-04-25,16.102996826171875
2023-04-26,16.247743606567383
2023-04-27,16.229650497436523
2023-04-28,16.34273338317871
2023-05-02,16.01253318786621
2023-05-03,15.587340354919434
2023-05-04,15.14405632019043
2023-05-05,15.741132736206055
2023-05-08,15.80898380279541
2023-05-09,15.78636646270752
2023-05-10,15.623529434204102
2023-05-11,15.510445594787598
2023-05-12,15.591865539550781
2023-05-15,15.591865539550781
2023-05-16,15.52853775024414
2023-05-17,15.691376686096191
2023-05-19,16.274885177612305
2023-05-22,16.35630226135254
2023-05-23,16.38344383239746
2023-05-24,16.152755737304688
2023-05-25,15.985393524169922
2023-05-26,16.207035064697266
2023-05-30,15.903974533081055
2023-05-31,15.59638786315918
2023-06-01,15.971823692321777
2023-06-02,16.35630226135254
2023-06-05,16.40153694152832
2023-06-06,16.523666381835938
2023-06-07,16.52819061279297
2023-06-08,16.514619827270508
2023-06-09,16.46486473083496
2023-06-12,16.600563049316406
2023-06-13,16.672937393188477
2023-06-14,16.722692489624023
2023-06-15,16.514619827270508
2023-06-16,16.510095596313477
2023-06-19,16.740785598754883
2023-06-20,16.34273338317871
2023-06-21,16.306549072265625
2023-06-22,16.134660720825195
2023-06-23,16.03514862060547
2023-06-26,15.885879516601562
2023-06-27,15.894926071166992
2023-06-28,16.062288284301758
2023-06-29,16.184419631958008
2023-06-30,16.369873046875
2023-07-03,16.5372371673584
2023-07-04,16.482955932617188
2023-07-05,16.247743606567383
2023-07-06,15.659712791442871
2023-07-07,15.98086929321289
2023-07-10,16.021577835083008
2023-07-11,16.116567611694336
2023-07-12,16.33368682861328
2023-07-13,16.369873046875
2023-07-14,16.35630226135254
2023-07-17,16.40153694152832
2023-07-18,16.56890106201172
2023-07-19,16.600563049316406
2023-07-20,16.627702713012695
2023-07-21,16.718168258666992
2023-07-24,16.85386848449707
2023-07-25,16.98956871032715
2023-07-26,17.066465377807617
2023-07-27,17.288108825683594
2023-07-28,17.41476058959961
2023-07-31,17.437376022338867
2023-08-02,17.007659912109375
2023-08-03,17.134315490722656
2023-08-04,17.39214324951172
2023-08-07,17.523319244384766
2023-08-08,17.30620002746582
2023-08-09,17.478086471557617
2023-08-10,17.554983139038086
2023-08-11,18.382747650146484
2023-08-14,18.72652244567871
2023-08-15,18.617961883544922
2023-08-16,18.816986083984375
2023-08-17,18.807941436767578
2023-08-18,18.68128776550293
2023-08-21,18.63605499267578
2023-08-22,19.03410530090332
2023-08-23,19.287410736083984
2023-08-24,19.857351303100586
2023-08-25,19.567855834960938
2023-08-28,19.884490966796875
2023-08-29,19.96590805053711
2023-08-30,20.047327041625977
2023-08-31,21.259578704833984
2023-09-01,21.187206268310547
2023-09-04,21.449556350708008
2023-09-05,21.41337013244629
2023-09-06,20.92485237121582
2023-09-07,20.743919372558594
2023-09-08,20.590126037597656
2023-09-11,20.698684692382812
2023-09-12,20.762012481689453
2023-09-13,21.024364471435547
2023-09-14,21.223388671875
2023-09-15,21.169111251831055
2023-09-18,21.178157806396484
2023-09-19,21.169111251831055
2023-09-20,21.476696014404297
2023-09-21,21.069597244262695
2023-09-22,20.89771270751953
2023-09-25,20.8886661529541
2023-09-26,20.81629180908203
2023-09-27,20.210166931152344
2023-09-28,20.49061393737793
2023-09-29,20.52680206298828
2023-10-02,20.282541275024414
2023-10-03,19.884490966796875
2023-10-04,19.839256286621094
2023-10-05,19.8211612701416
2023-10-06,20.173980712890625
2023-10-09,20.02923583984375
2023-10-10,20.318727493286133
2023-10-11,20.52680206298828
2023-10-12,20.43633270263672
2023-10-13,19.92972183227539
2023-10-16,20.309680938720703
2023-10-17,20.40919303894043
2023-10-18,19.92067527770996
2023-10-19,19.640230178833008
2023-10-20,19.09743309020996
2023-10-23,19.215038299560547
2023-10-24,19.178852081298828
2023-10-25,19.395973205566406
2023-10-26,19.341690063476562
2023-10-27,19.187896728515625
2023-10-30,19.23313331604004
2023-10-31,19.196945190429688
2023-11-01,19.667369842529297
2023-11-02,19.848302841186523
2023-11-03,19.884490966796875
2023-11-06,19.794021606445312
2023-11-07,20.1558895111084
2023-11-08,20.219215393066406
2023-11-09,20.16493797302246
2023-11-10,19.92067527770996
2023-11-13,19.784976959228516
2023-11-14,19.9840030670166
2023-11-15,20.43633270263672
2023-11-16,20.32777214050293
2023-11-17,20.93389892578125
2023-11-20,21.051504135131836
2023-11-21,20.771059036254883
2023-11-22,20.92485237121582
2023-11-23,21.015317916870117
2023-11-24,21.087690353393555
2023-11-27,20.81629180908203
2023-11-28,20.988178253173828
2023-11-29,21.621442794799805
2023-11-30,22.281845092773438
2023-12-01,22.453731536865234
2023-12-04,22.426591873168945
2023-12-05,22.019493103027344
2023-12-06,22.363264083862305
2023-12-07,22.22756576538086
2023-12-08,22.62561798095703
2023-12-11,22.65275764465332
2023-12-12,22.6165714263916
2023-12-13,22.62561798095703
2023-12-14,23.476003646850586
2023-12-15,23.20460319519043
2023-12-18,22.933202743530273
2023-12-19,23.702167510986328
2023-12-20,23.90119171142578
2023-12-21,23.810726165771484
2023-12-22,23.828819274902344
2023-12-27,23.855960845947266
2023-12-28,23.466955184936523
2023-12-29,23.61170196533203
2024-01-03,22.571338653564453
2024-01-04,22.960342407226562
2024-01-05,23.07794952392578
2024-01-08,23.15936851501465
2024-01-09,22.969390869140625
2024-01-10,23.03271484375
2024-01-11,22.63466453552246
2024-01-12,22.897016525268555
2024-01-15,22.887969970703125
2024-01-16,22.933202743530273
2024-01-17,22.878923416137695
2024-01-18,23.050809860229492
2024-01-19,22.598478317260742
2024-01-22,22.942251205444336
2024-01-23,22.72513198852539
2024-01-24,23.13222885131836
2024-01-25,23.258880615234375
2024-01-26,23.340301513671875
2024-01-29,23.22269630432129
2024-01-30,23.52123260498047
2024-01-31,23.51218605041504
2024-02-01,22.72513198852539
2024-02-02,23.32221031188965
2024-02-05,23.249835968017578
2024-02-06,22.21851921081543
2024-02-07,21.621442794799805
2024-02-08,21.838560104370117
2024-02-09,21.965213775634766
2024-02-12,22.16423988342285
2024-02-13,21.820470809936523
2024-02-14,21.938074111938477
2024-02-15,22.091867446899414
2024-02-16,22.14614486694336
2024-02-19,22.16423988342285
2024-02-20,22.073774337768555
2024-02-21,22.16423988342285
2024-02-22,22.281845092773438
2024-02-23,22.363264083862305
2024-02-26,22.607524871826172
2024-02-27,22.743223190307617
2024-02-28,22.77036476135254
2024-02-29,22.806549072265625
2024-03-01,23.06890296936035
2024-03-04,23.06890296936035
2024-03-05,23.17746353149414
2024-03-06,23.385534286499023
2024-03-07,23.665979385375977
2024-03-08,24.643016815185547
2024-03-11,24.525409698486328
2024-03-12,25.059162139892578
2024-03-13,25.17676544189453
2024-03-14,25.158676147460938
2024-03-15,25.49340057373047
2024-03-18,25.384838104248047
2024-03-19,25.050113677978516
2024-03-20,24.81490135192871
2024-03-21,25.366748809814453
2024-03-22,25.30341911315918
2024-03-25,25.647193908691406
2024-03-26,25.556724548339844
2024-03-27,25.556724548339844
2024-03-28,25.095346450805664
2024-04-02,25.086301803588867
2024-04-03,25.35770034790039
2024-04-04,25.837169647216797
2024-04-05,25.484352111816406
2024-04-08,25.5024471282959
2024-04-09,25.17676544189453
2024-04-10,24.48922348022461
2024-04-11,23.874052047729492
2024-04-12,23.837867736816406
2024-04-15,23.747400283813477
2024-04-16,23.096044540405273
2024-04-17,23.20460319519043
2024-04-18,23.349349975585938
2024-04-19,23.249835968017578
2024-04-22,22.969390869140625
2024-04-23,23.313161849975586
2024-04-24,22.63466453552246
2024-04-25,22.58038330078125
2024-04-26,22.67085075378418
2024-04-29,22.7070369720459
2024-04-30,22.586057662963867
2024-05-02,22.604671478271484
2024-05-03,22.883853912353516
2024-05-06,23.172344207763672
2024-05-07,24.931209564208984
2024-05-08,24.50312614440918
2024-05-10,25.080108642578125
2024-05-13,25.238313674926758
2024-05-14,25.43374252319336
2024-05-15,25.750152587890625
2024-05-16,25.517498016357422
2024-05-17,25.629173278808594
2024-05-21,25.778072357177734
2024-05-22,25.69431495666504
2024-05-23,26.001419067382812
2024-05-24,26.206153869628906
2024-05-27,26.457422256469727
2024-05-28,26.345745086669922
2024-05-29,25.973499298095703
2024-05-30,26.159624099731445
2024-05-31,26.51325798034668
2024-06-03,26.48533821105957
2024-06-04,25.88974380493164
2024-06-05,26.010725021362305
2024-06-06,26.410888671875
2024-06-07,26.4481143951416
2024-06-10,26.085174560546875
2024-06-11,25.84321403503418
2024-06-12,25.96419334411621
2024-06-13,25.322067260742188
2024-06-14,25.05219078063965
2024-06-17,25.591947555541992
2024-06-18,25.685009002685547
2024-06-19,25.69431495666504
2024-06-20,25.982805252075195
2024-06-21,25.154558181762695
2024-06-24,25.48027229309082
2024-06-25,24.670637130737305
2024-06-26,24.465904235839844
2024-06-27,24.54035186767578
2024-06-28,24.61480140686035
2024-07-01,25.1080265045166
2024-07-02,25.1080265045166
2024-07-03,25.40582275390625
2024-07-04,25.424436569213867
2024-07-05,25.331375122070312
2024-07-08,25.415130615234375
2024-07-09,25.229007720947266
2024-07-10,25.638477325439453
2024-07-11,25.81529426574707
2024-07-12,26.06656265258789
2024-07-15,25.973499298095703
2024-07-16,25.973499298095703
2024-07-17,25.685009002685547
2024-07-18,25.46166229248047
2024-07-19,25.20108985900879
2024-07-22,25.424436569213867
2024-07-23,25.50819206237793
2024-07-24,24.98704719543457
2024-07-25,24.707860946655273
2024-07-26,25.042884826660156
2024-07-29,24.847454071044922
2024-07-30,24.847454071044922
2024-07-31,24.810230255126953
2024-08-02,22.45577049255371
2024-08-05,22.167280197143555
2024-08-06,22.167280197143555
2024-08-07,23.004833221435547
2024-08-08,22.93968963623047
2024-08-09,23.023447036743164
2024-08-12,23.125816345214844
2024-08-13,23.3770809173584
2024-08-14,24.61480140686035
2024-08-15,24.363534927368164
2024-08-16,24.521739959716797
2024-08-19,24.39145278930664
2024-08-20,24.35422706604004
2024-08-21,24.23324966430664
2024-08-22,24.372840881347656
2024-08-23,24.596189498901367
2024-08-26,24.568269729614258
2024-08-27,24.60549545288086
2024-08-28,24.42867660522461
2024-08-29,24.261165618896484
2024-08-30,24.16810417175293
2024-09-02,24.10296058654785
2024-09-03,23.749326705932617
2024-09-04,23.33985710144043
2024-09-05,23.135120391845703
2024-09-06,22.59536361694336
2024-09-09,22.828018188476562
2024-09-10,22.511608123779297
2024-09-11,22.651199340820312
2024-09-12,22.967609405517578
2024-09-13,23.321243286132812
2024-09-16,23.330549240112305
2024-09-17,23.581815719604492
2024-09-18,23.52597999572754
2024-09-19,23.87030792236328
2024-09-20,23.69348907470703
2024-09-23,23.814470291137695
2024-09-24,24.037817001342773
2024-09-25,23.823776245117188
2024-09-26,24.38214683532715
2024-09-27,24.42867660522461
2024-09-30,24.25185775756836
2024-10-01,24.149494171142578
2024-10-02,24.484512329101562
2024-10-03,24.372840881347656
2024-10-04,24.57757568359375
2024-10-07,25.070802688598633
2024-10-08,24.838150024414062
2024-10-09,25.191781997680664
2024-10-10,25.145252227783203
2024-10-11,25.36859893798828
2024-10-14,25.88974380493164
2024-10-15,25.76876449584961
2024-10-16,26.03864288330078
2024-10-17,26.2154598236084
2024-10-18,26.48533821105957
2024-10-21,26.075868606567383
2024-10-22,26.094482421875
2024-10-23,25.852519989013672
2024-10-24,26.02933692932129
2024-10-25,25.936277389526367
2024-10-28,26.11309051513672
2024-10-29,26.494644165039062
2024-10-30,25.29414939880371
2024-10-31,24.69855499267578
2024-11-01,25.21969985961914
2024-11-04,25.02427101135254
2024-11-05,25.489580154418945
2024-11-06,26.82036018371582
2024-11-07,26.82036018371582
2024-11-08,26.252685546875
2024-11-11,26.690074920654297
2024-11-12,26.28990936279297
2024-11-13,26.122398376464844
2024-11-14,26.317829132080078
2024-11-15,26.122398376464844
2024-11-18,26.29921531677246
2024-11-19,26.17823600769043
2024-11-20,26.196847915649414
2024-11-21,26.18754005432129
2024-11-22,26.33643913269043
2024-11-25,26.382972717285156
2024-11-26,25.833908081054688
2024-11-27,25.750152587890625
2024-11-28,26.131704330444336
2024-11-29,26.503950119018555
2024-12-02,26.578399658203125
2024-12-03,26.811054229736328
2024-12-04,26.82036018371582
2024-12-05,26.950645446777344
2024-12-06,26.838973999023438
2024-12-09,26.755218505859375
2024-12-10,26.16893196105957
2024-12-11,26.33643913269043
2024-12-12,26.63423728942871
2024-12-13,26.503950119018555
2024-12-16,26.39227867126465
2024-12-17,26.2154598236084
2024-12-18,25.88974380493164
2024-12-19,25.02427101135254
2024-12-20,24.856760025024414
2024-12-23,25.191781997680664
2024-12-27,25.73154067993164
2024-12-30,25.80599021911621
2025-01-03,26.48533821105957
2025-01-06,27.183300018310547
2025-01-07,27.397342681884766
2025-01-08,27.471792221069336
2025-01-09,28.262815475463867
2025-01-10,27.71375274658203
2025-01-13,27.26705551147461
2025-01-14,27.34150505065918
2025-01-15,27.881263732910156
2025-01-16,28.151142120361328
2025-01-17,28.970083236694336
2025-01-20,29.54706573486328
2025-01-21,29.351638793945312
2025-01-22,29.38886070251465
2025-01-23,29.500537872314453
2025-01-24,29.630823135375977
2025-01-27,29.64012908935547
2025-01-28,29.863475799560547
2025-01-29,30.151968002319336
2025-01-30,30.14266014099121
2025-01-31,30.09613037109375
2025-02-03,29.584293365478516
2025-02-04,27.499710083007812
2025-02-05,27.0809326171875
2025-02-06,28.067386627197266
2025-02-07,28.30934715270996
2025-02-10,28.20697784423828
2025-02-11,28.19767189025879
2025-02-12,27.937101364135742
2025-02-13,28.19767189025879
2025-02-14,28.086000442504883
2025-02-17,28.318653106689453
2025-02-18,28.709510803222656
2025-02-19,28.38379669189453
2025-02-20,27.983631134033203
2025-02-21,28.216285705566406
2025-02-24,28.020856857299805
2025-02-25,27.983631134033203
2025-02-26,28.588531494140625
2025-02-27,28.002243041992188
2025-02-28,28.75604248046875
2025-03-03,29.081758499145508
2025-03-04,26.987873077392578
2025-03-05,27.797510147094727
2025-03-06,27.462486267089844
2025-03-07,27.425260543823242
2025-03-10,26.43880844116211
2025-03-11,25.7408447265625
2025-03-12,26.131704330444336
2025-03-13,26.11309051513672
2025-03-14,26.755218505859375
2025-03-17,27.25775146484375
2025-03-18,27.490406036376953
2025-03-19,27.04370880126953
2025-03-20,26.987873077392578
2025-03-21,26.801748275756836
2025-03-24,27.071626663208008
2025-03-25,27.536935806274414
2025-03-26,27.471792221069336
2025-03-27,26.355052947998047
2025-03-28,26.001419067382812
2025-03-31,25.005659103393555
2025-04-01,24.940515518188477
2025-04-02,24.921903610229492
2025-04-03,22.846628189086914
2025-04-04,21.646135330200195
2025-04-07,21.004009246826172
2025-04-08,21.45070457458496
2025-04-09,20.408414840698242
2025-04-10,21.311111450195312
2025-04-11,21.218050003051758
2025-04-14,21.832256317138672
2025-04-15,22.45161247253418
2025-04-16,22.21935272216797
2025-04-17,22.24838638305664
2025-04-22,22.44193458557129
2025-04-23,23.429031372070312
2025-04-24,23.68064308166504
2025-04-25,23.99032211303711
2025-04-28,24.164514541625977
2025-04-29,24.164514541625977
2025-04-30,24.087095260620117
2025-05-02,24.474193572998047
2025-05-05,24.629032135009766
2025-05-06,24.590322494506836
2025-05-07,24.609676361083984
2025-05-08,24.938709259033203
2025-05-09,25.12257957458496
2025-05-12,26.235483169555664
2025-05-13,26.53548240661621
2025-05-14,26.63225746154785
2025-05-15,26.80645179748535
2025-05-16,26.85483741760254
2025-05-19,27.1064510345459
2025-05-20,26.216129302978516
2025-05-21,25.867740631103516
2025-05-22,25.722579956054688
2025-05-23,25.24838638305664
2025-05-26,25.36451530456543
2025-05-27,25.66451644897461
2025-05-28,25.42258071899414
2025-05-30,25.34516143798828
2025-06-02,25.28709602355957
2025-06-03,26.63225746154785
2025-06-04,26.090320587158203
2025-06-05,25.993547439575195
2025-06-06,26.98064422607422
2025-06-10,25.6741943359375
2025-06-11,25.954837799072266
2025-06-12,25.6741943359375
2025-06-13,25.25806427001953
2025-06-16,25.277420043945312
2025-06-17,25.006450653076172
2025-06-18,24.396772384643555
2025-06-19,23.96129035949707
2025-06-20,24.11612892150879
2025-06-23,24.19354820251465
2025-06-24,24.938709259033203
2025-06-25,25.016128540039062
2025-06-26,25.56774139404297
2025-06-27,25.916128158569336
2025-06-30,25.983871459960938
2025-07-01,25.780643463134766
2025-07-02,26.67096710205078
2025-07-03,26.86451530456543
2025-07-04,26.487096786499023
2025-07-07,26.641935348510742
2025-07-08,27.058063507080078
2025-07-09,27.474191665649414
2025-07-10,27.919353485107422
2025-07-11,27.541933059692383
2025-07-14,27.512903213500977
2025-07-15,27.551610946655273
2025-07-16,27.493547439575195
2025-07-17,27.919353485107422
2025-07-18,27.99677276611328
2025-07-21,28.2193546295166
2025-07-22,28.39354705810547
2025-07-23,28.954837799072266
2025-07-24,29.5451602935791
2025-07-25,29.40967559814453
2025-07-28,29.380645751953125
2025-07-29,29.63225746154785
2025-07-30,29.961288452148438
2025-07-31,29.458065032958984
2025-08-04,29.245159149169922
2025-08-05,29.196773529052734
2025-08-06,29.69999885559082
2025-08-07,30.464515686035156
2025-08-08,30.909677505493164
2025-08-11,30.880643844604492
2025-08-12,30.832258224487305
2025-08-13,30.832258224487305
2025-08-14,31.045162200927734
2025-08-15,31.200000762939453
2025-08-18,31.06451416015625
2025-08-19,31.093547821044922
2025-08-20,30.880643844604492
2025-08-21,30.851612091064453
2025-08-22,31.27741813659668
2025-08-25,31.33548355102539
2025-08-26,31.23870849609375
2025-08-27,31.29677391052246
2025-08-28,31.529033660888672
2025-08-29,31.33548355102539
2025-09-01,31.287097930908203
2025-09-02,30.619354248046875
2025-09-03,30.793546676635742
2025-09-04,31.39354705810547
2025-09-05,31.06451416015625
2025-09-08,31.21935272216797
2025-09-09,30.919355392456055
2025-09-10,30.899999618530273
2025-09-11,31.287097930908203
2025-09-12,31.31612777709961
2025-09-15,32.05160903930664
2025-09-16,31.42258071899414
2025-09-17,31.6064510345459
2025-09-18,31.77096939086914
2025-09-19,32.44838333129883
2025-09-22,32.34193420410156
2025-09-23,32.44838333129883
2025-09-24,32.109676361083984
2025-09-25,31.27741813659668
2025-09-26,31.441936492919922
2025-09-29,31.480642318725586
2025-09-30,31.461288452148438
2025-10-01,31.200000762939453
2025-10-02,30.987096786499023
2025-10-03,31.674192428588867
2025-10-06,31.616127014160156
2025-10-07,31.45161247253418
2025-10-08,31.761289596557617
2025-10-09,31.30644989013672
2025-10-10,31.093547821044922
2025-10-13,31.4322566986084
2025-10-14,30.774192810058594
2025-10-15,30.329030990600586
2025-10-16,30.2806453704834
2025-10-17,29.303226470947266
2025-10-20,29.303226470947266
2025-10-21,29.051612854003906
2025-10-22,29.216129302978516
2025-10-23,29.419353485107422
2025-10-24,29.40967559814453
2025-10-27,29.74838638305664
2025-10-28,29.92258071899414
2025-10-29,29.612903594970703
2025-10-30,29.690322875976562
2025-10-31,29.73870849609375
2025-11-03,29.64193344116211
2025-11-04,29.554838180541992
2025-11-05,30.174192428588867
2025-11-06,29.78709602355957
2025-11-07,29.370967864990234
2025-11-10,29.84516143798828
2025-11-11,30.183870315551758
2025-11-12,30.609676361083984
2025-11-13,30.329030990600586
2025-11-14,29.883869171142578
2025-11-17,29.883869171142578
2025-11-18,29.303226470947266
2025-11-19,29.612903594970703
2025-11-20,29.380645751953125
2025-11-21,28.809677124023438
2025-11-24,28.790321350097656
2025-11-25,29.274192810058594
2025-11-26,29.64193344116211
2025-11-27,29.91290283203125
2025-11-28,30.01935386657715
2025-12-01,29.98064422607422
2025-12-02,30.058063507080078
2025-12-03,29.85483741760254
2025-12-04,30.2806453704834
2025-12-05,31.51935386657715
2025-12-08,32.07096481323242
2025-12-09,32.16774368286133
2025-12-10,32.01290512084961
2025-12-11,32.4096794128418
2025-12-12,33.22257995605469
2025-12-15,33.05806350708008
2025-12-16,34.3258056640625
2025-12-17,34.65483856201172
2025-12-18,35.51612854003906
2025-12-19,35.622581481933594
2025-12-22,35.59354782104492
2025-12-23,35.74838638305664
2025-12-29,35.448387145996094
2025-12-30,35.767738342285156
2026-01-05,36.93870544433594
2026-01-06,36.36774444580078
2026-01-07,36.15483856201172
2026-01-08,36.65806579589844
2026-01-09,36.91935348510742
2026-01-12,36.71612548828125
2026-01-13,36.725807189941406
2026-01-14,36.532257080078125
2026-01-15,36.87096405029297
2026-01-16,36.793548583984375
2026-01-19,36.28064727783203
2026-01-20,35.8258056640625
2026-01-21,36.2129020690918
2026-01-22,36.706451416015625
2026-01-23,35.96128845214844
2026-01-26,36.10645294189453
2026-01-27,36.49354553222656
2026-01-28,35.58386993408203
2026-01-29,35.400001525878906
2026-01-30,35.21612548828125
2026-02-02,35.922576904296875
2026-02-03,35.90322494506836
2026-02-04,33.65806198120117
2026-02-05,32.90322494506836
2026-02-06,32.758060455322266
2026-02-09,32.90322494506836
2026-02-10,32.41935348510742
2026-02-11,31.51935386657715
2026-02-12,31.17096519470215
2026-02-13,31.06451416015625
2026-02-16,31.354839324951172
2026-02-17,31.461288452148438
2026-02-18,32.31290054321289
2026-02-19,31.654836654663086
2026-02-20,31.741933822631836
2026-02-23,31.141935348510742
2026-02-24,30.735483169555664
2026-02-25,30.967741012573242
2026-02-26,31.267742156982422
2026-02-27,30.9774169921875
2026-03-02,30.803224563598633
2026-03-03,29.690322875976562
2026-03-04,29.99032211303711
2026-03-05,29.603225708007812
2026-03-06,28.877418518066406
2026-03-09,28.66451644897461
2026-03-10,29.370967864990234
2026-03-11,29.158061981201172
2026-03-12,28.558063507080078
2026-03-13,28.34516143798828
2026-03-16,28.558063507080078
2026-03-17,28.983871459960938
2026-03-18,28.954837799072266
2026-03-19,28.3258056640625
2026-03-20,28.141935348510742
2026-03-23,28.461288452148438
2026-03-24,28.35483741760254
2026-03-25,29.206451416015625
2026-03-26,28.58709716796875
2026-03-27,28.4322566986084
2026-03-30,28.6064510345459
2026-03-31,29.73870849609375
2026-04-01,30.541934967041016
2026-04-02,30.416128158569336
2026-04-07,30.15483856201172
2026-04-08,31.354839324951172
2026-04-09,31.36451530456543
2026-04-10,31.66451644897461
2026-04-13,31.983869552612305
2026-04-14,32.39999771118164
2026-04-15,32.758060455322266
2026-04-16,32.55483627319336
2026-04-17,33.33871078491211
2026-04-20,32.999996185302734
2026-04-21,33.4900016784668
2026-04-22,33.540000915527344
2026-04-23,32.619998931884766
2026-04-24,32.540000915527344
2026-04-27,33.13999938964844
2026-04-28,33.279998779296875
2026-04-29,34.349998474121094
2026-04-30,34.5
2026-05-04,34.220001220703125
2026-05-05,34.560001373291016
2026-05-06,35.25
2026-05-07,34.939998626708984
2026-05-08,35.029998779296875
2026-05-11,35.040000915527344
2026-05-12,34.869998931884766
2026-05-13,36.220001220703125
2026-05-15,35.970001220703125
2026-05-18,36.2599983215332
2026-05-19,36.150001525878906
2026-05-20,36.900001525878906
2026-05-21,37.08000183105469
2026-05-22,37.09000015258789
2026-05-26,37.41999816894531
2026-05-27,37.029998779296875
2026-05-28,36.689998626708984
2026-05-29,37.040000915527344
2026-06-01,37.54999923706055
2026-06-02,37.9900016784668
2026-06-03,37.45000076293945
2026-06-04,37.58000183105469
2026-06-05,37.630001068115234
2026-06-08,37.84000015258789
2026-06-09,37.91999816894531
2026-06-10,37.779998779296875
2026-06-11,37.529998779296875
2026-06-12,38.900001525878906
2026-06-15,39.5099983215332
2026-06-16,40.18000030517578
2026-06-17,40.0
2026-06-18,41.060001373291016
2026-06-19,41.0
2026-06-22,41.349998474121094
2026-06-23,40.880001068115234
2026-06-24,40.36000061035156
2026-06-25,40.79999923706055
2026-06-26,39.970001220703125
2026-06-29,39.97999954223633
2026-06-30,40.060001373291016
2026-07-01,40.2599983215332
2026-07-02,41.04999923706055
2026-07-03,41.189998626708984
2026-07-06,41.900001525878906
2026-07-07,41.65999984741211
2026-07-08,41.099998474121094
2026-07-09,41.880001068115234
2026-07-10,42.060001373291016
2026-07-13,42.2400016784668
2026-07-14,43.81999969482422
2026-07-15,44.279998779296875
2026-07-16,43.36000061035156
2026-07-17,42.540000915527344
2026-07-20,42.04999923706055
2026-07-21,42.59000015258789
2026-07-22,42.88999938964844
2026-07-23,42.2400016784668
2026-07-24,42.310001373291016
2026-07-27,42.83000183105469
2026-07-28,42.439998626708984
2026-07-29,42.81999969482422
2026-07-30,42.619998931884766
2026-07-31,42.54999923706055
2026-08-03,42.54999923706055
2026-08-04,43.41999816894531
2026-08-05,43.33000183105469
2026-08-06,43.04999923706055
2026-08-07,43.459999084472656
2026-08-10,43.83000183105469
2026-08-11,43.650001525878906
2026-08-12,43.650001525878906
2026-08-13,43.4900016784668
2026-08-14,43.54999923706055
2026-08-17,43.54999923706055
2026-08-18,43.06999969482422
2026-08-19,42.880001068115234
2026-08-20,42.720001220703125
2026-08-21,42.5
2026-08-24,43.20000076293945
2026-08-25,43.220001220703125
2026-08-26,43.900001525878906
2026-08-27,43.79999923706055
2026-08-28,44.529998779296875
2026-08-31,44.279998779296875
2026-09-01,44.13999938964844
2026-09-02,44.63999938964844
2026-09-03,44.56999969482422
2026-09-04,44.810001373291016
2026-09-07,44.36000061035156
2026-09-08,45.0
2026-09-09,44.56999969482422
2026-09-10,43.95000076293945
2026-09-11,44.560001373291016
2026-09-14,43.33000183105469
2026-09-15,41.86000061035156
2026-09-16,41.7599983215332
2026-09-17,41.88999938964844
2026-09-18,41.54999923706055
2026-09-21,41.75
2026-09-22,40.33000183105469
2026-09-23,39.63999938964844
2026-09-24,39.41999816894531
2026-09-25,40.79999923706055
2026-09-28,40.5099983215332
2026-09-29,40.529998779296875
