date,close
2006-01-03,25.76180648803711
2006-01-04,26.007781982421875
2006-01-05,25.927364349365234
2006-01-06,26.23956871032715
2006-01-09,26.097658157348633
2006-01-10,25.922630310058594
2006-01-11,26.159149169921875
2006-01-12,25.91317367553711
2006-01-13,26.017236709594727
2006-01-17,25.80437660217285
2006-01-18,25.671920776367188
2006-01-19,25.671920776367188
2006-01-20,25.459047317504883
2006-01-23,25.85639762878418
2006-01-24,25.851680755615234
2006-01-25,26.012514114379883
2006-01-26,26.230117797851562
2006-01-27,26.234838485717773
2006-01-30,26.291606903076172
2006-01-31,26.457162857055664
2006-02-01,26.457162857055664
2006-02-02,26.296337127685547
2006-02-03,26.083467483520508
2006-02-06,26.050355911254883
2006-02-07,25.82802963256836
2006-02-08,26.069271087646484
2006-02-09,26.201725006103516
2006-02-10,26.17333984375
2006-02-13,26.097658157348633
2006-02-14,26.258495330810547
2006-02-15,26.149700164794922
2006-02-16,26.319995880126953
2006-02-17,26.433523178100586
2006-02-21,26.48556137084961
2006-02-22,26.6700382232666
2006-02-23,26.58488655090332
2006-02-24,26.551790237426758
2006-02-27,26.594343185424805
2006-02-28,26.372020721435547
2006-03-01,26.613269805908203
2006-03-02,26.655851364135742
2006-03-03,26.736263275146484
2006-03-06,26.655851364135742
2006-03-07,26.31525421142578
2006-03-08,26.324718475341797
2006-03-09,26.338912963867188
2006-03-10,26.608543395996094
2006-03-13,26.835594177246094
2006-03-14,27.166732788085938
2006-03-15,27.308645248413086
2006-03-16,27.502586364746094
2006-03-17,27.554622650146484
2006-03-20,27.54989242553711
2006-03-21,27.30391502380371
2006-03-22,27.530961990356445
2006-03-23,27.242422103881836
2006-03-24,27.445837020874023
2006-03-27,27.232954025268555
2006-03-28,27.05792999267578
2006-03-29,27.318113327026367
2006-03-30,27.601924896240234
2006-03-31,27.4316349029541
2006-04-03,27.630313873291016
2006-04-04,27.98035430908203
2006-04-05,28.06550407409668
2006-04-06,27.94724464416504
2006-04-07,27.53570556640625
2006-04-10,27.587736129760742
2006-04-11,27.346485137939453
2006-04-12,27.308645248413086
2006-04-13,27.39851951599121
2006-04-17,27.677616119384766
2006-04-18,28.074970245361328
2006-04-19,28.382444381713867
2006-04-20,28.33515167236328
2006-04-21,28.462862014770508
2006-04-24,28.6473445892334
2006-04-25,28.557464599609375
2006-04-26,28.614225387573242
2006-04-27,28.746686935424805
2006-04-28,28.864938735961914
2006-05-01,28.789262771606445
2006-05-02,29.22446632385254
2006-05-03,28.978477478027344
2006-05-04,29.191341400146484
2006-05-05,29.792110443115234
2006-05-08,29.76845359802246
2006-05-09,29.93402099609375
2006-05-10,29.9434757232666
2006-05-11,29.692760467529297
2006-05-12,29.243379592895508
2006-05-15,28.718297958374023
2006-05-16,28.92171287536621
2006-05-17,27.85264015197754
2006-05-18,27.84318733215332
2006-05-19,27.94724464416504
2006-05-22,27.379600524902344
2006-05-23,27.795869827270508
2006-05-24,27.530961990356445
2006-05-25,28.041847229003906
2006-05-26,28.273637771606445
2006-05-30,27.91887092590332
2006-05-31,28.018198013305664
2006-06-01,28.302034378051758
2006-06-02,28.59531593322754
2006-06-05,28.027664184570312
2006-06-06,27.720182418823242
2006-06-07,27.53570556640625
2006-06-08,26.72679901123047
2006-06-09,26.783580780029297
2006-06-12,26.48556137084961
2006-06-13,25.733413696289062
2006-06-14,26.17807960510254
2006-06-15,27.00589370727539
2006-06-16,26.840328216552734
2006-06-19,26.655851364135742
2006-06-20,26.868711471557617
2006-06-21,27.242422103881836
2006-06-22,26.972780227661133
2006-06-23,26.930212020874023
2006-06-26,27.05792999267578
2006-06-27,26.684234619140625
2006-06-28,27.0295467376709
2006-06-29,27.899940490722656
2006-06-30,28.302034378051758
2006-07-03,28.48179054260254
2006-07-05,27.966169357299805
2006-07-06,28.330413818359375
2006-07-07,28.160110473632812
2006-07-10,28.240528106689453
2006-07-11,28.297304153442383
2006-07-12,27.86683464050293
2006-07-13,27.322830200195312
2006-07-14,27.15253257751465
2006-07-17,26.783580780029297
2006-07-18,26.72679901123047
2006-07-19,27.568805694580078
2006-07-20,27.407983779907227
2006-07-21,27.39851951599121
2006-07-24,27.87156105041504
2006-07-25,27.86210823059082
2006-07-26,28.046586990356445
2006-07-27,28.126995086669922
2006-07-28,28.670997619628906
2006-07-31,28.59531593322754
2006-08-01,28.44393539428711
2006-08-02,28.727766036987305
2006-08-03,28.689926147460938
2006-08-04,28.80344581604004
2006-08-07,28.69464683532715
2006-08-08,28.510162353515625
2006-08-09,28.723033905029297
2006-08-10,28.618959426879883
2006-08-11,28.472328186035156
2006-08-14,28.510162353515625
2006-08-15,29.139307022094727
2006-08-16,29.394746780395508
2006-08-17,29.290679931640625
2006-08-18,29.375843048095703
2006-08-21,29.347448348999023
2006-08-22,29.191341400146484
2006-08-23,29.115663528442383
2006-08-24,29.10146713256836
2006-08-25,29.096738815307617
2006-08-28,29.328527450561523
2006-08-29,29.5035457611084
2006-08-30,29.58869743347168
2006-08-31,29.52247428894043
2006-09-01,29.664379119873047
2006-09-05,29.669116973876953
2006-09-06,29.252838134765625
2006-09-07,28.926441192626953
2006-09-08,28.926441192626953
2006-09-11,28.836559295654297
2006-09-12,29.26229476928711
2006-09-13,29.29541015625
2006-09-14,29.342716217041016
2006-09-15,29.186622619628906
2006-09-18,29.33798599243164
2006-09-19,29.058887481689453
2006-09-20,29.470443725585938
2006-09-21,29.598148345947266
2006-09-22,29.489360809326172
2006-09-25,29.574504852294922
2006-09-26,29.730613708496094
2006-09-27,29.80155372619629
2006-09-28,29.896181106567383
2006-09-29,29.853601455688477
2006-10-02,29.83941650390625
2006-10-03,29.78737449645996
2006-10-04,30.10904312133789
2006-10-05,30.10904312133789
2006-10-06,29.8867244720459
2006-10-09,29.9434757232666
2006-10-10,29.957677841186523
2006-10-11,30.000242233276367
2006-10-12,30.326644897460938
2006-10-13,30.321916580200195
2006-10-16,30.392864227294922
2006-10-17,30.217849731445312
2006-10-18,30.250965118408203
2006-10-19,30.506391525268555
2006-10-20,30.69560432434082
2006-10-23,30.67669105529785
2006-10-24,30.624650955200195
2006-10-25,30.884824752807617
2006-10-26,31.111886978149414
2006-10-27,30.917936325073242
2006-10-30,30.851716995239258
2006-10-31,30.95578956604004
2006-11-01,30.903757095336914
2006-11-02,31.012550354003906
2006-11-03,30.936866760253906
2006-11-06,31.353153228759766
2006-11-07,31.490312576293945
2006-11-08,31.622772216796875
2006-11-09,31.471406936645508
2006-11-10,31.736303329467773
2006-11-13,31.589664459228516
2006-11-14,31.72210121154785
2006-11-15,31.745773315429688
2006-11-16,31.703187942504883
2006-11-17,31.660608291625977
2006-11-20,31.622772216796875
2006-11-21,31.83090591430664
2006-11-22,32.00593948364258
2006-11-24,31.982282638549805
2006-11-27,31.547094345092773
2006-11-28,31.75995445251465
2006-11-29,32.00593948364258
2006-11-30,32.119468688964844
2006-12-01,32.00593948364258
2006-12-04,32.247188568115234
2006-12-05,32.4931640625
2006-12-06,32.28030776977539
2006-12-07,32.4931640625
2006-12-08,32.41274642944336
2006-12-11,32.63508224487305
2006-12-12,32.71076583862305
2006-12-13,32.890525817871094
2006-12-14,33.06553649902344
2006-12-15,32.824310302734375
2006-12-18,32.876338958740234
2006-12-19,33.05607604980469
2006-12-20,32.88106918334961
2006-12-21,32.81010818481445
2006-12-22,32.727054595947266
2006-12-26,32.741615295410156
2006-12-27,33.07676315307617
2006-12-28,33.22247314453125
2006-12-29,33.10590744018555
2007-01-03,33.27104187011719
2007-01-04,33.2078971862793
2007-01-05,32.72220993041992
2007-01-08,32.67363357543945
2007-01-09,32.55219268798828
2007-01-10,32.37733840942383
2007-01-11,32.85820007324219
2007-01-12,33.05246353149414
2007-01-16,33.062198638916016
2007-01-17,33.003902435302734
2007-01-18,32.965049743652344
2007-01-19,33.32448196411133
2007-01-22,33.15932846069336
2007-01-23,33.36817932128906
2007-01-24,33.63046646118164
2007-01-25,33.101051330566406
2007-01-26,33.14961624145508
2007-01-29,33.2078971862793
2007-01-30,33.426475524902344
2007-01-31,33.625606536865234
2007-02-01,33.844181060791016
2007-02-02,33.79075622558594
2007-02-05,33.68389129638672
2007-02-06,33.98502731323242
2007-02-07,34.09189224243164
2007-02-08,33.99960708618164
2007-02-09,33.81504440307617
2007-02-12,33.615909576416016
2007-02-13,33.946189880371094
2007-02-14,34.42703628540039
2007-02-15,34.441619873046875
2007-02-16,34.40760040283203
2007-02-20,34.441619873046875
2007-02-21,34.223026275634766
2007-02-22,34.31532287597656
2007-02-23,34.499900817871094
2007-02-26,34.53388214111328
2007-02-27,32.84847640991211
2007-02-28,33.2078971862793
2007-03-01,32.756202697753906
2007-03-02,32.42105484008789
2007-03-05,31.86248016357422
2007-03-06,32.731910705566406
2007-03-07,32.85820007324219
2007-03-08,33.0233268737793
2007-03-09,33.17876434326172
2007-03-12,33.30504608154297
2007-03-13,32.47932434082031
2007-03-14,32.600765228271484
2007-03-15,32.731910705566406
2007-03-16,32.84362030029297
2007-03-19,33.256465911865234
2007-03-20,33.63532257080078
2007-03-21,34.49502182006836
2007-03-22,34.28617858886719
2007-03-23,34.441619873046875
2007-03-26,34.524173736572266
2007-03-27,34.32990264892578
2007-03-28,33.970455169677734
2007-03-29,34.3833122253418
2007-03-30,34.44645690917969
2007-04-02,34.786460876464844
2007-04-03,34.97589111328125
2007-04-04,35.009883880615234
2007-04-05,35.36444091796875
2007-04-09,35.179874420166016
2007-04-10,35.50531005859375
2007-04-11,35.33531951904297
2007-04-12,35.65101623535156
2007-04-13,35.850162506103516
2007-04-16,36.24357986450195
2007-04-17,36.2532958984375
2007-04-18,36.23387145996094
2007-04-19,36.15616226196289
2007-04-20,36.622432708740234
2007-04-23,36.340721130371094
2007-04-24,36.38443374633789
2007-04-25,36.729278564453125
2007-04-26,36.52043533325195
2007-04-27,36.56901168823242
2007-04-30,36.42814636230469
2007-05-01,36.42328643798828
2007-05-02,36.66130828857422
2007-05-03,36.622432708740234
2007-05-04,37.10814666748047
2007-05-07,37.1275749206543
2007-05-08,36.73899841308594
2007-05-09,36.81671142578125
2007-05-10,35.94243621826172
2007-05-11,36.75358200073242
2007-05-14,36.534996032714844
2007-05-15,36.622432708740234
2007-05-16,36.73899841308594
2007-05-17,36.675880432128906
2007-05-18,37.13242721557617
2007-05-21,36.845863342285156
2007-05-22,36.85557174682617
2007-05-23,37.054718017578125
2007-05-24,36.68556594848633
2007-05-25,36.92844009399414
2007-05-29,36.90899658203125
2007-05-30,37.08385467529297
2007-05-31,37.205284118652344
2007-06-01,37.409278869628906
2007-06-04,37.647281646728516
2007-06-05,37.28300857543945
2007-06-06,36.719566345214844
2007-06-07,35.845306396484375
2007-06-08,36.33586883544922
2007-06-11,36.399017333984375
2007-06-12,35.777313232421875
2007-06-13,36.35043716430664
2007-06-14,36.632144927978516
2007-06-15,37.205284118652344
2007-06-18,37.239295959472656
2007-06-19,37.39957046508789
2007-06-20,36.91386795043945
2007-06-21,37.12270736694336
2007-06-22,36.632144927978516
2007-06-25,36.607852935791016
2007-06-26,36.49613952636719
2007-06-27,36.719566345214844
2007-06-28,36.8264274597168
2007-06-29,37.074134826660156
2007-07-02,37.4967041015625
2007-07-03,37.76384353637695
2007-07-05,37.65213394165039
2007-07-06,37.890132904052734
2007-07-09,38.05528259277344
2007-07-10,37.47241973876953
2007-07-11,37.982425689697266
2007-07-12,38.618690490722656
2007-07-13,38.52642059326172
2007-07-16,38.29813003540039
2007-07-17,38.3223991394043
2007-07-18,38.128135681152344
2007-07-19,38.18155288696289
2007-07-20,37.86585235595703
2007-07-23,38.01641845703125
2007-07-24,37.2635612487793
2007-07-25,37.20042037963867
2007-07-26,36.03471374511719
2007-07-27,35.2867317199707
2007-07-30,35.79673385620117
2007-07-31,36.02015686035156
2007-08-01,36.28730392456055
2007-08-02,36.30671691894531
2007-08-03,35.631587982177734
2007-08-06,36.11729431152344
2007-08-07,36.2532958984375
2007-08-08,36.97213363647461
2007-08-09,35.55873489379883
2007-08-10,35.14102554321289
2007-08-13,35.179874420166016
2007-08-14,34.69903564453125
2007-08-15,33.85390090942383
2007-08-16,33.5770378112793
2007-08-17,34.29589080810547
2007-08-20,34.21816635131836
2007-08-21,34.14531707763672
2007-08-22,35.116737365722656
2007-08-23,35.058467864990234
2007-08-24,35.811302185058594
2007-08-27,35.59759521484375
2007-08-28,34.62617874145508
2007-08-29,35.61215591430664
2007-08-30,35.38873291015625
2007-08-31,36.11729431152344
2007-09-04,36.36501693725586
2007-09-05,35.87444305419922
2007-09-06,36.05415725708008
2007-09-07,35.5198860168457
2007-09-10,35.23816680908203
2007-09-11,36.08815002441406
2007-09-12,36.02015686035156
2007-09-13,36.30186080932617
2007-09-14,36.00072479248047
2007-09-17,35.515018463134766
2007-09-18,36.773014068603516
2007-09-19,36.986717224121094
2007-09-20,37.1275749206543
2007-09-21,37.39957046508789
2007-09-24,37.360721588134766
2007-09-25,37.39957046508789
2007-09-26,37.32185745239258
2007-09-27,37.76870346069336
2007-09-28,37.982425689697266
2007-10-01,38.361263275146484
2007-10-02,38.33211898803711
2007-10-03,37.8852653503418
2007-10-04,38.147560119628906
2007-10-05,38.34669876098633
2007-10-08,38.05528259277344
2007-10-09,38.47785186767578
2007-10-10,38.604129791259766
2007-10-11,38.77411651611328
2007-10-12,38.90525817871094
2007-10-15,38.66725540161133
2007-10-16,38.22041320800781
2007-10-17,38.66725540161133
2007-10-18,38.77898025512695
2007-10-19,37.953277587890625
2007-10-22,37.80756378173828
2007-10-23,38.3223991394043
2007-10-24,38.128135681152344
2007-10-25,38.34669876098633
2007-10-26,39.0849723815918
2007-10-29,39.41041564941406
2007-10-30,39.235538482666016
2007-10-31,39.784385681152344
2007-11-01,38.84698486328125
2007-11-02,39.05097198486328
2007-11-05,38.6235466003418
2007-11-06,39.12384033203125
2007-11-07,38.4924201965332
2007-11-08,38.856693267822266
2007-11-09,37.948421478271484
2007-11-12,37.33156967163086
2007-11-13,38.3223991394043
2007-11-14,38.06985092163086
2007-11-15,37.55499267578125
2007-11-16,37.749271392822266
2007-11-19,36.5738639831543
2007-11-20,37.292694091796875
2007-11-21,36.714717864990234
2007-11-23,37.637550354003906
2007-11-26,36.81671142578125
2007-11-27,37.35100555419922
2007-11-28,38.51669692993164
2007-11-29,38.103843688964844
2007-11-30,38.28840255737305
2007-12-03,38.16699981689453
2007-12-04,37.94355773925781
2007-12-05,38.3078498840332
2007-12-06,38.60898971557617
2007-12-07,38.55556106567383
2007-12-10,39.00239944458008
2007-12-11,37.982425689697266
2007-12-12,38.764408111572266
2007-12-13,38.05528259277344
2007-12-14,37.13727569580078
2007-12-17,36.45244216918945
2007-12-18,36.768150329589844
2007-12-19,36.46215057373047
2007-12-20,36.66130828857422
2007-12-21,37.17613983154297
2007-12-24,37.37458419799805
2007-12-26,37.474830627441406
2007-12-27,37.52994155883789
2007-12-28,37.890750885009766
2007-12-31,37.4948616027832
2008-01-02,37.349525451660156
2008-01-03,37.484840393066406
2008-01-04,36.57278823852539
2008-01-07,36.55775451660156
2008-01-08,36.28211212158203
2008-01-09,36.33223342895508
2008-01-10,36.36228561401367
2008-01-11,35.700801849365234
2008-01-14,36.26708221435547
2008-01-15,35.10445785522461
2008-01-16,34.427921295166016
2008-01-17,33.926780700683594
2008-01-18,33.82154846191406
2008-01-22,32.87439727783203
2008-01-23,32.769161224365234
2008-01-24,33.726341247558594
2008-01-25,33.024749755859375
2008-01-28,33.72132110595703
2008-01-29,33.876678466796875
2008-01-30,33.676212310791016
2008-01-31,34.12724685668945
2008-02-01,34.59831237792969
2008-02-04,34.21242904663086
2008-02-05,32.62886047363281
2008-02-06,32.814273834228516
2008-02-07,32.428401947021484
2008-02-08,32.247982025146484
2008-02-11,32.47350311279297
2008-02-12,33.054813385009766
2008-02-13,33.490806579589844
2008-02-14,33.25526428222656
2008-02-15,33.1550407409668
2008-02-19,33.63112258911133
2008-02-20,33.58100509643555
2008-02-21,33.6411247253418
2008-02-22,33.871665954589844
2008-02-25,34.367794036865234
2008-02-26,35.064361572265625
2008-02-27,35.10445785522461
2008-02-28,34.87894058227539
2008-02-29,34.027015686035156
2008-03-03,33.95685577392578
2008-03-04,33.68122482299805
2008-03-05,34.07711410522461
2008-03-06,33.6411247253418
2008-03-07,33.3254280090332
2008-03-10,32.989662170410156
2008-03-11,34.027015686035156
2008-03-12,34.062095642089844
2008-03-13,34.21744155883789
2008-03-14,33.41563415527344
2008-03-17,32.84934616088867
2008-03-18,33.84160232543945
2008-03-19,32.5737190246582
2008-03-20,32.8643798828125
2008-03-24,33.56597137451172
2008-03-25,34.13726043701172
2008-03-26,34.13726043701172
2008-03-27,34.232479095458984
2008-03-28,34.227474212646484
2008-03-31,34.473026275634766
2008-04-01,35.4151496887207
2008-04-02,35.50033950805664
2008-04-03,35.565494537353516
2008-04-04,35.695796966552734
2008-04-07,35.87618637084961
2008-04-08,35.57551574707031
2008-04-09,35.45022964477539
2008-04-10,35.32495880126953
2008-04-11,34.68852233886719
2008-04-14,34.768699645996094
2008-04-15,34.929054260253906
2008-04-16,36.06661605834961
2008-04-17,35.5955696105957
2008-04-18,35.97140884399414
2008-04-21,36.131778717041016
2008-04-22,35.785987854003906
2008-04-23,35.891231536865234
2008-04-24,35.7108268737793
2008-04-25,36.10170364379883
2008-04-28,36.01652908325195
2008-04-29,35.7910041809082
2008-04-30,35.886226654052734
2008-05-01,36.196929931640625
2008-05-02,36.21196746826172
2008-05-05,36.28211212158203
2008-05-06,36.587799072265625
2008-05-07,35.92130661010742
2008-05-08,36.25204086303711
2008-05-09,36.0866813659668
2008-05-12,36.44247817993164
2008-05-13,36.196929931640625
2008-05-14,36.15182876586914
2008-05-15,36.70808410644531
2008-05-16,37.113990783691406
2008-05-19,36.968666076660156
2008-05-20,36.667991638183594
2008-05-21,36.19192123413086
2008-05-22,36.85843276977539
2008-05-23,36.231998443603516
2008-05-27,36.131778717041016
2008-05-28,36.33223342895508
2008-05-29,36.081668853759766
2008-05-30,36.12677001953125
2008-06-02,35.680755615234375
2008-06-03,35.555477142333984
2008-06-04,35.204673767089844
2008-06-05,35.90126037597656
2008-06-06,34.93907928466797
2008-06-09,34.87894058227539
2008-06-10,34.32768630981445
2008-06-11,33.8015022277832
2008-06-12,33.736358642578125
2008-06-13,34.022003173828125
2008-06-16,34.1923942565918
2008-06-17,34.282588958740234
2008-06-18,33.926780700683594
2008-06-19,33.876678466796875
2008-06-20,33.26528549194336
2008-06-23,33.12496566772461
2008-06-24,32.999691009521484
2008-06-25,33.38556671142578
2008-06-26,32.5737190246582
2008-06-27,32.633853912353516
2008-06-30,32.87941360473633
2008-07-01,32.40834045410156
2008-07-02,31.977384567260742
2008-07-03,32.373260498046875
2008-07-07,31.832042694091797
2008-07-08,32.14776611328125
2008-07-09,31.832042694091797
2008-07-10,31.947307586669922
2008-07-11,31.305858612060547
2008-07-14,31.15050506591797
2008-07-15,30.804719924926758
2008-07-16,31.2557373046875
2008-07-17,31.997419357299805
2008-07-18,32.363250732421875
2008-07-21,32.47852325439453
2008-07-22,32.488529205322266
2008-07-23,32.583740234375
2008-07-24,31.852088928222656
2008-07-25,32.062557220458984
2008-07-28,31.626577377319336
2008-07-29,31.922239303588867
2008-07-30,32.227943420410156
2008-07-31,31.932279586791992
2008-08-01,31.511320114135742
2008-08-04,31.456192016601562
2008-08-05,32.28807067871094
2008-08-06,32.31814193725586
2008-08-07,31.726818084716797
2008-08-08,31.76188850402832
2008-08-11,31.7318172454834
2008-08-12,31.491275787353516
2008-08-13,30.94504737854004
2008-08-14,30.76462745666504
2008-08-15,30.604257583618164
2008-08-18,30.36872673034668
2008-08-19,30.053030014038086
2008-08-20,30.11817169189453
2008-08-21,30.29857635498047
2008-08-22,30.534107208251953
2008-08-25,30.012939453125
2008-08-26,30.13319969177246
2008-08-27,30.38878059387207
2008-08-28,30.829771041870117
2008-08-29,30.70449447631836
2008-09-02,30.11817169189453
2008-09-03,30.158254623413086
2008-09-04,28.765104293823242
2008-09-05,28.574665069580078
2008-09-08,29.005643844604492
2008-09-09,28.243927001953125
2008-09-10,28.39926528930664
2008-09-11,28.364200592041016
2008-09-12,29.000648498535156
2008-09-15,27.71272850036621
2008-09-16,27.371952056884766
2008-09-17,26.550085067749023
2008-09-18,27.632539749145508
2008-09-19,29.586963653564453
2008-09-22,29.11089515686035
2008-09-23,28.30406379699707
2008-09-24,28.223878860473633
2008-09-25,29.015676498413086
2008-09-26,28.644821166992188
2008-09-29,25.622997283935547
2008-09-30,26.745532989501953
2008-10-01,26.595195770263672
2008-10-02,25.447589874267578
2008-10-03,25.377426147460938
2008-10-06,23.969249725341797
2008-10-07,22.801612854003906
2008-10-08,22.255374908447266
2008-10-09,20.812101364135742
2008-10-10,20.341039657592773
2008-10-13,23.227567672729492
2008-10-14,23.017087936401367
2008-10-15,20.426237106323242
2008-10-16,21.483625411987305
2008-10-17,21.09775161743164
2008-10-20,22.15012550354004
2008-10-21,20.78204345703125
2008-10-22,19.31871795654297
2008-10-23,19.56428337097168
2008-10-24,18.41166877746582
2008-10-27,17.489582061767578
2008-10-28,19.584327697753906
2008-10-29,20.155620574951172
2008-10-30,20.591594696044922
2008-10-31,20.907312393188477
2008-11-03,20.761987686157227
2008-11-04,22.425748825073242
2008-11-05,20.98750114440918
2008-11-06,19.664505004882812
2008-11-07,20.812101364135742
2008-11-10,20.275890350341797
2008-11-11,19.764734268188477
2008-11-12,18.647205352783203
2008-11-13,20.185688018798828
2008-11-14,19.06314468383789
2008-11-17,18.67726707458496
2008-11-18,18.712350845336914
2008-11-19,17.454511642456055
2008-11-20,16.42216682434082
2008-11-21,17.324209213256836
2008-11-24,18.65723419189453
2008-11-25,18.987985610961914
2008-11-26,19.19845199584961
2008-11-28,19.363826751708984
2008-12-01,17.63491439819336
2008-12-02,18.541969299316406
2008-12-03,18.757448196411133
2008-12-04,18.171125411987305
2008-12-05,18.47681999206543
2008-12-08,19.313711166381836
2008-12-09,19.258588790893555
2008-12-10,19.714616775512695
2008-12-11,19.6995849609375
2008-12-12,19.789785385131836
2008-12-15,19.854936599731445
2008-12-16,21.07269287109375
2008-12-17,21.00253677368164
2008-12-18,20.230785369873047
2008-12-19,19.834896087646484
2008-12-22,19.654478073120117
2008-12-23,19.6995849609375
2008-12-24,20.024765014648438
2008-12-26,19.90573501586914
2008-12-29,19.986886978149414
2008-12-30,20.61452293395996
2008-12-31,20.75519561767578
2009-01-02,21.15017318725586
2009-01-05,20.92833709716797
2009-01-06,21.307079315185547
2009-01-07,20.917512893676758
2009-01-08,21.15017318725586
2009-01-09,20.33858299255371
2009-01-12,19.824569702148438
2009-01-13,19.4241886138916
2009-01-14,18.55307388305664
2009-01-15,18.688337326049805
2009-01-16,18.737031936645508
2009-01-20,17.222057342529297
2009-01-21,18.039064407348633
2009-01-22,17.638671875
2009-01-23,17.51422691345215
2009-01-26,17.963314056396484
2009-01-27,18.190555572509766
2009-01-28,18.866893768310547
2009-01-29,17.96872329711914
2009-01-30,17.88214874267578
2009-02-02,17.644086837768555
2009-02-03,18.287952423095703
2009-02-04,18.055295944213867
2009-02-05,18.461090087890625
2009-02-06,18.920995712280273
2009-02-09,19.09954261779785
2009-02-10,18.071521759033203
2009-02-11,18.217613220214844
2009-02-12,18.2554874420166
2009-02-13,18.055295944213867
2009-02-17,16.994810104370117
2009-02-18,16.95693588256836
2009-02-19,16.89741325378418
2009-02-20,16.6701717376709
2009-02-23,16.042531967163086
2009-02-24,16.62688446044922
2009-02-25,16.22649383544922
2009-02-26,16.091228485107422
2009-02-27,16.02629852294922
2009-03-02,14.982057571411133
2009-03-03,14.868425369262695
2009-03-04,15.51229476928711
2009-03-05,14.857605934143066
2009-03-06,14.814315795898438
2009-03-09,14.478859901428223
2009-03-10,15.469009399414062
2009-03-11,15.620508193969727
2009-03-12,16.156164169311523
2009-03-13,16.16157341003418
2009-03-16,16.334714889526367
2009-03-17,16.77297592163086
2009-03-18,17.167945861816406
2009-03-19,17.189590454101562
2009-03-20,16.95693588256836
2009-03-23,18.15809440612793
2009-03-24,17.54128074645996
2009-03-25,17.817224502563477
2009-03-26,17.97954559326172
2009-03-27,17.281574249267578
2009-03-30,16.58359718322754
2009-03-31,17.25992774963379
2009-04-01,17.709014892578125
2009-04-02,18.49896812438965
2009-04-03,18.70998191833496
2009-04-06,18.358285903930664
2009-04-07,17.795583724975586
2009-04-08,17.984952926635742
2009-04-09,18.417804718017578
2009-04-13,18.688337326049805
2009-04-14,18.4556827545166
2009-04-15,18.77491569519043
2009-04-16,18.996742248535156
2009-04-17,18.942628860473633
2009-04-20,17.97954559326172
2009-04-21,18.434032440185547
2009-04-22,18.2554874420166
2009-04-23,18.780315399169922
2009-04-24,19.12659454345703
2009-04-27,18.850658416748047
2009-04-28,18.796554565429688
2009-04-29,19.337610244750977
2009-04-30,19.53239631652832
2009-05-01,19.86785888671875
2009-05-04,20.598297119140625
2009-05-05,20.414335250854492
2009-05-06,20.87424087524414
2009-05-07,20.55500602722168
2009-05-08,21.44234848022461
2009-05-11,20.841766357421875
2009-05-12,21.047374725341797
2009-05-13,20.343992233276367
2009-05-14,20.625350952148438
2009-05-15,20.322349548339844
2009-05-18,21.24757194519043
2009-05-19,21.53973960876465
2009-05-20,21.583026885986328
2009-05-21,21.57220458984375
2009-05-22,21.680421829223633
2009-05-26,22.021291732788086
2009-05-27,21.685840606689453
2009-05-28,21.940128326416016
2009-05-29,22.31886863708496
2009-06-01,22.85993766784668
2009-06-02,23.15752410888672
2009-06-03,22.400035858154297
2009-06-04,22.540712356567383
2009-06-05,22.221492767333984
2009-06-08,22.172779083251953
2009-06-09,22.405437469482422
2009-06-10,22.416257858276367
2009-06-11,22.757131576538086
2009-06-12,22.6651554107666
2009-06-15,21.766992568969727
2009-06-16,21.60466957092285
2009-06-17,21.55057144165039
2009-06-18,21.566797256469727
2009-06-19,21.864376068115234
2009-06-22,21.10688591003418
2009-06-23,21.382835388183594
2009-06-24,21.44776725769043
2009-06-25,21.799449920654297
2009-06-26,21.739931106567383
2009-06-29,22.026700973510742
2009-06-30,21.794042587280273
2009-07-01,22.22690200805664
2009-07-02,21.57762336730957
2009-07-06,21.43153190612793
2009-07-07,20.885055541992188
2009-07-08,20.74437713623047
2009-07-09,21.133941650390625
2009-07-10,20.81471824645996
2009-07-13,21.366596221923828
2009-07-14,21.474821090698242
2009-07-15,22.345932006835938
2009-07-16,22.659744262695312
2009-07-17,22.53529930114746
2009-07-20,23.054704666137695
2009-07-21,23.125059127807617
2009-07-22,23.152118682861328
2009-07-23,23.59037208557129
2009-07-24,23.76350975036621
2009-07-27,23.86090850830078
2009-07-28,23.568740844726562
2009-07-29,23.384775161743164
2009-07-30,23.84467124938965
2009-07-31,24.266704559326172
2009-08-03,24.926803588867188
2009-08-04,24.910579681396484
2009-08-05,24.85104751586914
2009-08-06,24.607574462890625
2009-08-07,24.694149017333984
2009-08-10,24.44525718688965
2009-08-11,24.223413467407227
2009-08-12,24.52100944519043
2009-08-13,24.96468162536621
2009-08-14,24.667089462280273
2009-08-17,23.795978546142578
2009-08-18,24.26129722595215
2009-08-19,24.52100944519043
2009-08-20,24.818593978881836
2009-08-21,25.484098434448242
2009-08-24,25.41917610168457
2009-08-25,25.705928802490234
2009-08-26,25.46786117553711
2009-08-27,25.738401412963867
2009-08-28,25.765443801879883
2009-08-31,25.597719192504883
2009-09-01,24.753660202026367
2009-09-02,24.775297164916992
2009-09-03,24.948444366455078
2009-09-04,25.397525787353516
2009-09-08,26.030582427978516
2009-09-09,26.387666702270508
2009-09-10,26.604093551635742
2009-09-11,26.56622886657715
2009-09-14,26.723140716552734
2009-09-15,26.83133888244629
2009-09-16,27.372404098510742
2009-09-17,27.291263580322266
2009-09-18,27.253376007080078
2009-09-21,27.00448989868164
2009-09-22,27.356178283691406
2009-09-23,27.09105682373047
2009-09-24,26.56622886657715
2009-09-25,26.49589729309082
2009-09-28,26.869211196899414
2009-09-29,26.77182960510254
2009-09-30,26.83133888244629
2009-10-01,25.97104835510254
2009-10-02,25.760032653808594
2009-10-05,26.19829559326172
2009-10-06,26.69066619873047
2009-10-07,26.696077346801758
2009-10-08,27.096467971801758
2009-10-09,26.96120262145996
2009-10-12,27.134334564208984
2009-10-13,27.2100887298584
2009-10-14,27.945941925048828
2009-10-15,28.08660888671875
2009-10-16,27.756563186645508
2009-10-19,28.162355422973633
2009-10-20,27.967575073242188
2009-10-21,27.924301147460938
2009-10-22,28.26517105102539
2009-10-23,27.761980056762695
2009-10-26,27.204683303833008
2009-10-27,27.031536102294922
2009-10-28,26.295679092407227
2009-10-29,27.2587833404541
2009-10-30,26.13878631591797
2009-11-02,26.45260238647461
2009-11-03,26.290287017822266
2009-11-04,26.70689582824707
2009-11-05,27.19385528564453
2009-11-06,27.237131118774414
2009-11-09,28.043333053588867
2009-11-10,27.940532684326172
2009-11-11,27.908058166503906
2009-11-12,27.686220169067383
2009-11-13,27.978395462036133
2009-11-16,28.497825622558594
2009-11-17,28.362550735473633
2009-11-18,28.367971420288086
2009-11-19,27.832304000854492
2009-11-20,27.507680892944336
2009-11-23,28.10284423828125
2009-11-24,28.054157257080078
2009-11-25,28.487009048461914
2009-11-27,27.44275665283203
2009-11-30,27.323715209960938
2009-12-01,28.06496810913086
2009-12-02,28.14612579345703
2009-12-03,27.881013870239258
2009-12-04,27.84855079650879
2009-12-07,27.75115394592285
2009-12-08,27.085641860961914
2009-12-09,27.0098934173584
2009-12-10,27.172203063964844
2009-12-11,27.13975715637207
2009-12-14,27.39944839477539
2009-12-15,27.145166397094727
2009-12-16,27.513076782226562
2009-12-17,26.777236938476562
2009-12-18,26.73394203186035
2009-12-21,26.96660614013672
2009-12-22,27.285839080810547
2009-12-23,27.4265193939209
2009-12-24,27.466997146606445
2009-12-28,27.669424057006836
2009-12-29,27.641305923461914
2009-12-30,27.52322769165039
2009-12-31,27.258960723876953
2010-01-04,28.09111785888672
2010-01-05,28.046138763427734
2010-01-06,28.214828491210938
2010-01-07,28.03488540649414
2010-01-08,28.316038131713867
2010-01-11,28.54094886779785
2010-01-12,28.124866485595703
2010-01-13,28.50719451904297
2010-01-14,28.450971603393555
2010-01-15,27.85498046875
2010-01-19,28.434114456176758
2010-01-20,27.55133628845215
2010-01-21,26.69667625427246
2010-01-22,26.117551803588867
2010-01-25,26.595478057861328
2010-01-26,26.387439727783203
2010-01-27,26.4942684173584
2010-01-28,25.847654342651367
2010-01-29,25.549650192260742
2010-02-01,26.19065284729004
2010-02-02,26.595478057861328
2010-02-03,26.263742446899414
2010-02-04,24.976137161254883
2010-02-05,24.74559783935547
2010-02-08,24.385746002197266
2010-02-09,25.397836685180664
2010-02-10,25.105457305908203
2010-02-11,25.31912612915039
2010-02-12,24.976137161254883
2010-02-16,25.633989334106445
2010-02-17,25.605873107910156
2010-02-18,25.819543838500977
2010-02-19,25.70708465576172
2010-02-22,25.66773796081543
2010-02-23,25.156051635742188
2010-02-24,25.420326232910156
2010-02-25,25.2122802734375
2010-02-26,25.409082412719727
2010-03-01,25.487804412841797
2010-03-02,25.7576904296875
2010-03-03,26.145660400390625
2010-03-04,26.044450759887695
2010-03-05,26.736051559448242
2010-03-08,26.65170669555664
2010-03-09,26.47178077697754
2010-03-10,26.71918487548828
2010-03-11,26.876609802246094
2010-03-12,26.97219467163086
2010-03-15,26.713558197021484
2010-03-16,27.18585777282715
2010-03-17,27.3095645904541
2010-03-18,27.073413848876953
2010-03-19,26.713558197021484
2010-03-22,26.792280197143555
2010-03-23,26.932844161987305
2010-03-24,26.421173095703125
2010-03-25,26.511144638061523
2010-03-26,26.786645889282227
2010-03-29,27.011545181274414
2010-03-30,26.870986938476562
2010-03-31,27.062171936035156
2010-04-01,27.556961059570312
2010-04-05,27.635677337646484
2010-04-06,27.466997146606445
2010-04-07,27.11838722229004
2010-04-08,27.08466148376465
2010-04-09,27.61318588256836
2010-04-12,27.80999183654785
2010-04-13,27.793113708496094
2010-04-14,28.158594131469727
2010-04-15,28.13610076904297
2010-04-16,27.48949432373047
2010-04-19,27.38827896118164
2010-04-20,27.680665969848633
2010-04-21,27.38266372680664
2010-04-22,27.090286254882812
2010-04-23,27.438888549804688
2010-04-26,27.35454750061035
2010-04-27,25.99384117126465
2010-04-28,25.90949821472168
2010-04-29,26.4942684173584
2010-04-30,26.033205032348633
2010-05-03,26.2243709564209
2010-05-04,25.094209671020508
2010-05-05,24.44197654724121
2010-05-06,23.137502670288086
2010-05-07,22.98006820678711
2010-05-10,24.931150436401367
2010-05-11,24.51506996154785
2010-05-12,24.931150436401367
2010-05-13,24.408235549926758
2010-05-14,23.609819412231445
2010-05-17,23.666030883789062
2010-05-18,23.137502670288086
2010-05-19,23.351160049438477
2010-05-20,22.5471134185791
2010-05-21,23.086896896362305
2010-05-24,22.457149505615234
2010-05-25,22.44590950012207
2010-05-26,22.035451889038086
2010-05-27,23.480485916137695
2010-05-28,22.974443435668945
2010-06-01,22.794513702392578
2010-06-02,23.559202194213867
2010-06-03,23.446748733520508
2010-06-04,22.299724578857422
2010-06-07,22.057941436767578
2010-06-08,22.39531135559082
2010-06-09,22.265972137451172
2010-06-10,23.41864013671875
2010-06-11,23.40177345275879
2010-06-14,23.637924194335938
2010-06-15,24.51506996154785
2010-06-16,24.31827735900879
2010-06-17,24.498199462890625
2010-06-18,24.41387176513672
2010-06-21,24.307029724121094
2010-06-22,24.0202693939209
2010-06-23,24.27329444885254
2010-06-24,23.761615753173828
2010-06-25,23.862838745117188
2010-06-28,23.71664810180664
2010-06-29,22.850744247436523
2010-06-30,22.59772300720215
2010-07-01,23.04754066467285
2010-07-02,22.996932983398438
2010-07-06,23.429885864257812
2010-07-07,24.267671585083008
2010-07-08,24.509449005126953
2010-07-09,24.599409103393555
2010-07-12,24.430715560913086
2010-07-13,25.111074447631836
2010-07-14,25.161678314208984
2010-07-15,25.459692001342773
2010-07-16,24.599409103393555
2010-07-19,24.829938888549805
2010-07-20,24.841182708740234
2010-07-21,24.357643127441406
2010-07-22,25.397836685180664
2010-07-23,25.66773796081543
2010-07-26,25.847654342651367
2010-07-27,25.982608795166016
2010-07-28,25.7576904296875
2010-07-29,25.825159072875977
2010-07-30,25.80266761779785
2010-08-02,26.803512573242188
2010-08-03,26.809133529663086
2010-08-04,26.786645889282227
2010-08-05,26.781015396118164
2010-08-06,26.8541202545166
2010-08-09,26.893482208251953
2010-08-10,26.65732765197754
2010-08-11,25.35284996032715
2010-08-12,25.335983276367188
2010-08-13,25.223533630371094
2010-08-16,25.448436737060547
2010-08-17,25.746444702148438
2010-08-18,25.729568481445312
2010-08-19,25.161678314208984
2010-08-20,24.84680938720703
2010-08-23,24.841182708740234
2010-08-24,24.419477462768555
2010-08-25,24.41387176513672
2010-08-26,24.408235549926758
2010-08-27,24.96488380432129
2010-08-30,24.453214645385742
2010-08-31,24.62189483642578
2010-09-01,25.594633102416992
2010-09-02,25.80829429626465
2010-09-03,26.078176498413086
2010-09-07,25.52153205871582
2010-09-08,25.80829429626465
2010-09-09,26.050065994262695
2010-09-10,26.117551803588867
2010-09-13,26.62921142578125
2010-09-14,26.882238388061523
2010-09-15,26.870986938476562
2010-09-16,26.81476402282715
2010-09-17,26.58985710144043
2010-09-20,27.112764358520508
2010-09-21,27.157751083374023
2010-09-22,27.208364486694336
2010-09-23,26.79790496826172
2010-09-24,27.708770751953125
2010-09-27,27.41640281677246
2010-09-28,27.691913604736328
2010-09-29,27.54009246826172
2010-09-30,27.39389991760254
2010-10-01,27.73689079284668
2010-10-04,27.287067413330078
2010-10-05,28.175458908081055
2010-10-06,28.32164764404297
2010-10-07,28.24293327331543
2010-10-08,28.417240142822266
2010-10-11,28.287912368774414
2010-10-12,28.38350486755371
2010-10-13,28.805198669433594
2010-10-14,29.007631301879883
2010-10-15,28.872682571411133
2010-10-18,28.8783016204834
2010-10-19,28.186716079711914
2010-10-20,28.833328247070312
2010-10-21,28.760215759277344
2010-10-22,28.844573974609375
2010-10-25,28.906410217285156
2010-10-26,28.69275665283203
2010-10-27,28.4228572845459
2010-10-28,28.777088165283203
2010-10-29,28.732101440429688
2010-11-01,28.557815551757812
2010-11-02,29.1538143157959
2010-11-03,29.288761138916016
2010-11-04,30.03658103942871
2010-11-05,29.66547966003418
2010-11-08,29.429319381713867
2010-11-09,29.1538143157959
2010-11-10,29.19316864013672
2010-11-11,28.82770538330078
2010-11-12,28.71523094177246
2010-11-15,28.675886154174805
2010-11-16,27.88870620727539
2010-11-17,28.068632125854492
2010-11-18,28.754613876342773
2010-11-19,28.833328247070312
2010-11-22,28.40037727355957
2010-11-23,27.438888549804688
2010-11-24,27.793113708496094
2010-11-26,27.270200729370117
2010-11-29,26.91035270690918
2010-11-30,26.4886474609375
2010-12-01,27.38266372680664
2010-12-02,28.018030166625977
2010-12-03,28.34415054321289
2010-12-06,28.102371215820312
2010-12-07,28.226078033447266
2010-12-08,28.417240142822266
2010-12-09,28.434114456176758
2010-12-10,28.56342887878418
2010-12-13,28.855819702148438
2010-12-14,28.85020637512207
2010-12-15,28.394746780395508
2010-12-16,28.602792739868164
2010-12-17,28.3328914642334
2010-12-20,28.389131546020508
2010-12-21,28.681509017944336
2010-12-22,28.69681739807129
2010-12-23,28.690927505493164
2010-12-27,28.520153045654297
2010-12-28,28.4671573638916
2010-12-29,28.738046646118164
2010-12-30,28.60259437561035
2010-12-31,28.908824920654297
2011-01-03,29.067821502685547
2011-01-04,28.997150421142578
2011-01-05,28.761606216430664
2011-01-06,28.42003059387207
2011-01-07,28.2021484375
2011-01-10,28.078474044799805
2011-01-11,28.37293815612793
2011-01-12,29.203271865844727
2011-01-13,29.315155029296875
2011-01-14,29.586048126220703
2011-01-18,29.809839248657227
2011-01-19,29.497711181640625
2011-01-20,29.309274673461914
2011-01-21,29.739158630371094
2011-01-24,29.992382049560547
2011-01-25,29.927610397338867
2011-01-26,30.116065979003906
2011-01-27,30.310401916503906
2011-01-28,29.53304672241211
2011-01-31,29.97471809387207
2011-02-01,30.646060943603516
2011-02-02,30.487060546875
2011-02-03,30.375164031982422
2011-02-04,30.316286087036133
2011-02-07,30.481164932250977
2011-02-08,30.716716766357422
2011-02-09,30.752073287963867
2011-02-10,30.398725509643555
2011-02-11,30.528282165527344
2011-02-14,30.410505294799805
2011-02-15,30.375164031982422
2011-02-16,30.78150177001953
2011-02-17,30.8992862701416
2011-02-18,31.02294921875
2011-02-22,30.092491149902344
2011-02-23,30.157272338867188
2011-02-24,30.210283279418945
2011-02-25,30.57538604736328
2011-02-28,30.911069869995117
2011-03-01,30.322166442871094
2011-03-02,30.63429069519043
2011-03-03,31.052391052246094
2011-03-04,30.681398391723633
2011-03-07,30.475276947021484
2011-03-08,30.551837921142578
2011-03-09,30.54594612121582
2011-03-10,29.780393600463867
2011-03-11,29.980613708496094
2011-03-14,29.815719604492188
2011-03-15,29.044273376464844
2011-03-16,28.125587463378906
2011-03-17,29.156158447265625
2011-03-18,29.515382766723633
2011-03-21,30.2456111907959
2011-03-22,30.015941619873047
2011-03-23,30.05716896057129
2011-03-24,30.54006004333496
2011-03-25,30.222061157226562
2011-03-28,30.222061157226562
2011-03-29,30.40460777282715
2011-03-30,30.716716766357422
2011-03-31,30.59306526184082
2011-04-01,30.981719970703125
2011-04-04,31.111286163330078
2011-04-05,31.158384323120117
2011-04-06,31.57651138305664
2011-04-07,31.417503356933594
2011-04-08,31.68840217590332
2011-04-11,31.611833572387695
2011-04-12,31.229068756103516
2011-04-13,31.370403289794922
2011-04-14,31.499963760375977
2011-04-15,31.317399978637695
2011-04-18,30.534170150756836
2011-04-19,30.91695213317871
2011-04-20,31.81208038330078
2011-04-21,32.000518798828125
2011-04-25,32.08296585083008
2011-04-26,32.37152099609375
2011-04-27,32.95453643798828
2011-04-28,33.03108215332031
2011-04-29,33.137081146240234
2011-05-02,33.0899658203125
2011-05-03,32.81907272338867
2011-05-04,32.542293548583984
2011-05-05,31.711950302124023
2011-05-06,31.564735412597656
2011-05-09,31.81208038330078
2011-05-10,32.1889533996582
2011-05-11,31.617734909057617
2011-05-12,31.776744842529297
2011-05-13,31.19962501525879
2011-05-16,31.187829971313477
2011-05-17,31.23495101928711
2011-05-18,31.476394653320312
2011-05-19,31.81208038330078
2011-05-20,31.258499145507812
2011-05-23,30.510616302490234
2011-05-24,30.669618606567383
2011-05-25,30.946407318115234
2011-05-26,31.211402893066406
2011-05-27,31.511743545532227
2011-05-31,32.19484329223633
2011-06-01,31.358625411987305
2011-06-02,31.57062339782715
2011-06-03,31.664854049682617
2011-06-06,31.164289474487305
2011-06-07,31.470497131347656
2011-06-08,30.922834396362305
2011-06-09,31.329172134399414
2011-06-10,30.40460777282715
2011-06-13,30.551837921142578
2011-06-14,31.052391052246094
2011-06-15,29.86872673034668
2011-06-16,29.780393600463867
2011-06-17,30.263273239135742
2011-06-20,30.157272338867188
2011-06-21,30.89339256286621
2011-06-22,30.469390869140625
2011-06-23,30.07481575012207
2011-06-24,29.62138557434082
2011-06-27,30.039499282836914
2011-06-28,30.416393280029297
2011-06-29,31.005285263061523
2011-06-30,31.523502349853516
2011-07-01,31.84151840209961
2011-07-05,31.611833572387695
2011-07-06,31.282062530517578
2011-07-07,31.582401275634766
2011-07-08,31.058292388916016
2011-07-11,29.91583251953125
2011-07-12,29.62726402282715
2011-07-13,30.104286193847656
2011-07-14,29.839265823364258
2011-07-15,29.90994644165039
2011-07-18,29.309274673461914
2011-07-19,29.809839248657227
2011-07-20,30.216184616088867
2011-07-21,31.02294921875
2011-07-22,31.02294921875
2011-07-25,30.81684112548828
2011-07-26,31.0700626373291
2011-07-27,30.151390075683594
2011-07-28,30.05716896057129
2011-07-29,30.07481575012207
2011-08-01,29.550722122192383
2011-08-02,28.632041931152344
2011-08-03,28.897045135498047
2011-08-04,26.70635414123535
2011-08-05,27.501361846923828
2011-08-08,24.998563766479492
2011-08-09,27.095027923583984
2011-08-10,25.05745506286621
2011-08-11,26.447235107421875
2011-08-12,26.924245834350586
2011-08-15,27.583799362182617
2011-08-16,27.053808212280273
2011-08-17,27.2069149017334
2011-08-18,25.752351760864258
2011-08-19,25.251779556274414
2011-08-22,25.622785568237305
2011-08-23,26.500240325927734
2011-08-24,26.612133026123047
2011-08-25,25.80535125732422
2011-08-26,26.135128021240234
2011-08-29,26.9360294342041
2011-08-30,26.712244033813477
2011-08-31,27.283464431762695
2011-09-01,26.894804000854492
2011-09-02,26.23524284362793
2011-09-06,25.08100700378418
2011-09-07,25.881906509399414
2011-09-08,25.31656837463379
2011-09-09,24.280115127563477
2011-09-12,24.156450271606445
2011-09-13,24.333118438720703
2011-09-14,24.916112899780273
2011-09-15,25.55801773071289
2011-09-16,25.422569274902344
2011-09-19,24.61577606201172
2011-09-20,24.87489891052246
2011-09-21,24.0210018157959
2011-09-22,23.114099502563477
2011-09-23,23.76188850402832
2011-09-26,24.185901641845703
2011-09-27,24.83367919921875
2011-09-28,24.297775268554688
2011-09-29,24.939685821533203
2011-09-30,23.944440841674805
2011-10-03,23.220102310180664
2011-10-04,23.685331344604492
2011-10-05,24.203556060791016
2011-10-06,24.96910858154297
2011-10-07,24.651113510131836
2011-10-10,25.81713104248047
2011-10-11,25.758241653442383
2011-10-12,26.3765811920166
2011-10-13,26.241134643554688
2011-10-14,26.694580078125
2011-10-17,25.7700138092041
2011-10-18,26.317678451538086
2011-10-19,25.722896575927734
2011-10-20,25.846572875976562
2011-10-21,26.712244033813477
2011-10-24,27.08324432373047
2011-10-25,26.62980079650879
2011-10-26,27.118581771850586
2011-10-27,28.690927505493164
2011-10-28,28.319931030273438
2011-10-31,26.91836166381836
2011-11-01,25.799461364746094
2011-11-02,26.22935676574707
2011-11-03,27.089134216308594
2011-11-04,26.547353744506836
2011-11-07,26.623912811279297
2011-11-08,27.15391731262207
2011-11-09,25.328344345092773
2011-11-10,25.80535125732422
2011-11-11,26.559127807617188
2011-11-14,25.834793090820312
2011-11-15,25.834793090820312
2011-11-16,25.293018341064453
2011-11-17,24.992677688598633
2011-11-18,25.110454559326172
2011-11-21,24.409671783447266
2011-11-22,24.238893508911133
2011-11-23,23.496877670288086
2011-11-25,23.37909507751465
2011-11-28,24.633451461791992
2011-11-29,24.80422592163086
2011-11-30,26.146902084350586
2011-12-01,25.864234924316406
2011-12-02,25.840688705444336
2011-12-05,26.141016006469727
2011-12-06,26.152799606323242
2011-12-07,26.305910110473633
2011-12-08,25.310678482055664
2011-12-09,26.040910720825195
2011-12-12,25.016237258911133
2011-12-13,24.651113510131836
2011-12-14,24.297775268554688
2011-12-15,24.54511833190918
2011-12-16,24.321338653564453
2011-12-19,24.221221923828125
2011-12-20,25.222347259521484
2011-12-21,25.060853958129883
2011-12-22,25.362873077392578
2011-12-23,25.584758758544922
2011-12-27,25.41834831237793
2011-12-28,24.949922561645508
2011-12-29,25.455331802368164
2011-12-30,25.535446166992188
2012-01-03,26.38600730895996
2012-01-04,26.06551170349121
2012-01-05,25.590923309326172
2012-01-06,25.239604949951172
2012-01-09,25.430665969848633
2012-01-10,25.8189697265625
2012-01-11,25.60941505432129
2012-01-12,25.862117767333984
2012-01-13,25.350542068481445
2012-01-17,25.825130462646484
2012-01-18,26.379850387573242
2012-01-19,26.761999130249023
2012-01-20,26.792814254760742
2012-01-23,26.983877182006836
2012-01-24,26.81745719909668
2012-01-25,27.082496643066406
2012-01-26,27.162609100341797
2012-01-27,27.187274932861328
2012-01-30,26.755826950073242
2012-01-31,26.928403854370117
2012-02-01,27.489286422729492
2012-02-02,27.532432556152344
2012-02-03,28.0748233795166
2012-02-06,27.859100341796875
2012-02-07,28.117963790893555
2012-02-08,28.216571807861328
2012-02-09,28.235069274902344
2012-02-10,27.655696868896484
2012-02-13,28.007020950317383
2012-02-14,27.711170196533203
2012-02-15,27.618715286254883
2012-02-16,28.10563850402832
2012-02-17,28.253557205200195
2012-02-21,28.247406005859375
2012-02-22,28.142614364624023
2012-02-23,28.42613983154297
2012-02-24,28.672679901123047
2012-02-27,28.432308197021484
2012-02-28,28.68500328063965
2012-02-29,28.38915252685547
2012-03-01,28.7651309967041
2012-03-02,28.395320892333984
2012-03-05,28.28436851501465
2012-03-06,27.125633239746094
2012-03-07,27.557085037231445
2012-03-08,28.302871704101562
2012-03-09,28.019346237182617
2012-03-12,28.124122619628906
2012-03-13,28.623363494873047
2012-03-14,28.37067413330078
2012-03-15,28.69116973876953
2012-03-16,28.987022399902344
2012-03-19,29.116456985473633
2012-03-20,28.75896453857422
2012-03-21,28.586381912231445
2012-03-22,28.259727478027344
2012-03-23,28.475446701049805
2012-03-26,28.987022399902344
2012-03-27,28.617218017578125
2012-03-28,28.315200805664062
2012-03-29,28.099472045898438
2012-03-30,28.407651901245117
2012-04-02,28.863750457763672
2012-04-03,28.235069274902344
2012-04-04,27.52010154724121
2012-04-05,27.248910903930664
2012-04-09,27.11330223083496
2012-04-10,26.398345947265625
2012-04-11,26.879098892211914
2012-04-12,27.43997573852539
2012-04-13,26.688026428222656
2012-04-16,26.990032196044922
2012-04-17,27.557085037231445
2012-04-18,27.29205894470215
2012-04-19,27.14412498474121
2012-04-20,27.489286422729492
2012-04-23,26.885263442993164
2012-04-24,27.131803512573242
2012-04-25,27.575571060180664
2012-04-26,27.711170196533203
2012-04-27,27.871423721313477
2012-04-30,27.698841094970703
2012-05-01,27.945388793945312
2012-05-02,27.600234985351562
2012-05-03,27.378347396850586
2012-05-04,26.897584915161133
2012-05-07,27.174942016601562
2012-05-08,26.731170654296875
2012-05-09,26.324378967285156
2012-05-10,26.496959686279297
2012-05-11,26.34903335571289
2012-05-14,25.769662857055664
2012-05-15,25.393695831298828
2012-05-16,25.214942932128906
2012-05-17,24.801992416381836
2012-05-18,24.709531784057617
2012-05-21,25.350542068481445
2012-05-22,25.20261573791504
2012-05-23,24.949922561645508
2012-05-24,24.801992416381836
2012-05-25,24.795827865600586
2012-05-29,25.023880004882812
2012-05-30,24.302743911743164
2012-05-31,24.38287353515625
2012-06-01,23.815834045410156
2012-06-04,24.04387092590332
2012-06-05,24.117839813232422
2012-06-06,24.949922561645508
2012-06-07,24.99304962158203
2012-06-08,25.048532485961914
2012-06-11,24.703388214111328
2012-06-12,25.22111701965332
2012-06-13,24.96223258972168
2012-06-14,25.214942932128906
2012-06-15,25.584758758544922
2012-06-18,25.344383239746094
2012-06-19,25.985382080078125
2012-06-20,26.11481475830078
2012-06-21,25.375192642211914
2012-06-22,25.634069442749023
2012-06-25,24.925264358520508
2012-06-26,25.097837448120117
2012-06-27,25.31972885131836
2012-06-28,25.227277755737305
2012-06-29,26.398345947265625
2012-07-02,26.583240509033203
2012-07-03,26.811288833618164
2012-07-05,26.20110511779785
2012-07-06,25.86827278137207
2012-07-09,25.87444496154785
2012-07-10,25.751176834106445
2012-07-11,25.849794387817383
2012-07-12,25.566272735595703
2012-07-13,26.016210556030273
2012-07-16,26.01004981994629
2012-07-17,26.1456356048584
2012-07-18,26.336706161499023
2012-07-19,26.589427947998047
2012-07-20,25.880613327026367
2012-07-23,25.24576187133789
2012-07-24,24.875947952270508
2012-07-25,25.116321563720703
2012-07-26,26.090164184570312
2012-07-27,26.731170654296875
2012-07-30,26.706518173217773
2012-07-31,26.484630584716797
2012-08-01,26.5339412689209
2012-08-02,26.003877639770508
2012-08-03,27.174942016601562
2012-08-06,27.35368537902832
2012-08-07,27.56941032409668
2012-08-08,27.55092430114746
2012-08-09,27.507776260375977
2012-08-10,27.587902069091797
2012-08-13,27.458471298217773
2012-08-14,27.557085037231445
2012-08-15,27.55092430114746
2012-08-16,27.859100341796875
2012-08-17,27.883747100830078
2012-08-20,27.822113037109375
2012-08-21,28.03166961669922
2012-08-22,28.007020950317383
2012-08-23,27.791292190551758
2012-08-24,27.748146057128906
2012-08-27,27.846776962280273
2012-08-28,27.822113037109375
2012-08-29,27.705013275146484
2012-08-30,27.396833419799805
2012-08-31,27.723493576049805
2012-09-04,27.643373489379883
2012-09-05,27.661869049072266
2012-09-06,28.500106811523438
2012-09-07,28.900728225708008
2012-09-10,28.604877471923828
2012-09-11,29.024002075195312
2012-09-12,29.12261962890625
2012-09-13,29.609521865844727
2012-09-14,29.917713165283203
2012-09-17,29.75130271911621
2012-09-18,29.58488655090332
2012-09-19,29.70198631286621
2012-09-20,29.473941802978516
2012-09-21,29.591045379638672
2012-09-24,29.457386016845703
2012-09-25,29.192562103271484
2012-09-26,28.776430130004883
2012-09-27,29.167335510253906
2012-09-28,28.536821365356445
2012-10-01,28.8583984375
2012-10-02,29.05384063720703
2012-10-03,28.90883445739746
2012-10-04,29.324974060058594
2012-10-05,29.388019561767578
2012-10-08,29.161033630371094
2012-10-09,28.644014358520508
2012-10-10,28.637710571289062
2012-10-11,28.871000289916992
2012-10-12,28.84579086303711
2012-10-15,29.154735565185547
2012-10-16,29.684362411499023
2012-10-17,29.955486297607422
2012-10-18,29.760019302368164
2012-10-19,29.375404357910156
2012-10-22,29.564559936523438
2012-10-23,28.814245223999023
2012-10-24,28.807960510253906
2012-10-25,28.9844913482666
2012-10-26,29.003406524658203
2012-10-31,29.041234970092773
2012-11-01,29.35649871826172
2012-11-02,29.04754638671875
2012-11-05,28.93404197692871
2012-11-06,29.255619049072266
2012-11-07,28.75120735168457
2012-11-08,28.442258834838867
2012-11-09,28.39812660217285
2012-11-12,28.45486831665039
2012-11-13,28.309844970703125
2012-11-14,28.057645797729492
2012-11-15,28.045040130615234
2012-11-16,27.868492126464844
2012-11-19,28.568359375
2012-11-20,28.669248580932617
2012-11-21,28.75120735168457
2012-11-23,29.46997833251953
2012-11-26,29.35649871826172
2012-11-27,29.192562103271484
2012-11-28,29.463687896728516
2012-11-29,29.74741554260254
2012-11-30,29.760019302368164
2012-12-03,29.87351417541504
2012-12-04,30.024839401245117
2012-12-05,30.09419059753418
2012-12-06,30.075275421142578
2012-12-07,29.961790084838867
2012-12-10,30.043758392333984
2012-12-11,30.258121490478516
2012-12-12,30.38422393798828
2012-12-13,30.283344268798828
2012-12-14,30.466190338134766
2012-12-17,30.573383331298828
2012-12-18,30.888622283935547
2012-12-19,30.932771682739258
2012-12-20,31.066875457763672
2012-12-21,30.787212371826172
2012-12-24,30.704614639282227
2012-12-26,30.736377716064453
2012-12-27,30.850780487060547
2012-12-28,30.444015502929688
2012-12-31,31.041458129882812
2013-01-02,31.416431427001953
2013-01-03,31.04780387878418
2013-01-04,31.308393478393555
2013-01-07,31.18128204345703
2013-01-08,31.079570770263672
2013-01-09,31.1749267578125
2013-01-10,31.677026748657227
2013-01-11,31.81049346923828
2013-01-14,31.785072326660156
2013-01-15,31.670671463012695
2013-01-16,31.524490356445312
2013-01-17,31.861347198486328
2013-01-18,31.791439056396484
2013-01-22,31.861347198486328
2013-01-23,31.87405014038086
2013-01-24,32.058372497558594
2013-01-25,32.490562438964844
2013-01-28,32.36344909667969
2013-01-29,32.54775619506836
2013-01-30,32.53505325317383
2013-01-31,32.36980438232422
2013-02-01,32.70665740966797
2013-02-04,31.81049346923828
2013-02-05,32.071083068847656
2013-02-06,31.937618255615234
2013-02-07,31.581687927246094
2013-02-08,31.823205947875977
2013-02-11,31.638887405395508
2013-02-12,31.9503173828125
2013-02-13,32.10920715332031
2013-02-14,31.842267990112305
2013-02-15,31.746946334838867
2013-02-19,32.1346321105957
2013-02-20,31.69610023498535
2013-02-21,31.21304702758789
2013-02-22,31.677026748657227
2013-02-25,30.67281150817871
2013-02-26,30.97153663635254
2013-02-27,31.435508728027344
2013-02-28,31.270248413085938
2013-03-01,31.18762969970703
2013-03-04,31.3719539642334
2013-03-05,31.740575790405273
2013-03-06,31.677026748657227
2013-03-07,31.924898147583008
2013-03-08,31.90584373474121
2013-03-11,32.01388168334961
2013-03-12,31.91853141784668
2013-03-13,31.81049346923828
2013-03-14,32.27445983886719
2013-03-15,32.24268341064453
2013-03-18,31.77235221862793
2013-03-19,31.632539749145508
2013-03-20,31.893123626708984
2013-03-21,31.473649978637695
2013-03-22,31.80446434020996
2013-03-25,31.29353904724121
2013-03-26,31.446823120117188
2013-03-27,31.08917808532715
2013-03-28,31.37656021118164
2013-04-01,31.197744369506836
2013-04-02,31.60009002685547
2013-04-03,31.41488265991211
2013-04-04,31.395723342895508
2013-04-05,31.204126358032227
2013-04-08,31.26800537109375
2013-04-09,31.41488265991211
2013-04-10,31.944957733154297
2013-04-11,32.1237678527832
2013-04-12,32.027992248535156
2013-04-15,31.29353904724121
2013-04-16,31.798078536987305
2013-04-17,30.86565399169922
2013-04-18,30.872041702270508
2013-04-19,31.08917808532715
2013-04-22,31.242448806762695
2013-04-23,31.798078536987305
2013-04-24,32.117401123046875
2013-04-25,32.20680236816406
2013-04-26,32.302608489990234
2013-04-29,32.78797912597656
2013-04-30,32.800750732421875
2013-05-01,32.589988708496094
2013-05-02,32.75604248046875
2013-05-03,33.158382415771484
2013-05-06,33.12006378173828
2013-05-07,33.222251892089844
2013-05-08,33.65013885498047
2013-05-09,33.28611755371094
2013-05-10,33.42023849487305
2013-05-13,33.24140167236328
2013-05-14,33.34359359741211
2013-05-15,33.439395904541016
2013-05-16,33.29250717163086
2013-05-17,33.53519058227539
2013-05-20,33.63737869262695
2013-05-21,33.7331657409668
2013-05-22,33.42023849487305
2013-05-23,33.24140167236328
2013-05-24,33.209476470947266
2013-05-28,33.401065826416016
2013-05-29,33.177547454833984
2013-05-30,33.4521598815918
2013-05-31,32.80712890625
2013-06-03,33.13283920288086
2013-06-04,32.97319030761719
2013-06-05,32.50058364868164
2013-06-06,32.76880645751953
2013-06-07,33.00511169433594
2013-06-10,32.992340087890625
2013-06-11,32.641090393066406
2013-06-12,32.634681701660156
2013-06-13,33.01789474487305
2013-06-14,32.74327087402344
2013-06-17,33.094512939453125
2013-06-18,33.254188537597656
2013-06-19,32.55805969238281
2013-06-20,31.529844284057617
2013-06-21,31.25521469116211
2013-06-24,30.773283004760742
2013-06-25,31.1119441986084
2013-06-26,31.3333797454834
2013-06-27,31.5548038482666
2013-06-28,31.34640121459961
2013-07-01,31.730667114257812
2013-07-02,31.405025482177734
2013-07-03,31.43758773803711
2013-07-05,31.51573944091797
2013-07-08,31.880470275878906
2013-07-09,31.945594787597656
2013-07-10,32.167030334472656
2013-07-11,33.026729583740234
2013-07-12,32.72712707519531
2013-07-15,32.92250442504883
2013-07-16,32.942073822021484
2013-07-17,32.97462463378906
2013-07-18,33.24817657470703
2013-07-19,33.36539077758789
2013-07-22,33.52821731567383
2013-07-23,33.580322265625
2013-07-24,33.664981842041016
2013-07-25,33.873382568359375
2013-07-26,33.74965286254883
2013-07-29,33.63242721557617
2013-07-30,33.52821731567383
2013-07-31,33.736629486083984
2013-08-01,34.06877517700195
2013-08-02,34.23162078857422
2013-08-05,34.179500579833984
2013-08-06,34.075286865234375
2013-08-07,34.127410888671875
2013-08-08,34.492130279541016
2013-08-09,34.57678985595703
2013-08-12,34.400943756103516
2013-08-13,34.6158561706543
2013-08-14,34.66145706176758
2013-08-15,34.48561477661133
2013-08-16,34.57678985595703
2013-08-19,34.27067184448242
2013-08-20,34.37488555908203
2013-08-21,34.02320098876953
2013-08-22,34.45304870605469
2013-08-23,34.628875732421875
2013-08-26,34.459556579589844
2013-08-27,33.723594665527344
2013-08-28,33.68452835083008
2013-08-29,33.58681869506836
2013-08-30,33.24164581298828
2013-09-03,33.723594665527344
2013-09-04,33.9124870300293
2013-09-05,33.892921447753906
2013-09-06,34.11437225341797
2013-09-09,34.459556579589844
2013-09-10,34.8893928527832
2013-09-11,35.13689041137695
2013-09-12,34.9805908203125
2013-09-13,35.143409729003906
2013-09-16,35.40392303466797
2013-09-17,35.4234504699707
2013-09-18,36.31570816040039
2013-09-19,36.1398811340332
2013-09-20,35.905391693115234
2013-09-23,35.85572052001953
2013-09-24,35.757667541503906
2013-09-25,35.85572052001953
2013-09-26,35.84264373779297
2013-09-27,35.83612823486328
2013-09-30,35.6269416809082
2013-10-01,35.86225891113281
2013-10-02,35.868797302246094
2013-10-03,35.67922592163086
2013-10-04,35.65962219238281
2013-10-07,35.489654541015625
2013-10-08,35.117042541503906
2013-10-09,35.005916595458984
2013-10-10,35.744590759277344
2013-10-11,35.94723892211914
2013-10-14,36.032230377197266
2013-10-15,35.9014892578125
2013-10-16,36.14988708496094
2013-10-17,36.751304626464844
2013-10-18,36.980098724365234
2013-10-21,37.078155517578125
2013-10-22,37.489990234375
2013-10-23,37.320030212402344
2013-10-24,37.56189727783203
2013-10-25,37.56843948364258
2013-10-28,37.39192581176758
2013-10-29,37.45730972290039
2013-10-30,37.31348419189453
2013-10-31,37.11738586425781
2013-11-01,36.882041931152344
2013-11-04,37.104305267333984
2013-11-05,36.764373779296875
2013-11-06,37.11738586425781
2013-11-07,36.52904510498047
2013-11-08,36.72516632080078
2013-11-11,36.836280822753906
2013-11-12,36.620567321777344
2013-11-13,36.77745056152344
2013-11-14,36.87550735473633
2013-11-15,37.071617126464844
2013-11-18,37.1239013671875
2013-11-19,37.04545593261719
2013-11-20,36.70555877685547
2013-11-21,37.02585983276367
2013-11-22,37.22850036621094
2013-11-25,37.156593322753906
2013-11-26,37.16313552856445
2013-11-27,37.35270690917969
2013-11-29,37.49653244018555
2013-12-02,37.156593322753906
2013-12-03,36.82973861694336
2013-12-04,36.627098083496094
2013-12-05,36.470211029052734
2013-12-06,36.96048355102539
2013-12-09,36.99971389770508
2013-12-10,36.87550735473633
2013-12-11,36.60095977783203
2013-12-12,36.21527099609375
2013-12-13,36.18912887573242
2013-12-16,36.66631317138672
2013-12-17,36.45713806152344
2013-12-18,37.02585983276367
2013-12-19,37.13698959350586
2013-12-20,37.32539367675781
2013-12-23,37.67985916137695
2013-12-24,37.942440032958984
2013-12-26,38.09999465942383
2013-12-27,38.303489685058594
2013-12-30,38.46760177612305
2013-12-31,38.59889221191406
2014-01-02,37.7783317565918
2014-01-03,37.78489685058594
2014-01-06,37.81772232055664
2014-01-07,38.07372283935547
2014-01-08,38.05403518676758
2014-01-09,38.086849212646484
2014-01-10,38.46104049682617
2014-01-13,38.14594650268555
2014-01-14,38.59231948852539
2014-01-15,38.74330520629883
2014-01-16,38.776123046875
2014-01-17,38.52667236328125
2014-01-21,38.782684326171875
2014-01-22,38.78925323486328
2014-01-23,38.776123046875
2014-01-24,37.54200744628906
2014-01-27,37.36478805541992
2014-01-28,37.7192497253418
2014-01-29,37.25318145751953
2014-01-30,37.35821533203125
2014-01-31,36.83305740356445
2014-02-03,36.1109733581543
2014-02-04,36.498260498046875
2014-02-05,36.62299728393555
2014-02-06,37.36478805541992
2014-02-07,37.84397888183594
2014-02-10,37.732391357421875
2014-02-11,38.3363151550293
2014-02-12,38.39537811279297
2014-02-13,38.651405334472656
2014-02-14,38.828636169433594
2014-02-18,39.091224670410156
2014-02-19,38.828636169433594
2014-02-20,39.07151794433594
2014-02-21,39.09778594970703
2014-02-24,39.399749755859375
2014-02-25,39.35380172729492
2014-02-26,39.19623947143555
2014-02-27,39.37349319458008
2014-02-28,39.53760528564453
2014-03-03,38.52667236328125
2014-03-04,39.314414978027344
2014-03-05,39.30784225463867
2014-03-06,39.71483612060547
2014-03-07,39.44570541381836
2014-03-10,39.163448333740234
2014-03-11,38.95992660522461
2014-03-12,38.86146545410156
2014-03-13,38.014652252197266
2014-03-14,38.07372283935547
2014-03-17,38.58575439453125
2014-03-18,38.900848388671875
2014-03-19,38.3363151550293
2014-03-20,38.37568664550781
2014-03-21,38.24441909790039
2014-03-24,38.27722930908203
2014-03-25,38.75576400756836
2014-03-26,38.689125061035156
2014-03-27,38.795753479003906
2014-03-28,39.0556755065918
2014-03-31,39.2889404296875
2014-04-01,39.60886001586914
2014-04-02,39.58219528198242
2014-04-03,39.52888488769531
2014-04-04,39.36892318725586
2014-04-07,39.19563674926758
2014-04-08,39.315608978271484
2014-04-09,39.8021354675293
2014-04-10,39.08901596069336
2014-04-11,38.795753479003906
2014-04-14,38.962364196777344
2014-04-15,38.795753479003906
2014-04-16,39.2422981262207
2014-04-17,39.48222351074219
2014-04-21,39.58219528198242
2014-04-22,39.835453033447266
2014-04-23,39.70883560180664
2014-04-24,39.755489349365234
2014-04-25,39.58219528198242
2014-04-28,39.67549514770508
2014-04-29,40.0020751953125
2014-04-30,40.32865524291992
2014-05-01,40.3686408996582
2014-05-02,40.27533721923828
2014-05-05,40.24201202392578
2014-05-06,40.18201446533203
2014-05-07,40.30197525024414
2014-05-08,40.32865524291992
2014-05-09,40.16202163696289
2014-05-12,40.50859832763672
2014-05-13,40.41530227661133
2014-05-14,40.36196517944336
2014-05-15,40.18869400024414
2014-05-16,40.215354919433594
2014-05-19,40.215354919433594
2014-05-20,40.00873947143555
2014-05-21,40.30866622924805
2014-05-22,40.26200485229492
2014-05-23,40.26868438720703
2014-05-27,40.59523391723633
2014-05-28,40.428627014160156
2014-05-29,40.61524200439453
2014-05-30,40.64190673828125
2014-06-02,40.61524200439453
2014-06-03,40.49526596069336
2014-06-04,40.45529556274414
2014-06-05,40.828514099121094
2014-06-06,41.135101318359375
2014-06-09,41.041786193847656
2014-06-10,41.015132904052734
2014-06-11,40.74853515625
2014-06-12,40.72188186645508
2014-06-13,40.661888122558594
2014-06-16,40.68855667114258
2014-06-17,40.68855667114258
2014-06-18,41.03512954711914
2014-06-19,41.08845901489258
2014-06-20,41.015132904052734
2014-06-23,40.941810607910156
2014-06-24,40.62617111206055
2014-06-25,40.52457809448242
2014-06-26,40.50425338745117
2014-06-27,40.60586166381836
2014-06-30,40.60586166381836
2014-07-01,40.937747955322266
2014-07-02,40.985172271728516
2014-07-03,41.18836975097656
2014-07-07,40.75487518310547
2014-07-08,40.1588249206543
2014-07-09,40.30105972290039
2014-07-10,39.81337356567383
2014-07-11,39.80661392211914
2014-07-14,40.08430480957031
2014-07-15,39.91496658325195
2014-07-16,40.2536506652832
2014-07-17,39.63728332519531
2014-07-18,39.94207763671875
2014-07-21,39.74564743041992
2014-07-22,39.95561981201172
2014-07-23,40.01657485961914
2014-07-24,40.1859245300293
2014-07-25,39.91496658325195
2014-07-28,39.84048080444336
2014-07-29,39.73210525512695
2014-07-30,39.63051223754883
2014-07-31,38.85158157348633
2014-08-01,38.51289749145508
2014-08-04,38.756752014160156
2014-08-05,38.26231384277344
2014-08-06,38.20134735107422
2014-08-07,37.788169860839844
2014-08-08,38.1268424987793
2014-08-11,38.20134735107422
2014-08-12,38.19456481933594
2014-08-13,38.34358596801758
2014-08-14,38.57387161254883
2014-08-15,38.54678726196289
2014-08-18,38.84480667114258
2014-08-19,38.905765533447266
2014-08-20,38.74998474121094
2014-08-21,38.98704528808594
2014-08-22,38.77029800415039
2014-08-25,39.18346405029297
2014-08-26,39.2376594543457
2014-08-27,39.37989044189453
2014-08-28,39.1157341003418
2014-08-29,39.13603973388672
2014-09-02,39.08864212036133
2014-09-03,39.440853118896484
2014-09-04,39.217342376708984
2014-09-05,39.312156677246094
2014-09-08,38.76352310180664
2014-09-09,38.74998474121094
2014-09-10,38.91254806518555
2014-09-11,38.74320602416992
2014-09-12,38.756752014160156
2014-09-15,38.73643493652344
2014-09-16,38.8786735534668
2014-09-17,38.709346771240234
2014-09-18,39.061546325683594
2014-09-19,38.905765533447266
2014-09-22,38.76352310180664
2014-09-23,38.25552749633789
2014-09-24,38.41750717163086
2014-09-25,37.77778244018555
2014-09-26,37.92749786376953
2014-09-29,37.64167404174805
2014-09-30,37.580406188964844
2014-10-01,37.17208480834961
2014-10-02,36.73651123046875
2014-10-03,36.5868034362793
2014-10-06,36.899864196777344
2014-10-07,36.13081741333008
2014-10-08,36.79096984863281
2014-10-09,35.68165969848633
2014-10-10,35.198463439941406
2014-10-13,35.191654205322266
2014-10-14,35.24611282348633
2014-10-15,34.864994049072266
2014-10-16,34.49747848510742
2014-10-17,35.280120849609375
2014-10-20,35.42986297607422
2014-10-21,35.99470901489258
2014-10-22,35.5999870300293
2014-10-23,36.08319091796875
2014-10-24,36.23291778564453
2014-10-27,36.04235076904297
2014-10-28,36.60722732543945
2014-10-29,36.219295501708984
2014-10-30,36.45749282836914
2014-10-31,36.86581802368164
2014-11-03,36.369022369384766
2014-11-04,36.307769775390625
2014-11-05,36.55957794189453
2014-11-06,36.40985107421875
2014-11-07,36.437076568603516
2014-11-10,36.600406646728516
2014-11-11,36.84540557861328
2014-11-12,36.40985107421875
2014-11-13,36.56638717651367
2014-11-14,36.57318115234375
2014-11-17,36.675262451171875
2014-11-18,37.19249725341797
2014-11-19,37.178890228271484
2014-11-20,37.02236557006836
2014-11-21,37.308197021484375
2014-11-24,37.6280403137207
2014-11-25,37.77096176147461
2014-11-26,37.92069625854492
2014-11-28,37.6280403137207
2014-12-01,37.607635498046875
2014-12-02,37.621253967285156
2014-12-03,37.546390533447266
2014-12-04,37.4102783203125
2014-12-05,37.59402847290039
2014-12-08,37.30138397216797
2014-12-09,36.95430374145508
2014-12-10,36.53915023803711
2014-12-11,36.375831604003906
2014-12-12,35.56596755981445
2014-12-15,34.96707534790039
2014-12-16,35.35499954223633
2014-12-17,35.74971008300781
2014-12-18,36.50513458251953
2014-12-19,36.369022369384766
2014-12-22,36.60920715332031
2014-12-23,36.47235870361328
2014-12-24,36.73237991333008
2014-12-26,36.75975036621094
2014-12-29,36.44497299194336
2014-12-30,36.13020706176758
2014-12-31,35.86333084106445
2015-01-02,35.67858123779297
2015-01-05,34.63846206665039
2015-01-06,34.2484245300293
2015-01-07,34.604248046875
2015-01-08,35.103782653808594
2015-01-09,34.898494720458984
2015-01-12,34.89166259765625
2015-01-13,35.04903793334961
2015-01-14,35.00797653198242
2015-01-15,35.20642852783203
2015-01-16,35.69910430908203
2015-01-20,35.94544982910156
2015-01-21,36.239688873291016
2015-01-22,36.34232711791992
2015-01-23,36.137054443359375
2015-01-26,36.71869659423828
2015-01-27,36.73237991333008
2015-01-28,36.02072525024414
2015-01-29,36.67079544067383
2015-01-30,36.048091888427734
2015-02-02,36.46549987792969
2015-02-03,37.28665542602539
2015-02-04,36.787109375
2015-02-05,37.300331115722656
2015-02-06,36.739227294921875
2015-02-09,36.595523834228516
2015-02-10,36.95819091796875
2015-02-11,36.69816589355469
2015-02-12,37.48509216308594
2015-02-13,37.608253479003906
2015-02-17,37.717735290527344
2015-02-18,37.8477668762207
2015-02-19,37.79301071166992
2015-02-20,38.27885818481445
2015-02-23,38.094112396240234
2015-02-24,38.3541374206543
2015-02-25,38.38834762573242
2015-02-26,38.189910888671875
2015-02-27,38.2446403503418
2015-03-02,38.29938507080078
2015-03-03,37.977779388427734
2015-03-04,37.840919494628906
2015-03-05,37.957252502441406
2015-03-06,37.238746643066406
2015-03-09,37.38929748535156
2015-03-10,36.47919845581055
2015-03-11,36.49972152709961
2015-03-12,36.807640075683594
2015-03-13,36.54761505126953
2015-03-16,37.0334587097168
2015-03-17,36.93082046508789
2015-03-18,37.78617477416992
2015-03-19,37.26612091064453
2015-03-20,38.23096466064453
2015-03-23,38.40203094482422
2015-03-24,38.3541374206543
2015-03-25,38.11739730834961
2015-03-26,37.738914489746094
2015-03-27,37.84901428222656
2015-03-30,37.93160629272461
2015-03-31,37.31224822998047
2015-04-01,37.676979064941406
2015-04-02,38.02105712890625
2015-04-06,38.35825729370117
2015-04-07,38.25503158569336
2015-04-08,38.35825729370117
2015-04-09,38.35138702392578
2015-04-10,38.46148681640625
2015-04-13,38.268798828125
2015-04-14,38.59224319458008
2015-04-15,38.79179000854492
2015-04-16,38.846858978271484
2015-04-17,38.28943634033203
2015-04-20,38.365142822265625
2015-04-21,38.67481994628906
2015-04-22,38.667930603027344
2015-04-23,38.88126754760742
2015-04-24,39.03266525268555
2015-04-27,39.369850158691406
2015-04-28,39.31481170654297
2015-04-29,38.991371154785156
2015-04-30,38.895023345947266
2015-05-01,39.204708099365234
2015-05-04,39.204708099365234
2015-05-05,38.56471252441406
2015-05-06,38.82620620727539
2015-05-07,38.681697845458984
2015-05-08,39.6107177734375
2015-05-11,39.45932388305664
2015-05-12,39.31481170654297
2015-05-13,39.59007263183594
2015-05-14,40.250709533691406
2015-05-15,40.20253372192383
2015-05-18,39.9616813659668
2015-05-19,39.82404327392578
2015-05-20,39.9616813659668
2015-05-21,40.188785552978516
2015-05-22,39.77587127685547
2015-05-26,38.93632125854492
2015-05-27,39.45932388305664
2015-05-28,39.43180465698242
2015-05-29,39.005130767822266
2015-06-01,38.76426696777344
2015-06-02,39.10835266113281
2015-06-03,39.41802215576172
2015-06-04,38.92942810058594
2015-06-05,38.392662048339844
2015-06-08,38.372013092041016
2015-06-09,38.22750473022461
2015-06-10,39.1702995300293
2015-06-11,39.24598693847656
2015-06-12,38.846858978271484
2015-06-15,38.44083786010742
2015-06-16,38.468360900878906
2015-06-17,38.42708969116211
2015-06-18,38.90879440307617
2015-06-19,38.736759185791016
2015-06-22,39.63824462890625
2015-06-23,39.58319091796875
2015-06-24,39.2597541809082
2015-06-25,39.24598693847656
2015-06-26,39.32917022705078
2015-06-29,37.9522590637207
2015-06-30,37.72859191894531
2015-07-01,37.91032028198242
2015-07-02,37.931278228759766
2015-07-06,37.05063247680664
2015-07-07,37.01567840576172
2015-07-08,36.484493255615234
2015-07-09,37.12750244140625
2015-07-10,38.672157287597656
2015-07-13,38.68614196777344
2015-07-14,39.0146484375
2015-07-15,38.832916259765625
2015-07-16,39.17538833618164
2015-07-17,39.063568115234375
2015-07-20,39.16839599609375
2015-07-21,39.03559875488281
2015-07-22,38.75605010986328
2015-07-23,38.630218505859375
2015-07-24,38.1968879699707
2015-07-27,37.90333557128906
2015-07-28,38.406551361083984
2015-07-29,38.51139831542969
2015-07-30,38.49742889404297
2015-07-31,38.735069274902344
2015-08-03,38.74205780029297
2015-08-04,38.672157287597656
2015-08-05,38.93076705932617
2015-08-06,38.86088180541992
2015-08-07,38.72808074951172
2015-08-10,39.14744186401367
2015-08-11,38.64421463012695
2015-08-12,38.406551361083984
2015-08-13,38.294742584228516
2015-08-14,38.378604888916016
2015-08-17,38.22484588623047
2015-08-18,38.02214431762695
2015-08-19,37.6587028503418
2015-08-20,36.819984436035156
2015-08-21,36.01620864868164
2015-08-24,35.0726432800293
2015-08-25,35.30329132080078
2015-08-26,35.904380798339844
2015-08-27,36.28179931640625
2015-08-28,36.14899826049805
2015-08-31,36.01620864868164
2015-09-01,35.0167236328125
2015-09-02,35.51997375488281
2015-09-03,35.54093933105469
2015-09-04,34.84897994995117
2015-09-08,35.86942672729492
2015-09-09,35.65974807739258
2015-09-10,36.023193359375
2015-09-11,35.96726608276367
2015-09-14,35.58287048339844
2015-09-15,35.841468811035156
2015-09-16,36.37965393066406
2015-09-17,36.5124397277832
2015-09-18,35.58287048339844
2015-09-21,35.51297378540039
2015-09-22,34.45058822631836
2015-09-23,34.31079864501953
2015-09-24,34.226924896240234
2015-09-25,34.45513153076172
2015-09-28,33.78105545043945
2015-09-29,33.89339065551758
2015-09-30,34.53235626220703
2015-10-01,34.52534103393555
2015-10-02,35.17835235595703
2015-10-05,35.79624938964844
2015-10-06,35.95072937011719
2015-10-07,36.25967788696289
2015-10-08,36.59672546386719
2015-10-09,36.60375213623047
2015-10-12,36.46331787109375
2015-10-13,36.04903793334961
2015-10-14,36.26671600341797
2015-10-15,36.75822067260742
2015-10-16,36.652896881103516
2015-10-19,36.56863784790039
2015-10-20,36.51246643066406
2015-10-21,36.322879791259766
2015-10-22,36.67396926879883
2015-10-23,36.98994064331055
2015-10-26,36.82843780517578
2015-10-27,36.4703254699707
2015-10-28,36.737152099609375
2015-10-29,36.57565689086914
2015-10-30,36.56863784790039
2015-11-02,36.99695587158203
2015-11-03,36.877593994140625
2015-11-04,36.624813079833984
2015-11-05,36.51948165893555
2015-11-06,36.315860748291016
2015-11-09,35.96477508544922
2015-11-10,35.838375091552734
2015-11-11,36.013938903808594
2015-11-12,35.4592170715332
2015-11-13,35.164306640625
2015-11-16,35.641788482666016
2015-11-17,35.69794845581055
2015-11-18,36.098182678222656
2015-11-19,36.287776947021484
2015-11-20,36.0279655456543
2015-11-23,35.761146545410156
2015-11-24,35.6488037109375
2015-11-25,35.880523681640625
2015-11-27,36.07711410522461
2015-11-30,36.11223602294922
2015-12-01,36.400123596191406
2015-12-02,35.9577522277832
2015-12-03,35.85243225097656
2015-12-04,36.24564743041992
2015-12-07,35.97882843017578
2015-12-08,35.39603042602539
2015-12-09,35.36091995239258
2015-12-10,35.234527587890625
2015-12-11,34.60258483886719
2015-12-14,34.6236457824707
2015-12-15,34.883453369140625
2015-12-16,35.53645706176758
2015-12-17,35.051971435546875
2015-12-18,34.6376953125
2015-12-21,34.822410583496094
2015-12-22,35.076236724853516
2015-12-23,35.73192596435547
2015-12-24,35.738975524902344
2015-12-28,35.633209228515625
2015-12-29,35.95754623413086
2015-12-30,35.67552947998047
2015-12-31,35.16790008544922
2016-01-04,34.65320587158203
2016-01-05,34.44873809814453
2016-01-06,33.87763977050781
2016-01-07,33.250152587890625
2016-01-08,32.96107864379883
2016-01-11,33.05978012084961
2016-01-12,33.33475875854492
2016-01-13,32.70022201538086
2016-01-14,33.12324523925781
2016-01-15,31.910547256469727
2016-01-19,32.122074127197266
2016-01-20,31.459325790405273
2016-01-21,31.78365707397461
2016-01-22,32.62266159057617
2016-01-25,32.19962692260742
2016-01-26,32.89762496948242
2016-01-27,32.601505279541016
2016-01-28,32.69315719604492
2016-01-29,33.21489715576172
2016-02-01,33.18670654296875
2016-02-02,32.27717971801758
2016-02-03,32.7918701171875
2016-02-04,32.77778244018555
2016-02-05,32.305381774902344
2016-02-08,31.431123733520508
2016-02-09,31.156152725219727
2016-02-10,31.332414627075195
2016-02-11,30.916444778442383
2016-02-12,31.466379165649414
2016-02-16,32.00221252441406
2016-02-17,32.67201614379883
2016-02-18,32.48166275024414
2016-02-19,32.47460174560547
2016-02-22,32.6438102722168
2016-02-23,32.072715759277344
2016-02-24,31.93169593811035
2016-02-25,32.368831634521484
2016-02-26,32.26308059692383
2016-02-29,32.143218994140625
2016-03-01,33.03863525390625
2016-03-02,33.07390594482422
2016-03-03,33.41936492919922
2016-03-04,33.5744743347168
2016-03-07,33.595619201660156
2016-03-08,33.21489715576172
2016-03-09,33.362953186035156
2016-03-10,33.38412094116211
2016-03-11,34.28657531738281
2016-03-14,34.194923400878906
2016-03-15,33.891456604003906
2016-03-16,34.302677154541016
2016-03-17,34.60755920410156
2016-03-18,34.572113037109375
2016-03-21,34.416141510009766
2016-03-22,34.231788635253906
2016-03-23,33.94816970825195
2016-03-24,33.714195251464844
2016-03-28,33.891456604003906
2016-03-29,34.338138580322266
2016-03-30,34.67847442626953
2016-03-31,34.4019660949707
2016-04-01,34.160888671875
2016-04-04,34.153785705566406
2016-04-05,33.522762298583984
2016-04-06,34.05452346801758
2016-04-07,33.430599212646484
2016-04-08,34.019073486328125
2016-04-11,34.0687141418457
2016-04-12,34.458675384521484
2016-04-13,34.862823486328125
2016-04-14,34.869903564453125
2016-04-15,34.77773666381836
2016-04-18,35.11098098754883
2016-04-19,35.756195068359375
2016-04-20,35.6852912902832
2016-04-21,35.40877151489258
2016-04-22,35.337867736816406
2016-04-25,35.21733474731445
2016-04-26,35.4300422668457
2016-04-27,35.62147903442383
2016-04-28,35.444236755371094
2016-04-29,35.352054595947266
2016-05-02,35.64274597167969
2016-05-03,34.92662811279297
2016-05-04,34.52248764038086
2016-05-05,34.35231399536133
2016-05-06,34.487037658691406
2016-05-09,34.4090461730957
2016-05-10,34.74937057495117
2016-05-11,34.565025329589844
2016-05-12,34.458675384521484
2016-05-13,34.104164123535156
2016-05-16,34.52248764038086
2016-05-17,34.2459716796875
2016-05-18,34.359405517578125
2016-05-19,34.14670944213867
2016-05-20,34.458675384521484
2016-05-23,34.37358093261719
2016-05-24,35.01171112060547
2016-05-25,35.40168380737305
2016-05-26,35.5222282409668
2016-05-27,35.4300422668457
2016-05-31,35.1748046875
2016-06-01,35.12517166137695
2016-06-02,35.224430084228516
2016-06-03,35.458404541015625
2016-06-06,35.55057144165039
2016-06-07,35.798736572265625
2016-06-08,35.848365783691406
2016-06-09,35.330780029296875
2016-06-10,34.13252258300781
2016-06-13,33.57948303222656
2016-06-14,32.9532470703125
2016-06-15,33.1629753112793
2016-06-16,33.322059631347656
2016-06-17,33.89332580566406
2016-06-20,34.811710357666016
2016-06-21,35.14434814453125
2016-06-22,35.158817291259766
2016-06-23,36.257972717285156
2016-06-24,32.16501998901367
2016-06-27,31.32619857788086
2016-06-28,32.35304641723633
2016-06-29,33.0111083984375
2016-06-30,33.74147033691406
2016-07-01,33.78485107421875
2016-07-05,32.721839904785156
2016-07-06,32.62059783935547
2016-07-07,32.48321533203125
2016-07-08,33.01833724975586
2016-07-11,33.510066986083984
2016-07-12,34.00178527832031
2016-07-13,34.00178527832031
2016-07-14,34.35613250732422
2016-07-15,34.146419525146484
2016-07-18,34.211517333984375
2016-07-19,33.951171875
2016-07-20,34.27659225463867
2016-07-21,34.175350189208984
2016-07-22,34.19704055786133
2016-07-25,34.23319625854492
2016-07-26,34.34889602661133
2016-07-27,34.58753967285156
2016-07-28,34.594757080078125
2016-07-29,34.912940979003906
2016-08-01,34.536922454833984
2016-08-02,34.51523208618164
2016-08-03,34.34165954589844
2016-08-04,34.50075149536133
2016-08-05,34.630924224853516
2016-08-08,34.659854888916016
2016-08-09,35.00695037841797
2016-08-10,35.158817291259766
2016-08-11,35.433597564697266
2016-08-12,35.39021682739258
2016-08-15,35.49869155883789
2016-08-16,35.484214782714844
2016-08-17,35.42638397216797
2016-08-18,35.7083854675293
2016-08-19,35.3974494934082
2016-08-22,35.42638397216797
2016-08-23,35.592689514160156
2016-08-24,35.49144744873047
2016-08-25,35.33959197998047
2016-08-26,35.14434814453125
2016-08-29,35.31067657470703
2016-08-30,35.223899841308594
2016-08-31,35.15158462524414
2016-09-01,35.433597564697266
2016-09-02,35.91809844970703
2016-09-06,36.1205940246582
2016-09-07,36.09890365600586
2016-09-08,36.106117248535156
2016-09-09,35.33236312866211
2016-09-12,35.65053939819336
2016-09-13,34.93442153930664
2016-09-14,34.941680908203125
2016-09-15,35.23249816894531
2016-09-16,34.6145133972168
2016-09-19,34.8980598449707
2016-09-20,34.97076416015625
2016-09-21,35.406982421875
2016-09-22,35.79959487915039
2016-09-23,35.523311614990234
2016-09-26,35.1598014831543
2016-09-27,35.16706848144531
2016-09-28,35.56692886352539
2016-09-29,35.02165603637695
2016-09-30,35.42879104614258
2016-10-03,35.35609436035156
2016-10-04,35.3924446105957
2016-10-05,35.523311614990234
2016-10-06,35.25430679321289
2016-10-07,34.94894027709961
2016-10-10,35.02165603637695
2016-10-11,34.49091339111328
2016-10-12,34.38185119628906
2016-10-13,34.25825881958008
2016-10-14,34.30186462402344
2016-10-17,34.17101287841797
2016-10-18,34.60722732543945
2016-10-19,34.65085220336914
2016-10-20,34.65085220336914
2016-10-21,34.54907989501953
2016-10-24,34.50545120239258
2016-10-25,34.37459182739258
2016-10-26,34.207359313964844
2016-10-27,34.24372100830078
2016-10-28,34.214637756347656
2016-10-31,34.178279876708984
2016-11-01,34.04014205932617
2016-11-02,33.814762115478516
2016-11-03,33.80022430419922
2016-11-04,33.46577453613281
2016-11-07,33.99650955200195
2016-11-08,34.09831237792969
2016-11-09,34.272804260253906
2016-11-10,34.09831237792969
2016-11-11,33.76386642456055
2016-11-14,33.473045349121094
2016-11-15,33.70571517944336
2016-11-16,33.33490753173828
2016-11-17,33.49486541748047
2016-11-18,33.15315628051758
2016-11-21,33.43669891357422
2016-11-22,33.46577453613281
2016-11-23,33.22585678100586
2016-11-25,33.50213623046875
2016-11-28,33.109527587890625
2016-11-29,33.40034866333008
2016-11-30,33.3785285949707
2016-12-01,33.327640533447266
2016-12-02,33.43669891357422
2016-12-05,33.93834686279297
2016-12-06,34.2509880065918
2016-12-07,34.71629333496094
2016-12-08,34.512725830078125
2016-12-09,34.70175552368164
2016-12-12,34.65085220336914
2016-12-13,35.02165603637695
2016-12-14,34.47636795043945
2016-12-15,34.454559326171875
2016-12-16,34.62905502319336
2016-12-19,34.50545120239258
2016-12-20,34.59749984741211
2016-12-21,34.68515396118164
2016-12-22,34.619407653808594
2016-12-23,34.75821304321289
2016-12-27,34.80936050415039
2016-12-28,34.590187072753906
2016-12-29,34.83126449584961
2016-12-30,35.02119827270508
2017-01-03,35.138084411621094
2017-01-04,35.430294036865234
2017-01-05,35.7517204284668
2017-01-06,35.57639694213867
2017-01-09,35.45220947265625
2017-01-10,35.44489669799805
2017-01-11,35.62752914428711
2017-01-12,35.6640625
2017-01-13,35.817474365234375
2017-01-17,35.817474365234375
2017-01-18,35.671363830566406
2017-01-19,35.59830856323242
2017-01-20,35.795555114746094
2017-01-23,35.91242980957031
2017-01-24,35.992801666259766
2017-01-25,36.423805236816406
2017-01-26,36.19002914428711
2017-01-27,36.182735443115234
2017-01-30,35.883216857910156
2017-01-31,36.058536529541016
2017-02-01,36.16810989379883
2017-02-02,36.13890075683594
2017-02-03,36.270389556884766
2017-02-06,35.92704391479492
2017-02-07,35.94166946411133
2017-02-08,36.00740051269531
2017-02-09,36.1316032409668
2017-02-10,36.13890075683594
2017-02-13,36.270389556884766
2017-02-14,36.2776985168457
2017-02-15,36.445716857910156
2017-02-16,36.591827392578125
2017-02-17,36.46033477783203
2017-02-21,36.467628479003906
2017-02-22,36.46033477783203
2017-02-23,36.54798889160156
2017-02-24,36.21925354003906
2017-02-27,36.30691909790039
2017-02-28,36.270389556884766
2017-03-01,36.65026092529297
2017-03-02,36.51146697998047
2017-03-03,36.803672790527344
2017-03-06,36.62834930419922
2017-03-07,36.445716857910156
2017-03-08,36.29962158203125
2017-03-09,36.57722091674805
2017-03-10,36.90595245361328
2017-03-13,37.037445068359375
2017-03-14,36.73793029785156
2017-03-15,37.27851104736328
2017-03-16,37.66569137573242
2017-03-17,37.71683120727539
2017-03-20,37.629154205322266
2017-03-21,37.51958465576172
2017-03-22,37.539424896240234
2017-03-23,37.664268493652344
2017-03-24,37.73038101196289
2017-03-27,37.891971588134766
2017-03-28,37.92869186401367
2017-03-29,37.88461685180664
2017-03-30,37.781795501708984
2017-03-31,37.87726974487305
2017-04-03,37.72304153442383
2017-04-04,37.75242233276367
2017-04-05,37.55411148071289
2017-04-06,37.67897415161133
2017-04-07,37.62020492553711
2017-04-10,37.56880187988281
2017-04-11,37.825862884521484
2017-04-12,37.847900390625
2017-04-13,37.57614517211914
2017-04-17,37.83320236206055
2017-04-18,37.65694808959961
2017-04-19,37.56144714355469
2017-04-20,37.825862884521484
2017-04-21,37.781795501708984
2017-04-24,39.16262435913086
2017-04-25,39.49312973022461
2017-04-26,39.35359191894531
2017-04-27,39.42704391479492
2017-04-28,39.35359191894531
2017-05-01,39.50782775878906
2017-05-02,39.8530387878418
2017-05-03,39.72817611694336
2017-05-04,40.30842208862305
2017-05-05,40.82990264892578
2017-05-08,40.35983657836914
2017-05-09,40.330448150634766
2017-05-10,40.425933837890625
2017-05-11,40.330448150634766
2017-05-12,40.6315803527832
2017-05-15,40.851932525634766
2017-05-16,41.241214752197266
2017-05-17,40.68300247192383
2017-05-18,40.697696685791016
2017-05-19,41.27058029174805
2017-05-22,41.38810729980469
2017-05-23,41.35137176513672
2017-05-24,41.41014099121094
2017-05-25,41.402793884277344
2017-05-26,41.21917724609375
2017-05-30,41.14573287963867
2017-05-31,41.285274505615234
2017-06-01,41.57173156738281
2017-06-02,41.843482971191406
2017-06-05,41.564388275146484
2017-06-06,41.402793884277344
2017-06-07,41.424835205078125
2017-06-08,41.277931213378906
2017-06-09,41.13103485107422
2017-06-12,40.89600372314453
2017-06-13,41.23387145996094
2017-06-14,41.18980407714844
2017-06-15,40.63892364501953
2017-06-16,41.167755126953125
2017-06-19,41.31465530395508
2017-06-20,40.8445930480957
2017-06-21,40.87960433959961
2017-06-22,40.82746505737305
2017-06-23,40.968997955322266
2017-06-26,41.06581115722656
2017-06-27,41.170108795166016
2017-06-28,41.520206451416016
2017-06-29,41.0211296081543
2017-06-30,41.073272705078125
2017-07-03,41.06581115722656
2017-07-05,41.06581115722656
2017-07-06,40.916831970214844
2017-07-07,41.02857971191406
2017-07-10,41.117958068847656
2017-07-11,41.147762298583984
2017-07-12,41.49785614013672
2017-07-13,41.6691780090332
2017-07-14,41.989479064941406
2017-07-17,41.91499328613281
2017-07-18,41.90009689331055
2017-07-19,41.989479064941406
2017-07-20,42.212955474853516
2017-07-21,41.9969367980957
2017-07-24,41.84050750732422
2017-07-25,41.93732833862305
2017-07-26,42.25020217895508
2017-07-27,42.07142639160156
2017-07-28,42.11612319946289
2017-07-31,42.235294342041016
2017-08-01,42.481117248535156
2017-08-02,42.51836013793945
2017-08-03,42.55561447143555
2017-08-04,42.64500045776367
2017-08-07,42.674781799316406
2017-08-08,42.39173126220703
2017-08-09,42.369380950927734
2017-08-10,41.706443786621094
2017-08-11,41.63193893432617
2017-08-14,41.96714401245117
2017-08-15,41.90009689331055
2017-08-16,42.15336608886719
2017-08-17,41.646846771240234
2017-08-18,41.68407440185547
2017-08-21,41.706443786621094
2017-08-22,41.92243957519531
2017-08-23,41.93732833862305
2017-08-24,41.862850189208984
2017-08-25,42.205501556396484
2017-08-28,42.183162689208984
2017-08-29,41.9969367980957
2017-08-30,41.92988586425781
2017-08-31,42.265098571777344
2017-09-01,42.3470344543457
2017-09-05,42.10121536254883
2017-09-06,42.4289665222168
2017-09-07,42.823768615722656
2017-09-08,42.80140686035156
2017-09-11,43.151519775390625
2017-09-12,43.31538772583008
2017-09-13,43.032325744628906
2017-09-14,43.20366287231445
2017-09-15,43.24090576171875
2017-09-18,43.30792999267578
2017-09-19,43.523956298828125
2017-09-20,43.40504455566406
2017-09-21,43.39756774902344
2017-09-22,43.52471160888672
2017-09-25,43.195640563964844
2017-09-26,43.03860855102539
2017-09-27,43.0909538269043
2017-09-28,43.277915954589844
2017-09-29,43.62194061279297
2017-10-02,43.49480056762695
2017-10-03,43.66679000854492
2017-10-04,43.584529876708984
2017-10-05,43.53217697143555
2017-10-06,43.479827880859375
2017-10-09,43.457401275634766
2017-10-10,43.92854690551758
2017-10-11,44.02576446533203
2017-10-12,43.9659423828125
2017-10-13,44.01080322265625
2017-10-16,43.89115524291992
2017-10-17,43.69670486450195
2017-10-18,43.921058654785156
2017-10-19,43.78645324707031
2017-10-20,43.68174362182617
2017-10-23,43.53217697143555
2017-10-24,43.53217697143555
2017-10-25,43.50227355957031
2017-10-26,43.40504455566406
2017-10-27,43.345237731933594
2017-10-30,43.60697937011719
2017-10-31,43.823848724365234
2017-11-01,43.77898406982422
2017-11-02,43.89115524291992
2017-11-03,43.808895111083984
2017-11-06,43.87620162963867
2017-11-07,43.50227355957031
2017-11-08,43.52471160888672
2017-11-09,43.21059799194336
2017-11-10,43.13582992553711
2017-11-13,42.90399169921875
2017-11-14,43.053565979003906
2017-11-15,42.829200744628906
2017-11-16,43.15827178955078
2017-11-17,43.023643493652344
2017-11-20,43.0909538269043
2017-11-21,43.36018753051758
2017-11-22,43.50227355957031
2017-11-24,43.89863967895508
2017-11-27,43.59201431274414
2017-11-28,43.86124038696289
2017-11-29,43.704185485839844
2017-11-30,43.80141067504883
2017-12-01,43.62194061279297
2017-12-04,43.569583892822266
2017-12-05,43.41252899169922
2017-12-06,43.31529998779297
2017-12-07,43.434959411621094
2017-12-08,43.689231872558594
2017-12-11,43.726627349853516
2017-12-12,43.76402282714844
2017-12-13,43.823848724365234
2017-12-14,43.60697937011719
2017-12-15,43.577064514160156
2017-12-18,44.14542007446289
2017-12-19,44.118350982666016
2017-12-20,43.967994689941406
2017-12-21,44.17099380493164
2017-12-22,44.216094970703125
2017-12-26,44.19355010986328
2017-12-27,44.34389877319336
2017-12-28,44.44916915893555
2017-12-29,44.47172546386719
2018-01-02,44.76495361328125
2018-01-03,44.922828674316406
2018-01-04,45.449119567871094
2018-01-05,45.75737762451172
2018-01-08,45.62956619262695
2018-01-09,45.70474624633789
2018-01-10,45.53182601928711
2018-01-11,45.85512924194336
2018-01-12,46.44156265258789
2018-01-16,46.45660400390625
2018-01-17,46.65208435058594
2018-01-18,46.71223068237305
2018-01-19,46.94529724121094
2018-01-22,47.24604415893555
2018-01-23,47.35129165649414
2018-01-24,47.516700744628906
2018-01-25,47.32122802734375
2018-01-26,47.734745025634766
2018-01-29,47.261070251464844
2018-01-30,46.94529724121094
2018-01-31,46.97536849975586
2018-02-01,47.05055618286133
2018-02-02,45.88519287109375
2018-02-05,43.95295333862305
2018-02-06,44.96793746948242
2018-02-07,44.39653778076172
2018-02-08,43.3213996887207
2018-02-09,43.494327545166016
2018-02-12,44.06572723388672
2018-02-13,43.96046447753906
2018-02-14,44.862693786621094
2018-02-15,45.170936584472656
2018-02-16,45.21605682373047
2018-02-20,44.77245330810547
2018-02-21,44.54690170288086
2018-02-22,44.7348747253418
2018-02-23,45.05815887451172
2018-02-26,45.32883071899414
2018-02-27,44.57698059082031
2018-02-28,44.08828353881836
2018-03-01,43.60710144042969
2018-03-02,43.65220642089844
2018-03-05,43.95295333862305
2018-03-06,44.291282653808594
2018-03-07,44.4040641784668
2018-03-08,44.46420669555664
2018-03-09,44.71231460571289
2018-03-12,44.77245330810547
2018-03-13,44.38902282714844
2018-03-14,44.479244232177734
2018-03-15,44.486759185791016
2018-03-16,44.486759185791016
2018-03-19,44.26120376586914
2018-03-20,44.18601989746094
2018-03-21,44.26120376586914
2018-03-22,43.268775939941406
2018-03-23,43.005615234375
2018-03-26,43.87295913696289
2018-03-27,43.351646423339844
2018-03-28,43.63119888305664
2018-03-29,43.93339920043945
2018-04-02,43.351646423339844
2018-04-03,43.661415100097656
2018-04-04,43.744529724121094
2018-04-05,44.152503967285156
2018-04-06,44.00895309448242
2018-04-09,44.34894561767578
2018-04-10,44.90802764892578
2018-04-11,44.67381286621094
2018-04-12,44.97601318359375
2018-04-13,45.013790130615234
2018-04-16,45.08934783935547
2018-04-17,45.39909362792969
2018-04-18,45.54265594482422
2018-04-19,45.414222717285156
2018-04-20,45.2177734375
2018-04-23,45.22533416748047
2018-04-24,44.98357391357422
2018-04-25,44.80224609375
2018-04-26,45.05158615112305
2018-04-27,45.09688949584961
2018-04-30,44.8777961730957
2018-05-01,44.628475189208984
2018-05-02,44.65869140625
2018-05-03,44.84001541137695
2018-05-04,45.33111572265625
2018-05-07,44.95336151123047
2018-05-08,44.91557312011719
2018-05-09,45.20267868041992
2018-05-10,45.436893463134766
2018-05-11,45.519996643066406
2018-05-14,45.49732208251953
2018-05-15,45.20267868041992
2018-05-16,45.270668029785156
2018-05-17,45.42176818847656
2018-05-18,45.2177734375
2018-05-21,45.53510665893555
2018-05-22,45.54265594482422
2018-05-23,44.90046691894531
2018-05-24,44.79468536376953
2018-05-25,44.40937805175781
2018-05-29,43.155216217041016
2018-05-30,43.93339920043945
2018-05-31,43.789859771728516
2018-06-01,44.160057067871094
2018-06-04,44.25828170776367
2018-06-05,44.1751708984375
2018-06-06,44.59825134277344
2018-06-07,44.3111572265625
2018-06-08,44.36404800415039
2018-06-11,44.80224609375
2018-06-12,44.53025817871094
2018-06-13,44.63603973388672
2018-06-14,44.59825134277344
2018-06-15,44.26582717895508
2018-06-18,43.8880729675293
2018-06-19,43.525421142578125
2018-06-20,43.53296661376953
2018-06-21,43.16276931762695
2018-06-22,43.748348236083984
2018-06-25,43.11654281616211
2018-06-26,43.07802200317383
2018-06-27,42.708187103271484
2018-06-28,42.792945861816406
2018-06-29,43.247528076171875
2018-07-02,42.90080642700195
2018-07-03,43.10113525390625
2018-07-05,43.67900848388672
2018-07-06,43.902435302734375
2018-07-09,44.195228576660156
2018-07-10,44.31849670410156
2018-07-11,43.49409103393555
2018-07-12,43.910152435302734
2018-07-13,43.979496002197266
2018-07-16,44.01801300048828
2018-07-17,43.979496002197266
2018-07-18,44.01801300048828
2018-07-19,43.89474105834961
2018-07-20,44.14899826049805
2018-07-23,44.06423568725586
2018-07-24,44.31849670410156
2018-07-25,44.65753173828125
2018-07-26,44.37244415283203
2018-07-27,44.46489715576172
2018-07-30,44.59588623046875
2018-07-31,44.71915817260742
2018-08-01,44.410972595214844
2018-08-02,44.02572250366211
2018-08-03,44.1181755065918
2018-08-06,43.87932586669922
2018-08-07,44.195228576660156
2018-08-08,44.164398193359375
2018-08-09,44.01801300048828
2018-08-10,43.03179168701172
2018-08-13,42.90080642700195
2018-08-14,42.792945861816406
2018-08-15,42.06866455078125
2018-08-16,42.39229202270508
2018-08-17,42.631141662597656
2018-08-20,42.94703674316406
2018-08-21,43.417030334472656
2018-08-22,43.56343078613281
2018-08-23,43.270633697509766
2018-08-24,43.648189544677734
2018-08-27,44.195228576660156
2018-08-28,44.13358688354492
2018-08-29,44.35702896118164
2018-08-30,43.9255485534668
2018-08-31,43.45555877685547
2018-09-04,43.10113525390625
2018-09-05,42.83146667480469
2018-09-06,42.63883590698242
2018-09-07,42.31523895263672
2018-09-10,42.700469970703125
2018-09-11,42.708187103271484
2018-09-12,42.90080642700195
2018-09-13,43.20899963378906
2018-09-14,43.108848571777344
2018-09-17,43.2013053894043
2018-09-18,43.43244171142578
2018-09-19,43.5326042175293
2018-09-20,44.24916458129883
2018-09-21,44.21064376831055
2018-09-24,44.033424377441406
2018-09-25,44.24916458129883
2018-09-26,44.19656753540039
2018-09-27,44.010929107666016
2018-09-28,43.4849739074707
2018-10-01,43.51590347290039
2018-10-02,43.23744583129883
2018-10-03,43.37667465209961
2018-10-04,42.827518463134766
2018-10-05,42.49491882324219
2018-10-08,42.06950378417969
2018-10-09,42.030826568603516
2018-10-10,41.172271728515625
2018-10-11,40.66950607299805
2018-10-12,40.80873489379883
2018-10-15,40.777801513671875
2018-10-16,41.54352951049805
2018-10-17,41.13359832763672
2018-10-18,40.46066665649414
2018-10-19,40.73911666870117
2018-10-22,40.44520950317383
2018-10-23,40.12807083129883
2018-10-24,38.99105453491211
2018-10-25,39.52476119995117
2018-10-26,39.33140182495117
2018-10-29,39.37005615234375
2018-10-30,39.725860595703125
2018-10-31,40.05072021484375
2018-11-01,40.70044708251953
2018-11-02,40.73911666870117
2018-11-05,40.731388092041016
2018-11-06,40.81645965576172
2018-11-07,41.36563491821289
2018-11-08,40.86288070678711
2018-11-09,40.677242279052734
2018-11-12,39.81867599487305
2018-11-13,40.1048583984375
2018-11-14,40.197689056396484
2018-11-15,40.12034606933594
2018-11-16,40.1048583984375
2018-11-19,39.749061584472656
2018-11-20,39.014259338378906
2018-11-21,39.58662796020508
2018-11-23,39.25403594970703
2018-11-26,39.88829040527344
2018-11-27,39.66397476196289
2018-11-28,40.2286262512207
2018-11-29,40.035255432128906
2018-11-30,39.780006408691406
2018-12-03,40.251827239990234
2018-12-04,39.27724075317383
2018-12-06,38.789955139160156
2018-12-07,38.41094207763672
2018-12-10,38.07835006713867
2018-12-11,38.21757888793945
2018-12-12,38.92144775390625
2018-12-13,38.8286247253418
2018-12-14,38.24851608276367
2018-12-17,37.884979248046875
2018-12-18,37.90818786621094
2018-12-19,37.645198822021484
2018-12-20,37.475032806396484
2018-12-21,37.02641677856445
2018-12-24,36.58343505859375
2018-12-26,37.49432373046875
2018-12-27,37.32304763793945
2018-12-28,37.68116760253906
2018-12-31,37.852447509765625
2019-01-02,37.64223861694336
2019-01-03,37.36198043823242
2019-01-04,38.48306655883789
2019-01-07,38.65433883666992
2019-01-08,38.96575164794922
2019-01-09,39.45623016357422
2019-01-10,39.502952575683594
2019-01-11,39.33945083618164
2019-01-14,39.14481735229492
2019-01-15,39.1915283203125
2019-01-16,39.26160430908203
2019-01-17,39.42509460449219
2019-01-18,39.892208099365234
2019-01-22,39.3705940246582
2019-01-23,39.674224853515625
2019-01-24,39.61973190307617
2019-01-25,40.04791259765625
2019-01-28,39.86107635498047
2019-01-29,40.0634880065918
2019-01-30,40.42940902709961
2019-01-31,40.382686614990234
2019-02-01,40.42940902709961
2019-02-04,40.53839874267578
2019-02-05,40.89653396606445
2019-02-06,40.74859619140625
2019-02-07,40.14134216308594
2019-02-08,39.99342346191406
2019-02-11,39.92334747314453
2019-02-12,40.367122650146484
2019-02-13,40.3515510559082
2019-02-14,40.3515510559082
2019-02-15,40.97438049316406
2019-02-19,41.20014572143555
2019-02-20,41.40258026123047
2019-02-21,41.215728759765625
2019-02-22,41.3636474609375
2019-02-25,41.44929122924805
2019-02-26,41.760704040527344
2019-02-27,41.58942413330078
2019-02-28,41.65948486328125
2019-03-01,41.95534133911133
2019-03-04,41.78404998779297
2019-03-05,41.83854675292969
2019-03-06,41.75291442871094
2019-03-07,41.09116744995117
2019-03-08,41.1145133972168
2019-03-11,41.45707702636719
2019-03-12,41.44150161743164
2019-03-13,41.93199157714844
2019-03-14,42.09547424316406
2019-03-15,42.55481719970703
2019-03-18,42.7338752746582
2019-03-19,42.87400817871094
2019-03-20,42.92072677612305
2019-03-21,42.741661071777344
2019-03-22,41.745140075683594
2019-03-25,41.74983215332031
2019-03-26,41.890777587890625
2019-03-27,41.9925651550293
2019-03-28,41.78115463256836
2019-03-29,41.976905822753906
2019-04-01,42.5250129699707
2019-04-02,42.705101013183594
2019-04-03,43.09659957885742
2019-04-04,42.979148864746094
2019-04-05,43.09659957885742
2019-04-08,43.14357376098633
2019-04-09,42.89302444458008
2019-04-10,43.07311248779297
2019-04-11,43.08876419067383
2019-04-12,43.37065887451172
2019-04-15,43.44895553588867
2019-04-16,43.480262756347656
2019-04-17,43.629051208496094
2019-04-18,43.511592864990234
2019-04-22,43.55073928833008
2019-04-23,43.50375747680664
2019-04-24,43.229705810546875
2019-04-25,43.15923309326172
2019-04-26,43.25320053100586
2019-04-29,43.43330001831055
2019-04-30,43.621212005615234
2019-05-01,43.268856048583984
2019-05-02,43.12009811401367
2019-05-03,43.55856704711914
2019-05-06,43.151405334472656
2019-05-07,42.352745056152344
2019-05-08,42.564151763916016
2019-05-09,42.30575942993164
2019-05-10,42.63462448120117
2019-05-13,41.616722106933594
2019-05-14,42.01605224609375
2019-05-15,42.20397186279297
2019-05-16,42.564151763916016
2019-05-17,42.290096282958984
2019-05-20,42.000396728515625
2019-05-21,42.30575942993164
2019-05-22,42.156986236572266
2019-05-23,41.65586853027344
2019-05-24,42.141326904296875
2019-05-28,41.671539306640625
2019-05-29,41.30350875854492
2019-05-30,41.52275848388672
2019-05-31,41.14691162109375
2019-06-03,41.43662643432617
2019-06-04,41.961238861083984
2019-06-05,41.945579528808594
2019-06-06,42.16481399536133
2019-06-07,42.72075271606445
2019-06-10,42.78339767456055
2019-06-11,43.05744552612305
2019-06-12,42.77555847167969
2019-06-13,42.82255172729492
2019-06-14,42.4702033996582
2019-06-17,42.42238235473633
2019-06-18,43.07600021362305
2019-06-19,43.25136184692383
2019-06-20,43.6499137878418
2019-06-21,43.6180419921875
2019-06-24,43.71369552612305
2019-06-25,43.38687515258789
2019-06-26,43.4586067199707
2019-06-27,43.46658706665039
2019-06-28,43.76152420043945
2019-07-01,43.920936584472656
2019-07-02,44.00864028930664
2019-07-03,44.351383209228516
2019-07-05,43.90499496459961
2019-07-08,43.69774627685547
2019-07-09,43.5144157409668
2019-07-10,43.6499137878418
2019-07-11,43.62601089477539
2019-07-12,43.6419563293457
2019-07-15,43.705711364746094
2019-07-16,43.5622444152832
2019-07-17,43.4586067199707
2019-07-18,43.6499137878418
2019-07-19,43.40282440185547
2019-07-22,43.498470306396484
2019-07-23,43.76152420043945
2019-07-24,43.745574951171875
2019-07-25,43.33107376098633
2019-07-26,43.498470306396484
2019-07-29,43.5622444152832
2019-07-30,42.87672424316406
2019-07-31,42.62164306640625
2019-08-01,42.45425033569336
2019-08-02,42.06367492675781
2019-08-05,41.170894622802734
2019-08-06,41.39409637451172
2019-08-07,41.55350875854492
2019-08-08,41.928157806396484
2019-08-09,41.72887420654297
2019-08-12,41.42597961425781
2019-08-13,41.76075744628906
2019-08-14,40.57306671142578
2019-08-15,40.565101623535156
2019-08-16,41.0911979675293
2019-08-19,41.39409637451172
2019-08-20,41.18684768676758
2019-08-21,41.67307662963867
2019-08-22,41.5933723449707
2019-08-23,41.09916305541992
2019-08-26,41.37017822265625
2019-08-27,41.39409637451172
2019-08-28,41.322349548339844
2019-08-29,41.72887420654297
2019-08-30,41.9201774597168
2019-09-03,41.75279998779297
2019-09-04,42.44628143310547
2019-09-05,42.65353012084961
2019-09-06,42.773094177246094
2019-09-09,42.78904342651367
2019-09-10,42.83686447143555
2019-09-11,43.06802749633789
2019-09-12,43.34701919555664
2019-09-13,43.48252868652344
2019-09-16,43.07600021362305
2019-09-17,43.25932693481445
2019-09-18,43.23542785644531
2019-09-19,43.370933532714844
2019-09-20,43.219482421875
2019-09-23,43.10789108276367
2019-09-24,42.868919372558594
2019-09-25,42.620338439941406
2019-09-26,42.83685302734375
2019-09-27,42.83685302734375
2019-09-30,42.98920440673828
2019-10-01,42.5161018371582
2019-10-02,41.457603454589844
2019-10-03,41.7623176574707
2019-10-04,42.09910202026367
2019-10-07,42.09910202026367
2019-10-08,41.61798858642578
2019-10-09,41.97882843017578
2019-10-10,42.37175369262695
2019-10-11,43.28589630126953
2019-10-14,43.125526428222656
2019-10-15,43.6788215637207
2019-10-16,43.73496627807617
2019-10-17,43.943443298339844
2019-10-18,43.991573333740234
2019-10-21,44.19203567504883
2019-10-22,44.00760269165039
2019-10-23,44.26420593261719
2019-10-24,44.37646484375
2019-10-25,44.36845397949219
2019-10-28,44.592987060546875
2019-10-29,44.5368537902832
2019-10-30,44.77742004394531
2019-10-31,44.64109420776367
2019-11-01,44.977882385253906
2019-11-04,45.202415466308594
2019-11-05,45.10618591308594
2019-11-06,45.08213424682617
2019-11-07,45.17835235595703
2019-11-08,45.1302490234375
2019-11-11,45.12222671508789
2019-11-12,45.09016036987305
2019-11-13,45.00996017456055
2019-11-14,44.977882385253906
2019-11-15,45.258548736572266
2019-11-18,45.33071517944336
2019-11-19,45.258548736572266
2019-11-20,44.96987533569336
2019-11-21,44.91373825073242
2019-11-22,44.98590087890625
2019-11-25,45.354774475097656
2019-11-26,45.41091537475586
2019-11-27,45.49109649658203
2019-11-29,45.218448638916016
2019-12-02,44.953834533691406
2019-12-03,44.74533462524414
2019-12-04,45.14628219604492
2019-12-05,45.15431594848633
2019-12-06,45.51514434814453
2019-12-09,45.31468200683594
2019-12-10,45.354774475097656
2019-12-11,45.5953369140625
2019-12-12,45.94816970825195
2019-12-13,46.42129135131836
2019-12-16,47.022708892822266
2019-12-17,46.685909271240234
2019-12-18,46.59770202636719
2019-12-19,46.65383529663086
2019-12-20,46.70195770263672
2019-12-23,46.87211608886719
2019-12-24,46.8479118347168
2019-12-26,47.081790924072266
2019-12-27,47.2995491027832
2019-12-30,46.92856216430664
2019-12-31,47.25921630859375
2020-01-02,47.654380798339844
2020-01-03,47.05760955810547
2020-01-06,47.23503112792969
2020-01-07,47.00114822387695
2020-01-08,47.122108459472656
2020-01-09,47.17051696777344
2020-01-10,46.9446907043457
2020-01-13,47.17857360839844
2020-01-14,47.21083450317383
2020-01-15,47.226966857910156
2020-01-16,47.45276641845703
2020-01-17,47.63825988769531
2020-01-21,47.29148483276367
2020-01-22,47.33987045288086
2020-01-23,47.14630889892578
2020-01-24,46.976959228515625
2020-01-27,46.00918960571289
2020-01-28,46.485008239746094
2020-01-29,46.54145812988281
2020-01-30,46.51726531982422
2020-01-31,45.79950714111328
2020-02-03,45.815635681152344
2020-02-04,46.58177185058594
2020-02-05,47.041465759277344
2020-02-06,47.122108459472656
2020-02-07,46.670494079589844
2020-02-10,46.8156623840332
2020-02-11,47.16244888305664
2020-02-12,47.45276641845703
2020-02-13,47.138240814208984
2020-02-14,47.14630889892578
2020-02-18,46.9446907043457
2020-02-19,47.25115203857422
2020-02-20,46.96889877319336
2020-02-21,46.8156623840332
2020-02-24,44.79948425292969
2020-02-25,43.78333282470703
2020-02-26,43.823646545410156
2020-02-27,42.460716247558594
2020-02-28,42.15425109863281
2020-03-02,42.85588073730469
2020-03-03,42.49297332763672
2020-03-04,43.96073913574219
2020-03-05,42.476844787597656
2020-03-06,41.896183013916016
2020-03-09,38.2831916809082
2020-03-10,39.6380615234375
2020-03-11,37.363826751708984
2020-03-12,33.129844665527344
2020-03-13,35.19441223144531
2020-03-16,31.04914665222168
2020-03-17,32.347572326660156
2020-03-18,29.960407257080078
2020-03-19,30.694293975830078
2020-03-20,30.27492904663086
2020-03-23,30.117431640625
2020-03-24,32.84505844116211
2020-03-25,34.08710861206055
2020-03-26,35.7593879699707
2020-03-27,34.57417678833008
2020-03-30,35.15053939819336
2020-03-31,35.134315490722656
2020-04-01,33.59191131591797
2020-04-02,34.23322296142578
2020-04-03,33.51884460449219
2020-04-06,35.17490005493164
2020-04-07,35.38595962524414
2020-04-08,35.921749114990234
2020-04-09,36.822837829589844
2020-04-13,36.31952667236328
2020-04-14,36.936485290527344
2020-04-15,35.42656326293945
2020-04-16,35.5320930480957
2020-04-17,36.73353958129883
2020-04-20,36.20587921142578
2020-04-21,35.46714782714844
2020-04-22,36.035404205322266
2020-04-23,35.81620788574219
2020-04-24,36.31952667236328
2020-04-27,36.79848861694336
2020-04-28,36.977081298828125
2020-04-29,38.09735107421875
2020-04-30,37.39921188354492
2020-05-01,36.61988830566406
2020-05-04,36.60366439819336
2020-05-05,36.47376251220703
2020-05-06,36.238338470458984
2020-05-07,36.871543884277344
2020-05-08,37.496620178222656
2020-05-11,37.29368209838867
2020-05-12,36.822837829589844
2020-05-13,36.36011505126953
2020-05-14,36.035404205322266
2020-05-15,36.10034942626953
2020-05-18,37.73204803466797
2020-05-19,37.17190933227539
2020-05-20,38.04051971435547
2020-05-21,37.69956588745117
2020-05-22,37.65086364746094
2020-05-26,38.66560363769531
2020-05-27,39.136444091796875
2020-05-28,39.542335510253906
2020-05-29,39.58292770385742
2020-06-01,40.47589111328125
2020-06-02,40.9223747253418
2020-06-03,42.05888366699219
2020-06-04,42.0507698059082
2020-06-05,42.80574035644531
2020-06-08,43.32527542114258
2020-06-09,42.554080963134766
2020-06-10,42.367366790771484
2020-06-11,39.8832893371582
2020-06-12,40.63825225830078
2020-06-15,41.027915954589844
2020-06-16,41.47440719604492
2020-06-17,41.604286193847656
2020-06-18,41.30392074584961
2020-06-19,41.084739685058594
2020-06-22,41.670806884765625
2020-06-23,41.924217224121094
2020-06-24,40.74715805053711
2020-06-25,41.384727478027344
2020-06-26,40.6899299621582
2020-06-29,41.155845642089844
2020-06-30,41.13950729370117
2020-07-01,41.45011901855469
2020-07-02,41.84247589111328
2020-07-06,42.58628845214844
2020-07-07,41.932376861572266
2020-07-08,42.471858978271484
2020-07-09,41.85881423950195
2020-07-10,42.259342193603516
2020-07-13,42.014122009277344
2020-07-14,42.71707534790039
2020-07-15,43.22386932373047
2020-07-16,43.084903717041016
2020-07-17,43.346473693847656
2020-07-20,43.69795227050781
2020-07-21,43.8042106628418
2020-07-22,44.073951721191406
2020-07-23,43.65708541870117
2020-07-24,43.33831024169922
2020-07-27,43.8287353515625
2020-07-28,43.60803985595703
2020-07-29,44.180213928222656
2020-07-30,43.56716537475586
2020-07-31,42.64351272583008
2020-08-03,43.485435485839844
2020-08-04,43.6325569152832
2020-08-05,43.91046905517578
2020-08-06,43.959529876708984
2020-08-07,43.73881912231445
2020-08-10,43.81239318847656
2020-08-11,43.98403549194336
2020-08-12,44.940399169921875
2020-08-13,44.727867126464844
2020-08-14,44.27013397216797
2020-08-17,44.66248321533203
2020-08-18,44.613433837890625
2020-08-19,44.409080505371094
2020-08-20,44.31917190551758
2020-08-21,43.975868225097656
2020-08-24,44.62978744506836
2020-08-25,44.670654296875
2020-08-26,45.0711784362793
2020-08-27,44.53987503051758
2020-08-28,44.891353607177734
2020-08-31,44.48264694213867
2020-09-01,44.43361282348633
2020-09-02,45.10387420654297
2020-09-03,43.943172454833984
2020-09-04,44.13117980957031
2020-09-08,43.47726058959961
2020-09-09,44.515350341796875
2020-09-10,43.90229415893555
2020-09-11,44.294639587402344
2020-09-14,44.44178009033203
2020-09-15,44.760562896728516
2020-09-16,44.71969223022461
2020-09-17,44.80961227416992
2020-09-18,44.449954986572266
2020-09-21,43.06328582763672
2020-09-22,42.96464157104492
2020-09-23,42.33994674682617
2020-09-24,42.364601135253906
2020-09-25,42.48789978027344
2020-09-28,43.277000427246094
2020-09-29,43.23590087890625
2020-09-30,43.096168518066406
2020-10-01,43.43317413330078
2020-10-02,43.416744232177734
2020-10-05,44.19761276245117
2020-10-06,43.589359283447266
2020-10-07,43.959232330322266
2020-10-08,44.37022399902344
2020-10-09,44.79766082763672
2020-10-12,45.101783752441406
2020-10-13,44.386661529541016
2020-10-14,44.26336669921875
2020-10-15,43.58113098144531
2020-10-16,43.901702880859375
2020-10-19,43.69620132446289
2020-10-20,44.04144287109375
2020-10-21,43.564693450927734
2020-10-22,43.58113098144531
2020-10-23,43.98388671875
2020-10-26,42.93998336791992
2020-10-27,42.38926696777344
2020-10-28,40.753536224365234
2020-10-29,40.89326477050781
2020-10-30,40.761749267578125
2020-11-02,41.34535217285156
2020-11-03,42.570106506347656
2020-11-04,43.16192626953125
2020-11-05,44.21406173706055
2020-11-06,44.36199951171875
2020-11-09,45.660728454589844
2020-11-10,46.3265266418457
2020-11-11,46.72929382324219
2020-11-12,46.096378326416016
2020-11-13,46.819705963134766
2020-11-16,47.312896728515625
2020-11-17,47.3046760559082
2020-11-18,47.041656494140625
2020-11-19,47.37043762207031
2020-11-20,47.34577560424805
2020-11-23,47.29645538330078
2020-11-24,48.028018951416016
2020-11-25,48.03623962402344
2020-11-27,48.2581672668457
2020-11-30,47.44441604614258
2020-12-01,48.644500732421875
2020-12-02,48.603397369384766
2020-12-03,48.7513542175293
2020-12-04,49.18700408935547
2020-12-07,48.89931106567383
2020-12-08,49.071929931640625
2020-12-09,49.04726791381836
2020-12-10,48.99794387817383
2020-12-11,48.669158935546875
2020-12-14,48.726688385009766
2020-12-15,49.392494201660156
2020-12-16,49.630859375
2020-12-17,50.04185485839844
2020-12-18,50.0898323059082
2020-12-21,49.405670166015625
2020-12-22,49.31411361694336
2020-12-23,49.971649169921875
2020-12-24,50.09648895263672
2020-12-28,50.43773651123047
2020-12-29,50.80394744873047
2020-12-30,50.73735809326172
2020-12-31,50.138099670410156
2021-01-04,50.78730010986328
2021-01-05,51.24507522583008
2021-01-06,51.8526496887207
2021-01-07,52.01078414916992
2021-01-08,52.25215530395508
2021-01-11,51.42817306518555
2021-01-12,51.6695442199707
2021-01-13,51.51141357421875
2021-01-14,51.87762451171875
2021-01-15,50.978729248046875
2021-01-19,51.43649673461914
2021-01-20,51.7610969543457
2021-01-21,51.9525146484375
2021-01-22,51.577999114990234
2021-01-25,51.24507522583008
2021-01-26,51.45314407348633
2021-01-27,50.22966384887695
2021-01-28,50.6624641418457
2021-01-29,49.68865203857422
2021-02-01,50.33785629272461
2021-02-02,50.87053298950195
2021-02-03,50.920467376708984
2021-02-04,50.96209716796875
2021-02-05,51.295013427734375
2021-02-08,51.43649673461914
2021-02-09,51.73612594604492
2021-02-10,51.50308609008789
2021-02-11,51.91092300415039
2021-02-12,52.22718811035156
2021-02-16,52.726566314697266
2021-02-17,52.177242279052734
2021-02-18,52.02743911743164
2021-02-19,52.135643005371094
2021-02-22,51.97750473022461
2021-02-23,52.00246810913086
2021-02-24,52.426944732666016
2021-02-25,51.553016662597656
2021-02-26,50.97041702270508
2021-03-01,51.86097717285156
2021-03-02,52.0357666015625
2021-03-03,51.686195373535156
2021-03-04,51.07861328125
2021-03-05,51.43649673461914
2021-03-08,51.36991500854492
2021-03-09,52.1689338684082
2021-03-10,52.51849365234375
2021-03-11,53.00123596191406
2021-03-12,52.967933654785156
2021-03-15,52.893028259277344
2021-03-16,52.959625244140625
2021-03-17,53.234283447265625
2021-03-18,52.576751708984375
2021-03-19,52.61004638671875
2021-03-22,52.79478454589844
2021-03-23,52.0257682800293
2021-03-24,51.93382263183594
2021-03-25,52.20130157470703
2021-03-26,52.89508819580078
2021-03-29,52.694480895996094
2021-03-30,52.744625091552734
2021-03-31,52.661033630371094
2021-04-01,53.505287170410156
2021-04-05,54.42477035522461
2021-04-06,53.93159103393555
2021-04-07,54.048614501953125
2021-04-08,54.42477035522461
2021-04-09,54.49164581298828
2021-04-12,54.24087905883789
2021-04-13,54.575233459472656
2021-04-14,54.600311279296875
2021-04-15,55.076751708984375
2021-04-16,55.728755950927734
2021-04-19,55.762184143066406
2021-04-20,54.784202575683594
2021-04-21,55.285736083984375
2021-04-22,55.093482971191406
2021-04-23,55.636802673339844
2021-04-26,55.80398941040039
2021-04-27,55.820701599121094
2021-04-28,55.99623107910156
2021-04-29,56.012977600097656
2021-04-30,55.17707824707031
2021-05-03,55.887577056884766
2021-05-04,54.951385498046875
2021-05-05,55.7454833984375
2021-05-06,56.16341018676758
2021-05-07,57.01604080200195
2021-05-10,56.58137130737305
2021-05-11,55.929378509521484
2021-05-12,55.30244827270508
2021-05-13,55.75382995605469
2021-05-14,56.78197479248047
2021-05-17,56.75690460205078
2021-05-18,56.80704116821289
2021-05-19,56.18849182128906
2021-05-20,57.05781173706055
2021-05-21,57.09126281738281
2021-05-24,57.45903396606445
2021-05-25,57.48412322998047
2021-05-26,57.316951751708984
2021-05-27,57.492488861083984
2021-05-28,57.634586334228516
2021-06-01,58.077598571777344
2021-06-02,58.16119384765625
2021-06-03,57.751617431640625
2021-06-04,58.22807312011719
2021-06-07,58.495540618896484
2021-06-08,58.4871826171875
2021-06-09,58.38688278198242
2021-06-10,58.46210479736328
2021-06-11,58.65437698364258
2021-06-14,58.804832458496094
2021-06-15,58.81319808959961
2021-06-16,58.236412048339844
2021-06-17,57.70145034790039
2021-06-18,56.572994232177734
2021-06-21,57.41813659667969
2021-06-22,57.43503952026367
2021-06-23,57.080078125
2021-06-24,57.62942123413086
2021-06-25,57.74773406982422
2021-06-28,57.299827575683594
2021-06-29,57.3336181640625
2021-06-30,56.84345626831055
2021-07-01,57.18149185180664
2021-07-02,57.342063903808594
2021-07-06,56.97867202758789
2021-07-07,57.3336181640625
2021-07-08,56.59836196899414
2021-07-09,57.49419021606445
2021-07-12,57.77308654785156
2021-07-13,57.40967559814453
2021-07-14,57.50263977050781
2021-07-15,56.88570022583008
2021-07-16,56.50539016723633
2021-07-19,55.35601806640625
2021-07-20,55.68562316894531
2021-07-21,56.7504768371582
2021-07-22,56.84345626831055
2021-07-23,57.3336181640625
2021-07-26,57.5533561706543
2021-07-27,57.42658615112305
2021-07-28,57.72237777709961
2021-07-29,58.170310974121094
2021-07-30,57.89985275268555
2021-08-02,58.170310974121094
2021-08-03,58.59287643432617
2021-08-04,58.54215621948242
2021-08-05,58.846405029296875
2021-08-06,58.525264739990234
2021-08-09,58.482994079589844
2021-08-10,58.64357376098633
2021-08-11,59.04924392700195
2021-08-12,59.0323371887207
2021-08-13,59.4802360534668
2021-08-16,59.15909957885742
2021-08-17,58.68583679199219
2021-08-18,58.525264739990234
2021-08-19,57.8406982421875
2021-08-20,58.170310974121094
2021-08-23,58.67738342285156
2021-08-24,58.719642639160156
2021-08-25,58.79570388793945
2021-08-26,58.44920349121094
2021-08-27,59.1083984375
2021-08-30,59.1083984375
2021-08-31,58.94782257080078
2021-09-01,59.361942291259766
2021-09-02,59.666175842285156
2021-09-03,59.45488739013672
2021-09-07,59.22671890258789
2021-09-08,58.60975646972656
2021-09-09,58.43228530883789
2021-09-10,58.26326370239258
2021-09-13,58.6013069152832
2021-09-14,58.44920349121094
2021-09-15,58.4576416015625
2021-09-16,58.43228530883789
2021-09-17,57.50263977050781
2021-09-20,56.38232421875
2021-09-21,56.96883010864258
2021-09-22,57.51285171508789
2021-09-23,58.286373138427734
2021-09-24,57.59784698486328
2021-09-27,57.51285171508789
2021-09-28,56.16129684448242
2021-09-29,55.965797424316406
2021-09-30,55.77029800415039
2021-10-01,56.11879348754883
2021-10-04,55.82979202270508
2021-10-05,56.101810455322266
2021-10-06,55.736297607421875
2021-10-07,56.152809143066406
2021-10-08,56.18680953979492
2021-10-11,55.85530090332031
2021-10-12,56.07630157470703
2021-10-13,56.90932846069336
2021-10-14,57.53834915161133
2021-10-15,57.97187042236328
2021-10-18,57.70835876464844
2021-10-19,58.0313720703125
2021-10-20,58.26937484741211
2021-10-21,58.26087188720703
2021-10-22,58.5413818359375
2021-10-25,58.328880310058594
2021-10-26,58.54987716674805
2021-10-27,58.36288833618164
2021-10-28,59.00888442993164
2021-10-29,58.57538986206055
2021-11-01,59.09389114379883
2021-11-02,58.94938659667969
2021-11-03,59.518924713134766
2021-11-04,59.3318977355957
2021-11-05,59.44241714477539
2021-11-08,59.518924713134766
2021-11-09,59.4509162902832
2021-11-10,58.76240158081055
2021-11-11,58.97490310668945
2021-11-12,59.127899169921875
2021-11-15,58.93239974975586
2021-11-16,58.80489730834961
2021-11-17,58.88138961791992
2021-11-18,58.94088363647461
2021-11-19,58.15887451171875
2021-11-22,57.691368103027344
2021-11-23,57.487342834472656
2021-11-24,57.121826171875
2021-11-26,55.72780227661133
2021-11-29,56.11879348754883
2021-11-30,55.71078109741211
2021-12-01,55.38777542114258
2021-12-02,56.02531433105469
2021-12-03,55.60029220581055
2021-12-06,56.24630355834961
2021-12-07,57.38534164428711
2021-12-08,57.58084487915039
2021-12-09,57.04533767700195
2021-12-10,57.18132781982422
2021-12-13,56.57781219482422
2021-12-14,56.22080993652344
2021-12-15,56.96883010864258
2021-12-16,57.03683853149414
2021-12-17,56.20381546020508
2021-12-20,56.262210845947266
2021-12-21,56.98362350463867
2021-12-22,57.687870025634766
2021-12-23,58.082923889160156
2021-12-27,58.71847915649414
2021-12-28,58.744232177734375
2021-12-29,58.83869552612305
2021-12-30,58.60682678222656
2021-12-31,58.60682678222656
2022-01-03,59.16505813598633
2022-01-04,59.242347717285156
2022-01-05,58.70988082885742
2022-01-06,58.49518585205078
2022-01-07,58.787174224853516
2022-01-10,57.98845672607422
2022-01-11,58.70988082885742
2022-01-12,59.250953674316406
2022-01-13,58.81295394897461
2022-01-14,58.64976501464844
2022-01-18,57.80810546875
2022-01-19,57.971282958984375
2022-01-20,57.5418701171875
2022-01-21,56.70020294189453
2022-01-24,55.824195861816406
2022-01-25,55.429141998291016
2022-01-26,55.55796432495117
2022-01-27,55.47207260131836
2022-01-28,55.635257720947266
2022-01-31,56.511260986328125
2022-02-01,57.198341369628906
2022-02-02,57.533267974853516
2022-02-03,56.73456573486328
2022-02-04,56.58856201171875
2022-02-07,56.6229248046875
2022-02-08,56.82044982910156
2022-02-09,57.7823371887207
2022-02-10,57.04375457763672
2022-02-11,55.978797912597656
2022-02-14,55.429141998291016
2022-02-15,56.708797454833984
2022-02-16,56.897735595703125
2022-02-17,55.901493072509766
2022-02-18,55.575138092041016
2022-02-22,54.70771789550781
2022-02-23,54.28689193725586
2022-02-24,53.22194290161133
2022-02-25,54.82795333862305
2022-02-28,53.52253341674805
2022-03-01,52.10545349121094
2022-03-02,52.91276550292969
2022-03-03,51.392616271972656
2022-03-04,49.21977615356445
2022-03-07,47.59657669067383
2022-03-08,48.72164535522461
2022-03-09,51.323909759521484
2022-03-10,50.181663513183594
2022-03-11,49.87247848510742
2022-03-14,50.757076263427734
2022-03-15,51.13496398925781
2022-03-16,53.1446418762207
2022-03-17,53.4881706237793
2022-03-18,53.926185607910156
2022-03-21,53.39165496826172
2022-03-22,54.097469329833984
2022-03-23,53.09040451049805
2022-03-24,53.4002685546875
2022-03-25,53.4347038269043
2022-03-28,53.555198669433594
2022-03-29,54.91517639160156
2022-03-30,54.68275833129883
2022-03-31,53.60683822631836
2022-04-01,54.23517990112305
2022-04-04,54.269622802734375
2022-04-05,53.71874237060547
2022-04-06,53.11621856689453
2022-04-07,53.38304901123047
2022-04-08,53.4347038269043
2022-04-11,52.96989440917969
2022-04-12,52.59116744995117
2022-04-13,53.21090316772461
2022-04-14,52.96989440917969
2022-04-18,52.77192687988281
2022-04-19,53.004329681396484
2022-04-20,53.44329833984375
2022-04-21,52.944068908691406
2022-04-22,52.126365661621094
2022-04-25,51.70460510253906
2022-04-26,50.008949279785156
2022-04-27,50.24135208129883
2022-04-28,50.886905670166016
2022-04-29,50.258567810058594
2022-05-02,50.06919860839844
2022-05-03,50.4737548828125
2022-05-04,51.2656364440918
2022-05-05,49.587188720703125
2022-05-06,48.82973861694336
2022-05-09,47.35787582397461
2022-05-10,47.83988571166992
2022-05-11,47.573062896728516
2022-05-12,47.34066390991211
2022-05-13,48.71784591674805
2022-05-16,48.898597717285156
2022-05-17,50.06919860839844
2022-05-18,48.59733963012695
2022-05-19,49.10519027709961
2022-05-20,49.3117561340332
2022-05-23,50.36186218261719
2022-05-24,50.353248596191406
2022-05-25,50.31020736694336
2022-05-26,50.990196228027344
2022-05-27,51.6185417175293
2022-05-31,51.47220993041992
2022-06-01,50.620086669921875
2022-06-02,51.87675857543945
2022-06-03,51.170955657958984
2022-06-06,51.42056655883789
2022-06-07,51.54967498779297
2022-06-08,50.8094482421875
2022-06-09,49.54415512084961
2022-06-10,48.21001052856445
2022-06-13,46.47992706298828
2022-06-14,45.89461898803711
2022-06-15,47.013587951660156
2022-06-16,45.799930572509766
2022-06-17,45.80854034423828
2022-06-21,46.561885833740234
2022-06-22,46.25458908081055
2022-06-23,45.97361373901367
2022-06-24,47.510162353515625
2022-06-27,47.387245178222656
2022-06-28,46.92189025878906
2022-06-29,46.649696350097656
2022-06-30,46.37751007080078
2022-07-01,46.41263198852539
2022-07-05,45.07802200317383
2022-07-06,45.17460632324219
2022-07-07,45.87703323364258
2022-07-08,45.91215133666992
2022-07-11,45.16582107543945
2022-07-12,45.13949203491211
2022-07-13,45.157047271728516
2022-07-14,44.41072463989258
2022-07-15,45.26240158081055
2022-07-18,45.534603118896484
2022-07-19,47.018470764160156
2022-07-20,46.46530532836914
2022-07-21,47.0535888671875
2022-07-22,46.842864990234375
2022-07-25,47.290653228759766
2022-07-26,46.52677536010742
2022-07-27,47.65065002441406
2022-07-28,47.91405487060547
2022-07-29,48.69550704956055
2022-08-01,48.616477966308594
2022-08-02,47.82625198364258
2022-08-03,48.317955017089844
2022-08-04,48.68672180175781
2022-08-05,48.195037841796875
2022-08-08,48.37063217163086
2022-08-09,48.14235305786133
2022-08-10,49.2574462890625
2022-08-11,49.17842102050781
2022-08-12,49.468177795410156
2022-08-15,48.96769332885742
2022-08-16,49.03792953491211
2022-08-17,48.53745651245117
2022-08-18,48.300384521484375
2022-08-19,47.641868591308594
2022-08-22,46.54432678222656
2022-08-23,46.5794563293457
2022-08-24,46.67604064941406
2022-08-25,47.12382888793945
2022-08-26,45.7189826965332
2022-08-29,45.771663665771484
2022-08-30,45.45557403564453
2022-08-31,45.060462951660156
2022-09-01,44.34048080444336
2022-09-02,44.04194641113281
2022-09-06,44.270233154296875
2022-09-07,44.88485336303711
2022-09-08,44.700469970703125
2022-09-09,46.01751708984375
2022-09-12,46.85164260864258
2022-09-13,45.16582107543945
2022-09-14,45.218509674072266
2022-09-15,44.77949905395508
2022-09-16,44.41950225830078
2022-09-19,44.51474380493164
2022-09-20,43.51826858520508
2022-09-21,42.96271896362305
2022-09-22,42.715816497802734
2022-09-23,41.01387023925781
2022-09-26,40.32605743408203
2022-09-27,40.132041931152344
2022-09-28,41.2431526184082
2022-09-29,40.64350891113281
2022-09-30,40.6964225769043
2022-10-03,41.622344970703125
2022-10-04,43.55354309082031
2022-10-05,42.874542236328125
2022-10-06,41.9398078918457
2022-10-07,41.154972076416016
2022-10-10,40.97861099243164
2022-10-11,40.44068908691406
2022-10-12,40.387779235839844
2022-10-13,41.52534103393555
2022-10-14,40.908050537109375
2022-10-17,42.27488708496094
2022-10-18,42.78635787963867
2022-10-19,42.01034927368164
2022-10-20,41.975067138671875
2022-10-21,42.724632263183594
2022-10-24,43.024452209472656
2022-10-25,44.08264923095703
2022-10-26,44.558841705322266
2022-10-27,44.17964172363281
2022-10-28,44.66465759277344
2022-10-31,44.126739501953125
2022-11-01,44.46182632446289
2022-11-02,43.659358978271484
2022-11-03,43.20082092285156
2022-11-04,45.184940338134766
2022-11-07,45.42301940917969
2022-11-08,45.93449020385742
2022-11-09,45.326026916503906
2022-11-10,47.97151565551758
2022-11-11,48.92388916015625
2022-11-14,48.35952377319336
2022-11-15,48.56233215332031
2022-11-16,48.474159240722656
2022-11-17,48.41242599487305
2022-11-18,48.6152458190918
2022-11-21,48.26251220703125
2022-11-22,48.915069580078125
2022-11-23,49.470619201660156
2022-11-25,49.805721282958984
2022-11-28,49.00325012207031
2022-11-29,49.117889404296875
2022-11-30,50.07907485961914
2022-12-01,50.65227127075195
2022-12-02,50.758094787597656
2022-12-05,50.167266845703125
2022-12-06,49.84098815917969
2022-12-07,49.796905517578125
2022-12-08,49.99090576171875
2022-12-09,49.99090576171875
2022-12-12,50.20254135131836
2022-12-13,50.934452056884766
2022-12-14,50.98736572265625
2022-12-15,49.602901458740234
2022-12-16,48.97679901123047
2022-12-19,48.912845611572266
2022-12-20,49.00166702270508
2022-12-21,49.685577392578125
2022-12-22,49.2503662109375
2022-12-23,49.410240173339844
2022-12-27,49.5079345703125
2022-12-28,49.05495834350586
2022-12-29,49.84544372558594
2022-12-30,49.241485595703125
2023-01-03,49.863224029541016
2023-01-04,50.81358337402344
2023-01-05,50.35172653198242
2023-01-06,51.692893981933594
2023-01-09,52.02153015136719
2023-01-10,52.270225524902344
2023-01-11,52.64326477050781
2023-01-12,53.29164505004883
2023-01-13,53.54034423828125
2023-01-17,53.6735725402832
2023-01-18,53.51369094848633
2023-01-19,53.24723434448242
2023-01-20,53.70022201538086
2023-01-23,53.94890594482422
2023-01-24,53.79791259765625
2023-01-25,54.011077880859375
2023-01-26,54.073265075683594
2023-01-27,53.8956184387207
2023-01-30,53.56698226928711
2023-01-31,53.94890594482422
2023-02-01,54.57064437866211
2023-02-02,54.6683464050293
2023-02-03,54.12654495239258
2023-02-06,53.54034423828125
2023-02-07,53.93114471435547
2023-02-08,53.709102630615234
2023-02-09,53.79791259765625
2023-02-10,53.36270523071289
2023-02-13,54.11766052246094
2023-02-14,54.375244140625
2023-02-15,54.32194519042969
2023-02-16,54.011077880859375
2023-02-17,54.313072204589844
2023-02-21,53.69133758544922
2023-02-22,53.36270523071289
2023-02-23,53.70022201538086
2023-02-24,52.7764892578125
2023-02-27,53.558101654052734
2023-02-28,53.02519607543945
2023-03-01,53.36270523071289
2023-03-02,53.39822769165039
2023-03-03,54.08213806152344
2023-03-06,53.984432220458984
2023-03-07,52.85642623901367
2023-03-08,53.03407287597656
2023-03-09,52.527801513671875
2023-03-10,52.110347747802734
2023-03-13,51.737308502197266
2023-03-14,52.696563720703125
2023-03-15,50.70700454711914
2023-03-16,51.47085189819336
2023-03-17,50.698123931884766
2023-03-20,51.69037628173828
2023-03-21,52.67997360229492
2023-03-22,52.376853942871094
2023-03-23,52.385772705078125
2023-03-24,51.975669860839844
2023-03-27,52.58190155029297
2023-03-28,52.53731918334961
2023-03-29,53.38426971435547
2023-03-30,54.195560455322266
2023-03-31,54.338199615478516
2023-04-03,54.72154998779297
2023-04-04,54.73046875
2023-04-05,54.4273567199707
2023-04-06,54.89094161987305
2023-04-10,54.89094161987305
2023-04-11,55.10490036010742
2023-04-12,55.541748046875
2023-04-13,56.29063034057617
2023-04-14,56.20147705078125
2023-04-17,55.934017181396484
2023-04-18,56.3173713684082
2023-04-19,56.19255828857422
2023-04-20,56.11232376098633
2023-04-21,56.53133773803711
2023-04-24,56.76313781738281
2023-04-25,55.8092041015625
2023-04-26,55.853790283203125
2023-04-27,56.50459289550781
2023-04-28,56.584835052490234
2023-05-01,56.593753814697266
2023-05-02,55.934017181396484
2023-05-03,56.11232376098633
2023-05-04,55.827030181884766
2023-05-05,56.66506576538086
2023-05-08,56.673980712890625
2023-05-09,56.22821807861328
2023-05-10,56.156898498535156
2023-05-11,55.91619873046875
2023-05-12,55.76463317871094
2023-05-15,56.18364715576172
2023-05-16,55.59524154663086
2023-05-17,55.83594512939453
2023-05-18,55.728973388671875
2023-05-19,56.13908004760742
2023-05-22,56.067745208740234
2023-05-23,55.247554779052734
2023-05-24,54.382774353027344
2023-05-25,54.240135192871094
2023-05-26,54.83744812011719
2023-05-30,54.266876220703125
2023-05-31,53.68738555908203
2023-06-01,54.32036209106445
2023-06-02,54.96226119995117
2023-06-05,54.56998825073242
2023-06-06,54.775047302246094
2023-06-07,54.534332275390625
2023-06-08,55.167320251464844
2023-06-09,54.83744812011719
2023-06-12,55.07817077636719
2023-06-13,55.5060920715332
2023-06-14,55.70222473144531
2023-06-15,56.46001434326172
2023-06-16,56.415435791015625
2023-06-20,55.616127014160156
2023-06-21,55.507266998291016
2023-06-22,55.289512634277344
2023-06-23,54.61812210083008
2023-06-26,54.69070816040039
2023-06-27,55.24414825439453
2023-06-28,55.19878005981445
2023-06-29,55.11712646484375
2023-06-30,55.979042053222656
2023-07-03,55.81573486328125
2023-07-05,55.08990478515625
2023-07-06,54.11005401611328
2023-07-07,54.46388626098633
2023-07-10,54.790504455566406
2023-07-11,55.3802375793457
2023-07-12,56.69579315185547
2023-07-13,57.584922790527344
2023-07-14,57.3127326965332
2023-07-17,57.231082916259766
2023-07-18,57.566776275634766
2023-07-19,57.557701110839844
2023-07-20,57.3399543762207
2023-07-21,57.539554595947266
2023-07-24,57.24923324584961
2023-07-25,57.35810852050781
2023-07-26,57.46697235107422
2023-07-27,57.13129425048828
2023-07-28,57.6212158203125
2023-07-31,57.60307693481445
2023-08-01,56.96797180175781
2023-08-02,55.93367385864258
2023-08-03,55.77944564819336
2023-08-04,55.879241943359375
2023-08-07,56.41453170776367
2023-08-08,56.11513137817383
2023-08-09,56.242149353027344
2023-08-10,56.45989227294922
2023-08-11,55.979042053222656
2023-08-14,55.87017059326172
2023-08-15,55.15342330932617
2023-08-16,54.817726135253906
2023-08-17,54.34593963623047
2023-08-18,54.255210876464844
2023-08-21,54.563690185546875
2023-08-22,54.36408615112305
2023-08-23,54.817726135253906
2023-08-24,54.05561447143555
2023-08-25,54.445743560791016
2023-08-28,55.017330169677734
2023-08-29,55.79758834838867
2023-08-30,55.77036666870117
2023-08-31,55.271358489990234
2023-09-01,55.080833435058594
2023-09-05,54.418521881103516
2023-09-06,54.21892547607422
2023-09-07,53.98302459716797
2023-09-08,54.0646858215332
2023-09-11,54.62718963623047
2023-09-12,54.27335739135742
2023-09-13,54.04653549194336
2023-09-14,54.69070816040039
2023-09-15,54.609046936035156
2023-09-18,54.22724533081055
2023-09-19,54.263694763183594
2023-09-20,54.36392593383789
2023-09-21,53.58027648925781
2023-09-22,53.46181869506836
2023-09-25,53.09732437133789
2023-09-26,52.432132720947266
2023-09-27,52.20432662963867
2023-09-28,52.714603424072266
2023-09-29,52.78750228881836
2023-10-02,51.88539505004883
2023-10-03,51.32954025268555
2023-10-04,51.584686279296875
2023-10-05,51.88539505004883
2023-10-06,52.559696197509766
2023-10-09,52.395687103271484
2023-10-10,53.215789794921875
2023-10-11,53.5711669921875
2023-10-12,52.96064376831055
2023-10-13,52.477691650390625
2023-10-16,52.96064376831055
2023-10-17,52.90597152709961
2023-10-18,51.93095397949219
2023-10-19,51.50267028808594
2023-10-20,51.0106086730957
2023-10-23,51.119956970214844
2023-10-24,51.31132507324219
2023-10-25,50.8557014465332
2023-10-26,50.63700866699219
2023-10-27,50.2816276550293
2023-10-30,51.065277099609375
2023-10-31,51.15640640258789
2023-11-01,51.50267028808594
2023-11-02,52.632591247558594
2023-11-03,53.06999206542969
2023-11-06,52.8968505859375
2023-11-07,52.659934997558594
2023-11-08,52.915077209472656
2023-11-09,52.90597152709961
2023-11-10,53.15199661254883
2023-11-13,53.28867721557617
2023-11-14,54.865108489990234
2023-11-15,54.85599899291992
2023-11-16,54.7375373840332
2023-11-17,55.49386215209961
2023-11-20,55.74900817871094
2023-11-21,55.51207733154297
2023-11-22,55.603206634521484
2023-11-24,56.19550323486328
2023-11-27,56.022369384765625
2023-11-28,56.022369384765625
2023-11-29,56.27751922607422
2023-11-30,56.14993667602539
2023-12-01,56.687557220458984
2023-12-04,56.377742767333984
2023-12-05,56.32307815551758
2023-12-06,56.332191467285156
2023-12-07,56.532657623291016
2023-12-08,56.84247589111328
2023-12-11,56.92448806762695
2023-12-12,57.024723052978516
2023-12-13,57.82660675048828
2023-12-14,58.49180603027344
2023-12-15,57.844825744628906
2023-12-18,58.016456604003906
2023-12-19,58.62223815917969
2023-12-20,57.933860778808594
2023-12-21,58.7966194152832
2023-12-22,58.83333206176758
2023-12-26,59.200477600097656
2023-12-27,59.53089141845703
2023-12-28,59.12704849243164
2023-12-29,59.18212127685547
2024-01-02,58.43867492675781
2024-01-03,57.943031311035156
2024-01-04,58.27346420288086
2024-01-05,58.16331481933594
2024-01-08,58.82415771484375
2024-01-09,58.23674392700195
2024-01-10,58.484561920166016
2024-01-11,58.22756576538086
2024-01-12,58.39278030395508
2024-01-16,57.28219985961914
2024-01-17,56.83245086669922
2024-01-18,57.33726501464844
2024-01-19,57.35562515258789
2024-01-22,57.45657730102539
2024-01-23,57.31890869140625
2024-01-24,57.88796615600586
2024-01-25,58.154144287109375
2024-01-26,58.67730712890625
2024-01-29,58.87004470825195
2024-01-30,58.89759063720703
2024-01-31,58.457027435302734
2024-02-01,59.03525924682617
2024-02-02,58.46620559692383
2024-02-05,58.12660598754883
2024-02-06,58.594703674316406
2024-02-07,58.40195846557617
2024-02-08,58.40195846557617
2024-02-09,58.603878021240234
2024-02-12,58.64977264404297
2024-02-13,57.511653900146484
2024-02-14,58.31935501098633
2024-02-15,58.96184158325195
2024-02-16,59.053619384765625
2024-02-20,59.35650634765625
2024-02-21,59.429935455322266
2024-02-22,60.026527404785156
2024-02-23,60.099952697753906
2024-02-26,60.035701751708984
2024-02-27,60.13666915893555
2024-02-28,59.833778381347656
2024-02-29,59.86132049560547
2024-03-01,60.366127014160156
2024-03-04,60.28352355957031
2024-03-05,60.035701751708984
2024-03-06,60.678192138671875
2024-03-07,61.623573303222656
2024-03-08,61.34820556640625
2024-03-11,61.357391357421875
2024-03-12,61.95399475097656
2024-03-13,62.064125061035156
2024-03-14,61.6052131652832
2024-03-15,61.54983901977539
2024-03-18,61.18989562988281
2024-03-19,61.291419982910156
2024-03-20,62.02975082397461
2024-03-21,61.87285614013672
2024-03-22,61.72518539428711
2024-03-25,61.789791107177734
2024-03-26,61.88208770751953
2024-03-27,62.26048278808594
2024-03-28,62.14973449707031
2024-04-01,62.038978576660156
2024-04-02,61.503684997558594
2024-04-03,61.93745803833008
2024-04-04,61.45753479003906
2024-04-05,61.61442947387695
2024-04-08,61.92821502685547
2024-04-09,61.79901885986328
2024-04-10,61.069908142089844
2024-04-11,61.10682678222656
2024-04-12,60.054691314697266
2024-04-15,59.962398529052734
2024-04-16,59.48247146606445
2024-04-17,59.685523986816406
2024-04-18,59.54707717895508
2024-04-19,59.69474792480469
2024-04-22,60.35926055908203
2024-04-23,61.20835494995117
2024-04-24,60.9222412109375
2024-04-25,60.81148147583008
2024-04-26,61.272953033447266
2024-04-29,61.466758728027344
2024-04-30,60.56229782104492
2024-05-01,60.48847198486328
2024-05-02,61.088375091552734
2024-05-03,61.642120361328125
2024-05-06,62.1405029296875
2024-05-07,62.54658508300781
2024-05-08,62.77730178833008
2024-05-09,63.33106994628906
2024-05-10,63.617191314697266
2024-05-13,63.65410232543945
2024-05-14,64.18940734863281
2024-05-15,64.89080810546875
2024-05-16,64.51242065429688
2024-05-17,64.68777465820312
2024-05-20,64.66008758544922
2024-05-21,64.65086364746094
2024-05-22,64.14324951171875
2024-05-23,63.84790802001953
2024-05-24,64.34628295898438
2024-05-28,64.2262954711914
2024-05-29,63.275699615478516
2024-05-30,63.87558364868164
2024-05-31,64.46627044677734
2024-06-03,64.54934692382812
2024-06-04,64.34628295898438
2024-06-05,64.96464538574219
2024-06-06,65.22306060791016
2024-06-07,64.37397003173828
2024-06-10,64.18016052246094
2024-06-11,63.4049072265625
2024-06-12,64.40166473388672
2024-06-13,63.41413879394531
2024-06-14,62.380455017089844
2024-06-17,62.87883377075195
2024-06-18,63.19264221191406
2024-06-20,63.34954071044922
2024-06-21,62.83604431152344
2024-06-24,63.39826202392578
2024-06-25,63.27644729614258
2024-06-26,62.7142448425293
2024-06-27,62.648643493652344
2024-06-28,62.56431198120117
2024-07-01,62.939125061035156
2024-07-02,62.770450592041016
2024-07-03,63.557552337646484
2024-07-05,64.082275390625
2024-07-08,63.76369857788086
2024-07-09,63.25770950317383
2024-07-10,64.04479217529297
2024-07-11,64.35401153564453
2024-07-12,65.12236785888672
2024-07-15,64.41960144042969
2024-07-16,64.66322326660156
2024-07-17,64.3165283203125
2024-07-18,63.79180908203125
2024-07-19,63.40762710571289
2024-07-22,64.29779052734375
2024-07-23,63.74494552612305
2024-07-24,63.15463638305664
2024-07-25,62.939125061035156
2024-07-26,63.82928466796875
2024-07-29,63.351409912109375
2024-07-30,63.585655212402344
2024-07-31,64.14786529541016
2024-08-01,62.81730651855469
2024-08-02,62.33943557739258
2024-08-05,60.9620246887207
2024-08-06,61.12131118774414
2024-08-07,61.21501922607422
2024-08-08,62.06770706176758
2024-08-09,62.46125411987305
2024-08-12,62.31132507324219
2024-08-13,63.145259857177734
2024-08-14,63.49196243286133
2024-08-15,64.13850402832031
2024-08-16,64.48519897460938
2024-08-19,65.20668029785156
2024-08-20,65.0286636352539
2024-08-21,65.58148193359375
2024-08-22,65.19731903076172
2024-08-23,66.3123550415039
2024-08-26,66.10623168945312
2024-08-27,66.38732147216797
2024-08-28,66.10623168945312
2024-08-29,66.3123550415039
2024-08-30,66.4622802734375
2024-09-03,65.21605682373047
2024-09-04,65.04739379882812
2024-09-05,64.89747619628906
2024-09-06,64.04479217529297
2024-09-09,64.4664535522461
2024-09-10,64.15724182128906
2024-09-11,64.50393676757812
2024-09-12,64.95370483398438
2024-09-13,65.35661315917969
2024-09-16,65.8344955444336
2024-09-17,65.59087371826172
2024-09-18,65.43157196044922
2024-09-19,66.56536865234375
2024-09-20,65.5706558227539
2024-09-23,65.77730560302734
2024-09-24,66.40662384033203
2024-09-25,66.0215072631836
2024-09-26,67.36468505859375
2024-09-27,67.32711791992188
2024-09-30,66.78234100341797
2024-10-01,66.04029846191406
2024-10-02,65.83366394042969
2024-10-03,65.0822525024414
2024-10-04,65.43915557861328
2024-10-07,65.05406951904297
2024-10-08,64.98831939697266
2024-10-09,65.22313690185547
2024-10-10,65.03528594970703
2024-10-11,65.43915557861328
2024-10-14,65.65519714355469
2024-10-15,64.68775177001953
2024-10-16,64.77227783203125
2024-10-17,64.8474349975586
2024-10-18,65.33585357666016
2024-10-21,64.65017700195312
2024-10-22,64.39657592773438
2024-10-23,63.98330307006836
2024-10-24,64.28385925292969
2024-10-25,63.98330307006836
2024-10-28,64.58443450927734
2024-10-29,64.03964233398438
2024-10-30,63.53245162963867
2024-10-31,63.10037612915039
2024-11-01,63.288230895996094
2024-11-04,63.325809478759766
2024-11-05,63.76725769042969
2024-11-06,62.40531921386719
2024-11-07,63.40094757080078
2024-11-08,62.424110412597656
2024-11-11,62.442893981933594
2024-11-12,61.17487335205078
2024-11-13,60.82734298706055
2024-11-14,61.00579833984375
2024-11-15,60.82734298706055
2024-11-18,61.07154846191406
2024-11-19,60.883697509765625
2024-11-20,60.761592864990234
2024-11-21,60.64887619018555
2024-11-22,60.87430191040039
2024-11-25,61.212440490722656
2024-11-26,60.85551071166992
2024-11-27,61.35332489013672
2024-11-29,61.99204635620117
2024-12-02,62.00143051147461
2024-12-03,62.217464447021484
2024-12-04,62.424110412597656
2024-12-05,63.04402160644531
2024-12-06,63.10037612915039
2024-12-09,62.99706268310547
2024-12-10,62.499237060546875
2024-12-11,62.78102493286133
2024-12-12,62.28321075439453
2024-12-13,62.28321075439453
2024-12-16,62.142330169677734
2024-12-17,61.86054611206055
2024-12-18,60.42345428466797
2024-12-19,60.244991302490234
2024-12-20,60.1015510559082
2024-12-23,60.38652801513672
2024-12-24,60.718997955322266
2024-12-26,60.88048553466797
2024-12-27,60.68100357055664
2024-12-30,60.28202819824219
2024-12-31,60.29153823852539
2025-01-02,60.02555847167969
2025-01-03,60.27253723144531
2025-01-06,61.08946228027344
2025-01-07,61.08946228027344
2025-01-08,60.851985931396484
2025-01-10,60.225040435791016
2025-01-13,59.91156768798828
2025-01-14,60.187042236328125
2025-01-15,60.96597671508789
2025-01-16,61.48843765258789
2025-01-17,61.811405181884766
2025-01-21,63.23629379272461
2025-01-22,63.09380340576172
2025-01-23,63.72074890136719
2025-01-24,63.84423828125
2025-01-27,64.19572448730469
2025-01-28,63.92973327636719
2025-01-29,63.99623489379883
2025-01-30,64.61367797851562
2025-01-31,64.11972045898438
2025-02-03,63.179290771484375
2025-02-04,63.977230072021484
2025-02-05,64.63268280029297
2025-02-06,64.99365234375
2025-02-07,64.35719299316406
2025-02-10,64.8321533203125
2025-02-11,65.37362670898438
2025-02-12,65.83907318115234
2025-02-13,66.56101989746094
2025-02-14,66.68450164794922
2025-02-18,67.14997100830078
2025-02-19,66.29503631591797
2025-02-20,66.7035140991211
2025-02-21,66.42803192138672
2025-02-24,66.42803192138672
2025-02-25,67.178466796875
2025-02-26,67.25445556640625
2025-02-27,66.32354736328125
2025-02-28,66.68450164794922
2025-03-03,67.57743072509766
2025-03-04,67.68191528320312
2025-03-05,69.4297866821289
2025-03-06,68.66984558105469
2025-03-07,69.66725158691406
2025-03-10,67.92890930175781
2025-03-11,67.77690887451172
2025-03-12,67.99539947509766
2025-03-13,67.43495178222656
2025-03-14,68.83132934570312
2025-03-17,69.54377746582031
2025-03-18,69.81925201416016
2025-03-19,69.79074096679688
2025-03-20,69.06881713867188
2025-03-21,68.46221160888672
2025-03-24,68.41451263427734
2025-03-25,68.82465362548828
2025-03-26,67.85179138183594
2025-03-27,67.99485778808594
2025-03-28,67.6991958618164
2025-03-31,66.96476745605469
2025-04-01,67.1364517211914
2025-04-02,67.35582733154297
2025-04-03,66.39251708984375
2025-04-04,62.0146598815918
2025-04-07,60.08803176879883
2025-04-08,59.83051681518555
2025-04-09,64.28466033935547
2025-04-10,63.435794830322266
2025-04-11,65.13352966308594
2025-04-14,65.61994934082031
2025-04-15,66.2780532836914
2025-04-16,66.01100158691406
2025-04-17,66.6977310180664
2025-04-21,66.24944305419922
2025-04-22,67.61334991455078
2025-04-23,67.84224700927734
2025-04-24,68.72926330566406
2025-04-25,69.01541137695312
2025-04-28,69.46367645263672
2025-04-29,69.60675048828125
2025-04-30,69.53998565673828
2025-05-01,69.29199981689453
2025-05-02,70.75126647949219
2025-05-05,70.84664916992188
2025-05-06,70.66542053222656
2025-05-07,70.45560455322266
2025-05-08,70.19808959960938
2025-05-09,70.66542053222656
2025-05-12,70.81803894042969
2025-05-13,71.10417938232422
2025-05-14,70.94202423095703
2025-05-15,71.6478271484375
2025-05-16,71.81951141357422
2025-05-19,72.74466705322266
2025-05-20,73.22156524658203
2025-05-21,72.84005737304688
2025-05-22,72.74466705322266
2025-05-23,72.63021850585938
2025-05-27,73.49816131591797
2025-05-28,72.78282165527344
2025-05-29,73.15479278564453
2025-05-30,73.2120361328125
2025-06-02,73.92736053466797
2025-06-03,73.29786682128906
2025-06-04,73.78429412841797
2025-06-05,73.860595703125
2025-06-06,74.06088256835938
2025-06-09,74.06088256835938
2025-06-10,74.19442749023438
2025-06-11,74.10858917236328
2025-06-12,74.7952880859375
2025-06-13,73.6603012084961
2025-06-16,73.92736053466797
2025-06-17,72.85912322998047
2025-06-18,72.81143951416016
2025-06-20,72.3730239868164
2025-06-23,73.00210571289062
2025-06-24,73.96990966796875
2025-06-25,73.5150375366211
2025-06-26,74.14411926269531
2025-06-27,74.83126068115234
2025-06-30,75.0054702758789
2025-07-01,75.06353759765625
2025-07-02,75.2861328125
2025-07-03,75.24742126464844
2025-07-07,74.71513366699219
2025-07-08,75.43130493164062
2025-07-09,76.15715789794922
2025-07-10,76.14749145507812
2025-07-11,75.2861328125
2025-07-14,75.24742126464844
2025-07-15,74.37638854980469
2025-07-16,74.70545196533203
2025-07-17,74.77320098876953
2025-07-18,74.68608856201172
2025-07-21,75.03449249267578
2025-07-22,75.47969818115234
2025-07-23,77.00884246826172
2025-07-24,76.16683959960938
2025-07-25,76.33137512207031
2025-07-28,74.95707702636719
2025-07-29,74.8506088256836
2025-07-30,74.03765106201172
2025-07-31,73.21501159667969
2025-08-01,72.83756256103516
2025-08-04,73.67955780029297
2025-08-05,73.75699615478516
2025-08-06,74.10540771484375
2025-08-07,74.88933563232422
2025-08-08,75.13128662109375
2025-08-11,74.7441635131836
2025-08-12,75.50873565673828
2025-08-13,76.06038665771484
2025-08-14,76.2055435180664
2025-08-15,76.4087905883789
2025-08-18,76.26363372802734
2025-08-19,76.42815399169922
2025-08-20,76.84431457519531
2025-08-21,76.37975311279297
2025-08-22,77.60888671875
2025-08-25,76.45719146728516
2025-08-26,76.3410415649414
2025-08-27,76.12813568115234
2025-08-28,76.31200408935547
2025-08-29,75.97328186035156
2025-09-02,74.91836547851562
2025-09-03,75.22806549072266
2025-09-04,75.67326354980469
2025-09-05,76.04103088378906
2025-09-08,76.58299255371094
2025-09-09,76.44750213623047
2025-09-10,76.24427795410156
2025-09-11,77.06690216064453
2025-09-12,76.80559539794922
2025-09-15,77.3766098022461
2025-09-16,77.13465118408203
2025-09-17,76.83464050292969
2025-09-18,77.14433288574219
2025-09-19,76.78433227539062
2025-09-22,77.10455322265625
2025-09-23,77.05604553222656
2025-09-24,76.55144500732422
2025-09-25,75.82368469238281
2025-09-26,76.61936950683594
2025-09-29,76.8619613647461
2025-09-30,77.43447875976562
2025-10-01,78.32720947265625
2025-10-02,78.51156616210938
2025-10-03,78.93852233886719
2025-10-06,78.6959228515625
2025-10-07,78.10401153564453
2025-10-08,78.56008911132812
2025-10-09,77.72557830810547
2025-10-10,76.83284759521484
2025-10-13,77.36654663085938
2025-10-14,77.6673583984375
2025-10-15,77.8420181274414
2025-10-16,78.38542175292969
2025-10-17,78.40483093261719
2025-10-20,78.74445343017578
2025-10-21,78.27867889404297
2025-10-22,78.30779266357422
2025-10-23,78.76386260986328
2025-10-24,78.88030242919922
2025-10-27,79.26844024658203
2025-10-28,79.0646743774414
2025-10-29,78.63771057128906
2025-10-30,78.26898193359375
2025-10-31,77.9196548461914
2025-11-03,77.79350280761719
2025-11-04,76.95899200439453
2025-11-05,77.59943389892578
2025-11-06,77.23069763183594
2025-11-07,77.60914611816406
2025-11-10,78.53097534179688
2025-11-11,79.36548614501953
2025-11-12,79.83125305175781
2025-11-13,79.25874328613281
2025-11-14,78.65711975097656
2025-11-17,77.69647216796875
2025-11-18,76.93959045410156
2025-11-19,76.63877868652344
2025-11-20,75.59078979492188
2025-11-21,76.7455062866211
2025-11-24,76.55144500732422
2025-11-25,77.8614273071289
2025-11-26,78.5988998413086
2025-11-28,79.11318969726562
2025-12-01,78.71534729003906
2025-12-02,79.07437133789062
2025-12-03,79.60807800292969
2025-12-04,79.55955505371094
2025-12-05,79.58866119384766
2025-12-08,79.404296875
2025-12-09,79.1908187866211
2025-12-10,80.16117858886719
2025-12-11,80.76280212402344
2025-12-12,80.23880767822266
2025-12-15,80.76280212402344
2025-12-16,80.588134765625
2025-12-17,80.1514663696289
2025-12-18,80.72398376464844
2025-12-19,81.09522247314453
2025-12-22,81.52621459960938
2025-12-23,81.89844512939453
2025-12-24,82.01598358154297
2025-12-26,82.25106811523438
2025-12-29,81.95721435546875
2025-12-30,82.23147583007812
2025-12-31,81.89844512939453
2026-01-02,82.82898712158203
2026-01-05,83.48527526855469
2026-01-06,83.69097900390625
2026-01-07,83.44609832763672
2026-01-08,83.43629455566406
2026-01-09,84.01421356201172
2026-01-12,84.47459411621094
2026-01-13,84.0338134765625
2026-01-14,84.3570556640625
2026-01-15,84.1513671875
2026-01-16,84.4060287475586
2026-01-20,83.2208023071289
2026-01-21,84.05340576171875
2026-01-22,84.55297088623047
2026-01-23,85.15046691894531
2026-01-26,85.7186050415039
2026-01-27,87.0899429321289
2026-01-28,86.0516357421875
2026-01-29,86.51201629638672
2026-01-30,85.70880126953125
2026-02-02,86.39447021484375
2026-02-03,86.07123565673828
2026-02-04,86.18877410888672
2026-02-05,84.9937515258789
2026-02-06,86.67854309082031
2026-02-09,87.63848114013672
2026-02-10,87.39359283447266
2026-02-11,87.61888885498047
2026-02-12,86.93321990966797
2026-02-13,86.88424682617188
2026-02-17,87.40338897705078
2026-02-18,87.69725036621094
2026-02-19,87.31523895263672
2026-02-20,88.16743469238281
2026-02-23,87.65806579589844
2026-02-24,87.89315795898438
2026-02-25,88.6375961303711
2026-02-26,88.57882690429688
2026-02-27,88.32415008544922
2026-03-02,86.4630355834961
2026-03-03,83.85749816894531
2026-03-04,84.81742858886719
2026-03-05,83.1130599975586
2026-03-06,82.52532958984375
2026-03-09,82.9073486328125
2026-03-10,82.93673706054688
2026-03-11,82.79960632324219
2026-03-12,81.59478759765625
2026-03-13,80.4781265258789
2026-03-16,81.82007598876953
2026-03-17,82.18250274658203
2026-03-18,80.57608032226562
2026-03-19,80.35077667236328
2026-03-20,77.9219970703125
2026-03-23,79.75244140625
2026-03-24,79.29975128173828
2026-03-25,80.46100616455078
2026-03-26,78.88642883300781
2026-03-27,78.18769836425781
2026-03-30,78.60103607177734
2026-03-31,81.120361328125
2026-04-01,82.29145812988281
2026-04-02,81.8978042602539
2026-04-06,82.44890594482422
2026-04-07,82.202880859375
2026-04-08,85.36187744140625
2026-04-09,85.3815689086914
2026-04-10,85.67679595947266
2026-04-13,86.2475814819336
2026-04-14,86.96598815917969
2026-04-15,86.63138580322266
2026-04-16,86.31646728515625
2026-04-17,87.65486145019531
2026-04-20,87.42851257324219
2026-04-21,85.51934051513672
2026-04-22,85.75552368164062
2026-04-23,85.0961685180664
2026-04-24,85.66696166992188
2026-04-27,85.1749038696289
2026-04-28,84.79109954833984
2026-04-29,83.78730010986328
2026-04-30,85.75552368164062
2026-05-01,85.76537322998047
2026-05-04,84.15142822265625
2026-05-05,85.48982238769531
2026-05-06,87.81232452392578
2026-05-07,85.89330291748047
2026-05-08,86.71995544433594
2026-05-11,86.42472839355469
2026-05-12,85.72600555419922
2026-05-13,86.20821380615234
2026-05-14,86.08028411865234
2026-05-15,84.4269790649414
2026-05-18,85.72600555419922
2026-05-19,85.03712463378906
2026-05-20,86.83805084228516
2026-05-21,87.34979248046875
2026-05-22,87.05455780029297
2026-05-26,88.058349609375
2026-05-27,87.90089416503906
2026-05-28,87.6155014038086
2026-05-29,87.59581756591797
2026-06-01,87.11360168457031
2026-06-02,87.5466079711914
2026-06-03,86.50345611572266
2026-06-04,87.47772216796875
2026-06-05,85.74568176269531
2026-06-08,86.12948608398438
2026-06-09,86.4837646484375
2026-06-10,85.31268310546875
2026-06-11,88.03866577148438
2026-06-12,88.19612121582031
2026-06-15,88.44215393066406
2026-06-16,88.5799331665039
2026-06-17,87.81232452392578
2026-06-18,88.05072784423828
2026-06-22,88.03077697753906
2026-06-23,86.94348907470703
2026-06-24,86.7340087890625
2026-06-25,87.61182403564453
2026-06-26,86.91355895996094
2026-06-29,87.85122680664062
2026-06-30,88.32006072998047
2026-07-01,87.55197143554688
2026-07-02,89.12804412841797
2026-07-06,89.74650573730469
2026-07-07,88.81881713867188
2026-07-08,87.96095275878906
2026-07-09,88.19038391113281
2026-07-10,88.34998321533203
2026-07-13,87.6417465209961
2026-07-14,88.08065795898438
2026-07-15,88.89862060546875
2026-07-16,88.56944274902344
2026-07-17,88.36993408203125
2026-07-20,87.47217559814453
2026-07-21,88.53951263427734
2026-07-22,88.86869049072266
2026-07-23,87.61182403564453
2026-07-24,88.19038391113281
2026-07-27,88.61930847167969
2026-07-28,89.00834655761719
2026-07-29,88.63926696777344
2026-07-30,90.76396942138672
2026-07-31,90.36495971679688
2026-08-03,90.7041244506836
2026-08-04,91.61185455322266
2026-08-05,91.62183380126953
2026-08-06,91.60189056396484
2026-08-07,92.3699722290039
2026-08-10,92.03082275390625
2026-08-11,92.07072448730469
2026-08-12,92.02084350585938
2026-08-13,92.15052032470703
2026-08-14,92.14054870605469
2026-08-17,91.8712158203125
2026-08-18,91.32258605957031
2026-08-19,92.00089263916016
2026-08-20,91.78144073486328
2026-08-21,92.48967742919922
2026-08-24,92.37995147705078
2026-08-25,92.95851135253906
2026-08-26,92.46971893310547
2026-08-27,92.05076599121094
2026-08-28,91.75151824951172
2026-08-31,91.43231201171875
2026-09-01,90.49464416503906
2026-09-02,90.73404693603516
2026-09-03,91.5121078491211
2026-09-04,91.5121078491211
2026-09-08,90.9634780883789
2026-09-09,89.98590850830078
2026-09-10,89.19786834716797
2026-09-11,89.79637908935547
2026-09-14,89.00834655761719
2026-09-15,88.739013671875
2026-09-16,88.40983581542969
2026-09-17,89.14800262451172
2026-09-18,88.20999908447266
2026-09-21,89.23999786376953
2026-09-22,89.43000030517578
2026-09-23,88.01000213623047
2026-09-24,88.06999969482422
2026-09-25,88.62999725341797
2026-09-28,88.37999725341797
2026-09-29,87.8499984741211
