date,close
2006-01-03,18.229717254638672
2006-01-04,18.467363357543945
2006-01-05,18.484756469726562
2006-01-06,18.786178588867188
2006-01-09,18.94847297668457
2006-01-10,18.780378341674805
2006-01-11,18.913692474365234
2006-01-12,18.803558349609375
2006-01-13,18.82964515686035
2006-01-17,18.47026824951172
2006-01-18,18.374629974365234
2006-01-19,18.890504837036133
2006-01-20,18.389122009277344
2006-01-23,18.68473243713379
2006-01-24,18.94267463684082
2006-01-25,18.951372146606445
2006-01-26,19.241191864013672
2006-01-27,19.617958068847656
2006-01-30,19.58318328857422
2006-01-31,19.696210861206055
2006-02-01,19.759973526000977
2006-02-02,19.2730712890625
2006-02-03,19.067298889160156
2006-02-06,19.47594451904297
2006-02-07,19.07889175415039
2006-02-08,19.099178314208984
2006-02-09,19.104976654052734
2006-02-10,19.131057739257812
2006-02-13,18.70502471923828
2006-02-14,19.084686279296875
2006-02-15,19.055707931518555
2006-02-16,19.38900375366211
2006-02-17,19.42957878112793
2006-02-21,19.316547393798828
2006-02-22,19.441165924072266
2006-02-23,19.461458206176758
2006-02-24,19.51651954650879
2006-02-27,19.626657485961914
2006-02-28,19.2730712890625
2006-03-01,19.673025131225586
2006-03-02,19.733884811401367
2006-03-03,19.409290313720703
2006-03-06,19.145549774169922
2006-03-07,18.449979782104492
2006-03-08,18.59489631652832
2006-03-09,18.516637802124023
2006-03-10,18.83834457397461
2006-03-13,18.841243743896484
2006-03-14,19.32234001159668
2006-03-15,19.507823944091797
2006-03-16,19.39769172668457
2006-03-17,19.473047256469727
2006-03-20,19.5194149017334
2006-03-21,19.145549774169922
2006-03-22,19.235401153564453
2006-03-23,19.110774993896484
2006-03-24,19.235401153564453
2006-03-27,19.32524299621582
2006-03-28,19.104976654052734
2006-03-29,19.33393096923828
2006-03-30,19.473047256469727
2006-03-31,19.499130249023438
2006-04-03,19.97443199157715
2006-04-04,20.183107376098633
2006-04-05,20.374399185180664
2006-04-06,20.33961296081543
2006-04-07,20.08747100830078
2006-04-10,20.058488845825195
2006-04-11,19.852706909179688
2006-04-12,19.95994758605957
2006-04-13,19.97443199157715
2006-04-17,20.209203720092773
2006-04-18,20.84100341796875
2006-04-19,21.023578643798828
2006-04-20,20.974315643310547
2006-04-21,21.05547523498535
2006-04-24,20.98301124572754
2006-04-25,20.696094512939453
2006-04-26,21.06995964050293
2006-04-27,20.94823455810547
2006-04-28,21.020694732666016
2006-05-01,21.07866096496582
2006-05-02,21.443830490112305
2006-05-03,21.458314895629883
2006-05-04,21.63510513305664
2006-05-05,21.910436630249023
2006-05-08,22.026369094848633
2006-05-09,22.049551010131836
2006-05-10,21.930721282958984
2006-05-11,21.38875389099121
2006-05-12,20.916353225708008
2006-05-15,20.31352424621582
2006-05-16,20.443946838378906
2006-05-17,19.79475212097168
2006-05-18,19.415081024169922
2006-05-19,19.641143798828125
2006-05-22,18.59778594970703
2006-05-23,18.652856826782227
2006-05-24,18.528234481811523
2006-05-25,19.11946678161621
2006-05-26,19.270166397094727
2006-05-30,18.258697509765625
2006-05-31,18.647058486938477
2006-06-01,19.01223373413086
2006-06-02,19.20351219177246
2006-06-05,18.374629974365234
2006-06-06,18.110889434814453
2006-06-07,17.86164665222168
2006-06-08,17.337066650390625
2006-06-09,17.224037170410156
2006-06-12,16.71395492553711
2006-06-13,16.31979751586914
2006-06-14,16.76032257080078
2006-06-15,17.542844772338867
2006-06-16,17.432706832885742
2006-06-19,16.882049560546875
2006-06-20,17.122602462768555
2006-06-21,17.516756057739258
2006-06-22,17.357358932495117
2006-06-23,17.47618293762207
2006-06-26,17.389240264892578
2006-06-27,17.23273468017578
2006-06-28,17.621095657348633
2006-06-29,18.58040428161621
2006-06-30,18.629667282104492
2006-07-03,19.058609008789062
2006-07-05,18.49345588684082
2006-07-06,18.87312126159668
2006-07-07,18.56011199951172
2006-07-10,18.690528869628906
2006-07-11,18.878915786743164
2006-07-12,18.589096069335938
2006-07-13,17.87613296508789
2006-07-14,17.737024307250977
2006-07-17,17.51386833190918
2006-07-18,17.728328704833984
2006-07-19,18.586191177368164
2006-07-20,18.168853759765625
2006-07-21,17.78629493713379
2006-07-24,18.661544799804688
2006-07-25,18.702123641967773
2006-07-26,18.557218551635742
2006-07-27,18.731103897094727
2006-07-28,19.18033218383789
2006-07-31,18.974559783935547
2006-08-01,18.6441650390625
2006-08-02,18.916582107543945
2006-08-03,18.89920425415039
2006-08-04,18.893404006958008
2006-08-07,18.832548141479492
2006-08-08,18.887611389160156
2006-08-09,18.89630699157715
2006-08-10,19.038312911987305
2006-08-11,18.90500259399414
2006-08-14,18.922393798828125
2006-08-15,19.319448471069336
2006-08-16,19.64694595336914
2006-08-17,19.551300048828125
2006-08-18,19.449861526489258
2006-08-21,19.275972366333008
2006-08-22,19.24698829650879
2006-08-23,18.980348587036133
2006-08-24,19.000642776489258
2006-08-25,19.064401626586914
2006-08-28,19.171632766723633
2006-08-29,19.261476516723633
2006-08-30,19.38900375366211
2006-08-31,19.255678176879883
2006-09-01,19.522319793701172
2006-09-05,19.759973526000977
2006-09-06,19.16873550415039
2006-09-07,18.997739791870117
2006-09-08,19.171632766723633
2006-09-11,18.75139808654785
2006-09-12,19.084686279296875
2006-09-13,19.34552764892578
2006-09-14,19.191917419433594
2006-09-15,19.25857925415039
2006-09-18,19.56868553161621
2006-09-19,19.32524299621582
2006-09-20,19.54840660095215
2006-09-21,19.200607299804688
2006-09-22,18.994844436645508
2006-09-25,19.18033218383789
2006-09-26,19.417984008789062
2006-09-27,19.406389236450195
2006-09-28,19.56289291381836
2006-09-29,19.45855712890625
2006-10-02,19.48174285888672
2006-10-03,19.229597091674805
2006-10-04,19.603464126586914
2006-10-05,19.852706909179688
2006-10-06,19.736783981323242
2006-10-09,19.617958068847656
2006-10-10,19.791852951049805
2006-10-11,19.6991024017334
2006-10-12,20.162817001342773
2006-10-13,20.2294864654541
2006-10-16,20.287439346313477
2006-10-17,20.058488845825195
2006-10-18,20.130939483642578
2006-10-19,20.284542083740234
2006-10-20,20.16861915588379
2006-10-23,20.21209144592285
2006-10-24,20.281644821166992
2006-10-25,20.478729248046875
2006-10-26,20.565671920776367
2006-10-27,20.214990615844727
2006-10-30,20.072975158691406
2006-10-31,20.446842193603516
2006-11-01,20.412063598632812
2006-11-02,20.51060676574707
2006-11-03,20.670001983642578
2006-11-06,21.075763702392578
2006-11-07,21.017791748046875
2006-11-08,21.035181045532227
2006-11-09,21.06995964050293
2006-11-10,21.127925872802734
2006-11-13,21.084447860717773
2006-11-14,21.406145095825195
2006-11-15,21.362680435180664
2006-11-16,21.18878936767578
2006-11-17,21.087345123291016
2006-11-20,21.04966926574707
2006-11-21,21.38875389099121
2006-11-22,21.60613250732422
2006-11-24,21.68727684020996
2006-11-27,21.264141082763672
2006-11-28,21.411943435668945
2006-11-29,21.852466583251953
2006-11-30,21.945222854614258
2006-12-01,21.800308227539062
2006-12-04,22.24662971496582
2006-12-05,22.501672744750977
2006-12-06,22.28721046447754
2006-12-07,22.203155517578125
2006-12-08,22.159692764282227
2006-12-11,22.145198822021484
2006-12-12,21.893054962158203
2006-12-13,21.951017379760742
2006-12-14,22.31328773498535
2006-12-15,22.365455627441406
2006-12-18,22.243730545043945
2006-12-19,22.15679168701172
2006-12-20,22.29299545288086
2006-12-21,22.345170974731445
2006-12-22,22.359617233276367
2006-12-26,22.58083152770996
2006-12-27,22.82564353942871
2006-12-28,22.846281051635742
2006-12-29,22.82564353942871
2007-01-03,22.976051330566406
2007-01-04,22.725353240966797
2007-01-05,22.091222763061523
2007-01-08,22.333078384399414
2007-01-09,21.79923439025879
2007-01-10,21.73729133605957
2007-01-11,22.026336669921875
2007-01-12,22.34782600402832
2007-01-16,22.356679916381836
2007-01-17,22.29768943786621
2007-01-18,22.179702758789062
2007-01-19,22.607370376586914
2007-01-22,22.586727142333984
2007-01-23,22.976051330566406
2007-01-24,23.185461044311523
2007-01-25,22.477596282958984
2007-01-26,22.613269805908203
2007-01-29,22.430402755737305
2007-01-30,22.672260284423828
2007-01-31,22.843334197998047
2007-02-01,23.07339096069336
2007-02-02,23.064531326293945
2007-02-05,23.064531326293945
2007-02-06,23.312286376953125
2007-02-07,23.27099609375
2007-02-08,23.31524085998535
2007-02-09,22.908222198486328
2007-02-12,22.74009895324707
2007-02-13,23.129426956176758
2007-02-14,23.53645133972168
2007-02-15,23.530548095703125
2007-02-16,23.51285171508789
2007-02-20,23.627880096435547
2007-02-21,23.580684661865234
2007-02-22,23.72520637512207
2007-02-23,23.616073608398438
2007-02-26,23.571828842163086
2007-02-27,21.85232162475586
2007-02-28,22.31243133544922
2007-03-01,22.0469913482666
2007-03-02,21.58982276916504
2007-03-05,20.970436096191406
2007-03-06,21.973255157470703
2007-03-07,21.752044677734375
2007-03-08,22.18856430053711
2007-03-09,22.265233993530273
2007-03-12,22.4864444732666
2007-03-13,21.563274383544922
2007-03-14,21.96438980102539
2007-03-15,22.191499710083008
2007-03-16,22.00568962097168
2007-03-19,22.427461624145508
2007-03-20,22.64276695251465
2007-03-21,23.291645050048828
2007-03-22,23.176618576049805
2007-03-23,23.22380828857422
2007-03-26,23.212003707885742
2007-03-27,23.085180282592773
2007-03-28,22.88167381286621
2007-03-29,23.321130752563477
2007-03-30,23.262147903442383
2007-04-02,23.465660095214844
2007-04-03,23.816631317138672
2007-04-04,23.89628028869629
2007-04-05,23.96116065979004
2007-04-09,24.102737426757812
2007-04-10,24.176475524902344
2007-04-11,24.10863494873047
2007-04-12,24.415380477905273
2007-04-13,24.495012283325195
2007-04-16,24.80175018310547
2007-04-17,24.71327018737793
2007-04-18,24.59823989868164
2007-04-19,24.433073043823242
2007-04-20,24.798803329467773
2007-04-23,24.69556999206543
2007-04-24,24.71327018737793
2007-04-25,25.064250946044922
2007-04-26,24.728012084960938
2007-04-27,24.627729415893555
2007-04-30,24.146976470947266
2007-05-01,24.31804084777832
2007-05-02,24.786991119384766
2007-05-03,25.031808853149414
2007-05-04,25.126195907592773
2007-05-07,25.214675903320312
2007-05-08,24.987558364868164
2007-05-09,25.288410186767578
2007-05-10,24.660179138183594
2007-05-11,25.30610466003418
2007-05-14,25.146839141845703
2007-05-15,25.15864372253418
2007-05-16,25.562707901000977
2007-05-17,25.415233612060547
2007-05-18,25.59515380859375
2007-05-21,25.65119171142578
2007-05-22,25.719018936157227
2007-05-23,25.5509090423584
2007-05-24,24.996410369873047
2007-05-25,25.488971710205078
2007-05-29,25.409339904785156
2007-05-30,25.6600284576416
2007-05-31,25.75441551208496
2007-06-01,26.335460662841797
2007-06-04,26.255817413330078
2007-06-05,26.111286163330078
2007-06-06,25.680679321289062
2007-06-07,25.226465225219727
2007-06-08,25.819305419921875
2007-06-11,25.89599609375
2007-06-12,25.474224090576172
2007-06-13,26.040502548217773
2007-06-14,26.444580078125
2007-06-15,26.898799896240234
2007-06-18,27.114107131958008
2007-06-19,27.167198181152344
2007-06-20,26.978431701660156
2007-06-21,27.282222747802734
2007-06-22,26.898799896240234
2007-06-25,26.67463493347168
2007-06-26,26.544858932495117
2007-06-27,26.889934539794922
2007-06-28,26.89288902282715
2007-06-29,26.925344467163086
2007-07-02,27.4827823638916
2007-07-03,27.780668258666992
2007-07-05,27.995988845825195
2007-07-06,28.376449584960938
2007-07-09,28.594711303710938
2007-07-10,28.093307495117188
2007-07-11,28.305679321289062
2007-07-12,29.04598617553711
2007-07-13,29.246543884277344
2007-07-16,28.821815490722656
2007-07-17,28.889659881591797
2007-07-18,28.783477783203125
2007-07-19,29.0518856048584
2007-07-20,28.975194931030273
2007-07-23,29.656511306762695
2007-07-24,28.7775821685791
2007-07-25,29.128564834594727
2007-07-26,27.52406120300293
2007-07-27,27.22323226928711
2007-07-30,28.270275115966797
2007-07-31,27.872100830078125
2007-08-01,27.429697036743164
2007-08-02,27.721683502197266
2007-08-03,26.603851318359375
2007-08-06,27.282222747802734
2007-08-07,27.382497787475586
2007-08-08,28.13754653930664
2007-08-09,26.969589233398438
2007-08-10,26.677579879760742
2007-08-13,26.839807510375977
2007-08-14,25.999217987060547
2007-08-15,24.719158172607422
2007-08-16,24.303293228149414
2007-08-17,25.23531723022461
2007-08-20,25.379840850830078
2007-08-21,25.185178756713867
2007-08-22,26.208627700805664
2007-08-23,26.4268856048584
2007-08-24,27.02267837524414
2007-08-27,27.149507522583008
2007-08-28,26.07295799255371
2007-08-29,27.305816650390625
2007-08-30,27.031524658203125
2007-08-31,27.869142532348633
2007-09-04,28.25847625732422
2007-09-05,27.603700637817383
2007-09-06,28.016633987426758
2007-09-07,27.462139129638672
2007-09-10,27.273372650146484
2007-09-11,28.05497169494629
2007-09-12,27.972381591796875
2007-09-13,28.249631881713867
2007-09-14,28.290924072265625
2007-09-17,28.0313720703125
2007-09-18,29.346818923950195
2007-09-19,29.411697387695312
2007-09-20,29.21704864501953
2007-09-21,29.715496063232422
2007-09-24,30.08416748046875
2007-09-25,30.11072540283203
2007-09-26,30.33486557006836
2007-09-27,30.853981018066406
2007-09-28,30.60918426513672
2007-10-01,31.785995483398438
2007-10-02,31.676868438720703
2007-10-03,31.193164825439453
2007-10-04,31.470417022705078
2007-10-05,32.32572937011719
2007-10-08,32.03081130981445
2007-10-09,32.375877380371094
2007-10-10,32.591182708740234
2007-10-11,32.44075393676758
2007-10-12,32.93036651611328
2007-10-15,32.70917892456055
2007-10-16,31.986560821533203
2007-10-17,32.93036651611328
2007-10-18,33.07489776611328
2007-10-19,31.43796730041504
2007-10-22,31.85383415222168
2007-10-23,32.620689392089844
2007-10-24,32.32869338989258
2007-10-25,32.70917892456055
2007-10-26,33.959720611572266
2007-10-29,34.53486251831055
2007-10-30,33.9036865234375
2007-10-31,34.590911865234375
2007-11-01,33.37278747558594
2007-11-02,33.549766540527344
2007-11-05,32.73866271972656
2007-11-06,33.74146270751953
2007-11-07,32.45552062988281
2007-11-08,32.75046920776367
2007-11-09,32.04258728027344
2007-11-12,30.326030731201172
2007-11-13,32.384735107421875
2007-11-14,32.53220748901367
2007-11-15,31.79485511779785
2007-11-16,31.84794044494629
2007-11-19,30.96901512145996
2007-11-20,31.38193130493164
2007-11-21,29.910158157348633
2007-11-23,30.4558048248291
2007-11-26,28.992876052856445
2007-11-27,30.411577224731445
2007-11-28,31.91282844543457
2007-11-29,31.647377014160156
2007-11-30,31.641464233398438
2007-12-03,31.712265014648438
2007-12-04,31.656221389770508
2007-12-05,32.838951110839844
2007-12-06,33.136844635009766
2007-12-07,32.93627166748047
2007-12-10,32.918582916259766
2007-12-11,31.544153213500977
2007-12-12,32.45257568359375
2007-12-13,31.871522903442383
2007-12-14,30.980798721313477
2007-12-17,29.57097816467285
2007-12-18,30.349626541137695
2007-12-19,30.48233985900879
2007-12-20,30.585586547851562
2007-12-21,31.39666175842285
2007-12-24,31.988365173339844
2007-12-26,32.22275161743164
2007-12-27,31.555646896362305
2007-12-28,31.67884063720703
2007-12-31,31.342287063598633
2008-01-02,31.252140045166016
2008-01-03,31.55263900756836
2008-01-04,30.50989532470703
2008-01-07,30.750286102294922
2008-01-08,30.726247787475586
2008-01-09,31.47150993347168
2008-01-10,31.762990951538086
2008-01-11,31.011734008789062
2008-01-14,31.345294952392578
2008-01-15,30.023090362548828
2008-01-16,28.86916732788086
2008-01-17,28.042766571044922
2008-01-18,28.65579605102539
2008-01-22,27.778339385986328
2008-01-23,28.078834533691406
2008-01-24,28.277175903320312
2008-01-25,27.616064071655273
2008-01-28,28.24712371826172
2008-01-29,28.35530662536621
2008-01-30,27.85346221923828
2008-01-31,28.514572143554688
2008-02-01,29.20572280883789
2008-02-04,29.169658660888672
2008-02-05,27.95564079284668
2008-02-06,27.525920867919922
2008-02-07,27.967660903930664
2008-02-08,27.79336166381836
2008-02-11,28.1719970703125
2008-02-12,28.277175903320312
2008-02-13,28.87816047668457
2008-02-14,28.547618865966797
2008-02-15,28.98334503173828
2008-02-19,29.265811920166016
2008-02-20,29.50020980834961
2008-02-21,29.100542068481445
2008-02-22,29.539268493652344
2008-02-25,29.863828659057617
2008-02-26,30.422739028930664
2008-02-27,30.54595947265625
2008-02-28,30.293521881103516
2008-02-29,29.334938049316406
2008-03-03,29.50321388244629
2008-03-04,28.962312698364258
2008-03-05,29.5062198638916
2008-03-06,28.61673355102539
2008-03-07,28.30722999572754
2008-03-10,27.510892868041992
2008-03-11,29.370994567871094
2008-03-12,28.67083740234375
2008-03-13,28.613727569580078
2008-03-14,27.580007553100586
2008-03-17,26.68151092529297
2008-03-18,28.20504379272461
2008-03-19,26.630434036254883
2008-03-20,27.033082962036133
2008-03-24,28.045791625976562
2008-03-25,28.352296829223633
2008-03-26,27.99169158935547
2008-03-27,28.298194885253906
2008-03-28,28.090864181518555
2008-03-31,28.256132125854492
2008-04-01,29.08852767944336
2008-04-02,29.08250617980957
2008-04-03,29.3890323638916
2008-04-04,29.337942123413086
2008-04-07,29.482187271118164
2008-04-08,29.42207908630371
2008-04-09,29.193689346313477
2008-04-10,29.69853973388672
2008-04-11,29.151630401611328
2008-04-14,29.190692901611328
2008-04-15,29.686527252197266
2008-04-16,30.30855941772461
2008-04-17,30.12224578857422
2008-04-18,30.425752639770508
2008-04-21,30.723241806030273
2008-04-22,30.455793380737305
2008-04-23,30.83143424987793
2008-04-24,30.651126861572266
2008-04-25,30.942617416381836
2008-04-28,30.663143157958984
2008-04-29,30.146289825439453
2008-04-30,30.63910675048828
2008-05-01,31.08085060119629
2008-05-02,31.291194915771484
2008-05-05,31.192035675048828
2008-05-06,31.468486785888672
2008-05-07,30.72926139831543
2008-05-08,30.843448638916016
2008-05-09,30.684192657470703
2008-05-12,30.921586990356445
2008-05-13,31.035781860351562
2008-05-14,31.101886749267578
2008-05-15,31.732927322387695
2008-05-16,32.08151626586914
2008-05-19,32.240787506103516
2008-05-20,31.48652458190918
2008-05-21,31.240110397338867
2008-05-22,31.59771156311035
2008-05-23,30.759309768676758
2008-05-27,30.861486434936523
2008-05-28,31.002704620361328
2008-05-29,31.23709487915039
2008-05-30,31.186019897460938
2008-06-02,31.011734008789062
2008-06-03,30.473827362060547
2008-06-04,30.05012321472168
2008-06-05,30.939619064331055
2008-06-06,29.863828659057617
2008-06-09,29.76766586303711
2008-06-10,29.12158203125
2008-06-11,28.998374938964844
2008-06-12,29.181684494018555
2008-06-13,29.193689346313477
2008-06-16,29.449121475219727
2008-06-17,29.232757568359375
2008-06-18,29.491193771362305
2008-06-19,29.106555938720703
2008-06-20,28.187023162841797
2008-06-23,28.24712371826172
2008-06-24,28.187023162841797
2008-06-25,28.69186782836914
2008-06-26,27.77233123779297
2008-06-27,28.000715255737305
2008-06-30,28.126924514770508
2008-07-01,27.351619720458984
2008-07-02,26.666481018066406
2008-07-03,26.732587814331055
2008-07-07,26.546283721923828
2008-07-08,26.76264762878418
2008-07-09,26.041440963745117
2008-07-10,26.86481285095215
2008-07-11,26.606380462646484
2008-07-14,26.744609832763672
2008-07-15,26.131593704223633
2008-07-16,26.85880470275879
2008-07-17,27.339599609375
2008-07-18,27.045106887817383
2008-07-21,27.09920883178711
2008-07-22,26.804712295532227
2008-07-23,27.05112648010254
2008-07-24,26.57632827758789
2008-07-25,26.57632827758789
2008-07-28,26.666481018066406
2008-07-29,26.618406295776367
2008-07-30,27.045106887817383
2008-07-31,26.798704147338867
2008-08-01,26.738605499267578
2008-08-04,25.855127334594727
2008-08-05,26.197702407836914
2008-08-06,26.57632827758789
2008-08-07,25.783018112182617
2008-08-08,25.879161834716797
2008-08-11,25.56664276123047
2008-08-12,25.470478057861328
2008-08-13,25.410381317138672
2008-08-14,25.578672409057617
2008-08-15,25.224079132080078
2008-08-18,24.647119522094727
2008-08-19,24.418739318847656
2008-08-20,25.14594841003418
2008-08-21,25.025741577148438
2008-08-22,25.14594841003418
2008-08-25,24.376667022705078
2008-08-26,24.460798263549805
2008-08-27,24.93560028076172
2008-08-28,24.959630966186523
2008-08-29,24.677165985107422
2008-09-02,23.829750061035156
2008-09-03,23.625404357910156
2008-09-04,22.83809471130371
2008-09-05,22.77800178527832
2008-09-08,23.13259506225586
2008-09-09,22.146944046020508
2008-09-10,22.176990509033203
2008-09-11,22.2310848236084
2008-09-12,22.519559860229492
2008-09-15,20.89685821533203
2008-09-16,20.614395141601562
2008-09-17,19.250110626220703
2008-09-18,20.4340877532959
2008-09-19,23.421066284179688
2008-09-22,21.900527954101562
2008-09-23,21.167308807373047
2008-09-24,21.509885787963867
2008-09-25,22.309219360351562
2008-09-26,21.67816925048828
2008-09-29,19.310209274291992
2008-09-30,20.83074951171875
2008-10-01,20.56630516052246
2008-10-02,19.0457706451416
2008-10-03,18.751285552978516
2008-10-06,17.152612686157227
2008-10-07,15.992680549621582
2008-10-08,15.95060920715332
2008-10-09,15.295514106750488
2008-10-10,14.90485954284668
2008-10-13,17.927907943725586
2008-10-14,17.471149444580078
2008-10-15,14.790672302246094
2008-10-16,15.163299560546875
2008-10-17,15.085160255432129
2008-10-20,15.962628364562988
2008-10-21,14.754611015319824
2008-10-22,13.336246490478516
2008-10-23,13.492511749267578
2008-10-24,12.29050064086914
2008-10-27,11.851768493652344
2008-10-28,13.865131378173828
2008-10-29,13.726899147033691
2008-10-30,15.1332368850708
2008-10-31,15.151275634765625
2008-11-03,15.16930866241455
2008-11-04,16.49752426147461
2008-11-05,14.574309349060059
2008-11-06,13.762960433959961
2008-11-07,14.946942329406738
2008-11-10,15.00102710723877
2008-11-11,14.213708877563477
2008-11-12,12.98165512084961
2008-11-13,14.706531524658203
2008-11-14,13.50452709197998
2008-11-17,13.294178009033203
2008-11-18,13.113877296447754
2008-11-19,12.122222900390625
2008-11-20,11.17864990234375
2008-11-21,12.621049880981445
2008-11-24,13.50452709197998
2008-11-25,13.240086555480957
2008-11-26,14.141590118408203
2008-11-28,13.841093063354492
2008-12-01,12.61504077911377
2008-12-02,13.31821346282959
2008-12-03,13.492511749267578
2008-12-04,12.939580917358398
2008-12-05,13.570631980895996
2008-12-08,14.135581016540527
2008-12-09,14.051440238952637
2008-12-10,14.916884422302246
2008-12-11,14.628402709960938
2008-12-12,14.766632080078125
2008-12-15,14.652440071105957
2008-12-16,15.788336753845215
2008-12-17,15.385663986206055
2008-12-18,15.09117317199707
2008-12-19,15.04910659790039
2008-12-22,14.54426383972168
2008-12-23,14.357951164245605
2008-12-24,14.533690452575684
2008-12-26,14.521047592163086
2008-12-29,14.577943801879883
2008-12-30,14.912999153137207
2008-12-31,14.900351524353027
2009-01-02,15.696893692016602
2009-01-05,15.949769973754883
2009-01-06,16.234243392944336
2009-01-07,15.374484062194824
2009-01-08,15.279661178588867
2009-01-09,14.906679153442383
2009-01-12,14.217601776123047
2009-01-13,14.312430381774902
2009-01-14,13.604399681091309
2009-01-15,13.78773021697998
2009-01-16,13.9837064743042
2009-01-20,12.959583282470703
2009-01-21,13.680256843566895
2009-01-22,13.364169120788574
2009-01-23,13.39577579498291
2009-01-26,13.598073959350586
2009-01-27,13.711868286132812
2009-01-28,14.495768547058105
2009-01-29,13.749794006347656
2009-01-30,13.572792053222656
2009-02-02,13.48427963256836
2009-02-03,13.869908332824707
2009-02-04,14.008988380432129
2009-02-05,14.274497032165527
2009-02-06,14.963568687438965
2009-02-09,14.811853408813477
2009-02-10,14.015316009521484
2009-02-11,14.34404468536377
2009-02-12,14.312430381774902
2009-02-13,14.394617080688477
2009-02-17,13.263018608093262
2009-02-18,13.370492935180664
2009-02-19,13.313597679138184
2009-02-20,12.997516632080078
2009-02-23,12.681419372558594
2009-02-24,13.357848167419434
2009-02-25,13.161872863769531
2009-02-26,13.016478538513184
2009-02-27,13.250381469726562
2009-03-02,12.63084602355957
2009-03-03,12.2705078125
2009-03-04,13.104986190795898
2009-03-05,12.52969741821289
2009-03-06,12.706710815429688
2009-03-09,12.485447883605957
2009-03-10,13.48427963256836
2009-03-11,13.4463529586792
2009-03-12,13.90151596069336
2009-03-13,13.990031242370605
2009-03-16,14.046919822692871
2009-03-17,14.369329452514648
2009-03-18,14.679095268249512
2009-03-19,14.577943801879883
2009-03-20,14.388297080993652
2009-03-23,15.652641296386719
2009-03-24,15.210123062133789
2009-03-25,15.450346946716309
2009-03-26,15.804366111755371
2009-03-27,15.361839294433594
2009-03-30,14.603235244750977
2009-03-31,14.894033432006836
2009-04-01,15.437705993652344
2009-04-02,16.31010627746582
2009-04-03,16.4997615814209
2009-04-06,16.284822463989258
2009-04-07,15.949769973754883
2009-04-08,16.21528434753418
2009-04-09,16.923322677612305
2009-04-13,17.043426513671875
2009-04-14,16.77791404724121
2009-04-15,16.999177932739258
2009-04-16,17.239402770996094
2009-04-17,17.075037002563477
2009-04-20,16.25320816040039
2009-04-21,16.664121627807617
2009-04-22,16.5313663482666
2009-04-23,16.84745216369629
2009-04-24,17.157217025756836
2009-04-27,16.58194351196289
2009-04-28,16.49343490600586
2009-04-29,17.384798049926758
2009-04-30,17.492271423339844
2009-05-01,17.808361053466797
2009-05-04,19.0031681060791
2009-05-05,18.750301361083984
2009-05-06,19.14856719970703
2009-05-07,18.62386131286621
2009-05-08,19.325572967529297
2009-05-11,18.889371871948242
2009-05-12,18.99052619934082
2009-05-13,18.333070755004883
2009-05-14,18.604894638061523
2009-05-15,18.459503173828125
2009-05-18,19.603740692138672
2009-05-19,19.73649024963379
2009-05-20,19.812353134155273
2009-05-21,19.48362159729004
2009-05-22,19.679590225219727
2009-05-26,19.850278854370117
2009-05-27,19.660625457763672
2009-05-28,20.26752471923828
2009-05-29,20.621540069580078
2009-06-01,21.424400329589844
2009-06-02,21.1146297454834
2009-06-03,20.44452476501465
2009-06-04,20.766939163208008
2009-06-05,20.798547744750977
2009-06-08,20.495100021362305
2009-06-09,20.51406478881836
2009-06-10,20.710039138793945
2009-06-11,21.095666885375977
2009-06-12,20.842798233032227
2009-06-15,20.090517044067383
2009-06-16,19.824995040893555
2009-06-17,19.67327308654785
2009-06-18,19.635339736938477
2009-06-19,19.717529296875
2009-06-22,18.965234756469727
2009-06-23,19.085351943969727
2009-06-24,19.629024505615234
2009-06-25,20.115798950195312
2009-06-26,20.223268508911133
2009-06-29,20.349702835083008
2009-06-30,20.115798950195312
2009-07-01,20.53935432434082
2009-07-02,19.95143699645996
2009-07-06,19.995681762695312
2009-07-07,19.527870178222656
2009-07-08,19.306617736816406
2009-07-09,19.616382598876953
2009-07-10,19.37615203857422
2009-07-13,19.51523208618164
2009-07-14,19.704891204833984
2009-07-15,20.7290096282959
2009-07-16,20.7290096282959
2009-07-17,20.95026397705078
2009-07-20,21.5950870513916
2009-07-21,21.56979751586914
2009-07-22,21.52554702758789
2009-07-23,22.100830078125
2009-07-24,22.0376033782959
2009-07-27,22.183012008666992
2009-07-28,22.069215774536133
2009-07-29,21.60141372680664
2009-07-30,22.176685333251953
2009-07-31,22.309436798095703
2009-08-03,23.156553268432617
2009-08-04,22.979549407958984
2009-08-05,22.783571243286133
2009-08-06,22.58760643005371
2009-08-07,22.745643615722656
2009-08-10,22.555994033813477
2009-08-11,22.15139389038086
2009-08-12,22.397947311401367
2009-08-13,22.777254104614258
2009-08-14,22.46748161315918
2009-08-17,21.544513702392578
2009-08-18,21.898529052734375
2009-08-19,22.01232147216797
2009-08-20,22.296798706054688
2009-08-21,22.714027404785156
2009-08-24,22.758291244506836
2009-08-25,22.726682662963867
2009-08-26,22.600238800048828
2009-08-27,22.562314987182617
2009-08-28,22.562314987182617
2009-08-31,22.15139389038086
2009-09-01,21.8037052154541
2009-09-02,22.06290054321289
2009-09-03,22.46748161315918
2009-09-04,22.91000747680664
2009-09-08,23.39678192138672
2009-09-09,23.44736099243164
2009-09-10,23.78240394592285
2009-09-11,23.70655059814453
2009-09-14,23.693906784057617
2009-09-15,23.946781158447266
2009-09-16,24.585275650024414
2009-09-17,24.37032699584961
2009-09-18,24.4525203704834
2009-09-21,24.224929809570312
2009-09-22,24.6611328125
2009-09-23,24.28183364868164
2009-09-24,23.801372528076172
2009-09-25,23.97838020324707
2009-09-28,24.275497436523438
2009-09-29,24.2439022064209
2009-09-30,24.357685089111328
2009-10-01,23.74448013305664
2009-10-02,23.801372528076172
2009-10-05,24.32607650756836
2009-10-06,24.724349975585938
2009-10-07,24.66745948791504
2009-10-08,25.046756744384766
2009-10-09,25.179515838623047
2009-10-12,25.33123779296875
2009-10-13,25.337553024291992
2009-10-14,26.14674186706543
2009-10-15,26.032957077026367
2009-10-16,25.65364646911621
2009-10-19,26.127788543701172
2009-10-20,25.723186492919922
2009-10-21,25.634685516357422
2009-10-22,25.83698081970215
2009-10-23,25.590423583984375
2009-10-26,25.35651969909668
2009-10-27,24.939294815063477
2009-10-28,23.864593505859375
2009-10-29,24.876073837280273
2009-10-30,23.7697696685791
2009-11-02,24.224929809570312
2009-11-03,23.984716415405273
2009-11-04,24.604238510131836
2009-11-05,25.116300582885742
2009-11-06,25.034107208251953
2009-11-09,25.90019416809082
2009-11-10,25.716875076293945
2009-11-11,25.88123321533203
2009-11-12,25.33123779296875
2009-11-13,25.780088424682617
2009-11-16,26.399606704711914
2009-11-17,26.304786682128906
2009-11-18,26.0898494720459
2009-11-19,25.659957885742188
2009-11-20,25.634685516357422
2009-11-23,26.07088851928711
2009-11-24,25.98238182067871
2009-11-25,26.197317123413086
2009-11-27,25.242733001708984
2009-11-30,25.47662925720215
2009-12-01,26.11513328552246
2009-12-02,26.23524284362793
2009-12-03,26.039274215698242
2009-12-04,26.20363998413086
2009-12-07,25.995033264160156
2009-12-08,25.609394073486328
2009-12-09,25.773767471313477
2009-12-10,25.830652236938477
2009-12-11,25.96341323852539
2009-12-14,26.096168518066406
2009-12-15,25.93812370300293
2009-12-16,26.007665634155273
2009-12-17,25.286991119384766
2009-12-18,25.394453048706055
2009-12-21,25.350204467773438
2009-12-22,25.51457405090332
2009-12-23,25.72950553894043
2009-12-24,26.040264129638672
2009-12-28,26.155611038208008
2009-12-29,26.129985809326172
2009-12-30,26.194061279296875
2009-12-31,26.270952224731445
2010-01-04,27.168004989624023
2010-01-05,27.25770378112793
2010-01-06,27.424301147460938
2010-01-07,27.18721580505371
2010-01-08,27.353816986083984
2010-01-11,27.392271041870117
2010-01-12,26.995006561279297
2010-01-13,27.103925704956055
2010-01-14,27.039852142333984
2010-01-15,26.719467163085938
2010-01-19,27.18082618713379
2010-01-20,26.514436721801758
2010-01-21,25.745521545410156
2010-01-22,25.168848037719727
2010-01-25,25.412334442138672
2010-01-26,24.92536735534668
2010-01-27,24.85487937927246
2010-01-28,24.758760452270508
2010-01-29,24.50246238708496
2010-02-01,25.207300186157227
2010-02-02,25.32903289794922
2010-02-03,25.258554458618164
2010-02-04,24.105188369750977
2010-02-05,24.060348510742188
2010-02-08,23.6118106842041
2010-02-09,24.33586311340332
2010-02-10,24.258974075317383
2010-02-11,24.85487937927246
2010-02-12,24.579360961914062
2010-02-16,25.207300186157227
2010-02-17,25.303409576416016
2010-02-18,25.35466194152832
2010-02-19,25.18806266784668
2010-02-22,25.200885772705078
2010-02-23,24.63702964782715
2010-02-24,24.944583892822266
2010-02-25,24.745943069458008
2010-02-26,24.963808059692383
2010-03-01,25.380292892456055
2010-03-02,25.668636322021484
2010-03-03,25.732709884643555
2010-03-04,25.566118240356445
2010-03-05,26.30939292907715
2010-03-08,26.302982330322266
2010-03-09,26.411916732788086
2010-03-10,26.463165283203125
2010-03-11,26.565704345703125
2010-03-12,26.495206832885742
2010-03-15,26.315799713134766
2010-03-16,26.62336540222168
2010-03-17,26.892480850219727
2010-03-18,26.719467163085938
2010-03-19,26.456771850585938
2010-03-22,26.520841598510742
2010-03-23,26.732284545898438
2010-03-24,26.37346076965332
2010-03-25,26.238922119140625
2010-03-26,26.424732208251953
2010-03-29,26.905292510986328
2010-03-30,26.995006561279297
2010-03-31,27.007810592651367
2010-04-01,27.65497589111328
2010-04-05,27.930500030517578
2010-04-06,27.9881591796875
2010-04-07,27.77029800415039
2010-04-08,27.840795516967773
2010-04-09,27.9881591796875
2010-04-12,27.75749969482422
2010-04-13,27.738283157348633
2010-04-14,28.174001693725586
2010-04-15,28.0009822845459
2010-04-16,27.26410675048828
2010-04-19,27.13595962524414
2010-04-20,27.449928283691406
2010-04-21,27.341012954711914
2010-04-22,27.462751388549805
2010-04-23,27.603715896606445
2010-04-26,27.61652374267578
2010-04-27,26.63617706298828
2010-04-28,26.898883819580078
2010-04-29,27.296154022216797
2010-04-30,26.95014190673828
2010-05-03,27.116744995117188
2010-05-04,26.001827239990234
2010-05-05,25.521263122558594
2010-05-06,24.58574867248535
2010-05-07,24.61139678955078
2010-05-10,26.226097106933594
2010-05-11,25.76474952697754
2010-05-12,26.123579025268555
2010-05-13,25.867265701293945
2010-05-14,25.418739318847656
2010-05-17,25.296995162963867
2010-05-18,24.752355575561523
2010-05-19,24.44479751586914
2010-05-20,23.33628273010254
2010-05-21,23.970640182495117
2010-05-24,23.720739364624023
2010-05-25,23.490070343017578
2010-05-26,23.490070343017578
2010-05-27,24.848480224609375
2010-05-28,24.476837158203125
2010-06-01,24.041118621826172
2010-06-02,24.893333435058594
2010-06-03,24.790803909301758
2010-06-04,23.970640182495117
2010-06-07,23.637439727783203
2010-06-08,24.15004539489746
2010-06-09,23.983448028564453
2010-06-10,24.733131408691406
2010-06-11,24.9061336517334
2010-06-14,24.88692283630371
2010-06-15,25.643007278442383
2010-06-16,25.6109676361084
2010-06-17,25.521263122558594
2010-06-18,25.668636322021484
2010-06-21,26.14279556274414
2010-06-22,25.649410247802734
2010-06-23,25.76474952697754
2010-06-24,25.380292892456055
2010-06-25,25.66222381591797
2010-06-28,25.52767562866211
2010-06-29,24.54732322692871
2010-06-30,24.3422794342041
2010-07-01,24.48965072631836
2010-07-02,24.540903091430664
2010-07-06,24.963808059692383
2010-07-07,25.45077896118164
2010-07-08,25.61737060546875
2010-07-09,25.937747955322266
2010-07-12,25.739116668701172
2010-07-13,26.046680450439453
2010-07-14,26.008224487304688
2010-07-15,25.94416046142578
2010-07-16,25.22651481628418
2010-07-19,25.546890258789062
2010-07-20,26.033872604370117
2010-07-21,25.80319595336914
2010-07-22,26.475988388061523
2010-07-23,26.687442779541016
2010-07-26,26.85404396057129
2010-07-27,26.789955139160156
2010-07-28,26.661806106567383
2010-07-29,26.73870086669922
2010-07-30,26.82840347290039
2010-08-02,27.526823043823242
2010-08-03,27.392271041870117
2010-08-04,27.48196792602539
2010-08-05,27.385854721069336
2010-08-06,27.321781158447266
2010-08-09,27.47556495666504
2010-08-10,27.091106414794922
2010-08-11,26.2901668548584
2010-08-12,26.315799713134766
2010-08-13,26.46957778930664
2010-08-16,26.68102264404297
2010-08-17,26.97577476501465
2010-08-18,26.930919647216797
2010-08-19,26.73870086669922
2010-08-20,26.706663131713867
2010-08-23,26.46957778930664
2010-08-24,26.181236267089844
2010-08-25,26.065914154052734
2010-08-26,25.880090713500977
2010-08-27,26.405494689941406
2010-08-30,26.01464080810547
2010-08-31,26.14279556274414
2010-09-01,27.014217376708984
2010-09-02,27.027036666870117
2010-09-03,27.328195571899414
2010-09-07,26.95655059814453
2010-09-08,27.232074737548828
2010-09-09,27.36663246154785
2010-09-10,27.50759506225586
2010-09-13,28.084285736083984
2010-09-14,28.097095489501953
2010-09-15,28.11631202697754
2010-09-16,27.9881591796875
2010-09-17,27.97534942626953
2010-09-20,28.423898696899414
2010-09-21,28.4046630859375
2010-09-22,28.411075592041016
2010-09-23,28.257280349731445
2010-09-24,28.750667572021484
2010-09-27,28.692996978759766
2010-09-28,28.885217666625977
2010-09-29,28.98773956298828
2010-09-30,29.128711700439453
2010-10-01,29.583646774291992
2010-10-04,29.55801773071289
2010-10-05,29.993730545043945
2010-10-06,30.051403045654297
2010-10-07,29.76305389404297
2010-10-08,30.07701873779297
2010-10-11,30.064210891723633
2010-10-12,29.936058044433594
2010-10-13,30.410219192504883
2010-10-14,30.44865608215332
2010-10-15,30.384592056274414
2010-10-18,30.365371704101562
2010-10-19,29.42986488342285
2010-10-20,29.92965316772461
2010-10-21,29.897602081298828
2010-10-22,29.974512100219727
2010-10-25,30.30129623413086
2010-10-26,30.30129623413086
2010-10-27,29.801511764526367
2010-10-28,29.955303192138672
2010-10-29,30.032167434692383
2010-11-01,30.346145629882812
2010-11-02,30.70496368408203
2010-11-03,30.91641616821289
2010-11-04,31.60202407836914
2010-11-05,31.550769805908203
2010-11-08,31.396984100341797
2010-11-09,31.057382583618164
2010-11-10,31.22398567199707
2010-11-11,30.98689079284668
2010-11-12,30.25644874572754
2010-11-15,30.21799659729004
2010-11-16,29.410655975341797
2010-11-17,29.538795471191406
2010-11-18,30.211589813232422
2010-11-19,30.25002098083496
2010-11-22,30.185955047607422
2010-11-23,29.218406677246094
2010-11-24,29.865589141845703
2010-11-26,29.218406677246094
2010-11-29,29.385021209716797
2010-11-30,29.179973602294922
2010-12-01,30.057809829711914
2010-12-02,30.531963348388672
2010-12-03,30.634483337402344
2010-12-06,30.621673583984375
2010-12-07,30.480703353881836
2010-12-08,30.294879913330078
2010-12-09,30.224397659301758
2010-12-10,30.35895538330078
2010-12-13,30.519155502319336
2010-12-14,30.551172256469727
2010-12-15,30.102664947509766
2010-12-16,30.275657653808594
2010-12-17,30.25002098083496
2010-12-20,30.16033363342285
2010-12-21,30.551172256469727
2010-12-22,30.67178726196289
2010-12-23,30.626161575317383
2010-12-27,30.56748390197754
2010-12-28,30.59355926513672
2010-12-29,30.96514320373535
2010-12-30,31.186790466308594
2010-12-31,31.388877868652344
2011-01-03,31.695270538330078
2011-01-04,31.819137573242188
2011-01-05,31.7017822265625
2011-01-06,31.42147445678711
2011-01-07,31.128116607666016
2011-01-10,30.808687210083008
2011-01-11,31.15418815612793
2011-01-12,31.864763259887695
2011-01-13,31.5062198638916
2011-01-14,31.590967178344727
2011-01-18,31.584447860717773
2011-01-19,31.32367515563965
2011-01-20,31.04989242553711
2011-01-21,30.743494033813477
2011-01-24,30.95209503173828
2011-01-25,30.76959228515625
2011-01-26,31.05640983581543
2011-01-27,30.95209503173828
2011-01-28,29.993820190429688
2011-01-31,30.306718826293945
2011-02-01,30.9586124420166
2011-02-02,30.717426300048828
2011-02-03,30.691343307495117
2011-02-04,30.678306579589844
2011-02-07,30.59355926513672
2011-02-08,30.508825302124023
2011-02-09,29.915586471557617
2011-02-10,29.61570167541504
2011-02-11,29.941654205322266
2011-02-14,29.9221134185791
2011-02-15,29.980777740478516
2011-02-16,30.2480525970459
2011-02-17,30.384960174560547
2011-02-18,30.574005126953125
2011-02-22,29.5505313873291
2011-02-23,29.52444839477539
2011-02-24,29.589635848999023
2011-02-25,29.993820190429688
2011-02-28,30.254575729370117
2011-03-01,29.941654205322266
2011-03-02,30.35887908935547
2011-03-03,30.926021575927734
2011-03-04,30.893428802490234
2011-03-07,30.52185821533203
2011-03-08,30.8608341217041
2011-03-09,30.867359161376953
2011-03-10,30.013362884521484
2011-03-11,30.22850227355957
2011-03-14,30.456653594970703
2011-03-15,29.974241256713867
2011-03-16,29.328874588012695
2011-03-17,29.726530075073242
2011-03-18,29.81781578063965
2011-03-21,30.352365493774414
2011-03-22,30.384960174560547
2011-03-23,30.77608871459961
2011-03-24,31.15418815612793
2011-03-25,31.15418815612793
2011-03-28,30.97165298461914
2011-03-29,31.278057098388672
2011-03-30,31.66267967224121
2011-03-31,31.910400390625
2011-04-01,32.431922912597656
2011-04-04,32.731788635253906
2011-04-05,32.64051055908203
2011-04-06,32.79045867919922
2011-04-07,32.78394317626953
2011-04-08,32.836097717285156
2011-04-11,32.464515686035156
2011-04-12,31.884321212768555
2011-04-13,32.09945297241211
2011-04-14,32.28850173950195
2011-04-15,32.3015251159668
2011-04-18,31.551847457885742
2011-04-19,31.9755802154541
2011-04-20,32.777408599853516
2011-04-21,33.05773162841797
2011-04-25,32.777408599853516
2011-04-26,33.03166198730469
2011-04-27,33.02511978149414
2011-04-28,32.75135803222656
2011-04-29,32.98602294921875
2011-05-02,32.93387222290039
2011-05-03,32.262413024902344
2011-05-04,31.682226181030273
2011-05-05,31.349763870239258
2011-05-06,31.77350425720215
2011-05-09,31.858245849609375
2011-05-10,32.13204574584961
2011-05-11,31.545324325561523
2011-05-12,31.545324325561523
2011-05-13,30.912992477416992
2011-05-16,30.90646743774414
2011-05-17,31.04989242553711
2011-05-18,31.499704360961914
2011-05-19,31.343233108520508
2011-05-20,31.10203742980957
2011-05-23,30.463176727294922
2011-05-24,30.723941802978516
2011-05-25,30.795650482177734
2011-05-26,31.173749923706055
2011-05-27,31.486658096313477
2011-05-31,32.01469421386719
2011-06-01,31.551847457885742
2011-06-02,31.825654983520508
2011-06-03,31.63007926940918
2011-06-06,31.206344604492188
2011-06-07,31.45406723022461
2011-06-08,31.251964569091797
2011-06-09,31.427993774414062
2011-06-10,30.782621383666992
2011-06-13,30.723941802978516
2011-06-14,31.16071128845215
2011-06-15,30.547927856445312
2011-06-16,30.306718826293945
2011-06-17,30.35887908935547
2011-06-20,30.274127960205078
2011-06-21,30.80217170715332
2011-06-22,30.56097412109375
2011-06-23,30.404508590698242
2011-06-24,30.404508590698242
2011-06-27,30.678306579589844
2011-06-28,31.075963973999023
2011-06-29,31.33672332763672
2011-06-30,31.695270538330078
2011-07-01,32.06032943725586
2011-07-05,31.9755802154541
2011-07-06,31.890830993652344
2011-07-07,32.275455474853516
2011-07-08,31.94298553466797
2011-07-11,31.03033447265625
2011-07-12,30.75654411315918
2011-07-13,31.21938133239746
2011-07-14,30.939069747924805
2011-07-15,31.11508560180664
2011-07-18,30.7630558013916
2011-07-19,31.206344604492188
2011-07-20,31.271535873413086
2011-07-21,31.70829963684082
2011-07-22,31.73438262939453
2011-07-25,31.695270538330078
2011-07-26,31.83216094970703
2011-07-27,31.330211639404297
2011-07-28,31.362802505493164
2011-07-29,31.499704360961914
2011-08-01,31.473628997802734
2011-08-02,30.554443359375
2011-08-03,30.417530059814453
2011-08-04,28.676984786987305
2011-08-05,28.45533561706543
2011-08-08,26.160655975341797
2011-08-09,27.555709838867188
2011-08-10,26.134578704833984
2011-08-11,27.64046287536621
2011-08-12,27.620912551879883
2011-08-15,28.28584861755371
2011-08-16,27.972936630249023
2011-08-17,28.161985397338867
2011-08-18,26.969017028808594
2011-08-19,26.558317184448242
2011-08-22,26.532238006591797
2011-08-23,27.444896697998047
2011-08-24,27.255842208862305
2011-08-25,26.72128677368164
2011-08-26,27.118942260742188
2011-08-29,27.992496490478516
2011-08-30,28.03159523010254
2011-08-31,28.637868881225586
2011-09-01,28.5009765625
2011-09-02,27.894702911376953
2011-09-06,27.562225341796875
2011-09-07,28.370594024658203
2011-09-08,27.790401458740234
2011-09-09,26.825586318969727
2011-09-12,26.727811813354492
2011-09-13,26.76692771911621
2011-09-14,26.656091690063477
2011-09-15,27.00812530517578
2011-09-16,27.073301315307617
2011-09-19,26.310596466064453
2011-09-20,26.212806701660156
2011-09-21,25.215404510498047
2011-09-22,23.468324661254883
2011-09-23,23.983320236206055
2011-09-26,24.21799659729004
2011-09-27,24.98072052001953
2011-09-28,24.367937088012695
2011-09-29,24.65477180480957
2011-09-30,23.357492446899414
2011-10-03,22.946794509887695
2011-10-04,23.240158081054688
2011-10-05,23.644325256347656
2011-10-06,24.433128356933594
2011-10-07,24.126731872558594
2011-10-10,25.215404510498047
2011-10-11,25.2871150970459
2011-10-12,25.99115753173828
2011-10-13,25.80211639404297
2011-10-14,26.219322204589844
2011-10-17,25.417505264282227
2011-10-18,26.069398880004883
2011-10-19,25.61958122253418
2011-10-20,25.117618560791016
2011-10-21,25.815143585205078
2011-10-24,26.76692771911621
2011-10-25,26.271472930908203
2011-10-26,26.740848541259766
2011-10-27,28.338003158569336
2011-10-28,28.18153953552246
2011-10-31,27.073301315307617
2011-11-01,26.47357749938965
2011-11-02,27.18412971496582
2011-11-03,27.484004974365234
2011-11-04,27.366661071777344
2011-11-07,27.562225341796875
2011-11-08,27.907745361328125
2011-11-09,26.375782012939453
2011-11-10,26.512683868408203
2011-11-11,27.118942260742188
2011-11-14,26.799514770507812
2011-11-15,26.936412811279297
2011-11-16,26.304073333740234
2011-11-17,25.652175903320312
2011-11-18,25.71084213256836
2011-11-21,24.91554069519043
2011-11-22,24.961166381835938
2011-11-23,24.237560272216797
2011-11-25,24.126731872558594
2011-11-28,25.1893253326416
2011-11-29,25.052433013916016
2011-11-30,26.610469818115234
2011-12-01,26.558317184448242
2011-12-02,26.493114471435547
2011-12-05,26.929895401000977
2011-12-06,26.532238006591797
2011-12-07,26.68218231201172
2011-12-08,25.77603530883789
2011-12-09,26.206289291381836
2011-12-12,25.280603408813477
2011-12-13,25.065473556518555
2011-12-14,24.706932067871094
2011-12-15,24.85686683654785
2011-12-16,25.032873153686523
2011-12-19,24.38749885559082
2011-12-20,25.35230827331543
2011-12-21,25.483131408691406
2011-12-22,25.736743927001953
2011-12-23,25.8502197265625
2011-12-27,25.643314361572266
2011-12-28,25.209474563598633
2011-12-29,25.46978187561035
2011-12-30,25.50314712524414
2012-01-03,26.250686645507812
2012-01-04,26.177265167236328
2012-01-05,26.050458908081055
2012-01-06,25.74342155456543
2012-01-09,25.950340270996094
2012-01-10,26.531015396118164
2012-01-11,26.537694931030273
2012-01-12,26.671165466308594
2012-01-13,26.444242477416992
2012-01-17,26.878087997436523
2012-01-18,27.538850784301758
2012-01-19,27.799171447753906
2012-01-20,27.83253288269043
2012-01-23,27.9793701171875
2012-01-24,28.03276252746582
2012-01-25,28.35982322692871
2012-01-26,28.246355056762695
2012-01-27,28.45326042175293
2012-01-30,28.026094436645508
2012-01-31,28.253028869628906
2012-02-01,28.907127380371094
2012-02-02,29.020586013793945
2012-02-03,29.507827758789062
2012-02-06,29.234188079833984
2012-02-07,29.294240951538086
2012-02-08,29.521175384521484
2012-02-09,29.507827758789062
2012-02-10,28.887100219726562
2012-02-13,29.320938110351562
2012-02-14,29.107358932495117
2012-02-15,29.18744659423828
2012-02-16,29.481122970581055
2012-02-17,29.554548263549805
2012-02-21,29.441091537475586
2012-02-22,29.534526824951172
2012-02-23,29.4677791595459
2012-02-24,29.70804786682129
2012-02-27,29.4677791595459
2012-02-28,29.841550827026367
2012-02-29,29.788164138793945
2012-03-01,30.095186233520508
2012-03-02,30.01508903503418
2012-03-05,29.567895889282227
2012-03-06,28.52667808532715
2012-03-07,28.86708641052246
2012-03-08,29.501157760620117
2012-03-09,29.474456787109375
2012-03-12,29.200801849365234
2012-03-13,29.94833755493164
2012-03-14,29.441091537475586
2012-03-15,29.681367874145508
2012-03-16,29.66800880432129
2012-03-19,29.501157760620117
2012-03-20,29.087343215942383
2012-03-21,29.154075622558594
2012-03-22,28.70020866394043
2012-03-23,28.907127380371094
2012-03-26,29.354307174682617
2012-03-27,29.2208309173584
2012-03-28,28.807004928588867
2012-03-29,28.713563919067383
2012-03-30,29.01392936706543
2012-04-02,29.340957641601562
2012-04-03,29.227500915527344
2012-04-04,28.646812438964844
2012-04-05,28.81368637084961
2012-04-09,28.3931827545166
2012-04-10,27.845884323120117
2012-04-11,28.12621307373047
2012-04-12,28.840377807617188
2012-04-13,28.413209915161133
2012-04-16,28.279722213745117
2012-04-17,28.573406219482422
2012-04-18,28.44658851623535
2012-04-19,28.353151321411133
2012-04-20,28.533355712890625
2012-04-23,28.012752532958984
2012-04-24,28.059465408325195
2012-04-25,28.29975128173828
2012-04-26,28.473276138305664
2012-04-27,28.48664093017578
2012-04-30,28.406539916992188
2012-05-01,28.606775283813477
2012-05-02,28.573406219482422
2012-05-03,28.29975128173828
2012-05-04,27.83253288269043
2012-05-07,27.892606735229492
2012-05-08,27.49213409423828
2012-05-09,27.11837387084961
2012-05-10,27.258533477783203
2012-05-11,26.88475799560547
2012-05-14,26.27738380432129
2012-05-15,26.077152252197266
2012-05-16,25.663341522216797
2012-05-17,25.329608917236328
2012-05-18,25.1694278717041
2012-05-21,25.750104904174805
2012-05-22,25.543190002441406
2012-05-23,25.336286544799805
2012-05-24,25.182767868041992
2012-05-25,25.075971603393555
2012-05-29,25.770112991333008
2012-05-30,25.296241760253906
2012-05-31,25.376325607299805
2012-06-01,24.748929977416992
2012-06-04,24.84238052368164
2012-06-05,24.935821533203125
2012-06-06,25.636642456054688
2012-06-07,25.75676918029785
2012-06-08,25.543190002441406
2012-06-11,25.229494094848633
2012-06-12,25.75676918029785
2012-06-13,25.629961013793945
2012-06-14,25.776796340942383
2012-06-15,26.19061851501465
2012-06-18,26.290727615356445
2012-06-19,26.69120979309082
2012-06-20,26.65115737915039
2012-06-21,25.67668914794922
2012-06-22,25.78347396850586
2012-06-25,25.316259384155273
2012-06-26,25.543190002441406
2012-06-27,25.683351516723633
2012-06-28,25.576562881469727
2012-06-29,26.65115737915039
2012-07-02,26.677852630615234
2012-07-03,27.165088653564453
2012-07-05,26.93147850036621
2012-07-06,26.444242477416992
2012-07-09,26.3241024017334
2012-07-10,26.063798904418945
2012-07-11,26.18393325805664
2012-07-12,25.770112991333008
2012-07-13,26.250686645507812
2012-07-16,26.197284698486328
2012-07-17,26.51099395751953
2012-07-18,26.41754722595215
2012-07-19,26.68452262878418
2012-07-20,26.28406524658203
2012-07-23,25.643314361572266
2012-07-24,25.536529541015625
2012-07-25,25.643314361572266
2012-07-26,26.19061851501465
2012-07-27,26.958187103271484
2012-07-30,26.797988891601562
2012-07-31,26.704538345336914
2012-08-01,26.791303634643555
2012-08-02,26.41754722595215
2012-08-03,27.20513916015625
2012-08-06,27.372013092041016
2012-08-07,27.425397872924805
2012-08-08,27.505477905273438
2012-08-09,27.638975143432617
2012-08-10,27.765783309936523
2012-08-13,27.538850784301758
2012-08-14,27.5455322265625
2012-08-15,27.472108840942383
2012-08-16,27.752443313598633
2012-08-17,27.598928451538086
2012-08-20,27.598928451538086
2012-08-21,27.538850784301758
2012-08-22,27.558889389038086
2012-08-23,27.318605422973633
2012-08-24,27.33196258544922
2012-08-27,27.058305740356445
2012-08-28,27.011581420898438
2012-08-29,26.878087997436523
2012-08-30,26.551034927368164
2012-08-31,26.77128791809082
2012-09-04,26.644474029541016
2012-09-05,26.504314422607422
2012-09-06,27.07164764404297
2012-09-07,27.70572280883789
2012-09-10,27.372013092041016
2012-09-11,27.6723575592041
2012-09-12,27.792478561401367
2012-09-13,28.499980926513672
2012-09-14,28.847063064575195
2012-09-17,28.593420028686523
2012-09-18,28.573406219482422
2012-09-19,28.566722869873047
2012-09-20,28.426565170288086
2012-09-21,28.46661376953125
2012-09-24,28.45647621154785
2012-09-25,28.04426383972168
2012-09-26,27.915857315063477
2012-09-27,28.36186981201172
2012-09-28,28.192920684814453
2012-10-01,28.490266799926758
2012-10-02,28.46999168395996
2012-10-03,28.32132911682129
2012-10-04,28.584867477416992
2012-10-05,28.564592361450195
2012-10-08,28.301054000854492
2012-10-09,28.0712890625
2012-10-10,27.92938804626465
2012-10-11,28.192920684814453
2012-10-12,28.111820220947266
2012-10-15,28.301054000854492
2012-10-16,28.55108070373535
2012-10-17,28.78083610534668
2012-10-18,28.699750900268555
2012-10-19,28.25374412536621
2012-10-22,28.544321060180664
2012-10-23,27.94965171813965
2012-10-24,27.996957778930664
2012-10-25,28.274023056030273
2012-10-26,28.078048706054688
2012-10-31,28.037498474121094
2012-11-01,28.449716567993164
2012-11-02,28.274023056030273
2012-11-05,28.409177780151367
2012-11-06,28.591630935668945
2012-11-07,28.15913200378418
2012-11-08,27.814504623413086
2012-11-09,27.915857315063477
2012-11-12,27.996957778930664
2012-11-13,27.73341178894043
2012-11-14,27.327951431274414
2012-11-15,27.422550201416016
2012-11-16,27.490127563476562
2012-11-19,27.9766788482666
2012-11-20,27.90910530090332
2012-11-21,27.868555068969727
2012-11-23,28.301054000854492
2012-11-26,28.341598510742188
2012-11-27,28.105077743530273
2012-11-28,28.240222930908203
2012-11-29,28.436199188232422
2012-11-30,28.395654678344727
2012-12-03,28.40241050720215
2012-12-04,28.476747512817383
2012-12-05,28.801111221313477
2012-12-06,28.98357582092285
2012-12-07,29.084930419921875
2012-12-10,29.28090476989746
2012-12-11,29.42957878112793
2012-12-12,29.54445457458496
2012-12-13,29.402545928955078
2012-12-14,29.55121421813965
2012-12-17,29.625551223754883
2012-12-18,29.80801010131836
2012-12-19,29.767452239990234
2012-12-20,29.972278594970703
2012-12-21,29.64455795288086
2012-12-24,29.58311653137207
2012-12-26,29.65822410583496
2012-12-27,29.869863510131836
2012-12-28,29.958614349365234
2012-12-31,30.402393341064453
2013-01-02,31.04417610168457
2013-01-03,30.859851837158203
2013-01-04,30.914451599121094
2013-01-07,30.6481990814209
2013-01-08,30.39557647705078
2013-01-09,30.573083877563477
2013-01-10,30.8461856842041
2013-01-11,30.614057540893555
2013-01-14,30.736942291259766
2013-01-15,30.620887756347656
2013-01-16,30.566255569458008
2013-01-17,30.777912139892578
2013-01-18,30.812044143676758
2013-01-22,30.784751892089844
2013-01-23,30.586753845214844
2013-01-24,30.497987747192383
2013-01-25,30.422897338867188
2013-01-28,30.197587966918945
2013-01-29,30.5526123046875
2013-01-30,30.39557647705078
2013-01-31,30.422897338867188
2013-02-01,30.62771987915039
2013-02-04,30.231714248657227
2013-02-05,30.320478439331055
2013-02-06,30.24537467956543
2013-02-07,29.999570846557617
2013-02-08,30.23855972290039
2013-02-11,30.224895477294922
2013-02-12,30.272680282592773
2013-02-13,30.39557647705078
2013-02-14,30.368255615234375
2013-02-15,30.320478439331055
2013-02-19,30.334138870239258
2013-02-20,30.05420684814453
2013-02-21,29.712839126586914
2013-02-22,29.828907012939453
2013-02-25,29.385120391845703
2013-02-26,29.58311653137207
2013-02-27,29.84938621520996
2013-02-28,29.70600700378418
2013-03-01,29.746971130371094
2013-03-04,29.487524032592773
2013-03-05,29.82206916809082
2013-03-06,29.979093551635742
2013-03-07,30.05420684814453
2013-03-08,30.327301025390625
2013-03-11,30.190757751464844
2013-03-12,29.883527755737305
2013-03-13,29.596765518188477
2013-03-14,29.746971130371094
2013-03-15,29.50118637084961
2013-03-18,29.173473358154297
2013-03-19,28.948169708251953
2013-03-20,29.118858337402344
2013-03-21,28.85257911682129
2013-03-22,28.94010353088379
2013-03-25,28.878568649291992
2013-03-26,29.20673179626465
2013-03-27,29.31611442565918
2013-03-28,29.329809188842773
2013-04-01,29.069988250732422
2013-04-02,29.097349166870117
2013-04-03,28.734996795654297
2013-04-04,28.728158950805664
2013-04-05,28.687129974365234
2013-04-08,28.762338638305664
2013-04-09,29.063161849975586
2013-04-10,29.31611442565918
2013-04-11,29.30928611755371
2013-04-12,28.946935653686523
2013-04-15,28.188053131103516
2013-04-16,28.81020164489746
2013-04-17,28.393156051635742
2013-04-18,28.454681396484375
2013-04-19,28.864898681640625
2013-04-22,28.94010353088379
2013-04-23,29.08365249633789
2013-04-24,29.268259048461914
2013-04-25,29.514381408691406
2013-04-26,29.240917205810547
2013-04-29,29.548568725585938
2013-04-30,29.917747497558594
2013-05-01,29.6032657623291
2013-05-02,29.876733779907227
2013-05-03,30.08184242248535
2013-05-06,30.11602210998535
2013-05-07,30.355316162109375
2013-05-08,30.621946334838867
2013-05-09,30.382652282714844
2013-05-10,30.26643943786621
2013-05-13,29.992965698242188
2013-05-14,30.136537551879883
2013-05-15,30.109176635742188
2013-05-16,29.992965698242188
2013-05-17,30.095523834228516
2013-05-20,30.163881301879883
2013-05-21,30.14336585998535
2013-05-22,29.801538467407227
2013-05-23,29.582763671875
2013-05-24,29.288768768310547
2013-05-28,29.432344436645508
2013-05-29,29.02213478088379
2013-05-30,28.953771591186523
2013-05-31,28.39999008178711
2013-06-03,28.851211547851562
2013-06-04,28.52305030822754
2013-06-05,27.94192886352539
2013-06-06,28.229076385498047
2013-06-07,28.106006622314453
2013-06-10,27.709474563598633
2013-06-11,27.162532806396484
2013-06-12,26.977943420410156
2013-06-13,27.600080490112305
2013-06-14,27.203556060791016
2013-06-17,27.394994735717773
2013-06-18,27.456514358520508
2013-06-19,26.581405639648438
2013-06-20,25.425994873046875
2013-06-21,25.877212524414062
2013-06-24,25.29237937927246
2013-06-25,25.777433395385742
2013-06-26,26.324857711791992
2013-06-27,26.726764678955078
2013-06-28,26.87921142578125
2013-07-01,26.927719116210938
2013-07-02,26.47037696838379
2013-07-03,26.262496948242188
2013-07-05,26.137765884399414
2013-07-08,26.17934226989746
2013-07-09,26.49116325378418
2013-07-10,26.23476791381836
2013-07-11,27.454349517822266
2013-07-12,27.1633243560791
2013-07-15,27.5167179107666
2013-07-16,27.565221786499023
2013-07-17,27.793903350830078
2013-07-18,27.523651123046875
2013-07-19,27.405855178833008
2013-07-22,27.69689178466797
2013-07-23,28.001779556274414
2013-07-24,27.66223907470703
2013-07-25,27.849321365356445
2013-07-26,27.759252548217773
2013-07-29,27.412792205810547
2013-07-30,27.225692749023438
2013-07-31,27.066308975219727
2013-08-01,27.565221786499023
2013-08-02,27.579082489013672
2013-08-05,27.371204376220703
2013-08-06,27.03165054321289
2013-08-07,26.719844818115234
2013-08-08,27.315759658813477
2013-08-09,27.4266414642334
2013-08-12,27.648378372192383
2013-08-13,27.759252548217773
2013-08-14,27.84239387512207
2013-08-15,27.5167179107666
2013-08-16,27.218748092651367
2013-08-19,26.685190200805664
2013-08-20,26.650543212890625
2013-08-21,26.061538696289062
2013-08-22,26.484241485595703
2013-08-23,26.796049118041992
2013-08-26,26.47730255126953
2013-08-27,25.79129409790039
2013-08-28,25.770503997802734
2013-08-29,25.92295265197754
2013-08-30,26.137765884399414
2013-09-03,26.290212631225586
2013-09-04,26.699050903320312
2013-09-05,27.059375762939453
2013-09-06,27.4266414642334
2013-09-09,28.230445861816406
2013-09-10,28.452198028564453
2013-09-11,28.493772506713867
2013-09-12,28.119585037231445
2013-09-13,28.327457427978516
2013-09-16,28.639286041259766
2013-09-17,28.618499755859375
2013-09-18,29.775712966918945
2013-09-19,29.65789794921875
2013-09-20,28.951101303100586
2013-09-23,29.101343154907227
2013-09-24,28.80787467956543
2013-09-25,28.63319206237793
2013-09-26,28.717037200927734
2013-09-27,28.311782836914062
2013-09-30,28.03929901123047
2013-10-01,28.598262786865234
2013-10-02,28.689098358154297
2013-10-03,28.61223602294922
2013-10-04,28.996536254882812
2013-10-07,28.737995147705078
2013-10-08,28.465499877929688
2013-10-09,28.689098358154297
2013-10-10,29.331911087036133
2013-10-11,29.45067596435547
2013-10-14,29.639331817626953
2013-10-15,29.282995223999023
2013-10-16,29.492603302001953
2013-10-17,29.695228576660156
2013-10-18,29.695228576660156
2013-10-21,29.70920753479004
2013-10-22,29.9816837310791
2013-10-23,29.324928283691406
2013-10-24,29.262039184570312
2013-10-25,29.429737091064453
2013-10-28,29.513572692871094
2013-10-29,29.5974178314209
2013-10-30,29.45067596435547
2013-10-31,29.255046844482422
2013-11-01,29.2410831451416
2013-11-04,29.429737091064453
2013-11-05,28.842809677124023
2013-11-06,28.947616577148438
2013-11-07,28.444538116455078
2013-11-08,28.34671974182129
2013-11-11,28.213970184326172
2013-11-12,28.018329620361328
2013-11-13,28.130123138427734
2013-11-14,28.591266632080078
2013-11-15,29.07339096069336
2013-11-18,29.35985565185547
2013-11-19,29.080371856689453
2013-11-20,28.717037200927734
2013-11-21,28.71005630493164
2013-11-22,28.891712188720703
2013-11-25,28.5423526763916
2013-11-26,28.563322067260742
2013-11-27,28.7449893951416
2013-11-29,28.98255729675293
2013-12-02,28.437551498413086
2013-12-03,28.33275032043457
2013-12-04,28.33973503112793
2013-12-05,28.248905181884766
2013-12-06,28.877744674682617
2013-12-09,28.88473129272461
2013-12-10,28.94061851501465
2013-12-11,28.353717803955078
2013-12-12,28.10218620300293
2013-12-13,28.186016082763672
2013-12-16,28.325777053833008
2013-12-17,28.137100219726562
2013-12-18,28.598262786865234
2013-12-19,28.123132705688477
2013-12-20,28.06413459777832
2013-12-23,28.267847061157227
2013-12-24,28.41536521911621
2013-12-26,28.232728958129883
2013-12-27,28.569904327392578
2013-12-30,28.675283432006836
2013-12-31,28.900068283081055
2014-01-02,27.888511657714844
2014-01-03,27.853397369384766
2014-01-06,27.586442947387695
2014-01-07,27.69884490966797
2014-01-08,27.6496639251709
2014-01-09,27.474037170410156
2014-01-10,28.0079288482666
2014-01-13,27.656686782836914
2014-01-14,27.96578598022461
2014-01-15,27.958759307861328
2014-01-16,27.80420684814453
2014-01-17,27.705854415893555
2014-01-21,27.62156867980957
2014-01-22,27.972797393798828
2014-01-23,27.33354949951172
2014-01-24,26.666194915771484
2014-01-27,26.490570068359375
2014-01-28,26.666194915771484
2014-01-29,26.195526123046875
2014-01-30,26.469491958618164
2014-01-31,26.46247100830078
2014-02-03,25.759990692138672
2014-02-04,26.35710334777832
2014-02-05,26.265771865844727
2014-02-06,26.785612106323242
2014-02-07,26.89098358154297
2014-02-10,26.58892250061035
2014-02-11,27.15089988708496
2014-02-12,27.108753204345703
2014-02-13,27.136857986450195
2014-02-14,27.46702003479004
2014-02-18,27.235200881958008
2014-02-19,27.115774154663086
2014-02-20,27.25627326965332
2014-02-21,27.44594955444336
2014-02-24,27.417848587036133
2014-02-25,27.073638916015625
2014-02-26,27.003376007080078
2014-02-27,27.537261962890625
2014-02-28,27.319488525390625
2014-03-03,26.841812133789062
2014-03-04,27.284381866455078
2014-03-05,27.368675231933594
2014-03-06,27.748014450073242
2014-03-07,27.361644744873047
2014-03-10,27.200075149536133
2014-03-11,26.883968353271484
2014-03-12,26.98932647705078
2014-03-13,26.525697708129883
2014-03-14,26.701316833496094
2014-03-17,26.98932647705078
2014-03-18,27.40378761291504
2014-03-19,26.862892150878906
2014-03-20,26.98932647705078
2014-03-21,27.15089988708496
2014-03-24,27.38974952697754
2014-03-25,27.815900802612305
2014-03-26,27.822935104370117
2014-03-27,28.146953582763672
2014-03-28,28.372356414794922
2014-03-31,28.58367347717285
2014-04-01,28.858381271362305
2014-04-02,28.964031219482422
2014-04-03,28.794981002807617
2014-04-04,28.745668411254883
2014-04-07,28.900636672973633
2014-04-08,29.168302536010742
2014-04-09,29.400741577148438
2014-04-10,29.118995666503906
2014-04-11,29.10489845275879
2014-04-14,29.062639236450195
2014-04-15,28.632963180541992
2014-04-16,28.928815841674805
2014-04-17,29.27395248413086
2014-04-21,29.08377456665039
2014-04-22,28.985166549682617
2014-04-23,28.83019256591797
2014-04-24,28.83019256591797
2014-04-25,28.4991397857666
2014-04-28,28.58367347717285
2014-04-29,28.858381271362305
2014-04-30,28.837242126464844
2014-05-01,28.858381271362305
2014-05-02,29.04855728149414
2014-05-05,28.92177391052246
2014-05-06,29.034467697143555
2014-05-07,29.217605590820312
2014-05-08,29.140134811401367
2014-05-09,29.118995666503906
2014-05-12,29.590930938720703
2014-05-13,29.71772003173828
2014-05-14,29.914945602416992
2014-05-15,29.647281646728516
2014-05-16,30.0135555267334
2014-05-19,30.02764892578125
2014-05-20,29.774066925048828
2014-05-21,29.98537254333496
2014-05-22,30.217815399169922
2014-05-23,30.217815399169922
2014-05-27,29.971302032470703
2014-05-28,30.083995819091797
2014-05-29,30.119211196899414
2014-05-30,29.73180389404297
2014-06-02,29.879716873168945
2014-06-03,30.048755645751953
2014-06-04,29.879716873168945
2014-06-05,30.217815399169922
2014-06-06,30.541839599609375
2014-06-09,30.732017517089844
2014-06-10,30.851760864257812
2014-06-11,30.746103286743164
2014-06-12,30.605234146118164
2014-06-13,30.717926025390625
2014-06-16,30.52071189880371
2014-06-17,30.541839599609375
2014-06-18,30.894027709960938
2014-06-19,30.703857421875
2014-06-20,30.717926025390625
2014-06-23,30.577058792114258
2014-06-24,30.532955169677734
2014-06-25,30.660972595214844
2014-06-26,30.646751403808594
2014-06-27,30.72498321533203
2014-06-30,30.675212860107422
2014-07-01,30.952587127685547
2014-07-02,31.137514114379883
2014-07-03,31.301088333129883
2014-07-07,31.36508560180664
2014-07-08,31.22997283935547
2014-07-09,31.414878845214844
2014-07-10,31.22284698486328
2014-07-11,31.279743194580078
2014-07-14,31.521570205688477
2014-07-15,31.47888946533203
2014-07-16,31.578466415405273
2014-07-17,30.973920822143555
2014-07-18,31.457565307617188
2014-07-21,31.57135009765625
2014-07-22,31.89851188659668
2014-07-23,31.905635833740234
2014-07-24,32.06208419799805
2014-07-25,31.934080123901367
2014-07-28,32.10477066040039
2014-07-29,31.81317710876465
2014-07-30,31.649587631225586
2014-07-31,31.094831466674805
2014-08-01,31.279743194580078
2014-08-04,31.635358810424805
2014-08-05,31.158842086791992
2014-08-06,30.938364028930664
2014-08-07,30.796104431152344
2014-08-08,31.137514114379883
2014-08-11,31.58557891845703
2014-08-12,31.592681884765625
2014-08-13,31.72781753540039
2014-08-14,31.749155044555664
2014-08-15,31.706483840942383
2014-08-18,32.03364562988281
2014-08-19,32.21855545043945
2014-08-20,32.16878890991211
2014-08-21,32.14033126831055
2014-08-22,31.998096466064453
2014-08-25,32.26835250854492
2014-08-26,32.4461555480957
2014-08-27,32.60973358154297
2014-08-28,32.31103515625
2014-08-29,32.28968811035156
2014-09-02,32.35370635986328
2014-09-03,32.89424133300781
2014-09-04,32.75198745727539
2014-09-05,33.06492233276367
2014-09-08,32.68086624145508
2014-09-09,32.28258514404297
2014-09-10,32.14033126831055
2014-09-11,31.912738800048828
2014-09-12,31.47888946533203
2014-09-15,31.3437557220459
2014-09-16,31.742046356201172
2014-09-17,31.43621826171875
2014-09-18,31.507343292236328
2014-09-19,31.27263832092285
2014-09-22,30.810340881347656
2014-09-23,30.611194610595703
2014-09-24,31.089839935302734
2014-09-25,30.37114906311035
2014-09-26,30.565210342407227
2014-09-29,29.911197662353516
2014-09-30,29.975881576538086
2014-10-01,29.40095329284668
2014-10-02,29.58061981201172
2014-10-03,29.824968338012695
2014-10-06,30.356792449951172
2014-10-07,30.0621337890625
2014-10-08,30.522079467773438
2014-10-09,30.09807014465332
2014-10-10,29.415315628051758
2014-10-13,29.774658203125
2014-10-14,29.911197662353516
2014-10-15,29.49437141418457
2014-10-16,29.199724197387695
2014-10-17,29.573442459106445
2014-10-20,29.594999313354492
2014-10-21,29.731536865234375
2014-10-22,29.49437141418457
2014-10-23,29.52312660217285
2014-10-24,29.80340003967285
2014-10-27,29.49437141418457
2014-10-28,30.11244010925293
2014-10-29,30.054943084716797
2014-10-30,30.399906158447266
2014-10-31,30.644262313842773
2014-11-03,30.43584442138672
2014-11-04,30.4645938873291
2014-11-05,30.284915924072266
2014-11-06,29.85371208190918
2014-11-07,30.047752380371094
2014-11-10,30.06930923461914
2014-11-11,30.11962890625
2014-11-12,30.033382415771484
2014-11-13,29.961517333984375
2014-11-14,30.27774429321289
2014-11-17,29.896825790405273
2014-11-18,30.047752380371094
2014-11-19,30.105239868164062
2014-11-20,30.054943084716797
2014-11-21,30.982030868530273
2014-11-24,30.744869232177734
2014-11-25,30.543643951416016
2014-11-26,30.859851837158203
2014-11-28,30.306472778320312
2014-12-01,29.753103256225586
2014-12-02,29.738725662231445
2014-12-03,29.889644622802734
2014-12-04,29.85371208190918
2014-12-05,29.832143783569336
2014-12-08,29.35063934326172
2014-12-09,29.02005386352539
2014-12-10,28.603225708007812
2014-12-11,28.33731460571289
2014-12-12,27.91329002380371
2014-12-15,27.352725982666016
2014-12-16,27.1011905670166
2014-12-17,27.942035675048828
2014-12-18,28.37323570251465
2014-12-19,28.50978660583496
2014-12-22,28.880821228027344
2014-12-23,28.649824142456055
2014-12-24,28.70757484436035
2014-12-26,28.902477264404297
2014-12-29,28.808635711669922
2014-12-30,28.88804054260254
2014-12-31,28.88804054260254
2015-01-02,28.555994033813477
2015-01-05,28.101228713989258
2015-01-06,27.964078903198242
2015-01-07,28.606525421142578
2015-01-08,29.090145111083984
2015-01-09,28.94578742980957
2015-01-12,28.68592643737793
2015-01-13,28.88804054260254
2015-01-14,28.779756546020508
2015-01-15,28.866384506225586
2015-01-16,29.155109405517578
2015-01-20,29.05406379699707
2015-01-21,29.703720092773438
2015-01-22,30.331708908081055
2015-01-23,30.071853637695312
2015-01-26,30.10794448852539
2015-01-27,29.94913673400879
2015-01-28,29.595443725585938
2015-01-29,29.624305725097656
2015-01-30,28.83028793334961
2015-02-02,29.34280014038086
2015-02-03,29.862516403198242
2015-02-04,29.6604061126709
2015-02-05,29.884166717529297
2015-02-06,29.39333724975586
2015-02-09,29.35722541809082
2015-02-10,29.30670166015625
2015-02-11,29.176776885986328
2015-02-12,29.855304718017578
2015-02-13,30.158483505249023
2015-02-17,30.06462860107422
2015-02-18,30.093507766723633
2015-02-19,29.999677658081055
2015-02-20,30.151262283325195
2015-02-23,29.862516403198242
2015-02-24,30.273971557617188
2015-02-25,30.17289924621582
2015-02-26,30.151262283325195
2015-02-27,30.17289924621582
2015-03-02,30.12959861755371
2015-03-03,29.855304718017578
2015-03-04,29.508819580078125
2015-03-05,29.451066970825195
2015-03-06,28.974658966064453
2015-03-09,28.859172821044922
2015-03-10,28.260032653808594
2015-03-11,28.483800888061523
2015-03-12,28.64261817932129
2015-03-13,28.296127319335938
2015-03-16,28.628171920776367
2015-03-17,28.808635711669922
2015-03-18,29.5521297454834
2015-03-19,29.032407760620117
2015-03-20,29.39333724975586
2015-03-23,29.479944229125977
2015-03-24,29.595443725585938
2015-03-25,29.08277130126953
2015-03-26,28.91644859313965
2015-03-27,28.981529235839844
2015-03-30,29.57447052001953
2015-03-31,29.552772521972656
2015-04-01,29.950469970703125
2015-04-02,30.413251876831055
2015-04-06,30.78203582763672
2015-04-07,30.709718704223633
2015-04-08,31.33158302307129
2015-04-09,31.736526489257812
2015-04-10,31.671430587768555
2015-04-13,31.562973022460938
2015-04-14,31.649742126464844
2015-04-15,31.83774757385254
2015-04-16,32.126983642578125
2015-04-17,31.468961715698242
2015-04-20,31.367746353149414
2015-04-21,31.613582611083984
2015-04-22,31.982358932495117
2015-04-23,32.14143753051758
2015-04-24,32.30052185058594
2015-04-27,32.43791961669922
2015-04-28,32.5174560546875
2015-04-29,32.17036056518555
2015-04-30,31.743751525878906
2015-05-01,31.9317569732666
2015-05-04,32.09083557128906
2015-05-05,31.75820541381836
2015-05-06,31.33880615234375
2015-05-07,31.295427322387695
2015-05-08,31.772663116455078
2015-05-11,31.468961715698242
2015-05-12,31.3822078704834
2015-05-13,31.461748123168945
2015-05-14,31.75820541381836
2015-05-15,32.08360290527344
2015-05-18,31.772663116455078
2015-05-19,31.844982147216797
2015-05-20,31.801603317260742
2015-05-21,31.707582473754883
2015-05-22,31.78713607788086
2015-05-26,31.317115783691406
2015-05-27,31.396652221679688
2015-05-28,30.955577850341797
2015-05-29,30.615718841552734
2015-06-01,30.594024658203125
2015-06-02,30.70250129699707
2015-06-03,30.550640106201172
2015-06-04,30.102327346801758
2015-06-05,29.95771026611328
2015-06-08,29.9432430267334
2015-06-09,29.726320266723633
2015-06-10,30.16017723083496
2015-06-11,30.037246704101562
2015-06-12,30.044483184814453
2015-06-15,29.740787506103516
2015-06-16,29.805862426757812
2015-06-17,29.99385643005371
2015-06-18,30.261411666870117
2015-06-19,29.986631393432617
2015-06-22,30.377099990844727
2015-06-23,30.651874542236328
2015-06-24,30.492782592773438
2015-06-25,30.38433074951172
2015-06-26,30.104101181030273
2015-06-29,29.439987182617188
2015-06-30,29.834075927734375
2015-07-01,29.834075927734375
2015-07-02,29.97272300720215
2015-07-06,29.14076042175293
2015-07-07,28.69558334350586
2015-07-08,27.63738250732422
2015-07-09,28.199312210083008
2015-07-10,28.99479866027832
2015-07-13,29.17725944519043
2015-07-14,29.25022315979004
2015-07-15,28.892620086669922
2015-07-16,29.235631942749023
2015-07-17,29.228342056274414
2015-07-20,29.045883178710938
2015-07-21,29.053190231323242
2015-07-22,28.666393280029297
2015-07-23,28.425567626953125
2015-07-24,28.01687240600586
2015-07-27,27.389245986938477
2015-07-28,27.651975631713867
2015-07-29,27.907400131225586
2015-07-30,27.732255935668945
2015-07-31,27.965789794921875
2015-08-03,27.50602149963379
2015-08-04,27.593589782714844
2015-08-05,27.622777938842773
2015-08-06,27.425735473632812
2015-08-07,27.39653968811035
2015-08-10,27.863618850708008
2015-08-11,27.26518440246582
2015-08-12,26.841903686523438
2015-08-13,26.790817260742188
2015-08-14,26.87109375
2015-08-17,26.586483001708984
2015-08-18,26.279964447021484
2015-08-19,25.92235565185547
2015-08-20,25.528270721435547
2015-08-21,24.71090316772461
2015-08-24,23.49213981628418
2015-08-25,23.81325340270996
2015-08-26,24.63791275024414
2015-08-27,25.630441665649414
2015-08-28,25.258249282836914
2015-08-31,25.207164764404297
2015-09-01,24.221933364868164
2015-09-02,24.586828231811523
2015-09-03,24.6962947845459
2015-09-04,23.922718048095703
2015-09-08,24.725492477416992
2015-09-09,24.586828231811523
2015-09-10,24.769285202026367
2015-09-11,24.864152908325195
2015-09-14,24.864152908325195
2015-09-15,25.119585037231445
2015-09-16,25.703411102294922
2015-09-17,25.703411102294922
2015-09-18,25.075796127319336
2015-09-21,25.134180068969727
2015-09-22,24.645214080810547
2015-09-23,24.273014068603516
2015-09-24,24.229230880737305
2015-09-25,24.18484115600586
2015-09-28,23.644773483276367
2015-09-29,23.837125778198242
2015-09-30,24.480775833129883
2015-10-01,24.56215476989746
2015-10-02,25.205795288085938
2015-10-05,25.708885192871094
2015-10-06,25.64229393005371
2015-10-07,26.278539657592773
2015-10-08,26.618864059448242
2015-10-09,26.648448944091797
2015-10-12,26.500490188598633
2015-10-13,26.027000427246094
2015-10-14,26.226760864257812
2015-10-15,26.826021194458008
2015-10-16,26.907390594482422
2015-10-19,26.633651733398438
2015-10-20,26.574464797973633
2015-10-21,26.18976593017578
2015-10-22,26.759431838989258
2015-10-23,26.93699073791504
2015-10-26,26.633651733398438
2015-10-27,26.389514923095703
2015-10-28,26.100988388061523
2015-10-29,25.812450408935547
2015-10-30,25.775468826293945
2015-11-02,26.263742446899414
2015-11-03,26.589263916015625
2015-11-04,26.441308975219727
2015-11-05,26.478294372558594
2015-11-06,26.182369232177734
2015-11-09,25.568317413330078
2015-11-10,25.50173568725586
2015-11-11,25.531326293945312
2015-11-12,25.264989852905273
2015-11-13,24.932056427001953
2015-11-16,25.472129821777344
2015-11-17,25.442543029785156
2015-11-18,25.64229393005371
2015-11-19,25.834640502929688
2015-11-20,26.056589126586914
2015-11-23,25.84204864501953
2015-11-24,25.908626556396484
2015-11-25,25.708885192871094
2015-11-27,25.14661407470703
2015-11-30,25.183609008789062
2015-12-01,25.331575393676758
2015-12-02,25.080032348632812
2015-12-03,25.00604820251465
2015-12-04,25.10222625732422
2015-12-07,24.74711036682129
2015-12-08,24.451175689697266
2015-12-09,24.273624420166016
2015-12-10,24.02947998046875
2015-12-11,23.348844528198242
2015-12-14,23.733552932739258
2015-12-15,24.081262588500977
2015-12-16,24.48816680908203
2015-12-17,24.273624420166016
2015-12-18,24.147850036621094
2015-12-21,24.31810760498047
2015-12-22,24.50396156311035
2015-12-23,24.86825180053711
2015-12-24,24.793901443481445
2015-12-28,24.667522430419922
2015-12-29,24.652652740478516
2015-12-30,24.3106689453125
2015-12-31,24.31810760498047
2016-01-04,23.626697540283203
2016-01-05,23.67873764038086
2016-01-06,23.254972457885742
2016-01-07,22.50408935546875
2016-01-08,22.303367614746094
2016-01-11,22.206714630126953
2016-01-12,22.288494110107422
2016-01-13,22.03571891784668
2016-01-14,22.318233489990234
2016-01-15,21.381494522094727
2016-01-19,21.678869247436523
2016-01-20,21.225366592407227
2016-01-21,21.26253890991211
2016-01-22,21.983680725097656
2016-01-25,21.6193904876709
2016-01-26,21.931638717651367
2016-01-27,21.790388107299805
2016-01-28,22.139806747436523
2016-01-29,22.920429229736328
2016-02-01,22.689952850341797
2016-02-02,22.013418197631836
2016-02-03,22.600738525390625
2016-02-04,22.756860733032227
2016-02-05,22.518962860107422
2016-02-08,22.206714630126953
2016-02-09,21.924196243286133
2016-02-10,21.991113662719727
2016-02-11,21.671432495117188
2016-02-12,22.02828598022461
2016-02-16,22.548702239990234
2016-02-17,23.017072677612305
2016-02-18,22.905553817749023
2016-02-19,22.808902740478516
2016-02-22,23.37392234802246
2016-02-23,22.868383407592773
2016-02-24,22.868383407592773
2016-02-25,22.905553817749023
2016-02-26,22.70482635498047
2016-02-29,22.846084594726562
2016-03-01,23.67873764038086
2016-03-02,24.043025970458984
2016-03-03,24.30323028564453
2016-03-04,24.83851432800293
2016-03-07,24.786476135253906
2016-03-08,24.355270385742188
2016-03-09,24.511390686035156
2016-03-10,24.451919555664062
2016-03-11,24.987199783325195
2016-03-14,24.845943450927734
2016-03-15,24.426671981811523
2016-03-16,24.940521240234375
2016-03-17,25.446931838989258
2016-03-18,25.61821937561035
2016-03-21,25.722476959228516
2016-03-22,25.61077117919922
2016-03-23,25.2160701751709
2016-03-24,25.178834915161133
2016-03-28,25.245861053466797
2016-03-29,25.49161720275879
2016-03-30,25.782054901123047
2016-03-31,25.75226593017578
2016-04-01,25.826738357543945
2016-04-04,25.476716995239258
2016-04-05,25.00010871887207
2016-04-06,25.320337295532227
2016-04-07,24.791582107543945
2016-04-08,25.22351837158203
2016-04-11,25.558637619018555
2016-04-12,25.95334243774414
2016-04-13,26.43739891052246
2016-04-14,26.303356170654297
2016-04-15,26.14696502685547
2016-04-18,26.236326217651367
2016-04-19,26.638473510742188
2016-04-20,26.467199325561523
2016-04-21,26.1767520904541
2016-04-22,26.079936981201172
2016-04-25,25.87141990661621
2016-04-26,26.1767520904541
2016-04-27,26.333147048950195
2016-04-28,26.06504249572754
2016-04-29,26.012916564941406
2016-05-02,25.945898056030273
2016-05-03,25.22351837158203
2016-05-04,24.866052627563477
2016-05-05,24.866052627563477
2016-05-06,24.92563247680664
2016-05-09,24.545825958251953
2016-05-10,25.037338256835938
2016-05-11,24.96286964416504
2016-05-12,24.918190002441406
2016-05-13,24.47136116027832
2016-05-16,24.754350662231445
2016-05-17,24.65007972717285
2016-05-18,24.456462860107422
2016-05-19,24.158573150634766
2016-05-20,24.426671981811523
2016-05-23,24.374544143676758
2016-05-24,24.66497802734375
2016-05-25,24.947973251342773
2016-05-26,25.1118106842041
2016-05-27,25.104360580444336
2016-05-31,25.171388626098633
2016-06-01,25.149045944213867
2016-06-02,25.35012435913086
2016-06-03,25.74481201171875
2016-06-06,25.960783004760742
2016-06-07,26.2139892578125
2016-06-08,26.429960250854492
2016-06-09,26.132064819335938
2016-06-10,25.469270706176758
2016-06-13,25.149045944213867
2016-06-14,25.076330184936523
2016-06-15,25.30872344970703
2016-06-16,25.248756408691406
2016-06-17,25.361204147338867
2016-06-20,25.728534698486328
2016-06-21,25.923450469970703
2016-06-22,25.960933685302734
2016-06-23,26.605649948120117
2016-06-24,25.098819732666016
2016-06-27,24.83643341064453
2016-06-28,25.548620223999023
2016-06-29,26.14834976196289
2016-06-30,26.410728454589844
2016-07-01,26.605649948120117
2016-07-05,26.080881118774414
2016-07-06,26.080881118774414
2016-07-07,25.96842384338379
2016-07-08,26.545679092407227
2016-07-11,26.763078689575195
2016-07-12,27.175397872924805
2016-07-13,27.130413055419922
2016-07-14,27.5052490234375
2016-07-15,27.407793045043945
2016-07-18,27.647682189941406
2016-07-19,27.407793045043945
2016-07-20,27.550230026245117
2016-07-21,27.475265502929688
2016-07-22,27.655179977416992
2016-07-25,27.430288314819336
2016-07-26,27.595203399658203
2016-07-27,27.632692337036133
2016-07-28,27.61769676208496
2016-07-29,27.767635345458984
2016-08-01,27.66267967224121
2016-08-02,27.512744903564453
2016-08-03,27.66267967224121
2016-08-04,27.79762077331543
2016-08-05,28.104984283447266
2016-08-08,28.284894943237305
2016-08-09,28.47231674194336
2016-08-10,28.404842376708984
2016-08-11,28.734691619873047
2016-08-12,28.622251510620117
2016-08-15,28.93710708618164
2016-08-16,28.78717613220215
2016-08-17,28.682220458984375
2016-08-18,28.914621353149414
2016-08-19,28.74219512939453
2016-08-22,28.382356643676758
2016-08-23,28.239913940429688
2016-08-24,28.3223876953125
2016-08-25,28.314895629882812
2016-08-26,28.089994430541992
2016-08-29,28.29989242553711
2016-08-30,28.25492286682129
2016-08-31,27.98503303527832
2016-09-01,28.13495635986328
2016-09-02,28.562273025512695
2016-09-06,29.057048797607422
2016-09-07,29.019569396972656
2016-09-08,28.959606170654297
2016-09-09,28.045007705688477
2016-09-12,28.277400970458984
2016-09-13,27.571792602539062
2016-09-14,27.67041778564453
2016-09-15,28.1104793548584
2016-09-16,27.920806884765625
2016-09-19,28.156017303466797
2016-09-20,28.163591384887695
2016-09-21,28.846446990966797
2016-09-22,28.97542381286621
2016-09-23,28.5960693359375
2016-09-26,28.247047424316406
2016-09-27,28.542953491210938
2016-09-28,28.823680877685547
2016-09-29,28.345687866210938
2016-09-30,28.550535202026367
2016-10-03,28.740222930908203
2016-10-04,28.45191192626953
2016-10-05,28.88437271118164
2016-10-06,28.88437271118164
2016-10-07,28.785728454589844
2016-10-10,28.98301124572754
2016-10-11,28.444316864013672
2016-10-12,28.41396713256836
2016-10-13,28.23947525024414
2016-10-14,28.31533432006836
2016-10-17,28.262224197387695
2016-10-18,28.76298713684082
2016-10-19,28.91472816467285
2016-10-20,28.876789093017578
2016-10-21,28.88437271118164
2016-10-24,29.02853012084961
2016-10-25,29.005765914916992
2016-10-26,28.79332733154297
2016-10-27,28.573293685913086
2016-10-28,28.41396713256836
2016-10-31,28.641584396362305
2016-11-01,28.429153442382812
2016-11-02,28.10289764404297
2016-11-03,28.034618377685547
2016-11-04,27.738712310791016
2016-11-07,28.67953109741211
2016-11-08,28.816099166870117
2016-11-09,28.05736541748047
2016-11-10,27.245542526245117
2016-11-11,26.744787216186523
2016-11-14,26.615814208984375
2016-11-15,27.116559982299805
2016-11-16,26.89653968811035
2016-11-17,26.90412712097168
2016-11-18,26.843425750732422
2016-11-21,27.108976364135742
2016-11-22,27.40487289428711
2016-11-23,27.139331817626953
2016-11-25,27.283483505249023
2016-11-28,27.42005729675293
2016-11-29,27.435224533081055
2016-11-30,27.480741500854492
2016-12-01,27.169673919677734
2016-12-02,27.139331817626953
2016-12-05,27.32141876220703
2016-12-06,27.435224533081055
2016-12-07,27.844932556152344
2016-12-08,27.973915100097656
2016-12-09,27.844932556152344
2016-12-12,27.617321014404297
2016-12-13,27.89804458618164
2016-12-14,27.093793869018555
2016-12-15,27.215200424194336
2016-12-16,27.048280715942383
2016-12-19,26.866186141967773
2016-12-20,26.91193199157715
2016-12-21,26.82806968688965
2016-12-22,26.576480865478516
2016-12-23,26.706092834472656
2016-12-27,26.835693359375
2016-12-28,27.00341033935547
2016-12-29,27.422725677490234
2016-12-30,27.277873992919922
2017-01-03,27.575206756591797
2017-01-04,27.826780319213867
2017-01-05,28.11648941040039
2017-01-06,28.002126693725586
2017-01-09,27.95638084411621
2017-01-10,28.108863830566406
2017-01-11,28.352828979492188
2017-01-12,28.421432495117188
2017-01-13,28.39093780517578
2017-01-17,28.360458374023438
2017-01-18,28.253725051879883
2017-01-19,28.177478790283203
2017-01-20,28.22321891784668
2017-01-23,28.612024307250977
2017-01-24,28.81788444519043
2017-01-25,29.0694580078125
2017-01-26,28.947477340698242
2017-01-27,28.97797203063965
2017-01-30,28.83312225341797
2017-01-31,28.848365783691406
2017-02-01,28.90935707092285
2017-02-02,29.00846290588379
2017-02-03,29.191442489624023
2017-02-06,29.122825622558594
2017-02-07,29.016094207763672
2017-02-08,29.244808197021484
2017-02-09,29.39727783203125
2017-02-10,29.66411781311035
2017-02-13,29.77846908569336
2017-02-14,29.824216842651367
2017-02-15,30.045305252075195
2017-02-16,29.961441040039062
2017-02-17,29.862329483032227
2017-02-21,30.106294631958008
2017-02-22,30.182525634765625
2017-02-23,30.197792053222656
2017-02-24,29.877578735351562
2017-02-27,29.755599975585938
2017-02-28,29.496387481689453
2017-03-01,29.969074249267578
2017-03-02,29.435388565063477
2017-03-03,29.686983108520508
2017-03-06,29.73272705078125
2017-03-07,29.77084732055664
2017-03-08,29.4735107421875
2017-03-09,29.221933364868164
2017-03-10,29.465896606445312
2017-03-13,29.839448928833008
2017-03-14,29.671730041503906
2017-03-15,30.36550521850586
2017-03-16,30.571338653564453
2017-03-17,30.54084587097168
2017-03-20,30.838186264038086
2017-03-21,30.46461296081543
2017-03-22,30.6104793548584
2017-03-23,30.625755310058594
2017-03-24,30.70977020263672
2017-03-27,30.618118286132812
2017-03-28,30.69449234008789
2017-03-29,30.740314483642578
2017-03-30,30.564653396606445
2017-03-31,30.335535049438477
2017-04-03,30.572294235229492
2017-04-04,30.641035079956055
2017-04-05,30.587575912475586
2017-04-06,30.534103393554688
2017-04-07,30.526466369628906
2017-04-10,30.381364822387695
2017-04-11,30.411911010742188
2017-04-12,30.518835067749023
2017-04-13,30.35845184326172
2017-04-17,30.618118286132812
2017-04-18,30.2591552734375
2017-04-19,30.037683486938477
2017-04-20,30.350811004638672
2017-04-21,30.32025909423828
2017-04-24,30.67157745361328
2017-04-25,30.893077850341797
2017-04-26,30.77849578857422
2017-04-27,30.679201126098633
2017-04-28,30.809059143066406
2017-05-01,30.931255340576172
2017-05-02,31.084003448486328
2017-05-03,30.862520217895508
2017-05-04,30.534103393554688
2017-05-05,30.70977020263672
2017-05-08,30.518835067749023
2017-05-09,30.862520217895508
2017-05-10,31.10690689086914
2017-05-11,31.091646194458008
2017-05-12,31.25965118408203
2017-05-15,31.54987144470215
2017-05-16,31.580421447753906
2017-05-17,31.10690689086914
2017-05-18,30.534103393554688
2017-05-19,31.076364517211914
2017-05-22,31.0687255859375
2017-05-23,31.053442001342773
2017-05-24,31.160371780395508
2017-05-25,31.320751190185547
2017-05-26,31.39712142944336
2017-05-30,31.343656539916992
2017-05-31,31.114547729492188
2017-06-01,31.343656539916992
2017-06-02,31.44295883178711
2017-06-05,31.44295883178711
2017-06-06,31.465871810913086
2017-06-07,31.44295883178711
2017-06-08,31.504053115844727
2017-06-09,31.290218353271484
2017-06-12,31.175640106201172
2017-06-13,31.320751190185547
2017-06-14,31.29784393310547
2017-06-15,31.02290153503418
2017-06-16,31.12217140197754
2017-06-19,31.32839584350586
2017-06-20,30.954153060913086
2017-06-21,31.071758270263672
2017-06-22,31.187026977539062
2017-06-23,31.302305221557617
2017-06-26,31.63277816772461
2017-06-27,31.302305221557617
2017-06-28,31.486772537231445
2017-06-29,31.13323402404785
2017-06-30,31.37916374206543
2017-07-03,31.525182723999023
2017-07-05,31.47138023376465
2017-07-06,31.12555503845215
2017-07-07,31.210086822509766
2017-07-10,31.43295669555664
2017-07-11,31.65583038330078
2017-07-12,32.25529098510742
2017-07-13,32.347496032714844
2017-07-14,32.677978515625
2017-07-17,32.508907318115234
2017-07-18,32.56269836425781
2017-07-19,32.877803802490234
2017-07-20,32.80862808227539
2017-07-21,32.73946762084961
2017-07-24,32.862430572509766
2017-07-25,32.80862808227539
2017-07-26,33.046878814697266
2017-07-27,32.877803802490234
2017-07-28,33.000762939453125
2017-07-31,33.0545539855957
2017-08-01,33.192893981933594
2017-08-02,33.26974868774414
2017-08-03,33.146785736083984
2017-08-04,33.23133087158203
2017-08-07,33.49262619018555
2017-08-08,33.446502685546875
2017-08-09,33.26206970214844
2017-08-10,32.4935302734375
2017-08-11,32.59343719482422
2017-08-14,32.877803802490234
2017-08-15,32.85474395751953
2017-08-16,33.254371643066406
2017-08-17,32.831687927246094
2017-08-18,33.06993103027344
2017-08-21,33.15446853637695
2017-08-22,33.446502685546875
2017-08-23,33.60790252685547
2017-08-24,33.684757232666016
2017-08-25,33.9691162109375
2017-08-28,33.961429595947266
2017-08-29,33.89226150512695
2017-08-30,33.930686950683594
2017-08-31,34.04597091674805
2017-09-01,34.291893005371094
2017-09-05,34.03059387207031
2017-09-06,34.276527404785156
2017-09-07,34.44561004638672
2017-09-08,34.22270965576172
2017-09-11,34.622371673583984
2017-09-12,34.56087875366211
2017-09-13,34.330318450927734
2017-09-14,34.39949417114258
2017-09-15,34.630043029785156
2017-09-18,34.59930419921875
2017-09-19,34.630043029785156
2017-09-20,34.53053283691406
2017-09-21,34.56162643432617
2017-09-22,34.351688385009766
2017-09-25,33.714115142822266
2017-09-26,33.706336975097656
2017-09-27,33.51972198486328
2017-09-28,33.535274505615234
2017-09-29,33.87739181518555
2017-10-02,33.90849304199219
2017-10-03,34.37501907348633
2017-10-04,34.41389083862305
2017-10-05,34.63159942626953
2017-10-06,34.49942398071289
2017-10-09,34.382789611816406
2017-10-10,34.717132568359375
2017-10-11,34.81822204589844
2017-10-12,34.81822204589844
2017-10-13,35.12923049926758
2017-10-16,35.09812927246094
2017-10-17,34.92707824707031
2017-10-18,34.95818328857422
2017-10-19,34.701576232910156
2017-10-20,34.841548919677734
2017-10-23,34.53053283691406
2017-10-24,34.62382125854492
2017-10-25,34.54608154296875
2017-10-26,34.36724090576172
2017-10-27,34.787113189697266
2017-10-30,34.507205963134766
2017-10-31,34.701576232910156
2017-11-01,34.787113189697266
2017-11-02,34.89597702026367
2017-11-03,34.693809509277344
2017-11-06,35.02815628051758
2017-11-07,34.81044006347656
2017-11-08,34.934837341308594
2017-11-09,34.802669525146484
2017-11-10,34.67049026489258
2017-11-13,34.60050582885742
2017-11-14,34.36724090576172
2017-11-15,34.08733367919922
2017-11-16,34.693809509277344
2017-11-17,34.88819885253906
2017-11-20,35.03593826293945
2017-11-21,35.471351623535156
2017-11-22,35.58797836303711
2017-11-24,35.4557991027832
2017-11-27,35.09036636352539
2017-11-28,35.300296783447266
2017-11-29,34.81044006347656
2017-11-30,34.58495330810547
2017-12-01,34.2506103515625
2017-12-04,34.36724090576172
2017-12-05,34.31281661987305
2017-12-06,33.88517761230469
2017-12-07,33.931827545166016
2017-12-08,34.320587158203125
2017-12-11,34.54608154296875
2017-12-12,34.29726791381836
2017-12-13,34.67049026489258
2017-12-14,34.452781677246094
2017-12-15,34.54608154296875
2017-12-18,34.90374755859375
2017-12-19,34.81044006347656
2017-12-20,34.85708236694336
2017-12-21,35.20240783691406
2017-12-22,35.491458892822266
2017-12-26,35.530513763427734
2017-12-27,35.522705078125
2017-12-28,35.69456100463867
2017-12-29,35.866455078125
2018-01-02,36.48362350463867
2018-01-03,36.835182189941406
2018-01-04,37.061729431152344
2018-01-05,37.389854431152344
2018-01-08,37.39765930175781
2018-01-09,37.389854431152344
2018-01-10,37.22578048706055
2018-01-11,37.46798324584961
2018-01-12,37.86640167236328
2018-01-16,37.67891311645508
2018-01-17,38.21015548706055
2018-01-18,38.27265548706055
2018-01-19,38.632022857666016
2018-01-22,38.94450759887695
2018-01-23,39.08512878417969
2018-01-24,39.44449996948242
2018-01-25,39.30388259887695
2018-01-26,39.827301025390625
2018-01-29,39.20232009887695
2018-01-30,38.70233154296875
2018-01-31,38.93667984008789
2018-02-01,38.56951141357422
2018-02-02,37.70234680175781
2018-02-05,36.491424560546875
2018-02-06,37.39765930175781
2018-02-07,36.33518600463867
2018-02-08,35.12428665161133
2018-02-09,35.655517578125
2018-02-12,36.14767837524414
2018-02-13,36.428932189941406
2018-02-14,37.178916931152344
2018-02-15,37.87422180175781
2018-02-16,37.73359680175781
2018-02-20,37.39765930175781
2018-02-21,37.35079574584961
2018-02-22,37.39765930175781
2018-02-23,38.00702667236328
2018-02-26,38.36640167236328
2018-02-27,37.33517074584961
2018-02-28,36.85079574584961
2018-03-01,36.84300231933594
2018-03-02,36.936729431152344
2018-03-05,37.046112060546875
2018-03-06,37.15549087524414
2018-03-07,37.147674560546875
2018-03-08,37.17109680175781
2018-03-09,37.83515930175781
2018-03-12,37.96797180175781
2018-03-13,37.60078430175781
2018-03-14,37.64766311645508
2018-03-15,37.499229431152344
2018-03-16,37.38204574584961
2018-03-19,37.030479431152344
2018-03-20,37.35079574584961
2018-03-21,37.55390548706055
2018-03-22,36.366432189941406
2018-03-23,35.83519744873047
2018-03-26,36.91462326049805
2018-03-27,36.3666877746582
2018-03-28,36.11620330810547
2018-03-29,36.773712158203125
2018-04-02,36.23362731933594
2018-04-03,36.585853576660156
2018-04-04,36.70326614379883
2018-04-05,36.78154754638672
2018-04-06,36.131858825683594
2018-04-09,36.10055160522461
2018-04-10,36.773712158203125
2018-04-11,36.820682525634766
2018-04-12,36.81285095214844
2018-04-13,36.4293098449707
2018-04-16,36.46061325073242
2018-04-17,36.491939544677734
2018-04-18,36.75023651123047
2018-04-19,36.54671859741211
2018-04-20,36.11620330810547
2018-04-23,35.87355041503906
2018-04-24,35.709171295166016
2018-04-25,35.44303894042969
2018-04-26,35.81093215942383
2018-04-27,35.99878692626953
2018-04-30,35.75613784790039
2018-05-01,35.552635192871094
2018-05-02,35.317806243896484
2018-05-03,35.208213806152344
2018-05-04,35.38041687011719
2018-05-07,35.28649139404297
2018-05-08,35.46652603149414
2018-05-09,35.51348876953125
2018-05-10,36.21795654296875
2018-05-11,36.09272766113281
2018-05-14,36.202308654785156
2018-05-15,35.51348876953125
2018-05-16,36.01445007324219
2018-05-17,35.51348876953125
2018-05-18,35.18473815917969
2018-05-21,35.41172409057617
2018-05-22,35.552635192871094
2018-05-23,35.39607620239258
2018-05-24,35.27083206176758
2018-05-25,35.35692596435547
2018-05-29,34.574180603027344
2018-05-30,34.87945556640625
2018-05-31,34.91859436035156
2018-06-01,35.30998229980469
2018-06-04,35.67786407470703
2018-06-05,35.364768981933594
2018-06-06,35.87355041503906
2018-06-07,35.32563400268555
2018-06-08,35.30215072631836
2018-06-11,35.25517654418945
2018-06-12,35.231689453125
2018-06-13,34.973388671875
2018-06-14,34.7855224609375
2018-06-15,34.59767150878906
2018-06-18,34.19845199584961
2018-06-19,33.80709457397461
2018-06-20,33.91667175292969
2018-06-21,33.439186096191406
2018-06-22,33.710994720458984
2018-06-25,33.26980972290039
2018-06-26,33.13587188720703
2018-06-27,32.403202056884766
2018-06-28,32.7104606628418
2018-06-29,33.246177673339844
2018-07-02,32.88378143310547
2018-07-03,32.91529846191406
2018-07-05,32.88378143310547
2018-07-06,33.28557205200195
2018-07-09,33.892181396484375
2018-07-10,33.86067581176758
2018-07-11,33.23041915893555
2018-07-12,33.69524002075195
2018-07-13,33.7188720703125
2018-07-16,33.52979278564453
2018-07-17,33.78977584838867
2018-07-18,33.75825500488281
2018-07-19,33.37221908569336
2018-07-20,33.805538177490234
2018-07-23,33.70310974121094
2018-07-24,34.207313537597656
2018-07-25,34.75091552734375
2018-07-26,34.41215133666992
2018-07-27,34.459434509277344
2018-07-30,34.41215133666992
2018-07-31,34.569725036621094
2018-08-01,34.30973815917969
2018-08-02,33.91583251953125
2018-08-03,34.1285285949707
2018-08-06,33.868568420410156
2018-08-07,34.17580795288086
2018-08-08,34.097023010253906
2018-08-09,34.04975128173828
2018-08-10,33.37221908569336
2018-08-13,32.836509704589844
2018-08-14,33.0334587097168
2018-08-15,32.06444549560547
2018-08-16,32.29291915893555
2018-08-17,32.56864929199219
2018-08-20,32.7104606628418
2018-08-21,33.06497573852539
2018-08-22,33.261940002441406
2018-08-23,32.74196243286133
2018-08-24,33.23041915893555
2018-08-27,33.77402114868164
2018-08-28,33.60857391357422
2018-08-29,33.79765319824219
2018-08-30,32.899532318115234
2018-08-31,33.1201286315918
2018-09-04,32.37956619262695
2018-09-05,32.032936096191406
2018-09-06,32.01716995239258
2018-09-07,31.875362396240234
2018-09-10,31.497203826904297
2018-09-11,31.536602020263672
2018-09-12,31.733552932739258
2018-09-13,32.13533020019531
2018-09-14,32.0959587097168
2018-09-17,31.843843460083008
2018-09-18,32.0959587097168
2018-09-19,32.529258728027344
2018-09-20,32.797115325927734
2018-09-21,32.9310417175293
2018-09-24,32.521366119384766
2018-09-25,32.7262077331543
2018-09-26,32.78598403930664
2018-09-27,32.88161087036133
2018-09-28,32.674407958984375
2018-10-01,32.75410079956055
2018-10-02,32.40345764160156
2018-10-03,32.13249969482422
2018-10-04,31.39930534362793
2018-10-05,31.255857467651367
2018-10-08,31.3116455078125
2018-10-09,31.231945037841797
2018-10-10,30.363292694091797
2018-10-11,30.092336654663086
2018-10-12,30.85740089416504
2018-10-15,30.554553985595703
2018-10-16,31.255857467651367
2018-10-17,30.881296157836914
2018-10-18,30.07640266418457
2018-10-19,30.35531997680664
2018-10-22,30.674104690551758
2018-10-23,30.371267318725586
2018-10-24,29.486665725708008
2018-10-25,30.044527053833008
2018-10-26,29.81340980529785
2018-10-29,29.231643676757812
2018-10-30,29.829336166381836
2018-10-31,30.172027587890625
2018-11-01,31.255857467651367
2018-11-02,31.367431640625
2018-11-05,31.5108699798584
2018-11-06,31.391338348388672
2018-11-07,31.94919204711914
2018-11-08,31.176170349121094
2018-11-09,30.642223358154297
2018-11-12,30.23578643798828
2018-11-13,30.594402313232422
2018-11-14,30.833492279052734
2018-11-15,31.439151763916016
2018-11-16,31.55072593688965
2018-11-19,31.16022300720215
2018-11-20,30.50674057006836
2018-11-21,31.080537796020508
2018-11-23,30.753793716430664
2018-11-26,30.968957901000977
2018-11-27,31.19210433959961
2018-11-28,31.88543128967285
2018-11-29,31.67026710510254
2018-11-30,31.63041877746582
2018-12-03,32.260005950927734
2018-12-04,31.662303924560547
2018-12-06,31.40728187561035
2018-12-07,30.777706146240234
2018-12-10,30.41908073425293
2018-12-11,30.729881286621094
2018-12-12,31.19210433959961
2018-12-13,31.23992156982422
2018-12-14,30.849424362182617
2018-12-17,30.51471710205078
2018-12-18,30.705974578857422
2018-12-19,30.19593620300293
2018-12-20,30.427043914794922
2018-12-21,30.17999839782715
2018-12-24,29.946489334106445
2018-12-26,30.476089477539062
2018-12-27,30.411890029907227
2018-12-28,30.628557205200195
2018-12-31,30.5723819732666
2019-01-02,30.708791732788086
2019-01-03,30.22733497619629
2019-01-04,31.182214736938477
2019-01-07,31.24641990661621
2019-01-08,31.422954559326172
2019-01-09,31.880338668823242
2019-01-10,32.121070861816406
2019-01-11,31.920459747314453
2019-01-14,31.69578742980957
2019-01-15,31.904401779174805
2019-01-16,32.21735382080078
2019-01-17,32.369808197021484
2019-01-18,32.53832244873047
2019-01-22,31.99266815185547
2019-01-23,32.30562210083008
2019-01-24,32.57844543457031
2019-01-25,32.8994140625
2019-01-28,32.55437469482422
2019-01-29,32.594486236572266
2019-01-30,33.172237396240234
2019-01-31,33.525299072265625
2019-02-01,33.276554107666016
2019-02-04,33.34877395629883
2019-02-05,33.725914001464844
2019-02-06,33.32470703125
2019-02-07,33.011756896972656
2019-02-08,32.88335418701172
2019-02-11,32.69077682495117
2019-02-12,33.011756896972656
2019-02-13,32.779052734375
2019-02-14,32.84324264526367
2019-02-15,32.787078857421875
2019-02-19,33.12408447265625
2019-02-20,33.2685432434082
2019-02-21,33.19631576538086
2019-02-22,33.573455810546875
2019-02-25,34.022804260253906
2019-02-26,33.91848373413086
2019-02-27,33.65370178222656
2019-02-28,33.39691925048828
2019-03-01,33.437049865722656
2019-03-04,33.557403564453125
2019-03-05,33.950592041015625
2019-03-06,33.782081604003906
2019-03-07,33.236427307128906
2019-03-08,32.99570846557617
2019-03-11,33.66973114013672
2019-03-12,33.806156158447266
2019-03-13,33.878379821777344
2019-03-14,33.70184326171875
2019-03-15,34.15923309326172
2019-03-18,34.54438400268555
2019-03-19,34.55241394042969
2019-03-20,34.54438400268555
2019-03-21,34.6246223449707
2019-03-22,33.58147430419922
2019-03-25,33.735843658447266
2019-03-26,33.84840393066406
2019-03-27,33.47856903076172
2019-03-28,33.76800537109375
2019-03-29,34.16999435424805
2019-04-01,34.68456268310547
2019-04-02,34.58003616333008
2019-04-03,34.74888610839844
2019-04-04,34.9739990234375
2019-04-05,35.255401611328125
2019-04-08,35.231292724609375
2019-04-09,35.18303680419922
2019-04-10,35.35188674926758
2019-04-11,34.941856384277344
2019-04-12,35.1589241027832
2019-04-15,34.9739990234375
2019-04-16,35.255401611328125
2019-04-17,35.34384536743164
2019-04-18,35.38405227661133
2019-04-22,35.175010681152344
2019-04-23,35.255401611328125
2019-04-24,34.845359802246094
2019-04-25,34.781044006347656
2019-04-26,34.941856384277344
2019-04-29,34.877532958984375
2019-04-30,34.901649475097656
2019-05-01,34.70869445800781
2019-05-02,34.75692367553711
2019-05-03,35.20716094970703
2019-05-06,34.45944595336914
2019-05-07,33.808204650878906
2019-05-08,33.719764709472656
2019-05-09,33.24539566040039
2019-05-10,33.51875686645508
2019-05-13,32.38512420654297
2019-05-14,32.835365295410156
2019-05-15,32.92380905151367
2019-05-16,32.84339904785156
2019-05-17,32.21628189086914
2019-05-20,32.10372543334961
2019-05-21,32.537879943847656
2019-05-22,32.40119934082031
2019-05-23,31.991161346435547
2019-05-24,32.03940200805664
2019-05-28,32.13589096069336
2019-05-29,32.409244537353516
2019-05-30,32.553958892822266
2019-05-31,32.67456817626953
2019-06-03,32.86752700805664
2019-06-04,32.87556838989258
2019-06-05,32.634368896484375
2019-06-06,32.62632369995117
2019-06-07,32.85947799682617
2019-06-10,33.165008544921875
2019-06-11,33.510719299316406
2019-06-12,33.148929595947266
2019-06-13,33.18108367919922
2019-06-14,32.77104949951172
2019-06-17,32.90786361694336
2019-06-18,33.65264129638672
2019-06-19,33.887393951416016
2019-06-20,34.41360855102539
2019-06-21,34.27597427368164
2019-06-24,34.30025863647461
2019-06-25,33.92788314819336
2019-06-26,34.259796142578125
2019-06-27,34.45408248901367
2019-06-28,34.42979431152344
2019-07-01,34.92361068725586
2019-07-02,34.87503433227539
2019-07-03,34.9155158996582
2019-07-05,34.672664642333984
2019-07-08,34.5350341796875
2019-07-09,34.44597625732422
2019-07-10,34.672664642333984
2019-07-11,34.59979248046875
2019-07-12,34.59979248046875
2019-07-15,34.76170349121094
2019-07-16,34.69694519042969
2019-07-17,34.61598587036133
2019-07-18,34.83456039428711
2019-07-19,34.6078987121582
2019-07-22,34.56741714477539
2019-07-23,34.56741714477539
2019-07-24,34.672664642333984
2019-07-25,34.47027587890625
2019-07-26,34.502647399902344
2019-07-29,34.49456787109375
2019-07-30,34.15456008911133
2019-07-31,33.80644226074219
2019-08-01,33.19119644165039
2019-08-02,32.87546157836914
2019-08-05,31.717838287353516
2019-08-06,32.21974563598633
2019-08-07,32.35737609863281
2019-08-08,32.77832794189453
2019-08-09,32.45451736450195
2019-08-12,32.09021759033203
2019-08-13,32.470703125
2019-08-14,31.572114944458008
2019-08-15,31.75020980834961
2019-08-16,32.17117691040039
2019-08-19,32.27640914916992
2019-08-20,32.33308029174805
2019-08-21,32.58404541015625
2019-08-22,32.25212478637695
2019-08-23,31.790685653686523
2019-08-26,31.993072509765625
2019-08-27,32.00926971435547
2019-08-28,32.13069534301758
2019-08-29,32.50308609008789
2019-08-30,32.705467224121094
2019-09-03,32.535465240478516
2019-09-04,33.06975555419922
2019-09-05,33.320716857910156
2019-09-06,33.425960540771484
2019-09-09,33.515018463134766
2019-09-10,33.515018463134766
2019-09-11,33.765968322753906
2019-09-12,33.97645568847656
2019-09-13,34.15456008911133
2019-09-16,33.879302978515625
2019-09-17,33.9197883605957
2019-09-18,33.74977493286133
2019-09-19,33.539302825927734
2019-09-20,33.5959587097168
2019-09-23,33.71739959716797
2019-09-24,33.30670928955078
2019-09-25,33.3394775390625
2019-09-26,33.32310104370117
2019-09-27,32.9050178527832
2019-09-30,33.003395080566406
2019-10-01,32.773860931396484
2019-10-02,32.61810302734375
2019-10-03,33.01157760620117
2019-10-04,33.16733932495117
2019-10-07,32.913211822509766
2019-10-08,32.63450622558594
2019-10-09,32.88042449951172
2019-10-10,33.23292541503906
2019-10-11,33.675594329833984
2019-10-14,33.6018180847168
2019-10-15,33.83134841918945
2019-10-16,33.9215202331543
2019-10-17,34.028076171875
2019-10-18,33.93790817260742
2019-10-21,34.183834075927734
2019-10-22,34.15925216674805
2019-10-23,34.175636291503906
2019-10-24,34.21662902832031
2019-10-25,34.37238693237305
2019-10-28,34.64291000366211
2019-10-29,34.446163177490234
2019-10-30,34.57731246948242
2019-10-31,34.306800842285156
2019-11-01,34.83962631225586
2019-11-04,35.09376525878906
2019-11-05,35.26591873168945
2019-11-06,35.20853805541992
2019-11-07,35.44625473022461
2019-11-08,35.12655258178711
2019-11-11,34.92982482910156
2019-11-12,34.66748809814453
2019-11-13,34.446163177490234
2019-11-14,34.42976760864258
2019-11-15,34.6593017578125
2019-11-18,34.651100158691406
2019-11-19,34.77406311035156
2019-11-20,34.64291000366211
2019-11-21,34.68388366699219
2019-11-22,34.61830139160156
2019-11-25,34.92982482910156
2019-11-26,34.79045867919922
2019-11-27,34.89702224731445
2019-11-29,34.47894287109375
2019-12-02,34.48715591430664
2019-12-03,34.34779357910156
2019-12-04,34.651100158691406
2019-12-05,34.831451416015625
2019-12-06,34.96261215209961
2019-12-09,34.831451416015625
2019-12-10,34.90522766113281
2019-12-11,35.37247848510742
2019-12-12,35.856136322021484
2019-12-13,35.81515121459961
2019-12-16,36.11846923828125
2019-12-17,36.38898468017578
2019-12-18,36.585731506347656
2019-12-19,36.610313415527344
2019-12-20,36.643096923828125
2019-12-23,36.70869827270508
2019-12-24,36.67547607421875
2019-12-26,36.982627868652344
2019-12-27,37.032432556152344
2019-12-30,36.82490158081055
2019-12-31,36.91621017456055
2020-01-02,37.796173095703125
2020-01-03,37.12376022338867
2020-01-06,37.05734634399414
2020-01-07,37.040748596191406
2020-01-08,37.2067756652832
2020-01-09,37.397701263427734
2020-01-10,37.5803337097168
2020-01-13,38.09501647949219
2020-01-14,37.92070007324219
2020-01-15,37.6799430847168
2020-01-16,37.87087631225586
2020-01-17,38.11161804199219
2020-01-21,37.16526412963867
2020-01-22,37.38939666748047
2020-01-23,37.04905319213867
2020-01-24,36.766807556152344
2020-01-27,35.52988815307617
2020-01-28,35.82874298095703
2020-01-29,35.99477005004883
2020-01-30,35.50498962402344
2020-01-31,34.87407684326172
2020-02-03,35.12311935424805
2020-02-04,35.96155548095703
2020-02-05,36.160804748535156
2020-02-06,36.144195556640625
2020-02-07,35.6544189453125
2020-02-10,35.87854766845703
2020-02-11,36.33512878417969
2020-02-12,36.79999542236328
2020-02-13,36.40984344482422
2020-02-14,36.33512878417969
2020-02-18,36.210601806640625
2020-02-19,36.509464263916016
2020-02-20,36.011375427246094
2020-02-21,35.87854766845703
2020-02-24,34.616737365722656
2020-02-25,34.342796325683594
2020-02-26,34.558631896972656
2020-02-27,33.7285041809082
2020-02-28,33.637176513671875
2020-03-02,34.2846794128418
2020-03-03,34.11866760253906
2020-03-04,34.600135803222656
2020-03-05,33.9360237121582
2020-03-06,33.29682159423828
2020-03-09,30.814712524414062
2020-03-10,32.36707305908203
2020-03-11,30.964126586914062
2020-03-12,27.851119995117188
2020-03-13,29.801952362060547
2020-03-16,26.19915008544922
2020-03-17,27.842819213867188
2020-03-18,25.576547622680664
2020-03-19,25.717666625976562
2020-03-20,25.833887100219727
2020-03-23,25.333209991455078
2020-03-24,26.930049896240234
2020-03-25,27.811635971069336
2020-03-26,28.934419631958008
2020-03-27,27.370845794677734
2020-03-30,27.77005386352539
2020-03-31,27.903121948242188
2020-04-01,26.91341781616211
2020-04-02,27.703519821166992
2020-04-03,27.171236038208008
2020-04-06,28.51026153564453
2020-04-07,28.67659568786621
2020-04-08,29.00926971435547
2020-04-09,28.959373474121094
2020-04-13,29.067487716674805
2020-04-14,29.64967918395996
2020-04-15,28.99264144897461
2020-04-16,29.158977508544922
2020-04-17,29.63302993774414
2020-04-20,29.416799545288086
2020-04-21,28.60173225402832
2020-04-22,29.341943740844727
2020-04-23,29.22551727294922
2020-04-24,29.183923721313477
2020-04-27,29.732839584350586
2020-04-28,29.807693481445312
2020-04-29,30.614421844482422
2020-04-30,30.082149505615234
2020-05-01,29.075807571411133
2020-05-04,29.441747665405273
2020-05-05,29.574819564819336
2020-05-06,29.499971389770508
2020-05-07,29.691255569458008
2020-05-08,30.356603622436523
2020-05-11,30.2069091796875
2020-05-12,30.11541748046875
2020-05-13,30.0239315032959
2020-05-14,30.11541748046875
2020-05-15,29.74115562438965
2020-05-18,30.863937377929688
2020-05-19,30.556217193603516
2020-05-20,30.93878173828125
2020-05-21,30.62274932861328
2020-05-22,30.040555953979492
2020-05-26,30.70591163635254
2020-05-27,30.73917579650879
2020-05-28,30.53957176208496
2020-05-29,31.071853637695312
2020-06-01,31.77879524230957
2020-06-02,32.51898193359375
2020-06-03,33.151084899902344
2020-06-04,32.73523712158203
2020-06-05,33.4920654296875
2020-06-08,33.75820541381836
2020-06-09,33.575233459472656
2020-06-10,33.741573333740234
2020-06-11,32.01997756958008
2020-06-12,32.751853942871094
2020-06-15,32.61878967285156
2020-06-16,32.74354934692383
2020-06-17,33.0429573059082
2020-06-18,33.05126953125
2020-06-19,33.1094970703125
2020-06-22,33.46865463256836
2020-06-23,33.80275344848633
2020-06-24,33.29324722290039
2020-06-25,33.435237884521484
2020-06-26,33.03432083129883
2020-06-29,33.25149154663086
2020-06-30,33.08442687988281
2020-07-01,33.527122497558594
2020-07-02,34.320613861083984
2020-07-06,35.832420349121094
2020-07-07,35.26445388793945
2020-07-08,36.20827865600586
2020-07-09,36.23334884643555
2020-07-10,35.98276138305664
2020-07-13,35.80735397338867
2020-07-14,35.82406997680664
2020-07-15,35.85748291015625
2020-07-16,35.34797286987305
2020-07-17,35.50666809082031
2020-07-20,36.0078239440918
2020-07-21,36.27510452270508
2020-07-22,36.149818420410156
2020-07-23,35.907588958740234
2020-07-24,35.815711975097656
2020-07-27,36.316864013671875
2020-07-28,35.92428207397461
2020-07-29,36.5590934753418
2020-07-30,36.13310623168945
2020-07-31,35.92428207397461
2020-08-03,36.1999397277832
2020-08-04,36.60921096801758
2020-08-05,36.98507308959961
2020-08-06,37.035186767578125
2020-08-07,36.28346252441406
2020-08-10,36.27510452270508
2020-08-11,36.14147186279297
2020-08-12,36.584144592285156
2020-08-13,36.4421501159668
2020-08-14,36.49226760864258
2020-08-17,36.88484573364258
2020-08-18,37.018470764160156
2020-08-19,36.592498779296875
2020-08-20,36.49226760864258
2020-08-21,36.72614669799805
2020-08-24,37.09365463256836
2020-08-25,37.43611526489258
2020-08-26,37.46952438354492
2020-08-27,37.252349853515625
2020-08-28,37.703399658203125
2020-08-31,36.90989303588867
2020-09-01,37.65327453613281
2020-09-02,37.55304718017578
2020-09-03,36.89319610595703
2020-09-04,36.82637405395508
2020-09-08,36.14147186279297
2020-09-09,36.60921096801758
2020-09-10,36.05793762207031
2020-09-11,36.32522201538086
2020-09-14,36.92660140991211
2020-09-15,37.344234466552734
2020-09-16,37.2105827331543
2020-09-17,37.143768310546875
2020-09-18,36.85143280029297
2020-09-21,36.5444450378418
2020-09-22,36.22394943237305
2020-09-23,35.65886306762695
2020-09-24,35.55765914916992
2020-09-25,35.54922866821289
2020-09-28,35.903446197509766
2020-09-29,35.88657760620117
2020-09-30,36.46852111816406
2020-10-01,36.789024353027344
2020-10-02,36.38418960571289
2020-10-05,36.85649490356445
2020-10-06,36.96613311767578
2020-10-07,37.311927795410156
2020-10-08,37.59024429321289
2020-10-09,37.8516960144043
2020-10-12,38.22278594970703
2020-10-13,38.05412292480469
2020-10-14,37.885433197021484
2020-10-15,37.581817626953125
2020-10-16,37.73362731933594
2020-10-19,37.61554718017578
2020-10-20,37.99507141113281
2020-10-21,38.07099151611328
2020-10-22,38.07941436767578
2020-10-23,38.25654220581055
2020-10-26,37.75893020629883
2020-10-27,37.89386749267578
2020-10-28,36.949256896972656
2020-10-29,37.33723068237305
2020-10-30,36.949256896972656
2020-11-02,37.42155838012695
2020-11-03,37.52277374267578
2020-11-04,38.72882843017578
2020-11-05,39.386680603027344
2020-11-06,39.53006362915039
2020-11-09,39.82524490356445
2020-11-10,39.37824630737305
2020-11-11,39.54692459106445
2020-11-12,39.25173568725586
2020-11-13,39.74934387207031
2020-11-16,40.21321105957031
2020-11-17,40.1541748046875
2020-11-18,40.019222259521484
2020-11-19,40.12043380737305
2020-11-20,40.398765563964844
2020-11-23,40.390316009521484
2020-11-24,40.93009948730469
2020-11-25,40.74454879760742
2020-11-27,41.12407684326172
2020-11-30,40.11200714111328
2020-12-01,40.94697189331055
2020-12-02,40.93009948730469
2020-12-03,41.33492660522461
2020-12-04,41.613250732421875
2020-12-07,41.613250732421875
2020-12-08,41.7313346862793
2020-12-09,41.242156982421875
2020-12-10,41.79880905151367
2020-12-11,41.52048110961914
2020-12-14,41.36866760253906
2020-12-15,41.75662612915039
2020-12-16,41.98434829711914
2020-12-17,42.32170486450195
2020-12-18,42.19519805908203
2020-12-21,41.6275520324707
2020-12-22,41.322086334228516
2020-12-23,41.746341705322266
2020-12-24,41.508758544921875
2020-12-28,41.59361267089844
2020-12-29,42.043312072753906
2020-12-30,42.6287841796875
2020-12-31,42.51847839355469
2021-01-04,42.71363067626953
2021-01-05,43.70637512207031
2021-01-06,43.290618896484375
2021-01-07,43.63002014160156
2021-01-08,44.5124626159668
2021-01-11,43.994873046875
2021-01-12,44.47852325439453
2021-01-13,44.62276077270508
2021-01-14,45.063995361328125
2021-01-15,44.54639434814453
2021-01-19,45.35247039794922
2021-01-20,46.14158248901367
2021-01-21,46.15007400512695
2021-01-22,45.819156646728516
2021-01-25,46.048255920410156
2021-01-26,45.759761810302734
2021-01-27,44.59730911254883
2021-01-28,44.80942916870117
2021-01-29,43.85062789916992
2021-02-01,44.96216583251953
2021-02-02,45.666419982910156
2021-02-03,45.83612823486328
2021-02-04,45.903995513916016
2021-02-05,46.24340057373047
2021-02-08,46.480987548828125
2021-02-09,46.99856948852539
2021-02-10,47.10038375854492
2021-02-11,47.5925178527832
2021-02-12,47.677371978759766
2021-02-16,47.813133239746094
2021-02-17,47.93192672729492
2021-02-18,47.31251907348633
2021-02-19,47.567073822021484
2021-02-22,46.21794891357422
2021-02-23,46.480987548828125
2021-02-24,46.18401336669922
2021-02-25,45.182777404785156
2021-02-26,44.537925720214844
2021-03-01,45.759761810302734
2021-03-02,45.327022552490234
2021-03-03,45.29307174682617
2021-03-04,44.31729507446289
2021-03-05,44.631248474121094
2021-03-08,43.46879577636719
2021-03-09,44.41063690185547
2021-03-10,44.33427810668945
2021-03-11,45.666419982910156
2021-03-12,44.8603401184082
2021-03-15,44.834896087646484
2021-03-16,45.03004455566406
2021-03-17,45.063995361328125
2021-03-18,44.36821746826172
2021-03-19,44.80942916870117
2021-03-22,44.71428680419922
2021-03-23,43.9836311340332
2021-03-24,42.955623626708984
2021-03-25,43.023582458496094
2021-03-26,44.094078063964844
2021-03-29,43.847694396972656
2021-03-30,44.02610397338867
2021-03-31,44.22151565551758
2021-04-01,44.620819091796875
2021-04-05,44.71428680419922
2021-04-06,44.92667770385742
2021-04-07,44.27249526977539
2021-04-08,44.73127746582031
2021-04-09,44.34895706176758
2021-04-12,44.060096740722656
2021-04-13,44.0685920715332
2021-04-14,44.30647277832031
2021-04-15,44.697288513183594
2021-04-16,44.84172058105469
2021-04-19,44.748260498046875
2021-04-20,44.40843200683594
2021-04-21,44.75676345825195
2021-04-22,44.680294036865234
2021-04-23,45.2920036315918
2021-04-26,45.35148239135742
2021-04-27,45.4194450378418
2021-04-28,45.784759521484375
2021-04-29,45.68282699584961
2021-04-30,45.011634826660156
2021-05-03,44.9946403503418
2021-05-04,44.44240188598633
2021-05-05,44.61232376098633
2021-05-06,45.05411911010742
2021-05-07,45.45343017578125
2021-05-10,44.60382843017578
2021-05-11,44.484893798828125
2021-05-12,43.346435546875
2021-05-13,43.29545593261719
2021-05-14,44.00910568237305
2021-05-17,44.034603118896484
2021-05-18,44.67180252075195
2021-05-19,44.552860260009766
2021-05-20,44.71428680419922
2021-05-21,44.23850631713867
2021-05-24,44.654808044433594
2021-05-25,45.12208557128906
2021-05-26,45.45343017578125
2021-05-27,45.53839111328125
2021-05-28,45.776275634765625
2021-06-01,46.73630905151367
2021-06-02,46.846771240234375
2021-06-03,46.32001495361328
2021-06-04,46.73630905151367
2021-06-07,46.54941177368164
2021-06-08,46.35401153564453
2021-06-09,46.32001495361328
2021-06-10,46.64286804199219
2021-06-11,46.43896484375
2021-06-14,46.62586975097656
2021-06-15,46.3115234375
2021-06-16,45.68282699584961
2021-06-17,45.94620132446289
2021-06-18,45.5893669128418
2021-06-21,45.81142044067383
2021-06-22,45.614986419677734
2021-06-23,45.87974548339844
2021-06-24,46.22136688232422
2021-06-25,46.5971565246582
2021-06-28,46.70817184448242
2021-06-29,46.674015045166016
2021-06-30,46.38364028930664
2021-07-01,46.135963439941406
2021-07-02,46.084712982177734
2021-07-06,45.256282806396484
2021-07-07,45.29898452758789
2021-07-08,44.4363899230957
2021-07-09,45.24773406982422
2021-07-12,45.27336502075195
2021-07-13,45.29898452758789
2021-07-14,45.52104187011719
2021-07-15,45.56373596191406
2021-07-16,45.256282806396484
2021-07-19,44.590126037597656
2021-07-20,44.62429428100586
2021-07-21,45.008609771728516
2021-07-22,45.07693099975586
2021-07-23,44.37660598754883
2021-07-26,43.53109359741211
2021-07-27,42.591636657714844
2021-07-28,43.795860290527344
2021-07-29,43.949581146240234
2021-07-30,43.650657653808594
2021-08-02,44.000831604003906
2021-08-03,44.111854553222656
2021-08-04,44.222877502441406
2021-08-05,44.08623123168945
2021-08-06,43.787315368652344
2021-08-09,43.941036224365234
2021-08-10,44.10331726074219
2021-08-11,44.265586853027344
2021-08-12,43.975215911865234
2021-08-13,43.88980484008789
2021-08-16,43.539649963378906
2021-08-17,42.753910064697266
2021-08-18,42.805152893066406
2021-08-19,42.147525787353516
2021-08-20,42.147525787353516
2021-08-23,42.753910064697266
2021-08-24,43.710453033447266
2021-08-25,43.753150939941406
2021-08-26,43.39445114135742
2021-08-27,43.941036224365234
2021-08-30,44.06915283203125
2021-08-31,44.607200622558594
2021-09-01,45.145259857177734
2021-09-02,44.965911865234375
2021-09-03,45.170875549316406
2021-09-07,45.54666519165039
2021-09-08,44.87196350097656
2021-09-09,44.93174362182617
2021-09-10,44.86341857910156
2021-09-13,45.008609771728516
2021-09-14,44.590126037597656
2021-09-15,44.57304000854492
2021-09-16,44.111854553222656
2021-09-17,43.941036224365234
2021-09-20,42.745487213134766
2021-09-21,43.090267181396484
2021-09-22,43.71089172363281
2021-09-23,43.91777038574219
2021-09-24,43.43505859375
2021-09-27,43.66779708862305
2021-09-28,43.15922927856445
2021-09-29,42.81443786621094
2021-09-30,43.10750961303711
2021-10-01,43.13336181640625
2021-10-04,42.53860092163086
2021-10-05,42.9437370300293
2021-10-06,42.77996063232422
2021-10-07,43.6160774230957
2021-10-08,43.77986526489258
2021-10-11,43.659175872802734
2021-10-12,43.53849792480469
2021-10-13,44.107398986816406
2021-10-14,44.17635726928711
2021-10-15,44.650447845458984
2021-10-18,44.59011459350586
2021-10-19,45.09868240356445
2021-10-20,45.10729217529297
2021-10-21,44.745269775390625
2021-10-22,44.633209228515625
2021-10-25,44.7969856262207
2021-10-26,44.495296478271484
2021-10-27,44.26256561279297
2021-10-28,44.21946716308594
2021-10-29,43.66779708862305
2021-11-01,44.09016418457031
2021-11-02,43.62470245361328
2021-11-03,43.943634033203125
2021-11-04,43.84880447387695
2021-11-05,43.86605453491211
2021-11-08,44.32290267944336
2021-11-09,44.21946716308594
2021-11-10,44.098785400390625
2021-11-11,44.857322692871094
2021-11-12,44.89181137084961
2021-11-15,44.805606842041016
2021-11-16,44.78836441040039
2021-11-17,44.62459182739258
2021-11-18,44.09016418457031
2021-11-19,44.01258850097656
2021-11-22,43.55573654174805
2021-11-23,43.598838806152344
2021-11-24,43.547122955322266
2021-11-26,42.27139663696289
2021-11-29,42.33173751831055
2021-11-30,42.40068435668945
2021-12-01,42.37482452392578
2021-12-02,42.874778747558594
2021-12-03,42.28001022338867
2021-12-06,42.55584716796875
2021-12-07,43.176475524902344
2021-12-08,43.43505859375
2021-12-09,43.21957015991211
2021-12-10,43.297149658203125
2021-12-13,42.633426666259766
2021-12-14,42.53860092163086
2021-12-15,42.38344955444336
2021-12-16,42.495506286621094
2021-12-17,42.202430725097656
2021-12-20,41.61747360229492
2021-12-21,42.32255554199219
2021-12-22,42.55759048461914
2021-12-23,42.81002426147461
2021-12-27,42.94930648803711
2021-12-28,42.80131912231445
2021-12-29,42.618526458740234
2021-12-30,43.16692352294922
2021-12-31,43.05376434326172
2022-01-03,43.358428955078125
2022-01-04,43.18433380126953
2022-01-05,42.54017639160156
2022-01-06,42.783905029296875
2022-01-07,43.00153732299805
2022-01-10,43.08856964111328
2022-01-11,43.92423629760742
2022-01-12,44.59449768066406
2022-01-13,44.03739547729492
2022-01-14,44.124454498291016
2022-01-18,43.471588134765625
2022-01-19,43.645687103271484
2022-01-20,43.9155387878418
2022-01-21,43.22785568237305
2022-01-24,42.653343200683594
2022-01-25,42.6446418762207
2022-01-26,42.20069122314453
2022-01-27,41.82638931274414
2022-01-28,41.89603042602539
2022-01-31,43.2365608215332
2022-02-01,43.488990783691406
2022-02-02,43.41065216064453
2022-02-03,43.04505920410156
2022-02-04,43.07117462158203
2022-02-07,43.07117462158203
2022-02-08,43.4628791809082
2022-02-09,44.107032775878906
2022-02-10,43.86330032348633
2022-02-11,43.18433380126953
2022-02-14,42.86225509643555
2022-02-15,43.83719253540039
2022-02-16,44.167972564697266
2022-02-17,43.59346008300781
2022-02-18,43.25396728515625
2022-02-22,42.583702087402344
2022-02-23,42.191986083984375
2022-02-24,41.33892059326172
2022-02-25,42.104942321777344
2022-02-28,41.62617111206055
2022-03-01,41.060367584228516
2022-03-02,41.19093704223633
2022-03-03,40.61642837524414
2022-03-04,39.850406646728516
2022-03-07,38.440242767333984
2022-03-08,38.605628967285156
2022-03-09,39.58055877685547
2022-03-10,38.97122573852539
2022-03-11,38.17909622192383
2022-03-14,37.26509094238281
2022-03-15,37.2476806640625
2022-03-16,40.146366119384766
2022-03-17,39.850406646728516
2022-03-18,40.477142333984375
2022-03-21,39.965572357177734
2022-03-22,40.58540344238281
2022-03-23,40.30603790283203
2022-03-24,40.550479888916016
2022-03-25,40.2362060546875
2022-03-28,40.367156982421875
2022-03-29,40.986976623535156
2022-03-30,40.934593200683594
2022-03-31,40.271121978759766
2022-04-01,41.03935241699219
2022-04-04,41.755210876464844
2022-04-05,41.02190017700195
2022-04-06,40.56794738769531
2022-04-07,40.271121978759766
2022-04-08,40.349693298339844
2022-04-11,39.84335708618164
2022-04-12,39.68622589111328
2022-04-13,40.113983154296875
2022-04-14,39.677494049072266
2022-04-18,39.511619567871094
2022-04-19,39.310829162597656
2022-04-20,39.05766296386719
2022-04-21,38.35053634643555
2022-04-22,38.045005798339844
2022-04-25,37.65214920043945
2022-04-26,36.89264678955078
2022-04-27,37.40770721435547
2022-04-28,37.89659118652344
2022-04-29,37.92277526855469
2022-05-02,37.84421157836914
2022-05-03,38.132293701171875
2022-05-04,38.507686614990234
2022-05-05,37.11089324951172
2022-05-06,36.60456085205078
2022-05-09,35.618080139160156
2022-05-10,35.76648712158203
2022-05-11,35.51331329345703
2022-05-12,35.338722229003906
2022-05-13,36.21171569824219
2022-05-16,36.133140563964844
2022-05-17,36.962486267089844
2022-05-18,36.15933609008789
2022-05-19,36.68312072753906
2022-05-20,36.82279968261719
2022-05-23,37.08470153808594
2022-05-24,36.42123031616211
2022-05-25,36.62201690673828
2022-05-26,37.172000885009766
2022-05-27,37.573585510253906
2022-05-31,38.09736633300781
2022-06-01,37.84421157836914
2022-06-02,38.5251350402832
2022-06-03,37.92277526855469
2022-06-06,38.132293701171875
2022-06-07,38.3243522644043
2022-06-08,38.46403121948242
2022-06-09,37.63468551635742
2022-06-10,37.3378791809082
2022-06-13,36.1244010925293
2022-06-14,36.64821243286133
2022-06-15,37.18946075439453
2022-06-16,36.028377532958984
2022-06-17,36.185516357421875
2022-06-21,36.7624626159668
2022-06-22,36.15562057495117
2022-06-23,36.331520080566406
2022-06-24,37.105464935302734
2022-06-27,37.1318473815918
2022-06-28,36.885589599609375
2022-06-29,36.78885269165039
2022-06-30,36.63054275512695
2022-07-01,36.410667419433594
2022-07-05,36.12043380737305
2022-07-06,35.874176025390625
2022-07-07,36.62173843383789
2022-07-08,36.53379440307617
2022-07-11,35.627925872802734
2022-07-12,35.496002197265625
2022-07-13,35.39047622680664
2022-07-14,35.153011322021484
2022-07-15,35.2761344909668
2022-07-18,35.44322967529297
2022-07-19,35.94454574584961
2022-07-20,35.7950325012207
2022-07-21,36.234771728515625
2022-07-22,35.86539077758789
2022-07-25,36.03248977661133
2022-07-26,35.68949890136719
2022-07-27,36.3930778503418
2022-07-28,36.50741195678711
2022-07-29,36.34031295776367
2022-08-01,36.12043380737305
2022-08-02,35.90936279296875
2022-08-03,36.102848052978516
2022-08-04,36.401878356933594
2022-08-05,36.3930778503418
2022-08-08,36.47222900390625
2022-08-09,36.3930778503418
2022-08-10,36.850406646728516
2022-08-11,37.026309967041016
2022-08-12,37.41328430175781
2022-08-15,37.27256393432617
2022-08-16,37.2901496887207
2022-08-17,37.20219802856445
2022-08-18,36.964744567871094
2022-08-19,36.5513916015625
2022-08-22,36.29633331298828
2022-08-23,36.524993896484375
2022-08-24,36.5513916015625
2022-08-25,37.22858810424805
2022-08-26,36.736083984375
2022-08-29,36.5601806640625
2022-08-30,36.12043380737305
2022-08-31,36.1732063293457
2022-09-01,36.006099700927734
2022-09-02,35.715877532958984
2022-09-06,35.408058166503906
2022-09-07,35.70707702636719
2022-09-08,35.601539611816406
2022-09-09,36.07646942138672
2022-09-12,36.63054275512695
2022-09-13,35.46962356567383
2022-09-14,35.645511627197266
2022-09-15,35.33769226074219
2022-09-16,34.889156341552734
2022-09-19,35.03089141845703
2022-09-20,34.906089782714844
2022-09-21,34.32670211791992
2022-09-22,34.228660583496094
2022-09-23,33.44424819946289
2022-09-26,32.980735778808594
2022-09-27,32.96290588378906
2022-09-28,33.221405029296875
2022-09-29,32.570709228515625
2022-09-30,32.52614212036133
2022-10-03,33.025306701660156
2022-10-04,33.95232009887695
2022-10-05,34.01472473144531
2022-10-06,33.77405548095703
2022-10-07,33.10552978515625
2022-10-10,32.65092849731445
2022-10-11,32.142845153808594
2022-10-12,32.133934020996094
2022-10-13,32.258724212646484
2022-10-14,31.786291122436523
2022-10-17,32.59743881225586
2022-10-18,32.606361389160156
2022-10-19,32.03587341308594
2022-10-20,32.28546142578125
2022-10-21,32.75789260864258
2022-10-24,31.48322868347168
2022-10-25,31.741729736328125
2022-10-26,32.16958236694336
2022-10-27,31.937833786010742
2022-10-28,31.71499252319336
2022-10-31,31.599103927612305
2022-11-01,32.12501525878906
2022-11-02,31.884340286254883
2022-11-03,32.142845153808594
2022-11-04,33.453155517578125
2022-11-07,33.39076614379883
2022-11-08,33.53337860107422
2022-11-09,32.918338775634766
2022-11-10,34.02363967895508
2022-11-11,34.709991455078125
2022-11-14,34.594112396240234
2022-11-15,35.360694885253906
2022-11-16,34.79913330078125
2022-11-17,34.9863166809082
2022-11-18,34.736732482910156
2022-11-21,34.41584777832031
2022-11-22,34.50497817993164
2022-11-23,34.692161560058594
2022-11-25,34.56736755371094
2022-11-28,34.487144470214844
2022-11-29,35.16459655761719
2022-11-30,36.11836624145508
2022-12-01,36.02921676635742
2022-12-02,36.2520637512207
2022-12-05,35.88660430908203
2022-12-06,35.91334915161133
2022-12-07,35.69941711425781
2022-12-08,36.10944366455078
2022-12-09,35.80638122558594
2022-12-12,35.70832824707031
2022-12-13,35.895503997802734
2022-12-14,35.957916259765625
2022-12-15,35.26265335083008
2022-12-16,35.21806716918945
2022-12-19,35.28601837158203
2022-12-20,35.16824722290039
2022-12-21,35.494380950927734
2022-12-22,35.177310943603516
2022-12-23,35.10483169555664
2022-12-27,35.65745162963867
2022-12-28,35.14107131958008
2022-12-29,35.74803924560547
2022-12-30,35.313194274902344
2023-01-03,35.693687438964844
2023-01-04,36.617733001708984
2023-01-05,36.5090217590332
2023-01-06,37.134124755859375
2023-01-09,37.33342361450195
2023-01-10,37.59614944458008
2023-01-11,37.750152587890625
2023-01-12,37.922279357910156
2023-01-13,38.175941467285156
2023-01-17,37.976627349853516
2023-01-18,37.750152587890625
2023-01-19,38.04910659790039
2023-01-20,38.493019104003906
2023-01-23,38.77385330200195
2023-01-24,38.810081481933594
2023-01-25,38.81915283203125
2023-01-26,39.118106842041016
2023-01-27,38.85538101196289
2023-01-30,38.15782165527344
2023-01-31,38.257476806640625
2023-02-01,38.64702606201172
2023-02-02,38.375247955322266
2023-02-03,37.76826858520508
2023-02-06,37.37871551513672
2023-02-07,37.45119857788086
2023-02-08,37.37871551513672
2023-02-09,37.52366256713867
2023-02-10,37.20658493041992
2023-02-13,37.54179000854492
2023-02-14,37.43307876586914
2023-02-15,37.25189208984375
2023-02-16,37.17941665649414
2023-02-17,36.880462646484375
2023-02-21,36.4727897644043
2023-02-22,36.31877899169922
2023-02-23,36.44561004638672
2023-02-24,35.74803924560547
2023-02-27,35.929229736328125
2023-02-28,35.7118034362793
2023-03-01,36.427494049072266
2023-03-02,36.59055709838867
2023-03-03,36.86233901977539
2023-03-06,36.735511779785156
2023-03-07,36.191951751708984
2023-03-08,36.3821907043457
2023-03-09,35.639339447021484
2023-03-10,35.44002914428711
2023-03-13,35.40378952026367
2023-03-14,35.42190933227539
2023-03-15,34.83306121826172
2023-03-16,35.27695846557617
2023-03-17,35.095767974853516
2023-03-20,35.15741729736328
2023-03-21,35.52912139892578
2023-03-22,35.63791275024414
2023-03-23,36.07307052612305
2023-03-24,36.000545501708984
2023-03-27,35.82829666137695
2023-03-28,36.25439453125
2023-03-29,36.38131332397461
2023-03-30,36.73488235473633
2023-03-31,36.626094818115234
2023-04-03,36.78020477294922
2023-04-04,36.81648254394531
2023-04-05,36.49009704589844
2023-04-06,36.70768737792969
2023-04-10,36.626094818115234
2023-04-11,36.898067474365234
2023-04-12,36.617027282714844
2023-04-13,37.061248779296875
2023-04-14,36.8618049621582
2023-04-17,37.061248779296875
2023-04-18,36.98872756958008
2023-04-19,36.60795593261719
2023-04-20,36.5626335144043
2023-04-21,36.2181282043457
2023-04-24,36.172794342041016
2023-04-25,35.556312561035156
2023-04-26,35.80109405517578
2023-04-27,36.263450622558594
2023-04-28,36.48104476928711
2023-05-01,36.363182067871094
2023-05-02,35.9824104309082
2023-05-03,35.973350524902344
2023-05-04,36.28158950805664
2023-05-05,36.671417236328125
2023-05-08,36.68048095703125
2023-05-09,36.45383834838867
2023-05-10,36.46290588378906
2023-05-11,36.31785583496094
2023-05-12,35.909889221191406
2023-05-15,36.535430908203125
2023-05-16,36.28158950805664
2023-05-17,36.40850830078125
2023-05-18,36.18186950683594
2023-05-19,36.16373062133789
2023-05-22,36.39944839477539
2023-05-23,35.85549545288086
2023-05-24,35.601646423339844
2023-05-25,35.538185119628906
2023-05-26,36.12746810913086
2023-05-30,35.656044006347656
2023-05-31,35.40220260620117
2023-06-01,36.009613037109375
2023-06-02,36.580753326416016
2023-06-05,36.54450225830078
2023-06-06,36.82554626464844
2023-06-07,36.74394989013672
2023-06-08,36.94340133666992
2023-06-09,37.04312515258789
2023-06-12,37.1337776184082
2023-06-13,37.4420166015625
2023-06-14,37.795589447021484
2023-06-15,38.15822982788086
2023-06-16,38.02223587036133
2023-06-20,37.3449821472168
2023-06-21,37.28117370605469
2023-06-22,37.11709213256836
2023-06-23,36.5975341796875
2023-06-26,36.716033935546875
2023-06-27,37.062408447265625
2023-06-28,36.91655731201172
2023-06-29,36.7616081237793
2023-06-30,37.08063507080078
2023-07-03,37.44524383544922
2023-07-05,37.26293182373047
2023-07-06,36.55195617675781
2023-07-07,36.98948669433594
2023-07-10,36.99860382080078
2023-07-11,37.326744079589844
2023-07-12,38.03772735595703
2023-07-13,38.457027435302734
2023-07-14,38.22004318237305
2023-07-17,38.26560974121094
2023-07-18,37.99215316772461
2023-07-19,37.937469482421875
2023-07-20,37.70047378540039
2023-07-21,37.6822395324707
2023-07-24,38.18357849121094
2023-07-25,38.47526168823242
2023-07-26,38.71226501464844
2023-07-27,38.283843994140625
2023-07-28,39.213592529296875
2023-07-31,39.25916290283203
2023-08-01,38.71226501464844
2023-08-02,37.8736572265625
2023-08-03,38.03772735595703
2023-08-04,38.083309173583984
2023-08-07,38.01950454711914
2023-08-08,37.62754821777344
2023-08-09,37.69135284423828
2023-08-10,37.764278411865234
2023-08-11,37.21736145019531
2023-08-14,37.04417419433594
2023-08-15,36.6522216796875
2023-08-16,36.40610885620117
2023-08-17,36.52460479736328
2023-08-18,36.29673385620117
2023-08-21,36.3787727355957
2023-08-22,36.314964294433594
2023-08-23,36.852760314941406
2023-08-24,36.69779968261719
2023-08-25,36.670448303222656
2023-08-28,37.035064697265625
2023-08-29,37.52728271484375
2023-08-30,37.39054870605469
2023-08-31,36.94390869140625
2023-09-01,37.3449821472168
2023-09-05,37.12621307373047
2023-09-06,36.953025817871094
2023-09-07,36.570186614990234
2023-09-08,36.64311218261719
2023-09-11,37.062408447265625
2023-09-12,36.962135314941406
2023-09-13,36.92567443847656
2023-09-14,37.14444351196289
2023-09-15,36.953025817871094
2023-09-18,36.89605712890625
2023-09-19,36.712257385253906
2023-09-20,36.601985931396484
2023-09-21,36.01384735107422
2023-09-22,36.43656921386719
2023-09-25,36.298728942871094
2023-09-26,35.87601089477539
2023-09-27,35.921958923339844
2023-09-28,35.9954719543457
2023-09-29,36.0322265625
2023-10-02,35.9035758972168
2023-10-03,35.44409942626953
2023-10-04,35.29707336425781
2023-10-05,35.44409942626953
2023-10-06,35.931148529052734
2023-10-09,35.710594177246094
2023-10-10,36.28035354614258
2023-10-11,36.3906135559082
2023-10-12,36.00465774536133
2023-10-13,35.866817474365234
2023-10-16,36.124122619628906
2023-10-17,35.96790313720703
2023-10-18,35.37976837158203
2023-10-19,35.25111770629883
2023-10-20,34.82840347290039
2023-10-23,34.7548828125
2023-10-24,35.18678665161133
2023-10-25,34.810020446777344
2023-10-26,34.681365966796875
2023-10-27,34.71812057495117
2023-10-30,35.03056335449219
2023-10-31,34.86515426635742
2023-11-01,35.113277435302734
2023-11-02,35.65545654296875
2023-11-03,36.30791473388672
2023-11-06,36.41819381713867
2023-11-07,36.42738342285156
2023-11-08,36.26197052001953
2023-11-09,35.94033432006836
2023-11-10,36.18844985961914
2023-11-13,36.25278091430664
2023-11-14,37.09821701049805
2023-11-15,37.355525970458984
2023-11-16,36.96956253051758
2023-11-17,37.11659622192383
2023-11-20,37.511749267578125
2023-11-21,37.29119873046875
2023-11-22,37.190120697021484
2023-11-24,37.30957794189453
2023-11-27,37.134971618652344
2023-11-28,37.438236236572266
2023-11-29,37.22686767578125
2023-11-30,37.33714294433594
2023-12-01,37.49337387084961
2023-12-04,37.162540435791016
2023-12-05,37.03388977050781
2023-12-06,36.98794174194336
2023-12-07,37.134971618652344
2023-12-08,36.9511833190918
2023-12-11,37.11659622192383
2023-12-12,37.11659622192383
2023-12-13,37.46579360961914
2023-12-14,37.962039947509766
2023-12-15,37.741485595703125
2023-12-18,37.7368049621582
2023-12-19,37.999637603759766
2023-12-20,37.20172119140625
2023-12-21,37.92454147338867
2023-12-22,37.79311752319336
2023-12-26,38.03718948364258
2023-12-27,38.243709564208984
2023-12-28,38.47838592529297
2023-12-29,38.58164596557617
2024-01-02,38.13105773925781
2024-01-03,38.018409729003906
2024-01-04,37.95269775390625
2024-01-05,38.009029388427734
2024-01-08,38.074729919433594
2024-01-09,37.6335334777832
2024-01-10,37.59598922729492
2024-01-11,37.75556945800781
2024-01-12,37.93391799926758
2024-01-16,37.14539337158203
2024-01-17,36.64787292480469
2024-01-18,36.86377716064453
2024-01-19,37.20172119140625
2024-01-22,36.91071701049805
2024-01-23,37.11723709106445
2024-01-24,37.59598922729492
2024-01-25,37.68986511230469
2024-01-26,37.69924545288086
2024-01-29,37.7086296081543
2024-01-30,37.3519172668457
2024-01-31,37.21110916137695
2024-02-01,37.46456527709961
2024-02-02,37.20172119140625
2024-02-05,37.295589447021484
2024-02-06,38.21554183959961
2024-02-07,38.187381744384766
2024-02-08,37.99025344848633
2024-02-09,38.140445709228516
2024-02-12,38.30941390991211
2024-02-13,37.60537338256836
2024-02-14,38.14982986450195
2024-02-15,38.384521484375
2024-02-16,38.57225799560547
2024-02-20,38.6473503112793
2024-02-21,38.684906005859375
2024-02-22,39.02284622192383
2024-02-23,39.03224182128906
2024-02-26,38.90081024169922
2024-02-27,39.02284622192383
2024-02-28,38.42206573486328
2024-02-29,38.50654602050781
2024-03-01,39.02284622192383
2024-03-04,38.86326599121094
2024-03-05,38.60042190551758
2024-03-06,39.07917404174805
2024-03-07,39.266910552978516
2024-03-08,39.20120620727539
2024-03-11,39.30446243286133
2024-03-12,39.64241409301758
2024-03-13,39.4171142578125
2024-03-14,39.20120620727539
2024-03-15,39.0875129699707
2024-03-18,39.17207336425781
2024-03-19,39.01234817504883
2024-03-20,39.322418212890625
2024-03-21,39.35060119628906
2024-03-22,39.09690856933594
2024-03-25,39.09690856933594
2024-03-26,39.01234817504883
2024-03-27,39.11570739746094
2024-03-28,39.24724197387695
2024-04-01,39.406978607177734
2024-04-02,39.53852462768555
2024-04-03,39.59490203857422
2024-04-04,39.45396041870117
2024-04-05,39.576107025146484
2024-04-08,39.820404052734375
2024-04-09,40.16804885864258
2024-04-10,39.7264404296875
2024-04-11,39.85798645019531
2024-04-12,39.0875129699707
2024-04-15,38.84321594238281
2024-04-16,38.3640251159668
2024-04-17,38.42979049682617
2024-04-18,38.53314971923828
2024-04-19,38.42039489746094
2024-04-22,38.7492561340332
2024-04-23,39.0687255859375
2024-04-24,39.19086456298828
2024-04-25,39.31302261352539
2024-04-26,39.76403045654297
2024-04-29,40.158660888671875
2024-04-30,39.623085021972656
2024-05-01,39.670066833496094
2024-05-02,40.63785934448242
2024-05-03,40.994903564453125
2024-05-06,40.919742584228516
2024-05-07,40.62845993041992
2024-05-08,40.59087371826172
2024-05-09,40.750614166259766
2024-05-10,40.83517837524414
2024-05-13,41.15464401245117
2024-05-14,41.36135482788086
2024-05-15,41.718406677246094
2024-05-16,41.87813186645508
2024-05-17,42.178810119628906
2024-05-20,42.0848503112793
2024-05-21,41.840553283691406
2024-05-22,41.718406677246094
2024-05-23,41.39894485473633
2024-05-24,41.53048324584961
2024-05-28,41.417728424072266
2024-05-29,40.900943756103516
2024-05-30,40.825782775878906
2024-05-31,40.47812271118164
2024-06-03,40.88215637207031
2024-06-04,40.243228912353516
2024-06-05,40.760013580322266
2024-06-06,40.94792938232422
2024-06-07,40.60967254638672
2024-06-10,40.825782775878906
2024-06-11,40.7318229675293
2024-06-12,41.0512809753418
2024-06-13,41.00430679321289
2024-06-14,41.1170539855957
2024-06-17,41.342567443847656
2024-06-18,41.67142105102539
2024-06-20,41.596248626708984
2024-06-21,41.45477294921875
2024-06-24,41.42647171020508
2024-06-25,41.30385971069336
2024-06-26,41.190670013427734
2024-06-27,41.17180633544922
2024-06-28,41.27555465698242
2024-07-01,41.3698844909668
2024-07-02,41.52079772949219
2024-07-03,42.13389205932617
2024-07-05,42.12446212768555
2024-07-08,42.12446212768555
2024-07-09,42.303680419921875
2024-07-10,42.473453521728516
2024-07-11,42.803585052490234
2024-07-12,43.00165939331055
2024-07-15,42.558349609375
2024-07-16,42.83187484741211
2024-07-17,42.209354400634766
2024-07-18,41.841487884521484
2024-07-19,41.4359016418457
2024-07-22,41.75659942626953
2024-07-23,41.322723388671875
2024-07-24,40.88883972167969
2024-07-25,40.78507995605469
2024-07-26,41.237831115722656
2024-07-29,41.09634780883789
2024-07-30,40.98316192626953
2024-07-31,41.77547073364258
2024-08-01,41.0869140625
2024-08-02,40.643592834472656
2024-08-05,39.52116012573242
2024-08-06,39.79469299316406
2024-08-07,40.10595703125
2024-08-08,40.973724365234375
2024-08-09,41.077484130859375
2024-08-12,41.25669479370117
2024-08-13,41.567955017089844
2024-08-14,41.30385971069336
2024-08-15,41.75659942626953
2024-08-16,42.190486907958984
2024-08-19,42.62437438964844
2024-08-20,42.209354400634766
2024-08-21,42.40742492675781
2024-08-22,41.90752029418945
2024-08-23,42.51118469238281
2024-08-26,42.237648010253906
2024-08-27,42.28481674194336
2024-08-28,42.01127624511719
2024-08-29,42.067867279052734
2024-08-30,42.181053161621094
2024-09-03,41.5396614074707
2024-09-04,41.52079772949219
2024-09-05,41.63398742675781
2024-09-06,41.03031921386719
2024-09-09,41.313289642333984
2024-09-10,41.218963623046875
2024-09-11,41.473636627197266
2024-09-12,41.74717330932617
2024-09-13,41.93581771850586
2024-09-16,42.09617233276367
2024-09-17,42.143333435058594
2024-09-18,41.99241256713867
2024-09-19,42.869606018066406
2024-09-20,42.84501647949219
2024-09-23,43.195037841796875
2024-09-24,44.69920349121094
2024-09-25,44.245121002197266
2024-09-26,45.6546745300293
2024-09-27,45.64521789550781
2024-09-30,45.266807556152344
2024-10-01,45.60737228393555
2024-10-02,46.55339813232422
2024-10-03,45.85334396362305
2024-10-04,46.411495208740234
2024-10-07,46.818275451660156
2024-10-08,45.446556091308594
2024-10-09,45.13436508178711
2024-10-10,45.228973388671875
2024-10-11,45.55061340332031
2024-10-14,45.333030700683594
2024-10-15,44.42485427856445
2024-10-16,44.84110641479492
2024-10-17,44.69920349121094
2024-10-18,45.24789810180664
2024-10-21,44.926246643066406
2024-10-22,44.869483947753906
2024-10-23,44.58567810058594
2024-10-24,44.53837966918945
2024-10-25,44.500545501708984
2024-10-28,44.64244079589844
2024-10-29,44.4721565246582
2024-10-30,44.150516510009766
2024-10-31,44.055912017822266
2024-11-01,44.065372467041016
2024-11-04,44.207271575927734
2024-11-05,44.850563049316406
2024-11-06,44.42485427856445
2024-11-07,45.389793395996094
2024-11-08,44.264034271240234
2024-11-11,44.00861740112305
2024-11-12,43.261260986328125
2024-11-13,43.034217834472656
2024-11-14,42.76933288574219
2024-11-15,42.68418884277344
2024-11-18,43.043678283691406
2024-11-19,43.10989761352539
2024-11-20,43.10043716430664
2024-11-21,42.94908142089844
2024-11-22,42.958534240722656
2024-11-25,42.97745895385742
2024-11-26,42.75041198730469
2024-11-27,42.911231994628906
2024-11-29,43.10989761352539
2024-12-02,43.32748031616211
2024-12-03,43.507225036621094
2024-12-04,43.57344436645508
2024-12-05,43.85724639892578
2024-12-06,43.87617111206055
2024-12-09,44.945159912109375
2024-12-10,44.1126708984375
2024-12-11,44.188350677490234
2024-12-12,43.923465728759766
2024-12-13,43.9423942565918
2024-12-16,43.7153434753418
2024-12-17,43.61128234863281
2024-12-18,42.59904861450195
2024-12-19,42.7787971496582
2024-12-20,43.01713562011719
2024-12-23,43.20121383666992
2024-12-24,43.375606536865234
2024-12-26,43.26902770996094
2024-12-27,43.11402130126953
2024-12-30,42.73616409301758
2024-12-31,42.66834259033203
2025-01-02,42.55208206176758
2025-01-03,42.765228271484375
2025-01-06,42.75553512573242
2025-01-07,42.48426055908203
2025-01-08,42.212982177734375
2025-01-10,41.476654052734375
2025-01-13,41.176307678222656
2025-01-14,41.67041778564453
2025-01-15,42.106407165527344
2025-01-16,42.0870246887207
2025-01-17,42.43581771850586
2025-01-21,42.833045959472656
2025-01-22,42.79429626464844
2025-01-23,42.9589958190918
2025-01-24,43.1915283203125
2025-01-27,42.49394989013672
2025-01-28,42.73616409301758
2025-01-29,42.765228271484375
2025-01-30,43.424049377441406
2025-01-31,43.01713562011719
2025-02-03,42.765228271484375
2025-02-04,43.45311737060547
2025-02-05,43.25934600830078
2025-02-06,43.462806701660156
2025-02-07,43.482181549072266
2025-02-10,43.91816711425781
2025-02-11,43.73408508300781
2025-02-12,43.94723129272461
2025-02-13,44.17975997924805
2025-02-14,44.45103454589844
2025-02-18,44.664180755615234
2025-02-19,44.53823471069336
2025-02-20,45.012969970703125
2025-02-21,44.95484161376953
2025-02-24,44.26695251464844
2025-02-25,44.24757766723633
2025-02-26,44.673866271972656
2025-02-27,43.88909912109375
2025-02-28,43.33685302734375
2025-03-03,42.92024612426758
2025-03-04,43.28841018676758
2025-03-05,44.57698059082031
2025-03-06,44.34446334838867
2025-03-07,44.528541564941406
2025-03-10,43.53062057495117
2025-03-11,43.84065628051758
2025-03-12,43.995670318603516
2025-03-13,43.86003494262695
2025-03-14,44.644805908203125
2025-03-17,45.25518035888672
2025-03-18,45.13892364501953
2025-03-19,45.20673751831055
2025-03-20,44.79982376098633
2025-03-21,44.5932502746582
2025-03-24,44.72902297973633
2025-03-25,44.6805305480957
2025-03-26,44.408973693847656
2025-03-27,44.699928283691406
2025-03-28,43.94345474243164
2025-03-31,43.89495849609375
2025-04-01,44.040435791015625
2025-04-02,44.07923126220703
2025-04-03,43.283966064453125
2025-04-04,40.8593635559082
2025-04-07,39.21063232421875
2025-04-08,38.686920166015625
2025-04-09,41.2085075378418
2025-04-10,40.67509078979492
2025-04-11,41.800106048583984
2025-04-14,42.188045501708984
2025-04-15,42.1977424621582
2025-04-16,41.664329528808594
2025-04-17,41.994075775146484
2025-04-21,42.04256820678711
2025-04-22,42.702056884765625
2025-04-23,43.11908721923828
2025-04-24,43.662200927734375
2025-04-25,43.5167236328125
2025-04-28,43.63310623168945
2025-04-29,43.78828430175781
2025-04-30,43.885257720947266
2025-05-01,43.86586380004883
2025-05-02,45.03936767578125
2025-05-05,45.39821243286133
2025-05-06,45.17515182495117
2025-05-07,44.61264419555664
2025-05-08,44.535057067871094
2025-05-09,44.855106353759766
2025-05-12,45.863739013671875
2025-05-13,45.941322326660156
2025-05-14,46.31956100463867
2025-05-15,46.24197006225586
2025-05-16,46.290462493896484
2025-05-19,46.484432220458984
2025-05-20,46.387454986572266
2025-05-21,46.27106857299805
2025-05-22,46.164390563964844
2025-05-23,46.35835647583008
2025-05-27,46.1934814453125
2025-05-28,45.912227630615234
2025-05-29,46.11589813232422
2025-05-30,45.58248519897461
2025-06-02,45.90253448486328
2025-06-03,46.009212493896484
2025-06-04,46.46503448486328
2025-06-05,46.581417083740234
2025-06-06,46.78508758544922
2025-06-09,47.12453079223633
2025-06-10,47.47367477416992
2025-06-11,47.628849029541016
2025-06-12,47.638545989990234
2025-06-13,46.92086410522461
2025-06-16,47.35729217529297
2025-06-17,46.82387924194336
2025-06-18,46.69779968261719
2025-06-20,46.25914001464844
2025-06-23,46.638465881347656
2025-06-24,47.650020599365234
2025-06-25,47.76674270629883
2025-06-26,48.087711334228516
2025-06-27,48.03907775878906
2025-06-30,48.1071662902832
2025-07-01,48.301692962646484
2025-07-02,48.4378662109375
2025-07-03,48.651851654052734
2025-07-07,48.07798767089844
2025-07-08,48.262786865234375
2025-07-09,48.2530632019043
2025-07-10,48.301692962646484
2025-07-11,48.23361587524414
2025-07-14,48.291969299316406
2025-07-15,48.64212417602539
2025-07-16,48.86583709716797
2025-07-17,49.16735076904297
2025-07-18,49.1089973449707
2025-07-21,49.361881256103516
2025-07-22,49.37160873413086
2025-07-23,49.82875442504883
2025-07-24,49.585594177246094
2025-07-25,49.449424743652344
2025-07-28,49.06036376953125
2025-07-29,49.08953857421875
2025-07-30,48.690757751464844
2025-07-31,48.4378662109375
2025-08-01,48.18498229980469
2025-08-04,48.63240051269531
2025-08-05,48.788021087646484
2025-08-06,49.00200271606445
2025-08-07,49.361881256103516
2025-08-08,49.30352020263672
2025-08-11,49.24516296386719
2025-08-12,49.809303283691406
2025-08-13,50.37343978881836
2025-08-14,49.809303283691406
2025-08-15,49.955196380615234
2025-08-18,50.33453369140625
2025-08-19,49.97465133666992
2025-08-20,49.955196380615234
2025-08-21,49.86766052246094
2025-08-22,50.7430419921875
2025-08-25,50.5290641784668
2025-08-26,50.42206954956055
2025-08-27,50.081642150878906
2025-08-28,50.266448974609375
2025-08-29,50.12054443359375
2025-09-02,50.052459716796875
2025-09-03,50.188629150390625
2025-09-04,49.97465133666992
2025-09-05,50.548519134521484
2025-09-08,51.04456329345703
2025-09-09,51.23909378051758
2025-09-10,51.47252655029297
2025-09-11,52.114479064941406
2025-09-12,52.017215728759766
2025-09-15,52.367366790771484
2025-09-16,52.698062896728516
2025-09-17,53.028770446777344
2025-09-18,52.785606384277344
2025-09-19,52.7171630859375
2025-09-22,52.86381912231445
2025-09-23,52.854042053222656
2025-09-24,52.75626754760742
2025-09-25,52.453189849853516
2025-09-26,52.35541915893555
2025-09-29,52.73671340942383
2025-09-30,52.97136306762695
2025-10-01,53.30378341674805
2025-10-02,53.45043182373047
2025-10-03,53.5677604675293
2025-10-06,53.753517150878906
2025-10-07,53.460208892822266
2025-10-08,53.76329803466797
2025-10-09,53.294002532958984
2025-10-10,51.367950439453125
2025-10-13,52.795379638671875
2025-10-14,52.326087951660156
2025-10-15,53.11802291870117
2025-10-16,53.294002532958984
2025-10-17,53.16690444946289
2025-10-20,53.802398681640625
2025-10-21,53.32333755493164
2025-10-22,53.294002532958984
2025-10-23,53.694854736328125
2025-10-24,53.949058532714844
2025-10-27,54.39879608154297
2025-10-28,54.36946487426758
2025-10-29,54.52589416503906
2025-10-30,53.95883560180664
2025-10-31,53.743743896484375
2025-11-03,53.86106491088867
2025-11-04,53.10824203491211
2025-11-05,53.57753372192383
2025-11-06,53.372215270996094
2025-11-07,53.32333755493164
2025-11-10,54.03704833984375
2025-11-11,54.0957145690918
2025-11-12,54.085933685302734
2025-11-13,53.60686492919922
2025-11-14,53.62641525268555
2025-11-17,53.010475158691406
2025-11-18,52.83448791503906
2025-11-19,52.7171630859375
2025-11-20,52.0914421081543
2025-11-21,51.88612365722656
2025-11-24,52.41408157348633
2025-11-25,52.64872360229492
2025-11-26,52.90292739868164
2025-11-28,53.088687896728516
2025-12-01,53.0398063659668
2025-12-02,52.922481536865234
2025-12-03,52.854042053222656
2025-12-04,52.97136306762695
2025-12-05,53.186458587646484
2025-12-08,52.99092102050781
2025-12-09,52.90292739868164
2025-12-10,53.342891693115234
2025-12-11,53.225563049316406
2025-12-12,52.73671340942383
2025-12-15,52.580284118652344
2025-12-16,52.286983489990234
2025-12-17,51.944786071777344
2025-12-18,52.38475036621094
2025-12-19,52.94601058959961
2025-12-22,53.28496551513672
2025-12-23,53.5341911315918
2025-12-24,53.514251708984375
2025-12-26,53.85320281982422
2025-12-29,53.4444694519043
2025-12-30,53.64385223388672
2025-12-31,53.59400177001953
2026-01-02,54.76039123535156
2026-01-05,55.11928176879883
2026-01-06,55.41835403442383
2026-01-07,55.07940673828125
2026-01-08,55.13922119140625
2026-01-09,55.25885009765625
2026-01-12,56.11619567871094
2026-01-13,55.78721237182617
2026-01-14,55.90684509277344
2026-01-15,56.166038513183594
2026-01-16,55.827091217041016
2026-01-20,55.36851119995117
2026-01-21,55.93674850463867
2026-01-22,56.375389099121094
2026-01-23,56.5947151184082
2026-01-26,56.75421905517578
2026-01-27,57.4620246887207
2026-01-28,57.68134689331055
2026-01-29,57.4620246887207
2026-01-30,56.29563903808594
2026-02-02,56.604679107666016
2026-02-03,56.57477569580078
2026-02-04,56.23582077026367
2026-02-05,55.866966247558594
2026-02-06,57.083194732666016
2026-02-09,57.571685791015625
2026-02-10,57.83087921142578
2026-02-11,58.32933807373047
2026-02-12,57.5816535949707
2026-02-13,57.571685791015625
2026-02-17,57.61156463623047
2026-02-18,57.77106857299805
2026-02-19,57.41217803955078
2026-02-20,58.34927749633789
2026-02-23,57.88072967529297
2026-02-24,58.49881362915039
2026-02-25,58.82779312133789
2026-02-26,58.09008026123047
2026-02-27,57.92060089111328
2026-03-02,57.063262939453125
2026-03-03,55.05946731567383
2026-03-04,55.40838623046875
2026-03-05,54.68063735961914
2026-03-06,54.301815032958984
2026-03-09,54.95977783203125
2026-03-10,55.338600158691406
2026-03-11,55.38844680786133
2026-03-12,54.142311096191406
2026-03-13,53.85320281982422
2026-03-16,54.85011291503906
2026-03-17,55.08937454223633
2026-03-18,54.04261779785156
2026-03-19,53.843231201171875
2026-03-20,52.39771270751953
2026-03-23,53.633880615234375
2026-03-24,53.14539337158203
2026-03-25,54.17221450805664
2026-03-26,52.68681335449219
2026-03-27,52.32793045043945
2026-03-30,52.258140563964844
2026-03-31,53.88310623168945
2026-04-01,54.04261779785156
2026-04-02,53.6538200378418
2026-04-06,53.843231201171875
2026-04-07,53.9229850769043
2026-04-08,56.32554244995117
2026-04-09,56.26572799682617
2026-04-10,56.57477569580078
2026-04-13,57.00344467163086
2026-04-14,57.80097579956055
2026-04-15,57.91063690185547
2026-04-16,58.0302619934082
2026-04-17,58.99726867675781
2026-04-20,58.72810363769531
2026-04-21,58.020294189453125
2026-04-22,58.57856369018555
2026-04-23,57.74115753173828
2026-04-24,58.837764739990234
2026-04-27,58.54866027832031
2026-04-28,58.139923095703125
2026-04-29,57.90066909790039
2026-04-30,58.748043060302734
2026-05-01,58.807857513427734
2026-05-04,58.54866027832031
2026-05-05,59.17671585083008
2026-05-06,60.56241989135742
2026-05-07,60.02408981323242
2026-05-08,60.35307312011719
2026-05-11,60.20353317260742
2026-05-12,59.20662307739258
2026-05-13,59.754920959472656
2026-05-14,59.77486038208008
2026-05-15,58.259552001953125
2026-05-18,58.29943084716797
2026-05-19,57.691314697265625
2026-05-20,58.48884201049805
2026-05-21,58.51875305175781
2026-05-22,58.79788589477539
2026-05-26,60.044029235839844
2026-05-27,60.103843688964844
2026-05-28,59.71504592895508
2026-05-29,59.69511032104492
2026-06-01,60.23344039916992
2026-06-02,61.00106430053711
2026-06-03,60.14372253417969
2026-06-04,60.123783111572266
2026-06-05,57.8508186340332
2026-06-08,58.14989471435547
2026-06-09,58.26952362060547
2026-06-10,57.541778564453125
2026-06-11,58.91751480102539
2026-06-12,59.366127014160156
2026-06-15,60.65214157104492
2026-06-16,59.974246978759766
2026-06-17,59.62532424926758
2026-06-18,60.654361724853516
2026-06-22,61.123470306396484
2026-06-23,59.247047424316406
2026-06-24,58.8577880859375
2026-06-25,58.6881103515625
2026-06-26,58.46853256225586
2026-06-29,59.067386627197266
2026-06-30,59.576416015625
2026-07-01,59.1073112487793
2026-07-02,58.92765426635742
2026-07-06,59.955692291259766
2026-07-07,58.76795959472656
2026-07-08,59.057403564453125
2026-07-09,59.376800537109375
2026-07-10,59.77603530883789
2026-07-13,58.678131103515625
2026-07-14,58.96757888793945
2026-07-15,59.366817474365234
2026-07-16,58.72803497314453
2026-07-17,57.72993850708008
2026-07-20,57.819766998291016
2026-07-21,58.74799728393555
2026-07-22,58.69809341430664
2026-07-23,57.98944091796875
2026-07-24,57.69001388549805
2026-07-27,58.11919403076172
2026-07-28,57.630130767822266
2026-07-29,56.81168746948242
2026-07-30,58.07926940917969
2026-07-31,58.638206481933594
2026-08-03,58.94761657714844
2026-08-04,59.93572998046875
2026-08-05,59.89580535888672
2026-08-06,59.84590148925781
2026-08-07,60.35493469238281
2026-08-10,60.21520233154297
2026-08-11,60.00559616088867
2026-08-12,60.295047760009766
2026-08-13,60.225181579589844
2026-08-14,59.9956169128418
2026-08-17,60.27508544921875
2026-08-18,59.526512145996094
2026-08-19,59.925750732421875
2026-08-20,59.90578842163086
2026-08-21,60.3349723815918
2026-08-24,59.85588455200195
2026-08-25,60.52460861206055
2026-08-26,60.54457092285156
2026-08-27,60.89390182495117
2026-08-28,60.67432403564453
2026-08-31,60.40483856201172
2026-09-01,60.56453323364258
2026-09-02,60.654361724853516
2026-09-03,60.87394332885742
2026-09-04,61.32308578491211
2026-09-08,61.113487243652344
2026-09-09,60.75416946411133
2026-09-10,59.8259391784668
2026-09-11,60.23516082763672
2026-09-14,59.4965705871582
2026-09-15,59.1073112487793
2026-09-16,59.067386627197266
2026-09-17,59.795997619628906
2026-09-18,60.0099983215332
2026-09-21,61.13999938964844
2026-09-22,61.099998474121094
2026-09-23,60.119998931884766
2026-09-24,59.869998931884766
2026-09-25,60.15999984741211
2026-09-28,59.689998626708984
2026-09-29,59.619998931884766
