date,close
2006-01-03,21.34583854675293
2006-01-04,21.39982795715332
2006-01-05,21.366079330444336
2006-01-06,21.447063446044922
2006-01-09,21.622535705566406
2006-01-10,21.56180191040039
2006-01-11,21.575281143188477
2006-01-12,21.413328170776367
2006-01-13,21.339094161987305
2006-01-17,21.23110580444336
2006-01-18,21.258102416992188
2006-01-19,21.359331130981445
2006-01-20,20.8936767578125
2006-01-23,20.907182693481445
2006-01-24,21.062400817871094
2006-01-25,21.055648803710938
2006-01-26,21.291847229003906
2006-01-27,21.339094161987305
2006-01-30,21.386329650878906
2006-01-31,21.264854431152344
2006-02-01,21.447063446044922
2006-02-02,21.264854431152344
2006-02-03,21.217607498168945
2006-02-06,21.291847229003906
2006-02-07,21.136638641357422
2006-02-08,21.237863540649414
2006-02-09,21.359331130981445
2006-02-10,21.501056671142578
2006-02-13,21.528047561645508
2006-02-14,21.784500122070312
2006-02-15,21.84523582458496
2006-02-16,21.905969619750977
2006-02-17,21.9599609375
2006-02-21,21.87222671508789
2006-02-22,22.101682662963867
2006-02-23,22.02745246887207
2006-02-24,22.040935516357422
2006-02-27,22.182668685913086
2006-02-28,21.926212310791016
2006-03-01,22.101682662963867
2006-03-02,22.040935516357422
2006-03-03,22.094926834106445
2006-03-06,21.980209350585938
2006-03-07,21.993701934814453
2006-03-08,21.966712951660156
2006-03-09,21.939716339111328
2006-03-10,22.169164657592773
2006-03-13,22.155677795410156
2006-03-14,22.364885330200195
2006-03-15,22.702301025390625
2006-03-16,22.715808868408203
2006-03-17,22.889209747314453
2006-03-20,22.848573684692383
2006-03-21,22.76051139831543
2006-03-22,22.929847717285156
2006-03-23,22.83502769470215
2006-03-24,22.81470489501953
2006-03-27,22.83502769470215
2006-03-28,22.67245101928711
2006-03-29,22.902755737304688
2006-03-30,22.902755737304688
2006-03-31,22.89598846435547
2006-04-03,22.977275848388672
2006-04-04,23.133073806762695
2006-04-05,23.14662742614746
2006-04-06,23.112754821777344
2006-04-07,22.997602462768555
2006-04-10,22.91632843017578
2006-04-11,22.87566375732422
2006-04-12,23.03147315979004
2006-04-13,22.93663787841797
2006-04-17,22.82147216796875
2006-04-18,23.37017250061035
2006-04-19,23.519193649291992
2006-04-20,23.607254028320312
2006-04-21,23.634355545043945
2006-04-24,23.71564292907715
2006-04-25,23.43790626525879
2006-04-26,23.566614151000977
2006-04-27,23.43790626525879
2006-04-28,23.390485763549805
2006-05-01,23.45145606994629
2006-05-02,23.64112663269043
2006-05-03,23.64789390563965
2006-05-04,23.932405471801758
2006-05-05,24.16950225830078
2006-05-08,24.149173736572266
2006-05-09,24.149173736572266
2006-05-10,24.162717819213867
2006-05-11,24.040786743164062
2006-05-12,23.661449432373047
2006-05-15,23.668224334716797
2006-05-16,23.661449432373047
2006-05-17,23.17371940612793
2006-05-18,22.984058380126953
2006-05-19,23.05857276916504
2006-05-22,23.011146545410156
2006-05-23,22.902755737304688
2006-05-24,22.8418025970459
2006-05-25,22.997602462768555
2006-05-26,23.126304626464844
2006-05-30,22.828250885009766
2006-05-31,22.99081802368164
2006-06-01,23.227920532226562
2006-06-02,23.261783599853516
2006-06-05,22.76051139831543
2006-06-06,22.67245101928711
2006-06-07,22.421810150146484
2006-06-08,22.43536376953125
2006-06-09,22.245685577392578
2006-06-12,21.967960357666016
2006-06-13,21.900224685668945
2006-06-14,22.089881896972656
2006-06-15,22.591167449951172
2006-06-16,22.5877685546875
2006-06-19,22.411195755004883
2006-06-20,22.384029388427734
2006-06-21,22.64889144897461
2006-06-22,22.5130615234375
2006-06-23,22.574190139770508
2006-06-26,22.635313034057617
2006-06-27,22.42477035522461
2006-06-28,22.49268913269043
2006-06-29,22.968080520629883
2006-06-30,22.961286544799805
2006-07-03,23.04278564453125
2006-07-05,22.873003005981445
2006-07-06,22.934123992919922
2006-07-07,22.594558715820312
2006-07-10,22.655677795410156
2006-07-11,22.716800689697266
2006-07-12,22.485891342163086
2006-07-13,22.044462203979492
2006-07-14,21.732074737548828
2006-07-17,21.65735626220703
2006-07-18,21.75923728942871
2006-07-19,22.200658798217773
2006-07-20,21.74565315246582
2006-07-21,21.5283260345459
2006-07-24,21.88147735595703
2006-07-25,21.82035255432129
2006-07-26,21.541912078857422
2006-07-27,21.50116729736328
2006-07-28,21.74565315246582
2006-07-31,21.65735626220703
2006-08-01,21.52153968811035
2006-08-02,21.65735626220703
2006-08-03,21.833938598632812
2006-08-04,21.772811889648438
2006-08-07,21.68452262878418
2006-08-08,21.494365692138672
2006-08-09,21.161598205566406
2006-08-10,21.33138084411621
2006-08-11,21.209144592285156
2006-08-14,21.24988555908203
2006-08-15,21.636993408203125
2006-08-16,22.119173049926758
2006-08-17,22.14632797241211
2006-08-18,22.092004776000977
2006-08-21,21.89505386352539
2006-08-22,21.962968826293945
2006-08-23,21.79998207092285
2006-08-24,21.68452262878418
2006-08-25,21.69131851196289
2006-08-28,21.779613494873047
2006-08-29,21.833938598632812
2006-08-30,21.854312896728516
2006-08-31,21.901857376098633
2006-09-01,22.05804443359375
2006-09-05,22.1055908203125
2006-09-06,21.87468719482422
2006-09-07,21.82035255432129
2006-09-08,21.861099243164062
2006-09-11,21.88147735595703
2006-09-12,22.085214614868164
2006-09-13,22.3093318939209
2006-09-14,22.207462310791016
2006-09-15,22.322023391723633
2006-09-18,22.376598358154297
2006-09-19,22.287931442260742
2006-09-20,22.41069221496582
2006-09-21,22.19927978515625
2006-09-22,22.090158462524414
2006-09-25,22.356138229370117
2006-09-26,22.635751724243164
2006-09-27,22.6903133392334
2006-09-28,22.8471736907959
2006-09-29,22.738059997558594
2006-10-02,22.80626106262207
2006-10-03,22.949485778808594
2006-10-04,23.29047393798828
2006-10-05,23.40642738342285
2006-10-06,23.358684539794922
2006-10-09,23.385963439941406
2006-10-10,23.42006492614746
2006-10-11,23.426877975463867
2006-10-12,23.624658584594727
2006-10-13,23.570098876953125
2006-10-16,23.726966857910156
2006-10-17,23.597383499145508
2006-10-18,23.536006927490234
2006-10-19,23.481456756591797
2006-10-20,23.37913703918457
2006-10-23,23.501901626586914
2006-10-24,23.51553726196289
2006-10-25,23.536006927490234
2006-10-26,23.52918243408203
2006-10-27,23.358684539794922
2006-10-30,23.433704376220703
2006-10-31,23.37913703918457
2006-11-01,23.263200759887695
2006-11-02,23.18136978149414
2006-11-03,23.13361930847168
2006-11-06,23.33822250366211
2006-11-07,23.60419464111328
2006-11-08,23.638294219970703
2006-11-09,23.49507713317871
2006-11-10,23.52918243408203
2006-11-13,23.71332550048828
2006-11-14,23.788341522216797
2006-11-15,24.020227432250977
2006-11-16,24.129348754882812
2006-11-17,24.142988204956055
2006-11-20,24.06114387512207
2006-11-21,24.142988204956055
2006-11-22,24.238466262817383
2006-11-24,24.190723419189453
2006-11-27,23.801990509033203
2006-11-28,23.77470588684082
2006-11-29,23.965662002563477
2006-11-30,23.952030181884766
2006-12-01,23.815628051757812
2006-12-04,24.122522354125977
2006-12-05,24.17708396911621
2006-12-06,24.09524154663086
2006-12-07,24.0543270111084
2006-12-08,24.081600189208984
2006-12-11,23.972488403320312
2006-12-12,24.01340675354004
2006-12-13,23.93157196044922
2006-12-14,24.06796646118164
2006-12-15,24.200658798217773
2006-12-18,24.228160858154297
2006-12-19,24.23502540588379
2006-12-20,24.2694034576416
2006-12-21,24.22127914428711
2006-12-22,24.070030212402344
2006-12-26,24.186904907226562
2006-12-27,24.310665130615234
2006-12-28,24.228160858154297
2006-12-29,24.070030212402344
2007-01-03,24.22127914428711
2007-01-04,24.1181640625
2007-01-05,24.035654067993164
2007-01-08,24.125030517578125
2007-01-09,24.11127471923828
2007-01-10,24.193788528442383
2007-01-11,24.393159866333008
2007-01-12,24.4619197845459
2007-01-16,24.592540740966797
2007-01-17,24.613162994384766
2007-01-18,24.50315284729004
2007-01-19,24.489423751831055
2007-01-22,24.22127914428711
2007-01-23,24.50315284729004
2007-01-24,24.43441390991211
2007-01-25,24.303789138793945
2007-01-26,24.2075252532959
2007-01-29,24.262535095214844
2007-01-30,24.248794555664062
2007-01-31,24.571918487548828
2007-02-01,24.78505516052246
2007-02-02,24.88131332397461
2007-02-05,24.929428100585938
2007-02-06,24.93630599975586
2007-02-07,24.915679931640625
2007-02-08,24.743789672851562
2007-02-09,24.647544860839844
2007-02-12,24.688793182373047
2007-02-13,24.888181686401367
2007-02-14,25.2525634765625
2007-02-15,25.30756187438965
2007-02-16,25.204425811767578
2007-02-20,25.245685577392578
2007-02-21,25.314443588256836
2007-02-22,25.23193359375
2007-02-23,25.163183212280273
2007-02-26,25.018802642822266
2007-02-27,24.2694034576416
2007-02-28,24.29690933227539
2007-03-01,24.255659103393555
2007-03-02,23.953153610229492
2007-03-05,23.891267776489258
2007-03-06,24.166284561157227
2007-03-07,24.070030212402344
2007-03-08,24.248794555664062
2007-03-09,24.37253189086914
2007-03-12,24.489423751831055
2007-03-13,24.076904296875
2007-03-14,24.173154830932617
2007-03-15,24.200658798217773
2007-03-16,24.287477493286133
2007-03-19,24.4597225189209
2007-03-20,24.521730422973633
2007-03-21,24.85935401916504
2007-03-22,24.90757942199707
2007-03-23,25.05226707458496
2007-03-26,24.84557342529297
2007-03-27,24.728439331054688
2007-03-28,24.52861976623535
2007-03-29,24.521730422973633
2007-03-30,24.494182586669922
2007-04-02,24.5355167388916
2007-04-03,24.70777130126953
2007-04-04,24.61130142211914
2007-04-05,24.687103271484375
2007-04-09,24.65953826904297
2007-04-10,24.652658462524414
2007-04-11,24.55618667602539
2007-04-12,24.852458953857422
2007-04-13,24.84557342529297
2007-04-16,25.04537582397461
2007-04-17,25.04537582397461
2007-04-18,25.114273071289062
2007-04-19,25.196962356567383
2007-04-20,25.369205474853516
2007-04-23,25.465681076049805
2007-04-24,25.3898868560791
2007-04-25,25.65171241760254
2007-04-26,25.637929916381836
2007-04-27,25.93419647216797
2007-04-30,25.631044387817383
2007-05-01,25.789508819580078
2007-05-02,25.95487403869629
2007-05-03,26.140893936157227
2007-05-04,26.16846466064453
2007-05-07,26.237363815307617
2007-05-08,26.223573684692383
2007-05-09,26.2924861907959
2007-05-10,26.11334991455078
2007-05-11,26.313148498535156
2007-05-14,26.196016311645508
2007-05-15,26.264921188354492
2007-05-16,26.395828247070312
2007-05-17,26.444074630737305
2007-05-18,26.3544921875
2007-05-21,26.50609016418457
2007-05-22,26.450950622558594
2007-05-23,26.581867218017578
2007-05-24,26.368276596069336
2007-05-25,26.5267391204834
2007-05-29,26.698999404907227
2007-05-30,26.816133499145508
2007-05-31,26.960826873779297
2007-06-01,27.06416893005371
2007-06-04,27.07106590270996
2007-06-05,26.988372802734375
2007-06-06,26.698999404907227
2007-06-07,26.264921188354492
2007-06-08,26.630102157592773
2007-06-11,26.66455078125
2007-06-12,26.32005500793457
2007-06-13,26.94703483581543
2007-06-14,27.0848331451416
2007-06-15,27.230594635009766
2007-06-18,27.216773986816406
2007-06-19,27.2996768951416
2007-06-20,27.147695541381836
2007-06-21,27.202960968017578
2007-06-22,27.044086456298828
2007-06-25,26.97500228881836
2007-06-26,26.74703598022461
2007-06-27,27.00954818725586
2007-06-28,26.871389389038086
2007-06-29,26.96809959411621
2007-07-02,27.16150665283203
2007-07-03,27.354923248291016
2007-07-05,27.327312469482422
2007-07-06,27.493087768554688
2007-07-09,27.700315475463867
2007-07-10,27.237510681152344
2007-07-11,27.527637481689453
2007-07-12,27.935195922851562
2007-07-13,28.12861442565918
2007-07-16,28.308218002319336
2007-07-17,28.474016189575195
2007-07-18,28.41182518005371
2007-07-19,28.66741371154785
2007-07-20,28.252954483032227
2007-07-23,28.43946075439453
2007-07-24,28.045717239379883
2007-07-25,28.114791870117188
2007-07-26,27.527637481689453
2007-07-27,27.016448974609375
2007-07-30,27.596712112426758
2007-07-31,27.223691940307617
2007-08-01,27.42401123046875
2007-08-02,27.61053466796875
2007-08-03,27.044086456298828
2007-08-06,27.45164680480957
2007-08-07,27.45164680480957
2007-08-08,27.66577911376953
2007-08-09,26.926652908325195
2007-08-10,26.61579704284668
2007-08-13,26.97500228881836
2007-08-14,26.284225463867188
2007-08-15,25.973379135131836
2007-08-16,25.987192153930664
2007-08-17,26.24968910217285
2007-08-20,26.629606246948242
2007-08-21,26.525991439819336
2007-08-22,27.002635955810547
2007-08-23,26.857568740844727
2007-08-24,27.078622817993164
2007-08-27,27.016448974609375
2007-08-28,26.36711311340332
2007-08-29,26.988813400268555
2007-08-30,26.823034286499023
2007-08-31,27.230594635009766
2007-09-04,27.354923248291016
2007-09-05,27.078622817993164
2007-09-06,27.2996768951416
2007-09-07,26.740150451660156
2007-09-10,26.760866165161133
2007-09-11,27.002635955810547
2007-09-12,26.981916427612305
2007-09-13,27.265121459960938
2007-09-14,27.313493728637695
2007-09-17,27.078622817993164
2007-09-18,27.95591163635254
2007-09-19,28.252954483032227
2007-09-20,28.018089294433594
2007-09-21,28.208314895629883
2007-09-24,27.937551498413086
2007-09-25,28.048633575439453
2007-09-26,28.24302864074707
2007-09-27,28.36799430847168
2007-09-28,28.5207462310791
2007-10-01,28.88868522644043
2007-10-02,28.65265655517578
2007-10-03,28.45826530456543
2007-10-04,28.555450439453125
2007-10-05,28.867876052856445
2007-10-08,28.81926155090332
2007-10-09,29.090045928955078
2007-10-10,28.77066421508789
2007-10-11,28.56239891052246
2007-10-12,28.687360763549805
2007-10-15,28.465192794799805
2007-10-16,28.340229034423828
2007-10-17,28.416595458984375
2007-10-18,28.49297332763672
2007-10-19,27.70149040222168
2007-10-22,27.805635452270508
2007-10-23,27.993101119995117
2007-10-24,27.909778594970703
2007-10-25,27.958377838134766
2007-10-26,27.979204177856445
2007-10-29,28.15972328186035
2007-10-30,27.909778594970703
2007-10-31,28.152772903442383
2007-11-01,27.673725128173828
2007-11-02,27.92367935180664
2007-11-05,27.805635452270508
2007-11-06,28.24302864074707
2007-11-07,27.56264305114746
2007-11-08,27.56958770751953
2007-11-09,27.021102905273438
2007-11-12,26.729509353637695
2007-11-13,27.409902572631836
2007-11-14,27.31964111328125
2007-11-15,26.937782287597656
2007-11-16,26.94474983215332
2007-11-19,26.555952072143555
2007-11-20,26.597591400146484
2007-11-21,26.153263092041016
2007-11-23,26.500402450561523
2007-11-26,26.083843231201172
2007-11-27,26.60453987121582
2007-11-28,27.250211715698242
2007-11-29,27.250211715698242
2007-11-30,27.354352951049805
2007-12-03,27.07665252685547
2007-12-04,27.014169692993164
2007-12-05,27.458499908447266
2007-12-06,27.770931243896484
2007-12-07,27.979204177856445
2007-12-10,28.111120223999023
2007-12-11,27.215503692626953
2007-12-12,27.56264305114746
2007-12-13,27.70149040222168
2007-12-14,27.39600944519043
2007-12-17,26.903078079223633
2007-12-18,26.979450225830078
2007-12-19,26.889196395874023
2007-12-20,27.11135482788086
2007-12-21,27.58991241455078
2007-12-24,27.8968505859375
2007-12-26,27.79221534729004
2007-12-27,27.471315383911133
2007-12-28,27.443403244018555
2007-12-31,27.317853927612305
2008-01-02,26.864416122436523
2008-01-03,26.885345458984375
2008-01-04,26.334239959716797
2008-01-07,26.006366729736328
2008-01-08,25.427371978759766
2008-01-09,25.504104614257812
2008-01-10,25.859874725341797
2008-01-11,25.420392990112305
2008-01-14,25.73430061340332
2008-01-15,25.197158813476562
2008-01-16,24.90416717529297
2008-01-17,24.241451263427734
2008-01-18,24.192626953125
2008-01-22,24.276330947875977
2008-01-23,24.93905258178711
2008-01-24,25.085533142089844
2008-01-25,24.973922729492188
2008-01-28,25.343658447265625
2008-01-29,25.566884994506836
2008-01-30,25.67151641845703
2008-01-31,25.81104278564453
2008-02-01,26.404003143310547
2008-02-04,26.11798858642578
2008-02-05,25.455276489257812
2008-02-06,25.41341209411621
2008-02-07,25.420392990112305
2008-02-08,25.232044219970703
2008-02-11,25.483179092407227
2008-02-12,25.741291046142578
2008-02-13,26.201690673828125
2008-02-14,25.81104278564453
2008-02-15,25.65059471130371
2008-02-19,25.776172637939453
2008-02-20,25.859874725341797
2008-02-21,25.657573699951172
2008-02-22,25.915679931640625
2008-02-25,26.11798858642578
2008-02-26,26.138912200927734
2008-02-27,26.187746047973633
2008-02-28,25.999399185180664
2008-02-29,25.287843704223633
2008-03-03,25.657573699951172
2008-03-04,25.35760498046875
2008-03-05,25.69244956970215
2008-03-06,25.204137802124023
2008-03-07,24.841381072998047
2008-03-10,24.443754196166992
2008-03-11,25.273887634277344
2008-03-12,25.22504997253418
2008-03-13,25.5738582611084
2008-03-14,25.169260025024414
2008-03-17,25.043691635131836
2008-03-18,26.36214256286621
2008-03-19,25.399473190307617
2008-03-20,25.666423797607422
2008-03-24,26.24799919128418
2008-03-25,26.409168243408203
2008-03-26,26.198963165283203
2008-03-27,25.911670684814453
2008-03-28,25.813568115234375
2008-03-31,26.205957412719727
2008-04-01,26.801565170288086
2008-04-02,26.920658111572266
2008-04-03,26.801565170288086
2008-04-04,26.906654357910156
2008-04-07,26.738502502441406
2008-04-08,26.71746826171875
2008-04-09,26.458208084106445
2008-04-10,26.57033348083496
2008-04-11,25.52629852294922
2008-04-14,25.540300369262695
2008-04-15,25.659414291381836
2008-04-16,26.374122619628906
2008-04-17,26.065824508666992
2008-04-18,26.850589752197266
2008-04-21,26.75951385498047
2008-04-22,26.332090377807617
2008-04-23,26.34609603881836
2008-04-24,26.51426124572754
2008-04-25,26.885637283325195
2008-04-28,27.039793014526367
2008-04-29,26.78754234313965
2008-04-30,26.976728439331055
2008-05-01,27.151897430419922
2008-05-02,27.25700569152832
2008-05-05,27.186939239501953
2008-05-06,27.292051315307617
2008-05-07,26.87162971496582
2008-05-08,26.962726593017578
2008-05-09,26.79454803466797
2008-05-12,27.221961975097656
2008-05-13,27.404150009155273
2008-05-14,27.43218421936035
2008-05-15,27.593338012695312
2008-05-16,27.52326011657715
2008-05-19,27.831573486328125
2008-05-20,27.390134811401367
2008-05-21,26.92768669128418
2008-05-22,26.864608764648438
2008-05-23,26.47923469543457
2008-05-27,26.75951385498047
2008-05-28,26.94169044494629
2008-05-29,27.046794891357422
2008-05-30,27.214954376220703
2008-06-02,26.983739852905273
2008-06-03,26.89264488220215
2008-06-04,26.78754234313965
2008-06-05,26.983739852905273
2008-06-06,25.93269157409668
2008-06-09,26.198963165283203
2008-06-10,26.044795989990234
2008-06-11,25.554317474365234
2008-06-12,25.645408630371094
2008-06-13,25.939706802368164
2008-06-16,25.799551010131836
2008-06-17,25.743505477905273
2008-06-18,25.37213706970215
2008-06-19,25.701459884643555
2008-06-20,25.272741317749023
2008-06-23,25.322023391723633
2008-06-24,25.019302368164062
2008-06-25,24.836286544799805
2008-06-26,24.427963256835938
2008-06-27,23.723997116088867
2008-06-30,23.94222640991211
2008-07-01,23.92814826965332
2008-07-02,23.196014404296875
2008-07-03,23.519845962524414
2008-07-07,23.49167823791504
2008-07-08,24.033735275268555
2008-07-09,23.364965438842773
2008-07-10,23.723997116088867
2008-07-11,23.29456901550293
2008-07-14,23.400169372558594
2008-07-15,22.935543060302734
2008-07-16,23.463529586791992
2008-07-17,24.111183166503906
2008-07-18,24.146381378173828
2008-07-21,24.167499542236328
2008-07-22,24.463167190551758
2008-07-23,24.653242111206055
2008-07-24,24.04079246520996
2008-07-25,24.266056060791016
2008-07-28,23.70992088317871
2008-07-29,24.603965759277344
2008-07-30,24.892601013183594
2008-07-31,24.132293701171875
2008-08-01,24.111183166503906
2008-08-04,24.005582809448242
2008-08-05,24.674367904663086
2008-08-06,25.146024703979492
2008-08-07,24.301259994506836
2008-08-08,25.138980865478516
2008-08-11,25.20233917236328
2008-08-12,24.955957412719727
2008-08-13,24.864437103271484
2008-08-14,24.955957412719727
2008-08-15,25.09674072265625
2008-08-18,24.815162658691406
2008-08-19,24.50540542602539
2008-08-20,24.308292388916016
2008-08-21,24.36461067199707
2008-08-22,24.84331512451172
2008-08-25,24.456130981445312
2008-08-26,24.449085235595703
2008-08-27,24.51948356628418
2008-08-28,25.068592071533203
2008-08-29,24.794036865234375
2008-09-02,24.80106544494629
2008-09-03,24.618045806884766
2008-09-04,23.773271560668945
2008-09-05,23.766231536865234
2008-09-08,24.146381378173828
2008-09-09,23.435365676879883
2008-09-10,23.533918380737305
2008-09-11,24.075986862182617
2008-09-12,24.01262092590332
2008-09-15,23.048175811767578
2008-09-16,23.118574142456055
2008-09-17,22.33716583251953
2008-09-18,22.794742584228516
2008-09-19,23.43603515625
2008-09-22,22.813146591186523
2008-09-23,22.310592651367188
2008-09-24,22.261045455932617
2008-09-25,22.438013076782227
2008-09-26,22.345989227294922
2008-09-29,21.5886173248291
2008-09-30,21.80095863342285
2008-10-01,21.28424835205078
2008-10-02,20.010169982910156
2008-10-03,19.691646575927734
2008-10-06,19.174938201904297
2008-10-07,18.537893295288086
2008-10-08,18.254772186279297
2008-10-09,17.214263916015625
2008-10-10,16.662166595458984
2008-10-13,18.445877075195312
2008-10-14,18.43880271911621
2008-10-15,16.70463752746582
2008-10-16,17.04438591003418
2008-10-17,16.676315307617188
2008-10-20,17.50447654724121
2008-10-21,17.34874725341797
2008-10-22,16.54891014099121
2008-10-23,16.59137725830078
2008-10-24,15.635820388793945
2008-10-27,15.034174919128418
2008-10-28,16.577224731445312
2008-10-29,16.64801025390625
2008-10-30,17.24966049194336
2008-10-31,17.822988510131836
2008-11-03,17.51862907409668
2008-11-04,18.2830810546875
2008-11-05,17.51862907409668
2008-11-06,16.697553634643555
2008-11-07,16.867429733276367
2008-11-10,16.874507904052734
2008-11-11,16.499359130859375
2008-11-12,15.713685989379883
2008-11-13,16.555988311767578
2008-11-14,15.85525131225586
2008-11-17,15.536722183227539
2008-11-18,15.550877571105957
2008-11-19,14.545769691467285
2008-11-20,14.15646743774414
2008-11-21,14.57408618927002
2008-11-24,15.30315113067627
2008-11-25,15.522567749023438
2008-11-26,16.01096534729004
2008-11-28,16.357799530029297
2008-12-01,15.012932777404785
2008-12-02,15.706605911254883
2008-12-03,15.975574493408203
2008-12-04,15.657058715820312
2008-12-05,16.039276123046875
2008-12-08,16.456890106201172
2008-12-09,16.166690826416016
2008-12-10,16.428586959838867
2008-12-11,15.720759391784668
2008-12-12,15.763225555419922
2008-12-15,15.756152153015137
2008-12-16,16.53475570678711
2008-12-17,16.54183006286621
2008-12-18,15.96141242980957
2008-12-19,16.13794708251953
2008-12-22,15.887810707092285
2008-12-23,15.837773323059082
2008-12-24,15.93783187866211
2008-12-26,16.059329986572266
2008-12-29,15.759156227111816
2008-12-30,16.34521484375
2008-12-31,16.73829460144043
2009-01-02,17.35294532775879
2009-01-05,17.21714973449707
2009-01-06,17.595943450927734
2009-01-07,16.809772491455078
2009-01-08,16.974157333374023
2009-01-09,16.602500915527344
2009-01-12,16.238006591796875
2009-01-13,15.959271430969238
2009-01-14,15.36607837677002
2009-01-15,15.509018898010254
2009-01-16,15.594778060913086
2009-01-20,14.872928619384766
2009-01-21,15.251729965209961
2009-01-22,15.201692581176758
2009-01-23,14.744282722473145
2009-01-26,14.915814399719238
2009-01-27,15.187397956848145
2009-01-28,15.623364448547363
2009-01-29,15.05160140991211
2009-01-30,14.729984283447266
2009-02-02,14.39407730102539
2009-02-03,14.658520698547363
2009-02-04,14.5798978805542
2009-02-05,14.75143051147461
2009-02-06,15.108781814575195
2009-02-09,15.394659996032715
2009-02-10,14.58704948425293
2009-02-11,14.701403617858887
2009-02-12,14.537020683288574
2009-02-13,14.537020683288574
2009-02-17,13.800875663757324
2009-02-18,13.822319984436035
2009-02-19,13.514993667602539
2009-02-20,13.307734489440918
2009-02-23,12.7931489944458
2009-02-24,13.071881294250488
2009-02-25,12.757410049438477
2009-02-26,12.535858154296875
2009-02-27,12.22138786315918
2009-03-02,11.420920372009277
2009-03-03,11.335158348083496
2009-03-04,11.649625778198242
2009-03-05,11.199363708496094
2009-03-06,11.077865600585938
2009-03-09,10.977808952331543
2009-03-10,11.806862831115723
2009-03-11,11.921211242675781
2009-03-12,12.307149887084961
2009-03-13,12.328592300415039
2009-03-16,12.464380264282227
2009-03-17,12.82888126373291
2009-03-18,13.071881294250488
2009-03-19,12.943239212036133
2009-03-20,12.548521041870117
2009-03-23,13.457734107971191
2009-03-24,13.349493026733398
2009-03-25,13.457734107971191
2009-03-26,14.179327011108398
2009-03-27,13.912341117858887
2009-03-30,13.219603538513184
2009-03-31,13.298982620239258
2009-04-01,13.594828605651855
2009-04-02,14.323647499084473
2009-04-03,14.33807373046875
2009-04-06,14.374157905578613
2009-04-07,13.962841987609863
2009-04-08,14.085518836975098
2009-04-09,14.778244018554688
2009-04-13,14.821544647216797
2009-04-14,14.605067253112793
2009-04-15,14.742166519165039
2009-04-16,15.240074157714844
2009-04-17,15.232850074768066
2009-04-20,14.561772346496582
2009-04-21,14.915356636047363
2009-04-22,15.146259307861328
2009-04-23,15.312238693237305
2009-04-24,15.629727363586426
2009-04-27,15.319443702697754
2009-04-28,15.139045715332031
2009-04-29,15.644163131713867
2009-04-30,15.701898574829102
2009-05-01,15.875076293945312
2009-05-04,16.394617080688477
2009-05-05,16.445133209228516
2009-05-06,16.704906463623047
2009-05-07,16.365760803222656
2009-05-08,16.964677810668945
2009-05-11,16.459569931030273
2009-05-12,16.2791690826416
2009-05-13,15.608086585998535
2009-05-14,15.723542213439941
2009-05-15,15.730748176574707
2009-05-18,16.30802345275879
2009-05-19,16.185361862182617
2009-05-20,16.199783325195312
2009-05-21,15.709108352661133
2009-05-22,15.651378631591797
2009-05-26,16.221435546875
2009-05-27,15.694680213928223
2009-05-28,15.846198081970215
2009-05-29,16.22865104675293
2009-06-01,16.979116439819336
2009-06-02,17.007976531982422
2009-06-03,16.676042556762695
2009-06-04,16.979116439819336
2009-06-05,17.123435974121094
2009-06-08,17.166730880737305
2009-06-09,17.130645751953125
2009-06-10,17.02240753173828
2009-06-11,16.993541717529297
2009-06-12,17.02240753173828
2009-06-15,16.50286102294922
2009-06-16,16.199783325195312
2009-06-17,16.077117919921875
2009-06-18,16.091556549072266
2009-06-19,16.12642478942871
2009-06-22,15.588866233825684
2009-06-23,15.443589210510254
2009-06-24,15.545286178588867
2009-06-25,16.02472496032715
2009-06-26,15.959341049194336
2009-06-29,16.11915397644043
2009-06-30,15.952071189880371
2009-07-01,16.017457962036133
2009-07-02,15.516233444213867
2009-07-06,15.523499488830566
2009-07-07,14.993209838867188
2009-07-08,14.935101509094238
2009-07-09,15.073111534118652
2009-07-10,15.051321029663086
2009-07-13,15.436326026916504
2009-07-14,15.661513328552246
2009-07-15,16.14822006225586
2009-07-16,16.446043014526367
2009-07-17,16.257171630859375
2009-07-20,16.584062576293945
2009-07-21,16.591327667236328
2009-07-22,16.642169952392578
2009-07-23,16.990848541259766
2009-07-24,17.005386352539062
2009-07-27,17.099817276000977
2009-07-28,17.085289001464844
2009-07-29,17.005386352539062
2009-07-30,17.28142547607422
2009-07-31,17.346797943115234
2009-08-03,17.724538803100586
2009-08-04,17.85528564453125
2009-08-05,17.710006713867188
2009-08-06,17.80443572998047
2009-08-07,18.24755096435547
2009-08-10,18.073204040527344
2009-08-11,17.83349609375
2009-08-12,18.145849227905273
2009-08-13,18.22575569152832
2009-08-14,17.96426010131836
2009-08-17,17.43397331237793
2009-08-18,17.644630432128906
2009-08-19,17.695476531982422
2009-08-20,17.913400650024414
2009-08-21,18.378313064575195
2009-08-24,18.414628982543945
2009-08-25,18.516321182250977
2009-08-26,18.327451705932617
2009-08-27,18.49452781677246
2009-08-28,18.392837524414062
2009-08-31,18.174911499023438
2009-09-01,17.869821548461914
2009-09-02,17.79717445373535
2009-09-03,18.029624938964844
2009-09-04,18.38557243347168
2009-09-08,18.54538345336914
2009-09-09,18.85774040222168
2009-09-10,19.017562866210938
2009-09-11,19.14104461669922
2009-09-14,19.3226375579834
2009-09-15,19.555097579956055
2009-09-16,19.802080154418945
2009-09-17,19.838397979736328
2009-09-18,19.7244815826416
2009-09-21,19.607637405395508
2009-09-22,19.841320037841797
2009-09-23,19.67336082458496
2009-09-24,19.352046966552734
2009-09-25,19.08184242248535
2009-09-28,19.476184844970703
2009-09-29,19.432376861572266
2009-09-30,19.23520278930664
2009-10-01,18.753223419189453
2009-10-02,18.51224136352539
2009-10-05,18.891979217529297
2009-10-06,19.074541091918945
2009-10-07,19.00152015686035
2009-10-08,19.337448120117188
2009-10-09,19.3885555267334
2009-10-12,19.352046966552734
2009-10-13,19.366649627685547
2009-10-14,19.928956985473633
2009-10-15,19.899744033813477
2009-10-16,19.76099395751953
2009-10-19,19.9727725982666
2009-10-20,19.834026336669922
2009-10-21,19.695268630981445
2009-10-22,19.834026336669922
2009-10-23,19.48349380493164
2009-10-26,19.330141067504883
2009-10-27,19.06723976135254
2009-10-28,18.672897338867188
2009-10-29,19.118358612060547
2009-10-30,18.468421936035156
2009-11-02,18.680200576782227
2009-11-03,19.00152015686035
2009-11-04,18.965002059936523
2009-11-05,19.45428466796875
2009-11-06,19.629545211791992
2009-11-09,20.126123428344727
2009-11-10,20.009286880493164
2009-11-11,20.162639617919922
2009-11-12,19.928956985473633
2009-11-13,20.082311630249023
2009-11-16,20.542383193969727
2009-11-17,20.5058650970459
2009-11-18,20.39632797241211
2009-11-19,20.089614868164062
2009-11-20,20.0531005859375
2009-11-23,20.418228149414062
2009-11-24,20.250274658203125
2009-11-25,20.418228149414062
2009-11-27,20.023883819580078
2009-11-30,20.089614868164062
2009-12-01,20.418228149414062
2009-12-02,20.359811782836914
2009-12-03,20.26487922668457
2009-12-04,20.57158660888672
2009-12-07,20.49855613708496
2009-12-08,20.184551239013672
2009-12-09,20.27947998046875
2009-12-10,20.36711883544922
2009-12-11,20.57158660888672
2009-12-14,20.849090576171875
2009-12-15,20.790674209594727
2009-12-16,20.70303726196289
2009-12-17,20.47665023803711
2009-12-18,20.47003936767578
2009-12-21,20.624387741088867
2009-12-22,20.646442413330078
2009-12-23,20.683191299438477
2009-12-24,20.7640438079834
2009-12-28,20.727296829223633
2009-12-29,20.786094665527344
2009-12-30,20.683191299438477
2009-12-31,20.425933837890625
2010-01-04,20.815492630004883
2010-01-05,20.888992309570312
2010-01-06,20.933090209960938
2010-01-07,21.160951614379883
2010-01-08,21.499055862426758
2010-01-11,21.7342529296875
2010-01-12,21.557849884033203
2010-01-13,21.646053314208984
2010-01-14,21.646053314208984
2010-01-15,21.36674690246582
2010-01-19,21.601953506469727
2010-01-20,21.271207809448242
2010-01-21,20.778749465942383
2010-01-22,20.46269416809082
2010-01-25,20.594989776611328
2010-01-26,20.506797790527344
2010-01-27,20.56559181213379
2010-01-28,20.330392837524414
2010-01-29,20.124584197998047
2010-02-01,20.425933837890625
2010-02-02,20.815492630004883
2010-02-03,20.690542221069336
2010-02-04,20.080486297607422
2010-02-05,19.992286682128906
2010-02-08,19.771774291992188
2010-02-09,20.153980255126953
2010-02-10,20.124584197998047
2010-02-11,20.425933837890625
2010-02-12,20.26422882080078
2010-02-16,20.741994857788086
2010-02-17,20.91839027404785
2010-02-18,21.109495162963867
2010-02-19,21.21240234375
2010-02-22,21.227100372314453
2010-02-23,20.95514678955078
2010-02-24,21.168302536010742
2010-02-25,21.116846084594727
2010-02-26,21.197690963745117
2010-03-01,21.476999282836914
2010-03-02,21.51375389099121
2010-03-03,21.543153762817383
2010-03-04,21.646053314208984
2010-03-05,21.976804733276367
2010-03-08,21.873910903930664
2010-03-09,22.05031394958496
2010-03-10,22.09441566467285
2010-03-11,22.175264358520508
2010-03-12,22.322261810302734
2010-03-15,22.322261810302734
2010-03-16,22.623615264892578
2010-03-17,22.660377502441406
2010-03-18,22.81473159790039
2010-03-19,22.723262786865234
2010-03-22,22.789642333984375
2010-03-23,23.04779052734375
2010-03-24,22.885528564453125
2010-03-25,22.870771408081055
2010-03-26,22.929777145385742
2010-03-29,23.136280059814453
2010-03-30,23.173158645629883
2010-03-31,23.040403366088867
2010-04-01,23.187915802001953
2010-04-05,23.3575496673584
2010-04-06,23.364912033081055
2010-04-07,23.232160568237305
2010-04-08,23.305910110473633
2010-04-09,23.438671112060547
2010-04-12,23.49030303955078
2010-04-13,23.527170181274414
2010-04-14,23.829559326171875
2010-04-15,24.058197021484375
2010-04-16,23.66730499267578
2010-04-19,23.623056411743164
2010-04-20,23.895938873291016
2010-04-21,24.058197021484375
2010-04-22,24.279460906982422
2010-04-23,24.42696189880371
2010-04-26,24.47858428955078
2010-04-27,23.888561248779297
2010-04-28,24.058197021484375
2010-04-29,24.603961944580078
2010-04-30,24.021324157714844
2010-05-03,24.50071144104004
2010-05-04,23.726308822631836
2010-05-05,23.42393684387207
2010-05-06,22.64950942993164
2010-05-07,22.14799690246582
2010-05-10,23.416545867919922
2010-05-11,23.350170135498047
2010-05-12,23.866443634033203
2010-05-13,23.497665405273438
2010-05-14,23.003528594970703
2010-05-17,22.944534301757812
2010-05-18,22.656890869140625
2010-05-19,22.36924934387207
2010-05-20,21.395723342895508
2010-05-21,21.698108673095703
2010-05-24,21.373598098754883
2010-05-25,21.358837127685547
2010-05-26,21.403093338012695
2010-05-27,22.125871658325195
2010-05-28,21.830860137939453
2010-06-01,21.344097137451172
2010-06-02,21.897245407104492
2010-06-03,22.00049591064453
2010-06-04,20.96795082092285
2010-06-07,20.429553985595703
2010-06-08,20.643428802490234
2010-06-09,20.643428802490234
2010-06-10,21.439958572387695
2010-06-11,21.513723373413086
2010-06-14,21.49159049987793
2010-06-15,22.140621185302734
2010-06-16,22.081621170043945
2010-06-17,22.14799690246582
2010-06-18,22.23470687866211
2010-06-21,22.271772384643555
2010-06-22,21.73072624206543
2010-06-23,21.649192810058594
2010-06-24,21.271203994750977
2010-06-25,21.43425941467285
2010-06-28,21.286027908325195
2010-06-29,20.463346481323242
2010-06-30,20.329936981201172
2010-07-01,20.27064323425293
2010-07-02,20.018651962280273
2010-07-06,20.055709838867188
2010-07-07,20.752397537231445
2010-07-08,21.019207000732422
2010-07-09,21.226736068725586
2010-07-12,21.115562438964844
2010-07-13,21.486143112182617
2010-07-14,21.53061294555664
2010-07-15,21.523197174072266
2010-07-16,20.80426788330078
2010-07-19,20.922863006591797
2010-07-20,21.248971939086914
2010-07-21,21.19708824157715
2010-07-22,21.849306106567383
2010-07-23,22.286592483520508
2010-07-26,22.64975929260254
2010-07-27,22.494117736816406
2010-07-28,22.434818267822266
2010-07-29,22.360708236694336
2010-07-30,22.44965171813965
2010-08-02,22.894346237182617
2010-08-03,22.775760650634766
2010-08-04,22.97587013244629
2010-08-05,22.990690231323242
2010-08-06,22.864688873291016
2010-08-09,22.983272552490234
2010-08-10,22.827634811401367
2010-08-11,21.975303649902344
2010-08-12,21.819665908813477
2010-08-13,21.790023803710938
2010-08-16,21.745546340942383
2010-08-17,22.12353515625
2010-08-18,22.20506477355957
2010-08-19,21.73072624206543
2010-08-20,21.619550704956055
2010-08-23,21.38237953186035
2010-08-24,20.945100784301758
2010-08-25,20.908044815063477
2010-08-26,20.878395080566406
2010-08-27,21.30084800720215
2010-08-30,20.974746704101562
2010-08-31,20.893220901489258
2010-09-01,21.723318099975586
2010-09-02,21.99753761291504
2010-09-03,22.3310604095459
2010-09-07,22.12353515625
2010-09-08,22.353294372558594
2010-09-09,22.3310604095459
2010-09-10,22.531169891357422
2010-09-13,22.753524780273438
2010-09-14,22.68680763244629
2010-09-15,22.68680763244629
2010-09-16,22.65717315673828
2010-09-17,22.86948013305664
2010-09-20,23.212146759033203
2010-09-21,23.256847381591797
2010-09-22,23.137649536132812
2010-09-23,22.794981002807617
2010-09-24,23.420732498168945
2010-09-27,23.271747589111328
2010-09-28,23.398386001586914
2010-09-29,23.390926361083984
2010-09-30,23.30153465270996
2010-10-01,23.323888778686523
2010-10-04,23.078060150146484
2010-10-05,23.696348190307617
2010-10-06,23.837892532348633
2010-10-07,23.785741806030273
2010-10-08,23.98688316345215
2010-10-11,23.919832229614258
2010-10-12,23.904932022094727
2010-10-13,24.29974365234375
2010-10-14,24.15821075439453
2010-10-15,24.009227752685547
2010-10-18,23.994333267211914
2010-10-19,23.674007415771484
2010-10-20,24.009227752685547
2010-10-21,24.202905654907227
2010-10-22,24.195457458496094
2010-10-25,24.277406692504883
2010-10-26,24.165658950805664
2010-10-27,23.98688316345215
2010-10-28,23.93473243713379
2010-10-29,23.97197723388672
2010-11-01,23.97197723388672
2010-11-02,24.202905654907227
2010-11-03,24.240148544311523
2010-11-04,24.754159927368164
2010-11-05,24.90314292907715
2010-11-08,24.798851013183594
2010-11-09,24.575374603271484
2010-11-10,24.567930221557617
2010-11-11,24.4263858795166
2010-11-12,24.14331817626953
2010-11-15,24.217802047729492
2010-11-16,23.830440521240234
2010-11-17,23.845340728759766
2010-11-18,24.32955551147461
2010-11-19,24.404041290283203
2010-11-22,24.35189437866211
2010-11-23,24.016681671142578
2010-11-24,24.560482025146484
2010-11-26,24.359350204467773
2010-11-29,24.35189437866211
2010-11-30,24.292293548583984
2010-12-01,24.91803741455078
2010-12-02,25.305410385131836
2010-12-03,25.357553482055664
2010-12-06,25.342655181884766
2010-12-07,25.409692764282227
2010-12-08,25.320316314697266
2010-12-09,25.394811630249023
2010-12-10,25.625734329223633
2010-12-13,25.640636444091797
2010-12-14,25.75981903076172
2010-12-15,25.655529022216797
2010-12-16,25.9385986328125
2010-12-17,25.86149024963379
2010-12-20,25.854000091552734
2010-12-21,26.063650131225586
2010-12-22,26.123538970947266
2010-12-23,26.07112693786621
2010-12-27,26.116060256958008
2010-12-28,26.101078033447266
2010-12-29,26.123538970947266
2010-12-30,26.0786190032959
2010-12-31,26.10856819152832
2011-01-03,26.295745849609375
2011-01-04,26.25831413269043
2011-01-05,26.393091201782227
2011-01-06,26.348163604736328
2011-01-07,26.400577545166016
2011-01-10,26.438013076782227
2011-01-11,26.53534698486328
2011-01-12,26.752490997314453
2011-01-13,26.782440185546875
2011-01-14,26.887258529663086
2011-01-18,27.081928253173828
2011-01-19,26.797412872314453
2011-01-20,26.662641525268555
2011-01-21,26.879762649536133
2011-01-24,27.134342193603516
2011-01-25,27.10439682006836
2011-01-26,27.26163101196289
2011-01-27,27.358963012695312
2011-01-28,26.827360153198242
2011-01-31,27.134342193603516
2011-02-01,27.51620864868164
2011-02-02,27.42634391784668
2011-02-03,27.441328048706055
2011-02-04,27.538660049438477
2011-02-07,27.800716400146484
2011-02-08,27.987911224365234
2011-02-09,27.98041343688965
2011-02-10,28.130165100097656
2011-02-11,28.339813232421875
2011-02-14,28.30986785888672
2011-02-15,28.205032348632812
2011-02-16,28.339813232421875
2011-02-17,28.407197952270508
2011-02-18,28.482078552246094
2011-02-22,27.658451080322266
2011-02-23,27.17179298400879
2011-02-24,27.329015731811523
2011-02-25,27.57608985900879
2011-02-28,27.710872650146484
2011-03-01,27.11936378479004
2011-03-02,27.254138946533203
2011-03-03,27.913042068481445
2011-03-04,27.583580017089844
2011-03-07,27.329015731811523
2011-03-08,27.75579833984375
2011-03-09,27.69589614868164
2011-03-10,27.134342193603516
2011-03-11,27.456287384033203
2011-03-14,27.224201202392578
2011-03-15,26.969629287719727
2011-03-16,26.46796417236328
2011-03-17,26.879762649536133
2011-03-18,27.05048370361328
2011-03-21,27.644580841064453
2011-03-22,27.426502227783203
2011-03-23,27.516738891601562
2011-03-24,27.802501678466797
2011-03-25,27.9002742767334
2011-03-28,27.877717971801758
2011-03-29,28.103317260742188
2011-03-30,28.216127395629883
2011-03-31,28.32892417907715
2011-04-01,28.562063217163086
2011-04-04,28.599668502807617
2011-04-05,28.494373321533203
2011-04-06,28.524457931518555
2011-04-07,28.38909339904785
2011-04-08,28.140920639038086
2011-04-11,28.118358612060547
2011-04-12,27.90779685974121
2011-04-13,27.825071334838867
2011-04-14,27.825071334838867
2011-04-15,27.922832489013672
2011-04-18,27.524255752563477
2011-04-19,27.76491355895996
2011-04-20,28.216127395629883
2011-04-21,28.298856735229492
2011-04-25,28.216127395629883
2011-04-26,28.757583618164062
2011-04-27,28.885433197021484
2011-04-28,28.98320198059082
2011-04-29,29.103517532348633
2011-05-02,29.058391571044922
2011-05-03,28.938077926635742
2011-05-04,28.516939163208008
2011-05-05,28.381582260131836
2011-05-06,28.629735946655273
2011-05-09,28.750070571899414
2011-05-10,29.013282775878906
2011-05-11,28.622230529785156
2011-05-12,28.68238067626953
2011-05-13,28.336450576782227
2011-05-16,28.231163024902344
2011-05-17,27.847627639770508
2011-05-18,28.223651885986328
2011-05-19,28.40413475036621
2011-05-20,28.103317260742188
2011-05-23,27.704744338989258
2011-05-24,27.56186294555664
2011-05-25,27.794981002807617
2011-05-26,27.90779685974121
2011-05-27,28.04315948486328
2011-05-31,28.298856735229492
2011-06-01,27.373855590820312
2011-06-02,27.516738891601562
2011-06-03,27.148252487182617
2011-06-06,26.952713012695312
2011-06-07,26.937679290771484
2011-06-08,26.70454978942871
2011-06-09,26.9075870513916
2011-06-10,26.47895050048828
2011-06-13,26.486461639404297
2011-06-14,26.99031639099121
2011-06-15,26.584224700927734
2011-06-16,26.674461364746094
2011-06-17,26.791606903076172
2011-06-20,27.025907516479492
2011-06-21,27.44911766052246
2011-06-22,27.29796600341797
2011-06-23,27.237504959106445
2011-06-24,26.927650451660156
2011-06-27,27.139257431030273
2011-06-28,27.562480926513672
2011-06-29,27.706079483032227
2011-06-30,28.1444149017334
2011-07-01,28.65077018737793
2011-07-05,28.492074966430664
2011-07-06,28.643220901489258
2011-07-07,28.945518493652344
2011-07-08,28.582744598388672
2011-07-11,28.053733825683594
2011-07-12,27.781641006469727
2011-07-13,27.895029067993164
2011-07-14,27.592708587646484
2011-07-15,27.61539077758789
2011-07-18,27.305526733398438
2011-07-19,27.660730361938477
2011-07-20,27.713623046875
2011-07-21,28.12929344177246
2011-07-22,27.83455467224121
2011-07-25,27.819435119628906
2011-07-26,27.305526733398438
2011-07-27,26.56488037109375
2011-07-28,26.338157653808594
2011-07-29,26.20967674255371
2011-08-01,26.043405532836914
2011-08-02,25.13649559020996
2011-08-03,25.363229751586914
2011-08-04,24.002866744995117
2011-08-05,24.002866744995117
2011-08-08,22.30996322631836
2011-08-09,23.41337776184082
2011-08-10,22.21927833557129
2011-08-11,23.277334213256836
2011-08-12,23.730789184570312
2011-08-15,24.08599281311035
2011-08-16,23.74591064453125
2011-08-17,23.670333862304688
2011-08-18,22.362869262695312
2011-08-19,22.015222549438477
2011-08-22,22.098358154296875
2011-08-23,22.876781463623047
2011-08-24,23.33778953552246
2011-08-25,22.899452209472656
2011-08-26,23.375587463378906
2011-08-29,24.116222381591797
2011-08-30,24.32027816772461
2011-08-31,24.48654556274414
2011-09-01,24.08599281311035
2011-09-02,23.315122604370117
2011-09-06,23.073284149169922
2011-09-07,23.791250228881836
2011-09-08,23.43604278564453
2011-09-09,22.80876922607422
2011-09-12,22.85411262512207
2011-09-13,23.277334213256836
2011-09-14,23.685443878173828
2011-09-15,24.16913414001465
2011-09-16,24.29680633544922
2011-09-19,24.06881332397461
2011-09-20,23.89401626586914
2011-09-21,22.906034469604492
2011-09-22,22.0472469329834
2011-09-23,22.275245666503906
2011-09-26,22.837627410888672
2011-09-27,23.240427017211914
2011-09-28,22.647634506225586
2011-09-29,22.974430084228516
2011-09-30,22.20684051513672
2011-10-03,21.58365249633789
2011-10-04,22.184045791625977
2011-10-05,22.655237197875977
2011-10-06,23.111228942871094
2011-10-07,23.058027267456055
2011-10-10,23.863616943359375
2011-10-11,23.93201446533203
2011-10-12,24.236007690429688
2011-10-13,24.030813217163086
2011-10-14,24.464004516601562
2011-10-17,23.76482391357422
2011-10-18,24.448814392089844
2011-10-19,24.152414321899414
2011-10-20,24.357608795166016
2011-10-21,24.82879638671875
2011-10-24,25.292388916015625
2011-10-25,24.77560043334961
2011-10-26,24.950408935546875
2011-10-27,26.037189483642578
2011-10-28,26.037189483642578
2011-10-31,25.39879035949707
2011-11-01,24.63119888305664
2011-11-02,25.117599487304688
2011-11-03,25.733184814453125
2011-11-04,25.535585403442383
2011-11-07,25.596391677856445
2011-11-08,25.885173797607422
2011-11-09,24.882007598876953
2011-11-10,25.185997009277344
2011-11-11,25.78639030456543
2011-11-14,25.626789093017578
2011-11-15,25.77878189086914
2011-11-16,25.39879035949707
2011-11-17,24.958003997802734
2011-11-18,25.018796920776367
2011-11-21,24.441211700439453
2011-11-22,24.281612396240234
2011-11-23,23.719223022460938
2011-11-25,23.68122100830078
2011-11-28,24.479204177856445
2011-11-29,24.502004623413086
2011-11-30,25.7559871673584
2011-12-01,25.672388076782227
2011-12-02,25.619186401367188
2011-12-05,25.89277458190918
2011-12-06,25.885173797607422
2011-12-07,25.877592086791992
2011-12-08,25.239194869995117
2011-12-09,25.81678009033203
2011-12-12,25.34558868408203
2011-12-13,25.011199951171875
2011-12-14,24.714797973632812
2011-12-15,24.88960075378418
2011-12-16,24.995176315307617
2011-12-19,24.73505210876465
2011-12-20,25.584293365478516
2011-12-21,25.591943740844727
2011-12-22,25.836776733398438
2011-12-23,26.08160400390625
2011-12-27,26.073942184448242
2011-12-28,25.660804748535156
2011-12-29,25.982131958007812
2011-12-30,25.82146644592285
2012-01-03,26.387638092041016
2012-01-04,26.510040283203125
2012-01-05,26.51769256591797
2012-01-06,26.46413803100586
2012-01-09,26.66305923461914
2012-01-10,27.045581817626953
2012-01-11,27.12975311279297
2012-01-12,27.366918563842773
2012-01-13,27.1527099609375
2012-01-17,27.290420532226562
2012-01-18,27.535247802734375
2012-01-19,27.825973510742188
2012-01-20,27.665298461914062
2012-01-23,27.63471031188965
2012-01-24,27.665298461914062
2012-01-25,27.97133445739746
2012-01-26,27.91777992248535
2012-01-27,27.894838333129883
2012-01-30,27.795379638671875
2012-01-31,27.711214065551758
2012-02-01,28.009599685668945
2012-02-02,28.024900436401367
2012-02-03,28.506881713867188
2012-02-06,28.438051223754883
2012-02-07,28.407428741455078
2012-02-08,28.46864128112793
2012-02-09,28.545156478881836
2012-02-10,28.285022735595703
2012-02-13,28.629308700561523
2012-02-14,28.529865264892578
2012-02-15,28.154953002929688
2012-02-16,28.41509437561035
2012-02-17,28.52219581604004
2012-02-21,28.621665954589844
2012-02-22,28.59105682373047
2012-02-23,28.682872772216797
2012-02-24,28.675212860107422
2012-02-27,28.69816780090332
2012-02-28,28.659927368164062
2012-02-29,28.48393440246582
2012-03-01,28.583398818969727
2012-03-02,28.41509437561035
2012-03-05,28.21617317199707
2012-03-06,27.581148147583008
2012-03-07,27.864242553710938
2012-03-08,28.262065887451172
2012-03-09,28.323284149169922
2012-03-12,28.31561851501465
2012-03-13,28.904747009277344
2012-03-14,28.83588218688965
2012-03-15,29.180156707763672
2012-03-16,29.193241119384766
2012-03-19,29.193241119384766
2012-03-20,28.85504722595215
2012-03-21,28.83965492248535
2012-03-22,28.516834259033203
2012-03-23,28.56293296813965
2012-03-26,28.985698699951172
2012-03-27,28.893470764160156
2012-03-28,28.61673927307129
2012-03-29,28.63213348388672
2012-03-30,28.762788772583008
2012-04-02,28.947263717651367
2012-04-03,28.739734649658203
2012-04-04,28.532203674316406
2012-04-05,28.416900634765625
2012-04-09,27.955713272094727
2012-04-10,27.386917114257812
2012-04-11,27.694381713867188
2012-04-12,28.286224365234375
2012-04-13,27.92497444152832
2012-04-16,28.001834869384766
2012-04-17,28.463014602661133
2012-04-18,28.340042114257812
2012-04-19,28.024898529052734
2012-04-20,28.26317024230957
2012-04-23,27.94803810119629
2012-04-24,28.316970825195312
2012-04-25,28.37078857421875
2012-04-26,28.539875030517578
2012-04-27,28.716665267944336
2012-04-30,28.447641372680664
2012-05-01,28.532203674316406
2012-05-02,28.539875030517578
2012-05-03,28.30928611755371
2012-05-04,27.90191078186035
2012-05-07,27.825044631958008
2012-05-08,27.755870819091797
2012-05-09,27.43303108215332
2012-05-10,27.471467971801758
2012-05-11,27.417659759521484
2012-05-14,27.102523803710938
2012-05-15,26.96416664123535
2012-05-16,26.933408737182617
2012-05-17,26.356924057006836
2012-05-18,26.226255416870117
2012-05-21,26.810428619384766
2012-05-22,26.91036033630371
2012-05-23,27.056400299072266
2012-05-24,27.02564811706543
2012-05-25,26.84117889404297
2012-05-29,27.202438354492188
2012-05-30,26.748939514160156
2012-05-31,26.649019241333008
2012-06-01,25.911115646362305
2012-06-04,25.64208221435547
2012-06-05,25.718957901000977
2012-06-06,26.403051376342773
2012-06-07,26.54909324645996
2012-06-08,26.748939514160156
2012-06-11,26.403051376342773
2012-06-12,26.825807571411133
2012-06-13,26.556774139404297
2012-06-14,26.764310836791992
2012-06-15,26.999086380004883
2012-06-18,27.060874938964844
2012-06-19,27.42384147644043
2012-06-20,27.277118682861328
2012-06-21,26.74422836303711
2012-06-22,26.836915969848633
2012-06-25,26.342653274536133
2012-06-26,26.38898468017578
2012-06-27,26.643836975097656
2012-06-28,26.620668411254883
2012-06-29,27.547407150268555
2012-07-02,27.308013916015625
2012-07-03,27.593751907348633
2012-07-05,27.5628662109375
2012-07-06,27.19215965270996
2012-07-09,27.176713943481445
2012-07-10,26.736513137817383
2012-07-11,26.5202693939209
2012-07-12,26.419870376586914
2012-07-13,26.929584503173828
2012-07-16,26.74422836303711
2012-07-17,26.860071182250977
2012-07-18,27.3620662689209
2012-07-19,27.49335479736328
2012-07-20,27.15354347229004
2012-07-23,27.014535903930664
2012-07-24,26.713335037231445
2012-07-25,26.806011199951172
2012-07-26,27.215328216552734
2012-07-27,27.809986114501953
2012-07-30,27.73274803161621
2012-07-31,27.655532836914062
2012-08-01,27.470176696777344
2012-08-02,27.33116340637207
2012-08-03,27.925832748413086
2012-08-06,27.925832748413086
2012-08-07,28.211563110351562
2012-08-08,28.17295265197754
2012-08-09,28.196128845214844
2012-08-10,28.327417373657227
2012-08-13,28.265626907348633
2012-08-14,28.227025985717773
2012-08-15,28.288808822631836
2012-08-16,28.574556350708008
2012-08-17,28.71356201171875
2012-08-20,28.651769638061523
2012-08-21,28.58999252319336
2012-08-22,28.45098114013672
2012-08-23,28.219297409057617
2012-08-24,28.350582122802734
2012-08-27,28.265626907348633
2012-08-28,28.15751838684082
2012-08-29,28.1497859954834
2012-08-30,27.910377502441406
2012-08-31,28.08027458190918
2012-09-04,27.786813735961914
2012-09-05,27.709598541259766
2012-09-06,28.33514976501465
2012-09-07,28.574556350708008
2012-09-10,28.389198303222656
2012-09-11,28.543659210205078
2012-09-12,28.659494400024414
2012-09-13,28.983844757080078
2012-09-14,29.161476135253906
2012-09-17,29.02248764038086
2012-09-18,29.030193328857422
2012-09-19,29.099714279174805
2012-09-20,28.821680068969727
2012-09-21,28.736177444458008
2012-09-24,28.736177444458008
2012-09-25,28.355302810668945
2012-09-26,28.246492385864258
2012-09-27,28.51076889038086
2012-09-28,28.394161224365234
2012-10-01,28.526308059692383
2012-10-02,28.47966957092285
2012-10-03,28.627378463745117
2012-10-04,28.790586471557617
2012-10-05,28.883859634399414
2012-10-08,28.813899993896484
2012-10-09,28.47966957092285
2012-10-10,28.215402603149414
2012-10-11,28.300891876220703
2012-10-12,28.331985473632812
2012-10-15,28.526308059692383
2012-10-16,28.829458236694336
2012-10-17,29.000455856323242
2012-10-18,29.085956573486328
2012-10-19,28.596282958984375
2012-10-22,28.51854705810547
2012-10-23,28.23093605041504
2012-10-24,28.052160263061523
2012-10-25,28.20762825012207
2012-10-26,28.23093605041504
2012-10-31,28.363094329833984
2012-11-01,28.868318557739258
2012-11-02,28.627378463745117
2012-11-05,28.782817840576172
2012-11-06,29.09372901916504
2012-11-07,28.409725189208984
2012-11-08,28.114356994628906
2012-11-09,28.19208526611328
2012-11-12,28.269804000854492
2012-11-13,28.19208526611328
2012-11-14,27.531391143798828
2012-11-15,27.531391143798828
2012-11-16,27.609119415283203
2012-11-19,28.12989616394043
2012-11-20,28.153217315673828
2012-11-21,28.19208526611328
2012-11-23,28.557405471801758
2012-11-26,28.580713272094727
2012-11-27,28.51854705810547
2012-11-28,28.759504318237305
2012-11-29,28.9227237701416
2012-11-30,28.860549926757812
2012-12-03,28.549625396728516
2012-12-04,28.658445358276367
2012-12-05,28.961584091186523
2012-12-06,28.953811645507812
2012-12-07,29.14035987854004
2012-12-10,29.288061141967773
2012-12-11,29.350221633911133
2012-12-12,29.396867752075195
2012-12-13,29.30359649658203
2012-12-14,29.241416931152344
2012-12-17,29.513465881347656
2012-12-18,29.894323348999023
2012-12-19,29.731096267700195
2012-12-20,29.886550903320312
2012-12-21,29.69864845275879
2012-12-24,29.61250877380371
2012-12-26,29.510726928710938
2012-12-27,29.463754653930664
2012-12-28,29.142717361450195
2012-12-31,29.675153732299805
2013-01-02,30.3876895904541
2013-01-03,30.403322219848633
2013-01-04,30.630386352539062
2013-01-07,30.497295379638672
2013-01-08,30.262405395507812
2013-01-09,30.5677490234375
2013-01-10,30.716516494750977
2013-01-11,30.606901168823242
2013-01-14,30.72435760498047
2013-01-15,30.81049156188965
2013-01-16,30.685192108154297
2013-01-17,31.014057159423828
2013-01-18,31.264610290527344
2013-01-22,31.3898868560791
2013-01-23,31.39771270751953
2013-01-24,31.58563804626465
2013-01-25,31.687427520751953
2013-01-28,31.710922241210938
2013-01-29,31.781375885009766
2013-01-30,31.491680145263672
2013-01-31,31.38205337524414
2013-02-01,31.687427520751953
2013-02-04,31.413393020629883
2013-02-05,31.703096389770508
2013-02-06,31.710922241210938
2013-02-07,31.671770095825195
2013-02-08,31.79705238342285
2013-02-11,31.773571014404297
2013-02-12,31.91449737548828
2013-02-13,32.086753845214844
2013-02-14,32.133731842041016
2013-02-15,32.14939880371094
2013-02-19,32.384281158447266
2013-02-20,31.961484909057617
2013-02-21,31.7265682220459
2013-02-22,31.977136611938477
2013-02-25,31.319433212280273
2013-02-26,31.507341384887695
2013-02-27,32.10240936279297
2013-02-28,32.078922271728516
2013-03-01,32.02410125732422
2013-03-04,31.961484909057617
2013-03-05,32.41559600830078
2013-03-06,32.41559600830078
2013-03-07,32.4390869140625
2013-03-08,32.74446105957031
2013-03-11,32.854068756103516
2013-03-12,32.66616439819336
2013-03-13,32.82276153564453
2013-03-14,32.979339599609375
2013-03-15,33.0045280456543
2013-03-18,32.80005645751953
2013-03-19,32.76859664916992
2013-03-20,32.80792999267578
2013-03-21,32.47762680053711
2013-03-22,32.729286193847656
2013-03-25,32.438331604003906
2013-03-26,32.60346984863281
2013-03-27,32.60346984863281
2013-03-28,32.839385986328125
2013-04-01,32.438331604003906
2013-04-02,32.33610534667969
2013-04-03,32.13949966430664
2013-04-04,32.28104019165039
2013-04-05,32.21813201904297
2013-04-08,32.4068603515625
2013-04-09,32.50910949707031
2013-04-10,32.94158935546875
2013-04-11,33.02811050415039
2013-04-12,32.839385986328125
2013-04-15,31.840673446655273
2013-04-16,32.2731819152832
2013-04-17,31.73844337463379
2013-04-18,31.596885681152344
2013-04-19,31.754169464111328
2013-04-22,31.793489456176758
2013-04-23,32.02153015136719
2013-04-24,32.351806640625
2013-04-25,32.5169677734375
2013-04-26,32.42258834838867
2013-04-29,32.58771514892578
2013-04-30,32.5955924987793
2013-05-01,32.17095184326172
2013-05-02,32.571998596191406
2013-05-03,33.130332946777344
2013-05-06,33.34265899658203
2013-05-07,33.64935302734375
2013-05-08,33.861690521240234
2013-05-09,33.861690521240234
2013-05-10,33.96389389038086
2013-05-13,33.830223083496094
2013-05-14,34.24699783325195
2013-05-15,34.388553619384766
2013-05-16,34.21555709838867
2013-05-17,34.73455047607422
2013-05-20,34.836795806884766
2013-05-21,34.88396453857422
2013-05-22,34.5772819519043
2013-05-23,34.48291778564453
2013-05-24,34.37281036376953
2013-05-28,34.553688049316406
2013-05-29,34.35710525512695
2013-05-30,34.561561584472656
2013-05-31,34.23128128051758
2013-06-03,34.39641571044922
2013-06-04,34.20768356323242
2013-06-05,33.586448669433594
2013-06-06,33.798763275146484
2013-06-07,34.435733795166016
2013-06-10,34.33349609375
2013-06-11,34.018943786621094
2013-06-12,33.78303146362305
2013-06-13,34.27845001220703
2013-06-14,34.050411224365234
2013-06-17,34.317771911621094
2013-06-18,34.71882247924805
2013-06-19,34.191951751708984
2013-06-20,33.41343688964844
2013-06-21,33.43399429321289
2013-06-24,32.872806549072266
2013-06-25,33.24428939819336
2013-06-26,33.56834030151367
2013-06-27,33.900325775146484
2013-06-28,33.702720642089844
2013-07-01,34.042598724365234
2013-07-02,33.67900466918945
2013-07-03,33.69482421875
2013-07-05,34.22439193725586
2013-07-08,34.31924057006836
2013-07-09,34.80137252807617
2013-07-10,34.79347610473633
2013-07-11,35.346763610839844
2013-07-12,35.13335037231445
2013-07-15,35.25981140136719
2013-07-16,35.07012176513672
2013-07-17,35.17287063598633
2013-07-18,35.52854919433594
2013-07-19,35.89214324951172
2013-07-22,35.91583251953125
2013-07-23,35.89214324951172
2013-07-24,35.6154899597168
2013-07-25,35.631309509277344
2013-07-26,35.51274871826172
2013-07-29,35.41789245605469
2013-07-30,35.56806945800781
2013-07-31,35.69453430175781
2013-08-01,36.303157806396484
2013-08-02,36.37428283691406
2013-08-05,36.23199462890625
2013-08-06,35.96327209472656
2013-08-07,35.9079475402832
2013-08-08,36.073909759521484
2013-08-09,35.955379486083984
2013-08-12,36.0027961730957
2013-08-13,36.16087341308594
2013-08-14,35.9079475402832
2013-08-15,35.50482177734375
2013-08-16,35.55227279663086
2013-08-19,35.36256790161133
2013-08-20,35.425804138183594
2013-08-21,35.1807746887207
2013-08-22,35.662925720214844
2013-08-23,35.67082977294922
2013-08-26,35.591773986816406
2013-08-27,34.87251663208008
2013-08-28,34.90412521362305
2013-08-29,35.00688171386719
2013-08-30,34.80928039550781
2013-09-03,35.03059387207031
2013-09-04,35.386268615722656
2013-09-05,35.473209381103516
2013-09-06,35.45740509033203
2013-09-09,35.9000358581543
2013-09-10,36.42169952392578
2013-09-11,36.57188034057617
2013-09-12,36.42169952392578
2013-09-13,36.52444076538086
2013-09-16,36.99869918823242
2013-09-17,37.156776428222656
2013-09-18,37.62312316894531
2013-09-19,37.74957275390625
2013-09-20,37.28822708129883
2013-09-23,37.16913986206055
2013-09-24,37.30412673950195
2013-09-25,37.13737487792969
2013-09-26,37.30412673950195
2013-09-27,37.06591796875
2013-09-30,36.851531982421875
2013-10-01,37.081787109375
2013-10-02,36.9070930480957
2013-10-03,36.50213623046875
2013-10-04,36.7403450012207
2013-10-07,36.486263275146484
2013-10-08,36.073360443115234
2013-10-09,36.05747604370117
2013-10-10,36.98650360107422
2013-10-11,37.161197662353516
2013-10-14,37.30412673950195
2013-10-15,36.9309196472168
2013-10-16,37.17708206176758
2013-10-17,37.462921142578125
2013-10-18,37.86789321899414
2013-10-21,37.96318817138672
2013-10-22,38.21726989746094
2013-10-23,38.23314666748047
2013-10-24,38.51899337768555
2013-10-25,38.71751022338867
2013-10-28,38.66193389892578
2013-10-29,38.77312088012695
2013-10-30,38.59841537475586
2013-10-31,38.606353759765625
2013-11-01,38.88426208496094
2013-11-04,39.02718734741211
2013-11-05,38.98748779296875
2013-11-06,39.09865188598633
2013-11-07,38.68574905395508
2013-11-08,39.209835052490234
2013-11-11,39.178070068359375
2013-11-12,39.19393539428711
2013-11-13,39.42420959472656
2013-11-14,39.575077056884766
2013-11-15,39.71006393432617
2013-11-18,39.77359390258789
2013-11-19,39.487735748291016
2013-11-20,39.31306838989258
2013-11-21,39.63066864013672
2013-11-22,39.980045318603516
2013-11-25,39.8927001953125
2013-11-26,39.97209548950195
2013-11-27,40.13091278076172
2013-11-29,40.01974105834961
2013-12-02,39.85299301147461
2013-12-03,39.51155471801758
2013-12-04,39.35273742675781
2013-12-05,39.36864471435547
2013-12-06,39.97209548950195
2013-12-09,40.07533645629883
2013-12-10,39.987998962402344
2013-12-11,39.36069107055664
2013-12-12,39.400394439697266
2013-12-13,39.51950454711914
2013-12-16,39.8927001953125
2013-12-17,39.876808166503906
2013-12-18,40.54381561279297
2013-12-19,40.58352279663086
2013-12-20,40.9099235534668
2013-12-23,41.0695686340332
2013-12-24,41.261104583740234
2013-12-26,41.54840850830078
2013-12-27,41.5004997253418
2013-12-30,41.46061325073242
2013-12-31,41.70803451538086
2014-01-02,41.125423431396484
2014-01-03,41.237152099609375
2014-01-06,40.997711181640625
2014-01-07,41.25313186645508
2014-01-08,41.181278228759766
2014-01-09,41.38080596923828
2014-01-10,41.44465255737305
2014-01-13,40.941864013671875
2014-01-14,41.37282943725586
2014-01-15,41.66811752319336
2014-01-16,41.56437301635742
2014-01-17,41.35685348510742
2014-01-21,41.396766662597656
2014-01-22,41.52446746826172
2014-01-23,41.029640197753906
2014-01-24,39.75271224975586
2014-01-27,39.7926139831543
2014-01-28,40.1677131652832
2014-01-29,39.73674774169922
2014-01-30,40.127811431884766
2014-01-31,39.92830276489258
2014-02-03,38.81894302368164
2014-02-04,39.066349029541016
2014-02-05,39.050392150878906
2014-02-06,39.593101501464844
2014-02-07,40.279449462890625
2014-02-10,40.02407455444336
2014-02-11,40.47098159790039
2014-02-12,40.70243453979492
2014-02-13,40.73435592651367
2014-02-14,40.997711181640625
2014-02-18,40.96579360961914
2014-02-19,40.58272171020508
2014-02-20,40.96579360961914
2014-02-21,41.01369857788086
2014-02-24,41.3249397277832
2014-02-25,41.18925857543945
2014-02-26,41.229156494140625
2014-02-27,41.46860122680664
2014-02-28,41.54840850830078
2014-03-03,41.26907730102539
2014-03-04,41.86764144897461
2014-03-05,41.92349624633789
2014-03-06,42.162940979003906
2014-03-07,42.29860305786133
2014-03-10,42.11505889892578
2014-03-11,41.811771392822266
2014-03-12,41.73196792602539
2014-03-13,41.14137649536133
2014-03-14,40.98176956176758
2014-03-17,41.48454666137695
2014-03-18,41.70803451538086
2014-03-19,41.27705764770508
2014-03-20,41.396766662597656
2014-03-21,41.400787353515625
2014-03-24,41.26451873779297
2014-03-25,41.6412353515625
2014-03-26,41.2164192199707
2014-03-27,41.16032028198242
2014-03-28,41.464900970458984
2014-03-31,41.94584274291992
2014-04-01,42.24241638183594
2014-04-02,42.53899002075195
2014-04-03,42.60313415527344
2014-04-04,42.11417007446289
2014-04-07,41.513004302978516
2014-04-08,41.513004302978516
2014-04-09,42.04202651977539
2014-04-10,41.208404541015625
2014-04-11,40.79960250854492
2014-04-14,41.03205490112305
2014-04-15,41.32062530517578
2014-04-16,41.953857421875
2014-04-17,42.28249740600586
2014-04-21,42.40275192260742
2014-04-22,42.42678451538086
2014-04-23,42.58710479736328
2014-04-24,42.50693893432617
2014-04-25,42.09012222290039
2014-04-28,42.11417007446289
2014-04-29,42.22639465332031
2014-04-30,42.50693893432617
2014-05-01,42.40275192260742
2014-05-02,42.33860397338867
2014-05-05,42.42678451538086
2014-05-06,42.10614013671875
2014-05-07,42.46685028076172
2014-05-08,42.458839416503906
2014-05-09,42.49089813232422
2014-05-12,43.124141693115234
2014-05-13,43.19627380371094
2014-05-14,42.87565994262695
2014-05-15,42.49891662597656
2014-05-16,42.55501937866211
2014-05-19,42.72336959838867
2014-05-20,42.15425109863281
2014-05-21,42.5710563659668
2014-05-22,42.65121078491211
2014-05-23,42.92375946044922
2014-05-27,43.1481819152832
2014-05-28,43.180240631103516
2014-05-29,43.35659408569336
2014-05-30,43.32453155517578
2014-06-02,43.508880615234375
2014-06-03,43.46080017089844
2014-06-04,43.452762603759766
2014-06-05,43.893638610839844
2014-06-06,44.334510803222656
2014-06-09,44.5589485168457
2014-06-10,44.45472717285156
2014-06-11,44.126102447509766
2014-06-12,43.53293991088867
2014-06-13,43.68523025512695
2014-06-16,43.63713073730469
2014-06-17,43.757381439208984
2014-06-18,44.0058708190918
2014-06-19,44.11809539794922
2014-06-20,44.30328369140625
2014-06-23,44.04560852050781
2014-06-24,43.60274887084961
2014-06-25,43.642982482910156
2014-06-26,43.61079025268555
2014-06-27,43.71547317504883
2014-06-30,43.5302619934082
2014-07-01,43.79598617553711
2014-07-02,43.72352600097656
2014-07-03,44.08585739135742
2014-07-07,43.77184295654297
2014-07-08,43.473899841308594
2014-07-09,43.54638671875
2014-07-10,43.28870391845703
2014-07-11,43.538326263427734
2014-07-14,43.78794479370117
2014-07-15,43.81210708618164
2014-07-16,43.997291564941406
2014-07-17,43.31285858154297
2014-07-18,43.675209045410156
2014-07-21,43.65105056762695
2014-07-22,43.81210708618164
2014-07-23,43.634952545166016
2014-07-24,43.42559051513672
2014-07-25,43.31285858154297
2014-07-28,43.09545135498047
2014-07-29,42.555946350097656
2014-07-30,42.596214294433594
2014-07-31,41.73462677001953
2014-08-01,41.694366455078125
2014-08-04,41.83930206298828
2014-08-05,41.589698791503906
2014-08-06,41.38032913208008
2014-08-07,41.42058181762695
2014-08-08,42.00840377807617
2014-08-11,42.17749786376953
2014-08-12,42.08086395263672
2014-08-13,42.49153518676758
2014-08-14,42.676734924316406
2014-08-15,42.588157653808594
2014-08-18,43.23234176635742
2014-08-19,43.33702087402344
2014-08-20,43.79598617553711
2014-08-21,43.75572204589844
2014-08-22,43.60274887084961
2014-08-25,43.77184295654297
2014-08-26,43.62689971923828
2014-08-27,43.60274887084961
2014-08-28,43.538326263427734
2014-08-29,43.498046875
2014-09-02,43.642982482910156
2014-09-03,43.586639404296875
2014-09-04,43.60274887084961
2014-09-05,43.74767303466797
2014-09-08,43.70741271972656
2014-09-09,43.570533752441406
2014-09-10,43.60274887084961
2014-09-11,43.618839263916016
2014-09-12,43.473899841308594
2014-09-15,43.45779037475586
2014-09-16,43.69936752319336
2014-09-17,43.86847686767578
2014-09-18,44.077823638916016
2014-09-19,44.03493881225586
2014-09-22,43.541439056396484
2014-09-23,43.18547058105469
2014-09-24,43.41199493408203
2014-09-25,42.73241424560547
2014-09-26,43.128841400146484
2014-09-29,43.06411361694336
2014-09-30,42.99939727783203
2014-10-01,42.19036865234375
2014-10-02,42.14182662963867
2014-10-03,42.71623992919922
2014-10-06,42.586795806884766
2014-10-07,41.55125045776367
2014-10-08,42.29553985595703
2014-10-09,41.31663513183594
2014-10-10,40.709869384765625
2014-10-13,40.07883834838867
2014-10-14,40.637062072753906
2014-10-15,40.539981842041016
2014-10-16,40.83931350708008
2014-10-17,41.64833450317383
2014-10-20,41.769691467285156
2014-10-21,42.700050354003906
2014-10-22,42.14182662963867
2014-10-23,43.072208404541016
2014-10-24,43.452449798583984
2014-10-27,43.43626403808594
2014-10-28,44.20484161376953
2014-10-29,44.051124572753906
2014-10-30,44.22909927368164
2014-10-31,44.66598129272461
2014-11-03,44.60933303833008
2014-11-04,44.5850715637207
2014-11-05,44.86013412475586
2014-11-06,45.329376220703125
2014-11-07,45.39410400390625
2014-11-10,45.62062072753906
2014-11-11,45.563987731933594
2014-11-12,45.62872314453125
2014-11-13,45.499263763427734
2014-11-14,45.555908203125
2014-11-17,45.49117660522461
2014-11-18,45.830963134765625
2014-11-19,45.693424224853516
2014-11-20,45.81479263305664
2014-11-21,46.25975036621094
2014-11-24,46.38111877441406
2014-11-25,46.51864242553711
2014-11-26,46.42962646484375
2014-11-28,46.041316986083984
2014-12-01,45.45073699951172
2014-12-02,45.83906173706055
2014-12-03,46.453914642333984
2014-12-04,46.21928405761719
2014-12-05,46.3244743347168
2014-12-08,45.81479263305664
2014-12-09,45.8228759765625
2014-12-10,44.94913101196289
2014-12-11,45.16757583618164
2014-12-12,44.3504638671875
2014-12-15,44.20484161376953
2014-12-16,44.24528503417969
2014-12-17,44.65788269042969
2014-12-18,45.78242874145508
2014-12-19,46.039512634277344
2014-12-22,46.47882843017578
2014-12-23,46.649688720703125
2014-12-24,46.698490142822266
2014-12-26,46.698490142822266
2014-12-29,46.77172088623047
2014-12-30,46.49510955810547
2014-12-31,46.0313835144043
2015-01-02,45.97442626953125
2015-01-05,44.900516510009766
2015-01-06,44.34729766845703
2015-01-07,44.68085861206055
2015-01-08,45.575782775878906
2015-01-09,45.08762741088867
2015-01-12,44.77848434448242
2015-01-13,44.68899154663086
2015-01-14,44.44493103027344
2015-01-15,44.23340606689453
2015-01-16,44.526283264160156
2015-01-20,44.84356689453125
2015-01-21,45.20967102050781
2015-01-22,45.933753967285156
2015-01-23,45.551368713378906
2015-01-26,45.60832595825195
2015-01-27,45.006282806396484
2015-01-28,44.61575698852539
2015-01-29,45.12832260131836
2015-01-30,44.396114349365234
2015-02-02,45.05510330200195
2015-02-03,45.787296295166016
2015-02-04,45.437477111816406
2015-02-05,45.82798385620117
2015-02-06,45.72222137451172
2015-02-09,45.60018539428711
2015-02-10,45.852394104003906
2015-02-11,45.86865997314453
2015-02-12,46.299861907958984
2015-02-13,46.511375427246094
2015-02-17,46.57646560668945
2015-02-18,46.83679962158203
2015-02-19,46.91816329956055
2015-02-20,47.316802978515625
2015-02-23,47.11341857910156
2015-02-24,47.3005256652832
2015-02-25,47.202903747558594
2015-02-26,46.99137878417969
2015-02-27,46.77172088623047
2015-03-02,47.202903747558594
2015-03-03,46.90188980102539
2015-03-04,46.53578567504883
2015-03-05,46.568328857421875
2015-03-06,45.933753967285156
2015-03-09,46.364925384521484
2015-03-10,45.510684967041016
2015-03-11,45.46187973022461
2015-03-12,46.047637939453125
2015-03-13,45.62458801269531
2015-03-16,46.381221771240234
2015-03-17,46.19407272338867
2015-03-18,46.73918151855469
2015-03-19,46.421878814697266
2015-03-20,46.684234619140625
2015-03-23,46.29194259643555
2015-03-24,46.13665008544922
2015-03-25,45.352027893066406
2015-03-26,45.22944259643555
2015-03-27,45.40107727050781
2015-03-30,46.038570404052734
2015-03-31,45.58088302612305
2015-04-01,45.27848434448242
2015-04-02,45.30299758911133
2015-04-06,45.64626693725586
2015-04-07,45.54002380371094
2015-04-08,45.695308685302734
2015-04-09,45.915977478027344
2015-04-10,46.5616455078125
2015-04-13,46.12029266357422
2015-04-14,46.17752456665039
2015-04-15,46.25923156738281
2015-04-16,46.16115188598633
2015-04-17,45.60538101196289
2015-04-20,46.13665008544922
2015-04-21,46.07943344116211
2015-04-22,46.27558517456055
2015-04-23,46.22654724121094
2015-04-24,46.03038787841797
2015-04-27,46.0140380859375
2015-04-28,46.09578323364258
2015-04-29,45.866939544677734
2015-04-30,45.46644973754883
2015-05-01,46.038570404052734
2015-05-04,46.11213684082031
2015-05-05,45.490989685058594
2015-05-06,45.46644973754883
2015-05-07,45.70346450805664
2015-05-08,46.24290466308594
2015-05-11,46.20203399658203
2015-05-12,46.15298843383789
2015-05-13,46.25107192993164
2015-05-14,46.7169303894043
2015-05-15,46.676063537597656
2015-05-18,46.76596450805664
2015-05-19,46.63519287109375
2015-05-20,46.46356201171875
2015-05-21,46.7169303894043
2015-05-22,46.504425048828125
2015-05-26,45.99769592285156
2015-05-27,46.29194259643555
2015-05-28,46.071250915527344
2015-05-29,45.61357498168945
2015-06-01,45.817901611328125
2015-06-02,45.90780258178711
2015-06-03,46.13665008544922
2015-06-04,45.62173080444336
2015-06-05,45.65443420410156
2015-06-08,45.319332122802734
2015-06-09,45.31117248535156
2015-06-10,45.760684967041016
2015-06-11,46.02222442626953
2015-06-12,45.75251007080078
2015-06-15,45.368385314941406
2015-06-16,45.40924072265625
2015-06-17,45.53182601928711
2015-06-18,45.98954391479492
2015-06-19,45.76612854003906
2015-06-22,46.04539108276367
2015-06-23,45.930389404296875
2015-06-24,45.5032958984375
2015-06-25,45.150108337402344
2015-06-26,45.232234954833984
2015-06-29,44.37802505493164
2015-06-30,44.402671813964844
2015-07-01,44.62443542480469
2015-07-02,44.54229736328125
2015-07-06,44.36980056762695
2015-07-07,44.73120880126953
2015-07-08,43.92626953125
2015-07-09,44.03306198120117
2015-07-10,44.49301528930664
2015-07-13,44.98582077026367
2015-07-14,45.10902786254883
2015-07-15,44.92012023925781
2015-07-16,45.12546920776367
2015-07-17,45.10902786254883
2015-07-20,45.117244720458984
2015-07-21,44.63264465332031
2015-07-22,44.435523986816406
2015-07-23,44.024837493896484
2015-07-24,43.44990158081055
2015-07-27,43.23633575439453
2015-07-28,44.07412338256836
2015-07-29,44.616214752197266
2015-07-30,44.57515335083008
2015-07-31,44.534080505371094
2015-08-03,44.320526123046875
2015-08-04,44.29587936401367
2015-08-05,44.54229736328125
2015-08-06,44.31230926513672
2015-08-07,44.098751068115234
2015-08-10,44.961185455322266
2015-08-11,44.410892486572266
2015-08-12,44.419090270996094
2015-08-13,44.3862419128418
2015-08-14,44.66551208496094
2015-08-17,44.887271881103516
2015-08-18,44.80512619018555
2015-08-19,44.3862419128418
2015-08-20,43.46630096435547
2015-08-21,42.26713943481445
2015-08-24,40.76404571533203
2015-08-25,40.230159759521484
2015-08-26,41.48684310913086
2015-08-27,42.488895416259766
2015-08-28,42.50532150268555
2015-08-31,42.12749099731445
2015-09-01,41.01045608520508
2015-09-02,41.922157287597656
2015-09-03,41.946807861328125
2015-09-04,41.363651275634766
2015-09-08,42.50532150268555
2015-09-09,42.0535774230957
2015-09-10,42.07823181152344
2015-09-11,42.30819320678711
2015-09-14,42.09464645385742
2015-09-15,42.82566833496094
2015-09-16,43.13776779174805
2015-09-17,42.94886016845703
2015-09-18,42.00001907348633
2015-09-21,42.20646667480469
2015-09-22,41.595375061035156
2015-09-23,41.30634307861328
2015-09-24,41.05034637451172
2015-09-25,41.132930755615234
2015-09-28,40.32365036010742
2015-09-29,40.58791732788086
2015-09-30,41.19898986816406
2015-10-01,41.108150482177734
2015-10-02,41.628414154052734
2015-10-05,42.80930709838867
2015-10-06,42.76801300048828
2015-10-07,43.32956314086914
2015-10-08,43.9323844909668
2015-10-09,44.081031799316406
2015-10-12,44.08928680419922
2015-10-13,43.61857986450195
2015-10-14,43.14788818359375
2015-10-15,43.61857986450195
2015-10-16,43.3956184387207
2015-10-19,43.453426361083984
2015-10-20,43.742462158203125
2015-10-21,43.75071334838867
2015-10-22,44.97288131713867
2015-10-23,45.138057708740234
2015-10-26,45.0389518737793
2015-10-27,44.54347610473633
2015-10-28,44.89856719970703
2015-10-29,44.873783111572266
2015-10-30,44.81599426269531
2015-11-02,45.33625030517578
2015-11-03,45.3692626953125
2015-11-04,45.24540710449219
2015-11-05,45.3032112121582
2015-11-06,45.3032112121582
2015-11-09,44.95637130737305
2015-11-10,44.948116302490234
2015-11-11,45.005916595458984
2015-11-12,44.39481735229492
2015-11-13,44.19664001464844
2015-11-16,44.766441345214844
2015-11-17,44.675601959228516
2015-11-18,45.294944763183594
2015-11-19,45.49313735961914
2015-11-20,45.724361419677734
2015-11-23,45.49313735961914
2015-11-24,45.4188232421875
2015-11-25,45.4188232421875
2015-11-27,45.50139617919922
2015-11-30,45.204124450683594
2015-12-01,45.4188232421875
2015-12-02,44.95637130737305
2015-12-03,44.39481735229492
2015-12-04,45.05546188354492
2015-12-07,44.83250427246094
2015-12-08,44.114044189453125
2015-12-09,43.981937408447266
2015-12-10,44.18838119506836
2015-12-11,43.445167541503906
2015-12-14,43.60206604003906
2015-12-15,43.61032485961914
2015-12-16,44.386573791503906
2015-12-17,43.65161895751953
2015-12-18,42.98613739013672
2015-12-21,43.31846237182617
2015-12-22,43.91664123535156
2015-12-23,44.43173599243164
2015-12-24,44.415138244628906
2015-12-28,44.31542205810547
2015-12-29,44.73915481567383
2015-12-30,44.365272521972656
2015-12-31,44.041263580322266
2016-01-04,43.45138931274414
2016-01-05,43.56770324707031
2016-01-06,42.89474868774414
2016-01-07,41.73160171508789
2016-01-08,41.307899475097656
2016-01-11,41.332820892333984
2016-01-12,41.6651611328125
2016-01-13,40.65987014770508
2016-01-14,41.14174270629883
2016-01-15,40.41891098022461
2016-01-19,40.41063690185547
2016-01-20,39.88721466064453
2016-01-21,40.061683654785156
2016-01-22,40.41063690185547
2016-01-25,39.91213607788086
2016-01-26,40.66815948486328
2016-01-27,40.21123123168945
2016-01-28,40.4438591003418
2016-01-29,41.53221893310547
2016-02-01,41.432518005371094
2016-02-02,40.60171127319336
2016-02-03,41.2580451965332
2016-02-04,41.9725456237793
2016-02-05,41.573753356933594
2016-02-08,41.22481918334961
2016-02-09,41.47406005859375
2016-02-10,41.2580451965332
2016-02-11,40.452152252197266
2016-02-12,41.26636505126953
2016-02-16,42.09716033935547
2016-02-17,42.74520492553711
2016-02-18,42.72027587890625
2016-02-19,42.63719940185547
2016-02-22,43.3599967956543
2016-02-23,42.9279670715332
2016-02-24,42.95289993286133
2016-02-25,43.517860412597656
2016-02-26,43.57600402832031
2016-02-29,43.30183029174805
2016-03-01,44.149269104003906
2016-03-02,44.182498931884766
2016-03-03,44.49821090698242
2016-03-04,44.68097686767578
2016-03-07,44.81391906738281
2016-03-08,44.182498931884766
2016-03-09,44.32373046875
2016-03-10,44.25727462768555
2016-03-11,44.897003173828125
2016-03-14,44.93853759765625
2016-03-15,44.913631439208984
2016-03-16,45.071468353271484
2016-03-17,46.06012725830078
2016-03-18,46.455116271972656
2016-03-21,46.73069763183594
2016-03-22,46.463478088378906
2016-03-23,46.16284942626953
2016-03-24,46.02922439575195
2016-03-28,46.04593276977539
2016-03-29,46.346553802490234
2016-03-30,46.43007278442383
2016-03-31,46.32150650024414
2016-04-01,46.53862762451172
2016-04-04,46.012535095214844
2016-04-05,45.728599548339844
2016-04-06,45.954071044921875
2016-04-07,45.51148223876953
2016-04-08,45.68685531616211
2016-04-11,45.70355224609375
2016-04-12,45.97077560424805
2016-04-13,46.65553665161133
2016-04-14,46.73906326293945
2016-04-15,46.80585479736328
2016-04-18,46.84760284423828
2016-04-19,47.181640625
2016-04-20,47.10647201538086
2016-04-21,46.989566802978516
2016-04-22,47.10647201538086
2016-04-25,46.88100814819336
2016-04-26,47.29853820800781
2016-04-27,47.632568359375
2016-04-28,47.17327880859375
2016-04-29,46.89769744873047
2016-05-02,47.1398811340332
2016-05-03,46.75575256347656
2016-05-04,46.179534912109375
2016-05-05,46.15448760986328
2016-05-06,46.463478088378906
2016-05-09,46.254703521728516
2016-05-10,47.04802322387695
2016-05-11,46.65553665161133
2016-05-12,46.555328369140625
2016-05-13,45.97077560424805
2016-05-16,46.53862762451172
2016-05-17,46.313148498535156
2016-05-18,46.15448760986328
2016-05-19,45.72026443481445
2016-05-20,45.954071044921875
2016-05-23,45.870574951171875
2016-05-24,46.346553802490234
2016-05-25,46.66388702392578
2016-05-26,46.5302848815918
2016-05-27,46.705650329589844
2016-05-31,46.697288513183594
2016-06-01,46.73906326293945
2016-06-02,46.79750061035156
2016-06-03,46.75575256347656
2016-06-06,47.19833755493164
2016-06-07,47.423805236816406
2016-06-08,47.72443389892578
2016-06-09,47.716068267822266
2016-06-10,47.15658950805664
2016-06-13,46.64717102050781
2016-06-14,46.65553665161133
2016-06-15,46.672245025634766
2016-06-16,46.75575256347656
2016-06-17,46.79521179199219
2016-06-20,47.22345733642578
2016-06-21,47.18985366821289
2016-06-22,47.05552291870117
2016-06-23,47.6013069152832
2016-06-24,45.661651611328125
2016-06-27,44.58685302734375
2016-06-28,45.342567443847656
2016-06-29,46.148651123046875
2016-06-30,47.03032684326172
2016-07-01,47.181461334228516
2016-07-05,46.75321960449219
2016-07-06,46.98834228515625
2016-07-07,47.114280700683594
2016-07-08,48.054725646972656
2016-07-11,48.35702133178711
2016-07-12,48.80203628540039
2016-07-13,48.919593811035156
2016-07-14,49.28905487060547
2016-07-15,49.28065872192383
2016-07-18,49.238677978515625
2016-07-19,49.263851165771484
2016-07-20,49.35622787475586
2016-07-21,48.85243225097656
2016-07-22,48.94479751586914
2016-07-25,48.68448257446289
2016-07-26,49.08753204345703
2016-07-27,48.894412994384766
2016-07-28,48.87761306762695
2016-07-29,48.73486328125
2016-08-01,48.676090240478516
2016-08-02,48.222660064697266
2016-08-03,48.4577751159668
2016-08-04,48.47456741333008
2016-08-05,48.96158218383789
2016-08-08,49.02874755859375
2016-08-09,49.0119514465332
2016-08-10,48.98677062988281
2016-08-11,49.30584716796875
2016-08-12,49.1714973449707
2016-08-15,49.49897766113281
2016-08-16,49.28065872192383
2016-08-17,49.423397064208984
2016-08-18,49.57454299926758
2016-08-19,49.55775451660156
2016-08-22,49.515769958496094
2016-08-23,49.55775451660156
2016-08-24,49.4066162109375
2016-08-25,49.39820861816406
2016-08-26,49.25546646118164
2016-08-29,49.608131408691406
2016-08-30,49.473777770996094
2016-08-31,49.19668960571289
2016-09-01,49.238677978515625
2016-09-02,49.48217010498047
2016-09-06,49.33942794799805
2016-09-07,49.39820861816406
2016-09-08,49.35622787475586
2016-09-09,47.96236038208008
2016-09-12,48.575321197509766
2016-09-13,47.861610412597656
2016-09-14,47.81960678100586
2016-09-15,48.19746780395508
2016-09-16,47.79391098022461
2016-09-19,48.00497817993164
2016-09-20,48.04719543457031
2016-09-21,48.67195510864258
2016-09-22,49.018096923828125
2016-09-23,48.73104476928711
2016-09-26,48.51997375488281
2016-09-27,48.85769271850586
2016-09-28,49.23760986328125
2016-09-29,48.849239349365234
2016-09-30,49.28826904296875
2016-10-03,49.330482482910156
2016-10-04,48.91678237915039
2016-10-05,49.22916793823242
2016-10-06,49.22916793823242
2016-10-07,48.59596252441406
2016-10-10,48.64662170410156
2016-10-11,48.14006423950195
2016-10-12,48.23293685913086
2016-10-13,48.216041564941406
2016-10-14,48.31735610961914
2016-10-17,48.19071960449219
2016-10-18,48.29202651977539
2016-10-19,48.444000244140625
2016-10-20,48.18226623535156
2016-10-21,48.1147346496582
2016-10-24,48.20759582519531
2016-10-25,48.080955505371094
2016-10-26,48.24981689453125
2016-10-27,47.920562744140625
2016-10-28,48.20759582519531
2016-10-31,48.30046844482422
2016-11-01,47.886775970458984
2016-11-02,47.70948791503906
2016-11-03,47.633506774902344
2016-11-04,47.67572021484375
2016-11-07,48.849239349365234
2016-11-08,49.144737243652344
2016-11-09,50.37736511230469
2016-11-10,51.449581146240234
2016-11-11,51.54246139526367
2016-11-14,51.76198196411133
2016-11-15,51.95614242553711
2016-11-16,51.66065216064453
2016-11-17,51.770416259765625
2016-11-18,51.7535285949707
2016-11-21,52.03213882446289
2016-11-22,52.268531799316406
2016-11-23,52.656890869140625
2016-11-25,52.943931579589844
2016-11-28,52.58089065551758
2016-11-29,52.62312316894531
2016-11-30,52.69065856933594
2016-12-01,53.036808013916016
2016-12-02,53.028358459472656
2016-12-05,52.98613739013672
2016-12-06,53.08747482299805
2016-12-07,54.075260162353516
2016-12-08,53.77131271362305
2016-12-09,54.01615524291992
2016-12-12,53.82197952270508
2016-12-13,53.745994567871094
2016-12-14,53.20565414428711
2016-12-15,53.26476287841797
2016-12-16,53.157737731933594
2016-12-19,53.45503234863281
2016-12-20,53.76082229614258
2016-12-21,53.55696487426758
2016-12-22,53.45503234863281
2016-12-23,53.50600051879883
2016-12-27,53.61642837524414
2016-12-28,53.05579376220703
2016-12-29,53.03881072998047
2016-12-30,52.8519287109375
2017-01-03,53.166221618652344
2017-01-04,53.480506896972656
2017-01-05,53.327613830566406
2017-01-06,53.633419036865234
2017-01-09,53.21718215942383
2017-01-10,53.43804168701172
2017-01-11,53.71836471557617
2017-01-12,53.49750518798828
2017-01-13,53.70138168334961
2017-01-17,53.28515625
2017-01-18,53.4890022277832
2017-01-19,53.879756927490234
2017-01-20,53.88825225830078
2017-01-23,53.5909538269043
2017-01-24,54.126094818115234
2017-01-25,54.695213317871094
2017-01-26,54.822628021240234
2017-01-27,54.780147552490234
2017-01-30,54.3129768371582
2017-01-31,53.837276458740234
2017-02-01,53.74384689331055
2017-02-02,53.64190673828125
2017-02-03,54.04114532470703
2017-02-06,54.117591857910156
2017-02-07,54.211021423339844
2017-02-08,54.13459777832031
2017-02-09,54.55080795288086
2017-02-10,54.98401641845703
2017-02-13,55.53614807128906
2017-02-14,55.56163787841797
2017-02-15,55.85892868041992
2017-02-16,55.87592697143555
2017-02-17,55.96936798095703
2017-02-21,56.24968338012695
2017-02-22,56.096771240234375
2017-02-23,55.73153305053711
2017-02-24,55.96936798095703
2017-02-27,56.1732292175293
2017-02-28,55.94388198852539
2017-03-01,56.88675308227539
2017-03-02,56.27517318725586
2017-03-03,56.33462142944336
2017-03-06,56.198707580566406
2017-03-07,56.03731918334961
2017-03-08,55.84195327758789
2017-03-09,55.58711624145508
2017-03-10,55.92689514160156
2017-03-13,55.892913818359375
2017-03-14,55.36626434326172
2017-03-15,55.994850158691406
2017-03-16,55.74000930786133
2017-03-17,56.04464340209961
2017-03-20,55.9422492980957
2017-03-21,55.08895492553711
2017-03-22,55.28520965576172
2017-03-23,55.20840072631836
2017-03-24,55.0633430480957
2017-03-27,54.86708450317383
2017-03-28,55.44733810424805
2017-03-29,55.43880844116211
2017-03-30,55.746002197265625
2017-03-31,55.51559829711914
2017-04-03,55.39613342285156
2017-04-04,55.541194915771484
2017-04-05,55.36199951171875
2017-04-06,55.51559829711914
2017-04-07,55.5753288269043
2017-04-10,55.711856842041016
2017-04-11,55.788639068603516
2017-04-12,55.02069091796875
2017-04-13,54.628177642822266
2017-04-17,55.2254753112793
2017-04-18,55.04628372192383
2017-04-19,55.09748458862305
2017-04-20,55.7630500793457
2017-04-21,55.81427001953125
2017-04-24,56.607826232910156
2017-04-25,56.88087844848633
2017-04-26,56.8894157409668
2017-04-27,56.87235641479492
2017-04-28,56.607826232910156
2017-05-01,56.43716812133789
2017-05-02,56.71022033691406
2017-05-03,56.752899169921875
2017-05-04,56.81262969970703
2017-05-05,57.10273361206055
2017-05-08,56.94915008544922
2017-05-09,57.025936126708984
2017-05-10,56.906463623046875
2017-05-11,56.8894157409668
2017-05-12,56.573692321777344
2017-05-15,56.83820343017578
2017-05-16,56.778465270996094
2017-05-17,55.643585205078125
2017-05-18,55.72039031982422
2017-05-19,56.4542236328125
2017-05-22,56.8894157409668
2017-05-23,57.00886917114258
2017-05-24,57.07714080810547
2017-05-25,57.452598571777344
2017-05-26,57.52085494995117
2017-05-30,57.50379180908203
2017-05-31,57.614715576171875
2017-06-01,57.97309875488281
2017-06-02,58.203495025634766
2017-06-05,57.99868392944336
2017-06-06,57.606178283691406
2017-06-07,57.537906646728516
2017-06-08,57.72566604614258
2017-06-09,57.94749069213867
2017-06-12,58.16081619262695
2017-06-13,58.399749755859375
2017-06-14,58.34003448486328
2017-06-15,58.68986892700195
2017-06-16,58.88191604614258
2017-06-19,59.24199295043945
2017-06-20,58.607566833496094
2017-06-21,58.213191986083984
2017-06-22,58.09314727783203
2017-06-23,58.30750274658203
2017-06-26,58.324642181396484
2017-06-27,57.88740539550781
2017-06-28,58.410362243652344
2017-06-29,57.91313934326172
2017-06-30,58.393253326416016
2017-07-03,58.75331497192383
2017-07-05,58.92477798461914
2017-07-06,58.410362243652344
2017-07-07,58.864784240722656
2017-07-10,59.0362548828125
2017-07-11,58.98480224609375
2017-07-12,59.31059265136719
2017-07-13,59.26771545410156
2017-07-14,59.524925231933594
2017-07-17,59.49063491821289
2017-07-18,59.353458404541016
2017-07-19,59.41347122192383
2017-07-20,59.07911682128906
2017-07-21,58.96764373779297
2017-07-24,58.839046478271484
2017-07-25,58.761863708496094
2017-07-26,58.839046478271484
2017-07-27,58.504676818847656
2017-07-28,58.64186096191406
2017-07-31,58.56471252441406
2017-08-01,58.393253326416016
2017-08-02,58.65043640136719
2017-08-03,58.94192886352539
2017-08-04,59.05339431762695
2017-08-07,59.05339431762695
2017-08-08,58.87333679199219
2017-08-09,58.8904914855957
2017-08-10,58.144622802734375
2017-08-11,58.17890167236328
2017-08-14,58.78759765625
2017-08-15,58.659000396728516
2017-08-16,58.82189178466797
2017-08-17,57.80166244506836
2017-08-18,57.57019805908203
2017-08-21,57.664493560791016
2017-08-22,58.324642181396484
2017-08-23,57.77595901489258
2017-08-24,57.59590530395508
2017-08-25,57.870262145996094
2017-08-28,57.83595657348633
2017-08-29,58.25605392456055
2017-08-30,58.4961051940918
2017-08-31,58.693294525146484
2017-09-01,58.744754791259766
2017-09-05,58.15318298339844
2017-09-06,58.213191986083984
2017-09-07,58.333221435546875
2017-09-08,58.530399322509766
2017-09-11,59.0362548828125
2017-09-12,59.31917953491211
2017-09-13,59.233428955078125
2017-09-14,59.51634979248047
2017-09-15,59.76268005371094
2017-09-18,60.098567962646484
2017-09-19,60.158836364746094
2017-09-20,60.59809494018555
2017-09-21,60.7789421081543
2017-09-22,60.9339714050293
2017-09-25,60.9339714050293
2017-09-26,60.9339714050293
2017-09-27,61.00286865234375
2017-09-28,60.96841812133789
2017-09-29,61.1493034362793
2017-10-02,61.57130432128906
2017-10-03,61.83830261230469
2017-10-04,61.82107925415039
2017-10-05,61.967464447021484
2017-10-06,61.958900451660156
2017-10-09,61.7866325378418
2017-10-10,61.88136672973633
2017-10-11,61.84690475463867
2017-10-12,62.1741828918457
2017-10-13,62.062225341796875
2017-10-16,62.13111877441406
2017-10-17,61.967464447021484
2017-10-18,61.99333953857422
2017-10-19,62.16557312011719
2017-10-20,62.83736801147461
2017-10-23,62.441165924072266
2017-10-24,62.794307708740234
2017-10-25,62.1741828918457
2017-10-26,62.26030731201172
2017-10-27,62.28617477416992
2017-10-30,61.85551071166992
2017-10-31,61.60577392578125
2017-11-01,61.57130432128906
2017-11-02,61.92441177368164
2017-11-03,61.86414337158203
2017-11-06,61.898582458496094
2017-11-07,61.99333953857422
2017-11-08,61.88996124267578
2017-11-09,61.114837646484375
2017-11-10,61.20098114013672
2017-11-13,60.994258880615234
2017-11-14,60.83061981201172
2017-11-15,60.486122131347656
2017-11-16,61.0545654296875
2017-11-17,60.718658447265625
2017-11-20,60.994258880615234
2017-11-21,61.43349838256836
2017-11-22,61.50240707397461
2017-11-24,61.50240707397461
2017-11-27,61.60577392578125
2017-11-28,62.54454040527344
2017-11-29,63.09572219848633
2017-11-30,64.17229461669922
2017-12-01,63.37993240356445
2017-12-04,63.9139289855957
2017-12-05,63.37135696411133
2017-12-06,63.4660758972168
2017-12-07,64.05174255371094
2017-12-08,64.32730102539062
2017-12-11,64.1981201171875
2017-12-12,64.26705169677734
2017-12-13,64.51679992675781
2017-12-14,64.07757568359375
2017-12-15,64.52957916259766
2017-12-18,64.988525390625
2017-12-19,65.005859375
2017-12-20,65.22233581542969
2017-12-21,65.27428436279297
2017-12-22,65.29159545898438
2017-12-26,65.36088562011719
2017-12-27,65.51673889160156
2017-12-28,65.64664459228516
2017-12-29,65.52540588378906
2018-01-02,65.91508483886719
2018-01-03,66.27013397216797
2018-01-04,66.75503540039062
2018-01-05,67.21401977539062
2018-01-08,67.49107360839844
2018-01-09,67.9240493774414
2018-01-10,67.9154052734375
2018-01-11,68.78132629394531
2018-01-12,69.42211151123047
2018-01-16,68.79865264892578
2018-01-17,69.1796646118164
2018-01-18,68.80728149414062
2018-01-19,69.00646209716797
2018-01-22,69.00646209716797
2018-01-23,69.04110717773438
2018-01-24,68.98049926757812
2018-01-25,69.04977416992188
2018-01-26,69.84642791748047
2018-01-29,69.37879943847656
2018-01-30,68.83329010009766
2018-01-31,69.04110717773438
2018-02-01,68.91986083984375
2018-02-02,67.53437805175781
2018-02-05,64.46894073486328
2018-02-06,65.64664459228516
2018-02-07,65.7678451538086
2018-02-08,63.230682373046875
2018-02-09,63.91475296020508
2018-02-12,64.9452133178711
2018-02-13,65.0924301147461
2018-02-14,65.91508483886719
2018-02-15,66.91089630126953
2018-02-16,66.92821502685547
2018-02-20,66.25279998779297
2018-02-21,66.27013397216797
2018-02-22,66.71173095703125
2018-02-23,67.26593780517578
2018-02-26,68.1925048828125
2018-02-27,67.33523559570312
2018-02-28,66.37401580810547
2018-03-01,65.07511138916016
2018-03-02,65.05778503417969
2018-03-05,65.83715057373047
2018-03-06,66.13157653808594
2018-03-07,66.12290954589844
2018-03-08,66.4692611694336
2018-03-09,67.93272399902344
2018-03-12,67.09276580810547
2018-03-13,66.76368713378906
2018-03-14,66.03631591796875
2018-03-15,66.22684478759766
2018-03-16,66.5806884765625
2018-03-19,66.06771087646484
2018-03-20,66.29375457763672
2018-03-21,66.37200927734375
2018-03-22,64.18106842041016
2018-03-23,63.242061614990234
2018-03-26,64.77225494384766
2018-03-27,63.87675094604492
2018-03-28,63.65939712524414
2018-03-29,64.58969116210938
2018-04-02,63.259464263916016
2018-04-03,64.13760375976562
2018-04-04,64.41580963134766
2018-04-05,65.06788635253906
2018-04-06,63.26814270019531
2018-04-09,63.0768928527832
2018-04-10,64.04195404052734
2018-04-11,63.57246017456055
2018-04-12,64.4853744506836
2018-04-13,64.32886505126953
2018-04-16,64.97222900390625
2018-04-17,65.51997375488281
2018-04-18,66.1981201171875
2018-04-19,66.01557922363281
2018-04-20,65.7286376953125
2018-04-23,65.65038299560547
2018-04-24,63.815895080566406
2018-04-25,63.99849319458008
2018-04-26,63.76371765136719
2018-04-27,63.63331604003906
2018-04-30,62.78998565673828
2018-05-01,62.50306701660156
2018-05-02,61.95533752441406
2018-05-03,62.10313415527344
2018-05-04,62.82475662231445
2018-05-07,63.242061614990234
2018-05-08,63.69418716430664
2018-05-09,64.38103485107422
2018-05-10,64.81574249267578
2018-05-11,64.9548568725586
2018-05-14,64.84183502197266
2018-05-15,64.62448120117188
2018-05-16,64.85919952392578
2018-05-17,65.11133575439453
2018-05-18,65.49390411376953
2018-05-21,66.48503875732422
2018-05-22,65.66779327392578
2018-05-23,65.60690307617188
2018-05-24,65.92859649658203
2018-05-25,65.80690002441406
2018-05-29,64.7549057006836
2018-05-30,65.66779327392578
2018-05-31,64.7201156616211
2018-06-01,65.43303680419922
2018-06-04,65.33740997314453
2018-06-05,65.4156494140625
2018-06-06,65.96338653564453
2018-06-07,66.24159240722656
2018-06-08,66.45895385742188
2018-06-11,66.58936309814453
2018-06-12,66.51981353759766
2018-06-13,65.98945617675781
2018-06-14,65.73734283447266
2018-06-15,65.57322692871094
2018-06-18,65.30262756347656
2018-06-19,63.923423767089844
2018-06-20,63.9670524597168
2018-06-21,63.16399383544922
2018-06-22,63.382205963134766
2018-06-25,62.57914733886719
2018-06-26,62.814815521240234
2018-06-27,62.308536529541016
2018-06-28,62.39582824707031
2018-06-29,62.52674865722656
2018-07-02,62.66642379760742
2018-07-03,62.465660095214844
2018-07-05,62.77119445800781
2018-07-06,62.989418029785156
2018-07-09,64.15910339355469
2018-07-10,64.35987854003906
2018-07-11,63.30366516113281
2018-07-12,64.04562377929688
2018-07-13,64.37733459472656
2018-07-16,64.1154556274414
2018-07-17,64.36859893798828
2018-07-18,65.07566833496094
2018-07-19,65.0494613647461
2018-07-20,64.97965240478516
2018-07-23,64.57807159423828
2018-07-24,64.84871673583984
2018-07-25,65.8350830078125
2018-07-26,66.34137725830078
2018-07-27,66.3501205444336
2018-07-30,65.69544219970703
2018-07-31,67.14445495605469
2018-08-01,66.23662567138672
2018-08-02,66.14934539794922
2018-08-03,66.2104263305664
2018-08-06,66.30647277832031
2018-08-07,66.77784729003906
2018-08-08,66.4810791015625
2018-08-09,66.11443328857422
2018-08-10,65.52955627441406
2018-08-13,65.21534729003906
2018-08-14,65.66925811767578
2018-08-15,65.35497283935547
2018-08-16,66.18425750732422
2018-08-17,66.58578491210938
2018-08-20,67.0309829711914
2018-08-21,67.5285415649414
2018-08-22,66.87385559082031
2018-08-23,66.68182373046875
2018-08-24,66.96989440917969
2018-08-27,67.81658935546875
2018-08-28,67.67694854736328
2018-08-29,67.72932434082031
2018-08-30,67.25794219970703
2018-08-31,67.30158233642578
2018-09-04,67.24921417236328
2018-09-05,67.72932434082031
2018-09-06,67.93882751464844
2018-09-07,67.72932434082031
2018-09-10,68.07847595214844
2018-09-11,68.06105041503906
2018-09-12,68.27051544189453
2018-09-13,68.68077087402344
2018-09-14,69.021240234375
2018-09-17,69.04740905761719
2018-09-18,69.67589569091797
2018-09-19,69.61480712890625
2018-09-20,69.71954345703125
2018-09-21,70.17039489746094
2018-09-24,68.96876525878906
2018-09-25,68.75820922851562
2018-09-26,68.71437072753906
2018-09-27,68.81086730957031
2018-09-28,68.7669906616211
2018-10-01,69.3722152709961
2018-10-02,69.53009033203125
2018-10-03,69.81958770751953
2018-10-04,69.59149932861328
2018-10-05,69.23188781738281
2018-10-08,69.40730285644531
2018-10-09,68.33720397949219
2018-10-10,66.1355972290039
2018-10-11,64.39012145996094
2018-10-12,64.81991577148438
2018-10-15,64.94270324707031
2018-10-16,66.03912353515625
2018-10-17,65.55669403076172
2018-10-18,64.4251937866211
2018-10-19,64.1883544921875
2018-10-22,63.9691047668457
2018-10-23,62.916534423828125
2018-10-24,60.78512191772461
2018-10-25,61.214908599853516
2018-10-26,60.60969543457031
2018-10-29,59.600982666015625
2018-10-30,60.82896423339844
2018-10-31,61.293861389160156
2018-11-01,62.37273025512695
2018-11-02,62.2674674987793
2018-11-05,62.59199905395508
2018-11-06,63.24983215332031
2018-11-07,64.27608489990234
2018-11-08,64.17082977294922
2018-11-09,63.521751403808594
2018-11-12,62.2674674987793
2018-11-13,62.54814910888672
2018-11-14,62.33762741088867
2018-11-15,63.16213607788086
2018-11-16,63.144588470458984
2018-11-19,62.14467239379883
2018-11-20,60.85527038574219
2018-11-21,61.28508377075195
2018-11-23,61.162269592285156
2018-11-26,61.60960388183594
2018-11-27,61.504371643066406
2018-11-28,62.97793960571289
2018-11-29,63.01302719116211
2018-11-30,63.62700271606445
2018-12-03,64.36380767822266
2018-12-04,61.62715530395508
2018-12-06,61.28508377075195
2018-12-07,59.67115783691406
2018-12-10,59.82027053833008
2018-12-11,59.469425201416016
2018-12-12,59.80271911621094
2018-12-13,59.63608169555664
2018-12-14,58.81156921386719
2018-12-17,57.84673309326172
2018-12-18,58.13618087768555
2018-12-19,57.03976058959961
2018-12-20,55.995975494384766
2018-12-21,54.93869400024414
2018-12-24,53.25302505493164
2018-12-26,55.73299026489258
2018-12-27,56.43019485473633
2018-12-28,56.280174255371094
2018-12-31,56.845001220703125
2019-01-02,57.13623046875
2019-01-03,55.39760208129883
2019-01-04,57.498085021972656
2019-01-07,57.96582794189453
2019-01-08,58.7601203918457
2019-01-09,59.15727996826172
2019-01-10,59.960391998291016
2019-01-11,59.89860534667969
2019-01-14,59.88978576660156
2019-01-15,59.70445251464844
2019-01-16,59.766231536865234
2019-01-17,60.78998565673828
2019-01-18,61.94612503051758
2019-01-22,60.66643524169922
2019-01-23,60.75468063354492
2019-01-24,61.063594818115234
2019-01-25,61.84021759033203
2019-01-28,61.24892044067383
2019-01-29,62.096168518066406
2019-01-30,63.06696701049805
2019-01-31,63.3405647277832
2019-02-01,63.43765640258789
2019-02-04,64.2583999633789
2019-02-05,64.81440734863281
2019-02-06,64.83206176757812
2019-02-07,64.39079284667969
2019-02-08,64.4878921508789
2019-02-11,64.83206176757812
2019-02-12,65.83817291259766
2019-02-13,66.22649383544922
2019-02-14,65.91759490966797
2019-02-15,66.8001480102539
2019-02-19,66.77367401123047
2019-02-20,67.09139251708984
2019-02-21,66.81782531738281
2019-02-22,67.25908660888672
2019-02-25,67.5238265991211
2019-02-26,67.3385238647461
2019-02-27,67.60325622558594
2019-02-28,67.37381744384766
2019-03-01,67.43558502197266
2019-03-04,67.13551330566406
2019-03-05,66.70307159423828
2019-03-06,66.07645416259766
2019-03-07,65.67931365966797
2019-03-08,65.54693603515625
2019-03-11,66.10294342041016
2019-03-12,65.55574035644531
2019-03-13,66.12942504882812
2019-03-14,65.90877532958984
2019-03-15,65.67620086669922
2019-03-18,66.3153076171875
2019-03-19,66.07565307617188
2019-03-20,65.62297058105469
2019-03-21,66.25318145751953
2019-03-22,64.75306701660156
2019-03-25,64.90396118164062
2019-03-26,65.33891296386719
2019-03-27,65.40991973876953
2019-03-28,65.88923645019531
2019-03-29,66.59940338134766
2019-04-01,67.9751968383789
2019-04-02,67.94855499267578
2019-04-03,67.7444076538086
2019-04-04,68.16160583496094
2019-04-05,68.35685729980469
2019-04-08,68.06394958496094
2019-04-09,67.14081573486328
2019-04-10,67.12306213378906
2019-04-11,67.70001983642578
2019-04-12,68.5965347290039
2019-04-15,68.21485137939453
2019-04-16,68.63204193115234
2019-04-17,68.72080993652344
2019-04-18,69.51081085205078
2019-04-22,69.29778289794922
2019-04-23,69.9013671875
2019-04-24,69.69720458984375
2019-04-25,68.29473114013672
2019-04-26,68.8095703125
2019-04-29,68.96935272216797
2019-04-30,69.24451446533203
2019-05-01,68.79182434082031
2019-05-02,68.7563247680664
2019-05-03,69.59069061279297
2019-05-06,68.92497253417969
2019-05-07,67.5313720703125
2019-05-08,67.5313720703125
2019-05-09,67.43373107910156
2019-05-10,67.70001983642578
2019-05-13,65.77384948730469
2019-05-14,66.45732879638672
2019-05-15,66.54610443115234
2019-05-16,67.1585693359375
2019-05-17,66.4129638671875
2019-05-20,66.24429321289062
2019-05-21,67.0254135131836
2019-05-22,66.47509765625
2019-05-23,65.46319580078125
2019-05-24,65.48980712890625
2019-05-28,64.88621520996094
2019-05-29,64.59327697753906
2019-05-30,64.84184265136719
2019-05-31,63.95420455932617
2019-06-03,64.38912200927734
2019-06-04,65.92476654052734
2019-06-05,66.5638656616211
2019-06-06,66.67922973632812
2019-06-07,67.21184539794922
2019-06-10,67.30059814453125
2019-06-11,66.72364044189453
2019-06-12,66.86563873291016
2019-06-13,67.20296478271484
2019-06-14,66.9366455078125
2019-06-17,66.70587921142578
2019-06-18,68.00181579589844
2019-06-19,67.94855499267578
2019-06-20,69.08474731445312
2019-06-21,68.716552734375
2019-06-24,68.58282470703125
2019-06-25,68.06575775146484
2019-06-26,68.23513793945312
2019-06-27,68.29753875732422
2019-06-28,69.01966094970703
2019-07-01,69.08204650878906
2019-07-02,68.99292755126953
2019-07-03,69.37622833251953
2019-07-05,69.0998764038086
2019-07-08,68.52934265136719
2019-07-09,68.37779235839844
2019-07-10,68.21731567382812
2019-07-11,68.6808853149414
2019-07-12,69.88441467285156
2019-07-15,69.5991439819336
2019-07-16,70.04489135742188
2019-07-17,68.54718017578125
2019-07-18,68.67198944091797
2019-07-19,69.0464096069336
2019-07-22,69.0998764038086
2019-07-23,69.97357940673828
2019-07-24,70.27666473388672
2019-07-25,70.13401794433594
2019-07-26,69.98248291015625
2019-07-29,69.85768127441406
2019-07-30,70.16078186035156
2019-07-31,69.37622833251953
2019-08-01,68.03010559082031
2019-08-02,67.59326934814453
2019-08-05,65.72113800048828
2019-08-06,66.710693359375
2019-08-07,66.6750259399414
2019-08-08,67.80721282958984
2019-08-09,67.23668670654297
2019-08-12,66.30948638916016
2019-08-13,67.10293579101562
2019-08-14,65.05250549316406
2019-08-15,64.98117065429688
2019-08-16,66.23819732666016
2019-08-19,66.86223602294922
2019-08-20,66.4699935913086
2019-08-21,66.88008117675781
2019-08-22,66.97814178466797
2019-08-23,65.18621826171875
2019-08-26,65.66763305664062
2019-08-27,65.32886505126953
2019-08-28,66.1312026977539
2019-08-29,67.26339721679688
2019-08-30,67.53980255126953
2019-09-03,66.62153625488281
2019-09-04,67.46845245361328
2019-09-05,68.6808853149414
2019-09-06,68.82351684570312
2019-09-09,69.02859497070312
2019-09-10,69.66154479980469
2019-09-11,70.31233978271484
2019-09-12,70.3569107055664
2019-09-13,70.74024963378906
2019-09-16,70.67782592773438
2019-09-17,70.64219665527344
2019-09-18,70.53521728515625
2019-09-19,70.1785888671875
2019-09-20,69.73497772216797
2019-09-23,69.60054016113281
2019-09-24,69.20622253417969
2019-09-25,69.65432739257812
2019-09-26,69.75289154052734
2019-09-27,69.47506713867188
2019-09-30,69.57365417480469
2019-10-01,67.90668487548828
2019-10-02,66.62509155273438
2019-10-03,67.06424713134766
2019-10-04,67.76329040527344
2019-10-07,67.42273712158203
2019-10-08,66.38312530517578
2019-10-09,66.94770812988281
2019-10-10,67.5571517944336
2019-10-11,68.82979583740234
2019-10-14,68.69536590576172
2019-10-15,69.25102233886719
2019-10-16,69.21515655517578
2019-10-17,69.55574035644531
2019-10-18,68.95525360107422
2019-10-21,69.3675308227539
2019-10-22,69.91423034667969
2019-10-23,69.9052505493164
2019-10-24,70.00382232666016
2019-10-25,70.44300842285156
2019-10-28,70.6401596069336
2019-10-29,70.87317657470703
2019-10-30,71.1241226196289
2019-10-31,70.36231994628906
2019-11-01,71.89488983154297
2019-11-04,72.7283706665039
2019-11-05,72.88072204589844
2019-11-06,72.92549896240234
2019-11-07,73.17645263671875
2019-11-08,73.2750473022461
2019-11-11,73.31090545654297
2019-11-12,73.30194091796875
2019-11-13,72.99723815917969
2019-11-14,73.23023986816406
2019-11-15,73.76799011230469
2019-11-18,73.49016571044922
2019-11-19,73.42740631103516
2019-11-20,72.84486389160156
2019-11-21,72.81798553466797
2019-11-22,73.19439697265625
2019-11-25,73.7231674194336
2019-11-26,73.93824005126953
2019-11-27,73.86654663085938
2019-11-29,73.52598571777344
2019-12-02,72.31611633300781
2019-12-03,71.52742004394531
2019-12-04,71.80525970458984
2019-12-05,71.82318115234375
2019-12-06,72.69251251220703
2019-12-09,72.41466522216797
2019-12-10,72.32506561279297
2019-12-11,72.78211975097656
2019-12-12,73.42740631103516
2019-12-13,73.23023986816406
2019-12-16,73.19439697265625
2019-12-17,73.12268829345703
2019-12-18,72.81798553466797
2019-12-19,73.01515197753906
2019-12-20,73.35112762451172
2019-12-23,73.95453643798828
2019-12-24,73.6573257446289
2019-12-26,73.82847595214844
2019-12-27,73.76541137695312
2019-12-30,73.42314147949219
2019-12-31,73.37812042236328
2020-01-02,74.7651596069336
2020-01-03,74.62105560302734
2020-01-06,74.6480712890625
2020-01-07,74.49496459960938
2020-01-08,74.74715423583984
2020-01-09,75.06237030029297
2020-01-10,74.5309829711914
2020-01-13,75.14344024658203
2020-01-14,75.1524429321289
2020-01-15,75.26953887939453
2020-01-16,76.01710510253906
2020-01-17,76.02611541748047
2020-01-21,75.18849182128906
2020-01-22,74.79218292236328
2020-01-23,75.60279083251953
2020-01-24,75.25151062011719
2020-01-27,73.82847595214844
2020-01-28,74.3058090209961
2020-01-29,74.7021255493164
2020-01-30,74.7831802368164
2020-01-31,73.05388641357422
2020-02-03,73.02685546875
2020-02-04,74.40489959716797
2020-02-05,75.64784240722656
2020-02-06,75.89099884033203
2020-02-07,75.34159851074219
2020-02-10,75.76490020751953
2020-02-11,76.05311584472656
2020-02-12,76.76467895507812
2020-02-13,76.33232116699219
2020-02-14,76.23326873779297
2020-02-18,75.80094146728516
2020-02-19,75.77391815185547
2020-02-20,75.66583251953125
2020-02-21,75.28753662109375
2020-02-24,73.1439437866211
2020-02-25,70.16271209716797
2020-02-26,69.6313247680664
2020-02-27,67.04637145996094
2020-02-28,65.82144927978516
2020-03-02,68.13617706298828
2020-03-03,66.46993255615234
2020-03-04,69.21699523925781
2020-03-05,65.8304443359375
2020-03-06,65.25399780273438
2020-03-09,59.23750305175781
2020-03-10,62.30881118774414
2020-03-11,58.65205764770508
2020-03-12,52.58149719238281
2020-03-13,56.68857955932617
2020-03-16,50.25775146484375
2020-03-17,52.572479248046875
2020-03-18,48.69957733154297
2020-03-19,48.73560333251953
2020-03-20,46.29478073120117
2020-03-23,44.26704406738281
2020-03-24,49.867347717285156
2020-03-25,52.490535736083984
2020-03-26,55.80351257324219
2020-03-27,53.4526481628418
2020-03-30,54.23326110839844
2020-03-31,53.56157302856445
2020-04-01,51.14717483520508
2020-04-02,51.82792663574219
2020-04-03,51.13809585571289
2020-04-06,54.67802429199219
2020-04-07,54.550926208496094
2020-04-08,56.5296516418457
2020-04-09,57.382869720458984
2020-04-13,55.70368957519531
2020-04-14,56.76564407348633
2020-04-15,55.19538116455078
2020-04-16,54.70524215698242
2020-04-17,57.27394485473633
2020-04-20,55.749053955078125
2020-04-21,54.43293762207031
2020-04-22,55.00476837158203
2020-04-23,55.44045639038086
2020-04-24,55.885215759277344
2020-04-27,57.27394485473633
2020-04-28,58.34498977661133
2020-04-29,59.46143341064453
2020-04-30,58.28145217895508
2020-05-01,56.52058410644531
2020-05-04,55.80351257324219
2020-05-05,56.02136993408203
2020-05-06,55.24984359741211
2020-05-07,55.894283294677734
2020-05-08,57.28302001953125
2020-05-11,56.56595993041992
2020-05-12,54.977535247802734
2020-05-13,53.597877502441406
2020-05-14,54.16062927246094
2020-05-15,53.97002410888672
2020-05-18,57.52809143066406
2020-05-19,56.79288101196289
2020-05-20,57.8548469543457
2020-05-21,57.990997314453125
2020-05-22,57.945621490478516
2020-05-26,60.378173828125
2020-05-27,62.3931884765625
2020-05-28,61.8032112121582
2020-05-29,61.4219856262207
2020-06-01,61.55815505981445
2020-06-02,62.35689163208008
2020-06-03,64.78944396972656
2020-06-04,65.47927856445312
2020-06-05,67.88460540771484
2020-06-08,69.2461166381836
2020-06-09,67.5215072631836
2020-06-10,65.9058837890625
2020-06-11,61.276763916015625
2020-06-12,62.4658203125
2020-06-15,63.08303451538086
2020-06-16,64.31745910644531
2020-06-17,63.85452651977539
2020-06-18,63.618553161621094
2020-06-19,62.83795166015625
2020-06-22,62.94369888305664
2020-06-23,62.95282745361328
2020-06-24,60.76475143432617
2020-06-25,61.43941116333008
2020-06-26,60.29978561401367
2020-06-29,62.27817916870117
2020-06-30,62.633724212646484
2020-07-01,62.351097106933594
2020-07-02,62.88900375366211
2020-07-06,63.79159164428711
2020-07-07,62.56991195678711
2020-07-08,62.56991195678711
2020-07-09,61.21149826049805
2020-07-10,62.00468063354492
2020-07-13,62.25994873046875
2020-07-14,63.60926055908203
2020-07-15,65.23207092285156
2020-07-16,65.25030517578125
2020-07-17,65.64234161376953
2020-07-20,64.84005737304688
2020-07-21,65.69703674316406
2020-07-22,66.22583770751953
2020-07-23,66.0252685546875
2020-07-24,65.4964828491211
2020-07-27,65.76996612548828
2020-07-28,65.31414794921875
2020-07-29,66.30789184570312
2020-07-30,65.64234161376953
2020-07-31,65.39620208740234
2020-08-03,65.66969299316406
2020-08-04,65.83379364013672
2020-08-05,67.09193420410156
2020-08-06,67.34722900390625
2020-08-07,68.49595642089844
2020-08-10,70.18262481689453
2020-08-11,70.55640411376953
2020-08-12,70.78431701660156
2020-08-13,70.41053009033203
2020-08-14,70.68404388427734
2020-08-17,70.35585021972656
2020-08-18,69.97291564941406
2020-08-19,69.79058837890625
2020-08-20,69.4167709350586
2020-08-21,69.69940185546875
2020-08-24,70.95753479003906
2020-08-25,70.86637115478516
2020-08-26,70.90284729003906
2020-08-27,71.15812683105469
2020-08-28,71.83277893066406
2020-08-31,70.93931579589844
2020-09-01,71.65955352783203
2020-09-02,72.84475708007812
2020-09-03,70.80256652832031
2020-09-04,70.96664428710938
2020-09-08,69.63557434082031
2020-09-09,70.71139526367188
2020-09-10,69.80879211425781
2020-09-11,70.7569808959961
2020-09-14,71.71427154541016
2020-09-15,71.75984191894531
2020-09-16,72.48919677734375
2020-09-17,72.63506317138672
2020-09-18,71.82364654541016
2020-09-21,69.43946075439453
2020-09-22,70.12590026855469
2020-09-23,68.87200164794922
2020-09-24,68.97268676757812
2020-09-25,70.00690460205078
2020-09-28,71.26995849609375
2020-09-29,70.638427734375
2020-09-30,70.45536804199219
2020-10-01,70.2448501586914
2020-10-02,71.031982421875
2020-10-05,72.17601776123047
2020-10-06,71.29739379882812
2020-10-07,72.87162780761719
2020-10-08,73.59468078613281
2020-10-09,73.8692398071289
2020-10-12,74.29022979736328
2020-10-13,73.46650695800781
2020-10-14,73.87838745117188
2020-10-15,74.1438217163086
2020-10-16,74.68380737304688
2020-10-19,73.75940704345703
2020-10-20,74.1438217163086
2020-10-21,73.393310546875
2020-10-22,73.99736785888672
2020-10-23,74.29022979736328
2020-10-26,72.43230438232422
2020-10-27,70.84894561767578
2020-10-28,68.52422332763672
2020-10-29,69.52182006835938
2020-10-30,69.43946075439453
2020-11-02,71.31570434570312
2020-11-03,73.4207763671875
2020-11-04,72.6611099243164
2020-11-05,74.37261199951172
2020-11-06,74.44581604003906
2020-11-09,76.9810562133789
2020-11-10,78.33562469482422
2020-11-11,77.67665100097656
2020-11-12,76.78884887695312
2020-11-13,78.4912109375
2020-11-16,80.40404510498047
2020-11-17,80.19355773925781
2020-11-18,79.83663177490234
2020-11-19,80.0379867553711
2020-11-20,79.3149185180664
2020-11-23,80.64202117919922
2020-11-24,82.051513671875
2020-11-25,81.42914581298828
2020-11-27,81.29183959960938
2020-11-30,80.56880187988281
2020-12-01,80.367431640625
2020-12-02,80.47728729248047
2020-12-03,80.68779754638672
2020-12-04,81.64878845214844
2020-12-07,81.25524139404297
2020-12-08,81.64878845214844
2020-12-09,81.83185577392578
2020-12-10,81.05388641357422
2020-12-11,81.24610137939453
2020-12-14,80.19355773925781
2020-12-15,81.3101577758789
2020-12-16,80.8067626953125
2020-12-17,81.3010025024414
2020-12-18,81.3101577758789
2020-12-21,80.81939697265625
2020-12-22,80.44258117675781
2020-12-23,80.8653564453125
2020-12-24,80.87452697753906
2020-12-28,80.97560119628906
2020-12-29,80.48851776123047
2020-12-30,81.00320434570312
2020-12-31,81.3800048828125
2021-01-04,79.41328430175781
2021-01-05,80.1944580078125
2021-01-06,82.10602569580078
2021-01-07,82.55636596679688
2021-01-08,82.35416412353516
2021-01-11,82.32660675048828
2021-01-12,83.14454650878906
2021-01-13,82.427734375
2021-01-14,82.71259307861328
2021-01-15,81.63733673095703
2021-01-19,81.90385437011719
2021-01-20,82.40930938720703
2021-01-21,81.7659912109375
2021-01-22,81.3432388305664
2021-01-25,80.79181671142578
2021-01-26,80.04741668701172
2021-01-27,78.45750427246094
2021-01-28,79.62464141845703
2021-01-29,77.90607452392578
2021-02-01,78.71482849121094
2021-02-02,80.38743591308594
2021-02-03,80.44258117675781
2021-02-04,81.30648803710938
2021-02-05,81.78437042236328
2021-02-08,82.48282623291016
2021-02-09,82.69419860839844
2021-02-10,82.56554412841797
2021-02-11,82.39093780517578
2021-02-12,82.98831176757812
2021-02-16,82.90557098388672
2021-02-17,82.67583465576172
2021-02-18,82.26227569580078
2021-02-19,83.61323547363281
2021-02-22,83.87976837158203
2021-02-23,84.13709259033203
2021-02-24,85.72702026367188
2021-02-25,84.14627075195312
2021-02-26,83.27320861816406
2021-03-01,85.40534973144531
2021-03-02,85.1572036743164
2021-03-03,85.24910736083984
2021-03-04,83.8889389038086
2021-03-05,85.87405395507812
2021-03-08,86.77471160888672
2021-03-09,86.41626739501953
2021-03-10,87.6937255859375
2021-03-11,87.75807189941406
2021-03-12,88.93441772460938
2021-03-15,89.67881774902344
2021-03-16,88.40140533447266
2021-03-17,89.4214859008789
2021-03-18,89.33878326416016
2021-03-19,88.6587142944336
2021-03-22,88.60894775390625
2021-03-23,87.06021881103516
2021-03-24,87.69628143310547
2021-03-25,89.09752655029297
2021-03-26,90.63702392578125
2021-03-29,90.65545654296875
2021-03-30,91.05184936523438
2021-03-31,90.75685119628906
2021-04-01,91.06106567382812
2021-04-05,92.18574523925781
2021-04-06,91.96449279785156
2021-04-07,91.54043579101562
2021-04-08,91.76166534423828
2021-04-09,92.65587615966797
2021-04-12,92.99697875976562
2021-04-13,92.54527282714844
2021-04-14,92.66510009765625
2021-04-15,93.0338363647461
2021-04-16,93.23665618896484
2021-04-19,92.84944915771484
2021-04-20,91.82623291015625
2021-04-21,93.0799331665039
2021-04-22,92.60979461669922
2021-04-23,93.62383270263672
2021-04-26,93.34727478027344
2021-04-27,94.12163543701172
2021-04-28,93.92805480957031
2021-04-29,94.591796875
2021-04-30,93.96492004394531
2021-05-03,94.93287658691406
2021-05-04,95.34770965576172
2021-05-05,95.43990325927734
2021-05-06,96.10362243652344
2021-05-07,97.11768341064453
2021-05-10,97.20985412597656
2021-05-11,95.77175903320312
2021-05-12,93.47633361816406
2021-05-13,95.22787475585938
2021-05-14,96.5461196899414
2021-05-17,96.25111389160156
2021-05-18,94.84990692138672
2021-05-19,94.31521606445312
2021-05-20,94.5272445678711
2021-05-21,94.9881820678711
2021-05-24,95.57815551757812
2021-05-25,95.29238891601562
2021-05-26,95.59661102294922
2021-05-27,96.9056625366211
2021-05-28,96.9056625366211
2021-06-01,97.28360748291016
2021-06-02,97.0070571899414
2021-06-03,96.79501342773438
2021-06-04,97.10845184326172
2021-06-07,96.43549346923828
2021-06-08,96.68438720703125
2021-06-09,95.69801330566406
2021-06-10,95.22787475585938
2021-06-11,95.42145538330078
2021-06-14,94.9881820678711
2021-06-15,95.393798828125
2021-06-16,94.4903793334961
2021-06-17,93.0338363647461
2021-06-18,91.82623291015625
2021-06-21,93.8459243774414
2021-06-22,93.9476547241211
2021-06-23,93.73495483398438
2021-06-24,94.46552276611328
2021-06-25,94.65045928955078
2021-06-28,94.15109252929688
2021-06-29,93.96614074707031
2021-06-30,94.69670104980469
2021-07-01,95.37179565429688
2021-07-02,95.51974487304688
2021-07-06,94.60424041748047
2021-07-07,95.54750061035156
2021-07-08,94.21582794189453
2021-07-09,95.7047119140625
2021-07-12,95.83418273925781
2021-07-13,94.90939331054688
2021-07-14,94.90017700195312
2021-07-15,95.08509063720703
2021-07-16,94.24356079101562
2021-07-19,92.27378845214844
2021-07-20,94.85391998291016
2021-07-21,95.76021575927734
2021-07-22,95.40877532958984
2021-07-23,95.81570434570312
2021-07-26,95.76944732666016
2021-07-27,95.2423095703125
2021-07-28,95.0203857421875
2021-07-29,95.76944732666016
2021-07-30,95.58448791503906
2021-08-02,94.92791748046875
2021-08-03,96.16710662841797
2021-08-04,94.8631820678711
2021-08-05,95.30706024169922
2021-08-06,95.75093078613281
2021-08-09,95.37179565429688
2021-08-10,96.34281921386719
2021-08-11,97.59123992919922
2021-08-12,97.40630340576172
2021-08-13,97.10111999511719
2021-08-16,97.43402862548828
2021-08-17,96.3797836303711
2021-08-18,95.32556915283203
2021-08-19,94.65970611572266
2021-08-20,94.90939331054688
2021-08-23,95.68621826171875
2021-08-24,96.16710662841797
2021-08-25,96.78669738769531
2021-08-26,96.36128234863281
2021-08-27,97.02715301513672
2021-08-30,96.9161605834961
2021-08-31,96.6479721069336
2021-09-01,96.27806854248047
2021-09-02,97.3138198852539
2021-09-03,96.72195434570312
2021-09-07,95.04811096191406
2021-09-08,95.17759704589844
2021-09-09,94.71519470214844
2021-09-10,94.28981018066406
2021-09-13,94.53948974609375
2021-09-14,93.40202331542969
2021-09-15,94.42852020263672
2021-09-16,93.78117370605469
2021-09-17,92.78242492675781
2021-09-20,91.7182846069336
2021-09-21,91.23584747314453
2021-09-22,91.95948028564453
2021-09-23,93.36968231201172
2021-09-24,93.56453704833984
2021-09-27,93.65730285644531
2021-09-28,92.57181549072266
2021-09-29,92.6738510131836
2021-09-30,90.77198028564453
2021-10-01,92.01516723632812
2021-10-04,91.5141830444336
2021-10-05,92.53470611572266
2021-10-06,92.94293212890625
2021-10-07,93.66659545898438
2021-10-08,93.65730285644531
2021-10-11,92.90582275390625
2021-10-12,92.59965515136719
2021-10-13,92.79447937011719
2021-10-14,94.5479507446289
2021-10-15,95.45716094970703
2021-10-18,95.52210235595703
2021-10-19,96.08804321289062
2021-10-20,96.69107818603516
2021-10-21,96.88591766357422
2021-10-22,97.22918701171875
2021-10-25,97.45183563232422
2021-10-26,96.84879302978516
2021-10-27,95.7169418334961
2021-10-28,96.91373443603516
2021-10-29,96.94155883789062
2021-11-01,97.21062469482422
2021-11-02,97.53534698486328
2021-11-03,97.32196807861328
2021-11-04,97.71160125732422
2021-11-05,98.70431518554688
2021-11-08,99.11254119873047
2021-11-09,99.36302185058594
2021-11-10,98.80636596679688
2021-11-11,98.39815521240234
2021-11-12,99.177490234375
2021-11-15,99.36302185058594
2021-11-16,99.38157653808594
2021-11-17,98.78781127929688
2021-11-18,98.58370208740234
2021-11-19,98.09201049804688
2021-11-22,98.36103820800781
2021-11-23,98.52802276611328
2021-11-24,98.4167251586914
2021-11-26,95.75404357910156
2021-11-29,95.9210433959961
2021-11-30,93.49031829833984
2021-12-01,92.19145202636719
2021-12-02,94.9283218383789
2021-12-03,94.81700134277344
2021-12-06,96.42202758789062
2021-12-07,97.40544891357422
2021-12-08,97.64666748046875
2021-12-09,97.34050750732422
2021-12-10,97.73944091796875
2021-12-13,96.72817993164062
2021-12-14,95.80972290039062
2021-12-15,96.64468383789062
2021-12-16,96.69107818603516
2021-12-17,95.0396728515625
2021-12-20,93.51705932617188
2021-12-21,95.37957763671875
2021-12-22,95.64964294433594
2021-12-23,96.77647399902344
2021-12-27,97.80084991455078
2021-12-28,98.29441833496094
2021-12-29,98.47135925292969
2021-12-30,98.11746978759766
2021-12-31,98.53656005859375
2022-01-03,97.72633361816406
2022-01-04,99.69129943847656
2022-01-05,98.7414321899414
2022-01-06,99.19774627685547
2022-01-07,99.16980743408203
2022-01-10,98.05227661132812
2022-01-11,98.63899230957031
2022-01-12,98.95561218261719
2022-01-13,99.16980743408203
2022-01-14,98.57380676269531
2022-01-18,97.43766021728516
2022-01-19,96.34807586669922
2022-01-20,95.11882019042969
2022-01-21,94.24344635009766
2022-01-24,94.78356170654297
2022-01-25,93.8523178100586
2022-01-26,93.0328140258789
2022-01-27,92.2040023803711
2022-01-28,92.84656524658203
2022-01-31,93.8150634765625
2022-02-01,95.10950469970703
2022-02-02,95.77069854736328
2022-02-03,94.24344635009766
2022-02-04,93.22838592529297
2022-02-07,93.30287170410156
2022-02-08,94.23412322998047
2022-02-09,95.5285873413086
2022-02-10,93.96405792236328
2022-02-11,92.52994537353516
2022-02-14,92.18536376953125
2022-02-15,93.57292938232422
2022-02-16,94.06652069091797
2022-02-17,92.34366607666016
2022-02-18,91.58003997802734
2022-02-22,90.69534301757812
2022-02-23,89.02838897705078
2022-02-24,90.16451263427734
2022-02-25,92.31575012207031
2022-02-28,93.02347564697266
2022-03-01,91.63591003417969
2022-03-02,93.59156036376953
2022-03-03,93.6939926147461
2022-03-04,93.4891128540039
2022-03-07,90.98404693603516
2022-03-08,90.42526245117188
2022-03-09,92.06430053710938
2022-03-10,91.94322967529297
2022-03-11,91.20752716064453
2022-03-14,91.51483917236328
2022-03-15,92.96761322021484
2022-03-16,94.1968765258789
2022-03-17,95.40751647949219
2022-03-18,95.77069854736328
2022-03-21,95.98654174804688
2022-03-22,96.5097885131836
2022-03-23,95.58475494384766
2022-03-24,96.31356811523438
2022-03-25,96.91155242919922
2022-03-28,96.93959045410156
2022-03-29,97.8365707397461
2022-03-30,97.72445678710938
2022-03-31,96.22013092041016
2022-04-01,95.47264862060547
2022-04-04,95.35118865966797
2022-04-05,93.99636840820312
2022-04-06,93.26756286621094
2022-04-07,93.58525085449219
2022-04-08,93.06201171875
2022-04-11,92.76302337646484
2022-04-12,92.6135025024414
2022-04-13,93.48246765136719
2022-04-14,93.37968444824219
2022-04-18,93.05266571044922
2022-04-19,94.74385833740234
2022-04-20,95.25775146484375
2022-04-21,94.28601837158203
2022-04-22,91.96879577636719
2022-04-25,91.96879577636719
2022-04-26,89.9599380493164
2022-04-27,90.29631805419922
2022-04-28,91.31475830078125
2022-04-29,88.89476776123047
2022-05-02,89.08163452148438
2022-05-03,89.67030334472656
2022-05-04,92.26780700683594
2022-05-05,89.8571548461914
2022-05-06,89.24982452392578
2022-05-09,87.0914535522461
2022-05-10,86.52149200439453
2022-05-11,85.73663330078125
2022-05-12,85.89546966552734
2022-05-13,86.98865509033203
2022-05-16,86.86721801757812
2022-05-17,88.83870697021484
2022-05-18,85.53108215332031
2022-05-19,84.76490783691406
2022-05-20,83.84923553466797
2022-05-23,85.22271728515625
2022-05-24,85.1760482788086
2022-05-25,85.6712417602539
2022-05-26,87.40914154052734
2022-05-27,89.20310974121094
2022-05-31,88.483642578125
2022-06-01,87.94174194335938
2022-06-02,89.62355041503906
2022-06-03,89.27786254882812
2022-06-06,89.651611328125
2022-06-07,90.8569107055664
2022-06-08,89.21245574951172
2022-06-09,87.45586395263672
2022-06-10,84.87702178955078
2022-06-13,82.32624816894531
2022-06-14,82.12067413330078
2022-06-15,82.91490173339844
2022-06-16,80.14917755126953
2022-06-17,79.94363403320312
2022-06-21,81.40199279785156
2022-06-22,80.95152282714844
2022-06-23,80.5385971069336
2022-06-24,83.3539810180664
2022-06-27,83.15692138671875
2022-06-28,82.19029998779297
2022-06-29,81.7116928100586
2022-06-30,81.9650650024414
2022-07-01,82.67829895019531
2022-07-05,81.43954467773438
2022-07-06,81.90876770019531
2022-07-07,82.87537384033203
2022-07-08,82.50000762939453
2022-07-11,81.94627380371094
2022-07-12,81.69290924072266
2022-07-13,80.69813537597656
2022-07-14,80.23829650878906
2022-07-15,81.495849609375
2022-07-18,81.00784301757812
2022-07-19,83.89830017089844
2022-07-20,84.54581451416016
2022-07-21,85.15583801269531
2022-07-22,84.88368225097656
2022-07-25,85.28720092773438
2022-07-26,84.82737731933594
2022-07-27,86.14122772216797
2022-07-28,87.94305419921875
2022-07-29,89.75428009033203
2022-08-01,89.84812927246094
2022-08-02,88.90028381347656
2022-08-03,89.73551940917969
2022-08-04,90.0639877319336
2022-08-05,90.20474243164062
2022-08-08,90.17659759521484
2022-08-09,89.84812927246094
2022-08-10,91.81890106201172
2022-08-11,92.30691528320312
2022-08-12,93.69581604003906
2022-08-15,93.92102813720703
2022-08-16,94.3433609008789
2022-08-17,93.59257507324219
2022-08-18,93.96795654296875
2022-08-19,92.75735473632812
2022-08-22,90.99304962158203
2022-08-23,91.16197967529297
2022-08-24,91.4622802734375
2022-08-25,92.8605728149414
2022-08-26,89.64166259765625
2022-08-29,89.23812103271484
2022-08-30,87.95243835449219
2022-08-31,87.2110595703125
2022-09-01,87.33306121826172
2022-09-02,86.48844146728516
2022-09-06,86.62920379638672
2022-09-07,88.01813507080078
2022-09-08,88.28089904785156
2022-09-09,89.42584228515625
2022-09-12,89.96074676513672
2022-09-13,86.57290649414062
2022-09-14,86.40399932861328
2022-09-15,85.5030517578125
2022-09-16,83.71998596191406
2022-09-19,84.85624694824219
2022-09-20,83.80014038085938
2022-09-21,82.68744659423828
2022-09-22,81.4427719116211
2022-09-23,79.91519165039062
2022-09-26,79.07594299316406
2022-09-27,78.81192016601562
2022-09-28,80.54695892333984
2022-09-29,79.15140533447266
2022-09-30,78.11412048339844
2022-10-03,80.47149658203125
2022-10-04,83.2720947265625
2022-10-05,82.81946563720703
2022-10-06,81.86708068847656
2022-10-07,80.30178833007812
2022-10-10,80.58467102050781
2022-10-11,80.5658187866211
2022-10-12,79.93402862548828
2022-10-13,81.69735717773438
2022-10-14,79.90575408935547
2022-10-17,81.65019989013672
2022-10-18,83.62097930908203
2022-10-19,83.02691650390625
2022-10-20,81.39559936523438
2022-10-21,83.63040924072266
2022-10-24,84.74308013916016
2022-10-25,85.8840560913086
2022-10-26,86.1858139038086
2022-10-27,87.19477844238281
2022-10-28,89.22210693359375
2022-10-31,88.96751403808594
2022-11-01,88.88262939453125
2022-11-02,87.31734466552734
2022-11-03,88.23201751708984
2022-11-04,89.64644622802734
2022-11-07,90.60824584960938
2022-11-08,91.40032958984375
2022-11-09,90.12734985351562
2022-11-10,93.9085693359375
2022-11-11,93.85199737548828
2022-11-14,93.27680969238281
2022-11-15,93.91802215576172
2022-11-16,93.23910522460938
2022-11-17,93.07878112792969
2022-11-18,93.76714324951172
2022-11-21,94.06887817382812
2022-11-22,94.79496765136719
2022-11-23,95.15328216552734
2022-11-25,95.52102661132812
2022-11-28,93.7860107421875
2022-11-29,94.3612060546875
2022-11-30,95.91708374023438
2022-12-01,95.94535064697266
2022-12-02,96.49227905273438
2022-12-05,94.87982940673828
2022-12-06,93.7577133178711
2022-12-07,93.6351318359375
2022-12-08,94.19145202636719
2022-12-09,93.41825103759766
2022-12-12,95.02124786376953
2022-12-13,95.37957763671875
2022-12-14,95.200439453125
2022-12-15,92.89962768554688
2022-12-16,92.50357818603516
2022-12-19,92.01659393310547
2022-12-20,92.13028717041016
2022-12-21,93.86412811279297
2022-12-22,92.67034149169922
2022-12-23,93.21985626220703
2022-12-27,93.50408935546875
2022-12-28,92.28186798095703
2022-12-29,93.41880798339844
2022-12-30,93.04930877685547
2023-01-03,93.2482681274414
2023-01-04,94.07257080078125
2023-01-05,93.05877685546875
2023-01-06,95.6074447631836
2023-01-09,95.18107604980469
2023-01-10,95.70218658447266
2023-01-11,96.62120819091797
2023-01-12,97.18968200683594
2023-01-13,97.07598876953125
2023-01-17,96.25170135498047
2023-01-18,94.44207000732422
2023-01-19,92.49979400634766
2023-01-20,93.78833770751953
2023-01-23,94.81158447265625
2023-01-24,95.43689727783203
2023-01-25,94.90631866455078
2023-01-26,95.42741394042969
2023-01-27,95.82535552978516
2023-01-30,94.88737487792969
2023-01-31,96.49803924560547
2023-02-01,97.19915771484375
2023-02-02,97.95711517333984
2023-02-03,97.44549560546875
2023-02-06,97.2086410522461
2023-02-07,97.5118179321289
2023-02-08,96.9622802734375
2023-02-09,96.09063720703125
2023-02-10,96.77279663085938
2023-02-13,97.6539306640625
2023-02-14,97.3886489868164
2023-02-15,97.99503326416016
2023-02-16,96.98125457763672
2023-02-17,97.61602783203125
2023-02-21,95.38004302978516
2023-02-22,95.14318084716797
2023-02-23,95.5885009765625
2023-02-24,95.03895568847656
2023-02-27,95.88220977783203
2023-02-28,95.66426849365234
2023-03-01,96.04327392578125
2023-03-02,97.17073059082031
2023-03-03,98.22240447998047
2023-03-06,98.04239654541016
2023-03-07,96.78228759765625
2023-03-08,97.00967407226562
2023-03-09,95.57901000976562
2023-03-10,93.79780578613281
2023-03-13,93.26721954345703
2023-03-14,94.25259399414062
2023-03-15,91.93131256103516
2023-03-16,93.11563110351562
2023-03-17,91.59024810791016
2023-03-20,92.8031997680664
2023-03-21,93.87820434570312
2023-03-22,92.0801773071289
2023-03-23,91.81381225585938
2023-03-24,92.19435119628906
2023-03-27,92.96492004394531
2023-03-28,93.44060516357422
2023-03-29,94.80101013183594
2023-03-30,95.00080108642578
2023-03-31,96.2565689086914
2023-04-03,96.42781066894531
2023-04-04,94.26824951171875
2023-04-05,93.04104614257812
2023-04-06,93.01248931884766
2023-04-10,93.85919952392578
2023-04-11,94.42047119140625
2023-04-12,94.73442840576172
2023-04-13,95.08641052246094
2023-04-14,94.97225952148438
2023-04-17,95.72381591796875
2023-04-18,96.18045043945312
2023-04-19,96.1043472290039
2023-04-20,95.93309783935547
2023-04-21,95.71430206298828
2023-04-24,95.94261932373047
2023-04-25,94.17313385009766
2023-04-26,92.39411926269531
2023-04-27,94.220703125
2023-04-28,95.13397979736328
2023-05-01,95.64769744873047
2023-05-02,94.64879608154297
2023-05-03,94.28729248046875
2023-05-04,93.25984191894531
2023-05-05,94.6678237915039
2023-05-08,94.3253402709961
2023-05-09,94.53465270996094
2023-05-10,94.19215393066406
2023-05-11,93.62135314941406
2023-05-12,93.68793487548828
2023-05-15,94.14457702636719
2023-05-16,92.86979675292969
2023-05-17,94.46804809570312
2023-05-18,95.15299987792969
2023-05-19,94.9246826171875
2023-05-22,94.9056625366211
2023-05-23,93.76404571533203
2023-05-24,92.55584716796875
2023-05-25,92.86028289794922
2023-05-26,93.55475616455078
2023-05-30,93.41204833984375
2023-05-31,92.13726043701172
2023-06-01,93.31690979003906
2023-06-02,96.02823638916016
2023-06-05,95.3623046875
2023-06-06,95.96165466308594
2023-06-07,97.50281524658203
2023-06-08,97.67405700683594
2023-06-09,97.41719818115234
2023-06-12,98.11167907714844
2023-06-13,99.2532730102539
2023-06-14,98.98690795898438
2023-06-15,100.48050689697266
2023-06-16,100.31877899169922
2023-06-20,99.5737533569336
2023-06-21,100.12776184082031
2023-06-22,99.4018325805664
2023-06-23,98.64728546142578
2023-06-26,99.46871185302734
2023-06-27,100.6626205444336
2023-06-28,100.6626205444336
2023-06-29,101.63687896728516
2023-06-30,102.50605773925781
2023-07-03,102.52513885498047
2023-07-05,101.97119140625
2023-07-06,101.20707702636719
2023-07-07,101.4363021850586
2023-07-10,102.87855529785156
2023-07-11,104.09159851074219
2023-07-12,103.91011047363281
2023-07-13,104.04383850097656
2023-07-14,103.73819732666016
2023-07-17,104.12979888916016
2023-07-18,104.71244049072266
2023-07-19,104.66468811035156
2023-07-20,105.13270568847656
2023-07-21,104.63603973388672
2023-07-24,104.87482452392578
2023-07-25,104.74109649658203
2023-07-26,105.47657775878906
2023-07-27,104.56917572021484
2023-07-28,105.21867370605469
2023-07-31,105.46700286865234
2023-08-01,105.78221130371094
2023-08-02,104.67424011230469
2023-08-03,104.01518249511719
2023-08-04,103.38478088378906
2023-08-07,104.6551284790039
2023-08-08,104.17755889892578
2023-08-09,104.12025451660156
2023-08-10,103.83370971679688
2023-08-11,104.00563049316406
2023-08-14,104.04383850097656
2023-08-15,102.71620178222656
2023-08-16,102.14309692382812
2023-08-17,101.28348541259766
2023-08-18,101.4745101928711
2023-08-21,101.35033416748047
2023-08-22,101.11154174804688
2023-08-23,102.15265655517578
2023-08-24,100.91097259521484
2023-08-25,101.76103973388672
2023-08-28,102.59203338623047
2023-08-29,103.37525177001953
2023-08-30,103.84325408935547
2023-08-31,103.37525177001953
2023-09-01,103.91967010498047
2023-09-05,102.17176055908203
2023-09-06,101.7323989868164
2023-09-07,101.39808654785156
2023-09-08,100.8918685913086
2023-09-11,100.92051696777344
2023-09-12,100.55754852294922
2023-09-13,99.88896179199219
2023-09-14,100.87276458740234
2023-09-15,100.29012298583984
2023-09-18,100.40138244628906
2023-09-19,99.9793930053711
2023-09-20,99.58618927001953
2023-09-21,97.95584106445312
2023-09-22,97.62017822265625
2023-09-25,98.10929107666016
2023-09-26,96.61317443847656
2023-09-27,97.33245086669922
2023-09-28,97.7448501586914
2023-09-29,97.22695922851562
2023-10-02,96.27751922607422
2023-10-03,95.606201171875
2023-10-04,95.91309356689453
2023-10-05,95.34725952148438
2023-10-06,96.65154266357422
2023-10-09,98.16683197021484
2023-10-10,98.76142120361328
2023-10-11,99.35603332519531
2023-10-12,98.45453643798828
2023-10-13,97.58180236816406
2023-10-16,98.61756896972656
2023-10-17,98.92446899414062
2023-10-18,96.53646850585938
2023-10-19,95.64456176757812
2023-10-20,94.65674591064453
2023-10-23,94.21560668945312
2023-10-24,94.92529296875
2023-10-25,93.70730590820312
2023-10-26,93.31412506103516
2023-10-27,92.48934936523438
2023-10-30,93.64017486572266
2023-10-31,94.3306884765625
2023-11-01,94.63758087158203
2023-11-02,96.58442687988281
2023-11-03,97.43795776367188
2023-11-06,97.17900848388672
2023-11-07,96.93927001953125
2023-11-08,97.15983581542969
2023-11-09,96.94884490966797
2023-11-10,98.34904479980469
2023-11-13,98.43534851074219
2023-11-14,100.41095733642578
2023-11-15,100.6219482421875
2023-11-16,100.64114379882812
2023-11-17,101.28369140625
2023-11-20,101.590576171875
2023-11-21,101.51386260986328
2023-11-22,101.73444366455078
2023-11-24,101.98377990722656
2023-11-27,101.40837097167969
2023-11-28,101.1686019897461
2023-11-29,101.5522232055664
2023-11-30,102.66470336914062
2023-12-01,104.28546142578125
2023-12-04,104.45809173583984
2023-12-05,103.61414337158203
2023-12-06,104.0744857788086
2023-12-07,104.1703872680664
2023-12-08,104.4964599609375
2023-12-11,105.49385070800781
2023-12-12,105.9733657836914
2023-12-13,107.15298461914062
2023-12-14,108.53399658203125
2023-12-15,108.39013671875
2023-12-18,108.38531494140625
2023-12-19,109.2242431640625
2023-12-20,107.45960235595703
2023-12-21,108.56852722167969
2023-12-22,109.08921813964844
2023-12-26,109.86066436767578
2023-12-27,110.02459716796875
2023-12-28,110.05352020263672
2023-12-29,109.91851806640625
2024-01-02,108.80960845947266
2024-01-03,107.18960571289062
2024-01-04,107.3246078491211
2024-01-05,107.44995880126953
2024-01-08,108.15389251708984
2024-01-09,107.81639862060547
2024-01-10,108.36601257324219
2024-01-11,108.11532592773438
2024-01-12,108.10567474365234
2024-01-16,107.01603698730469
2024-01-17,106.2928237915039
2024-01-18,107.72960662841797
2024-01-19,108.43352508544922
2024-01-22,109.27244567871094
2024-01-23,109.1856689453125
2024-01-24,108.51066589355469
2024-01-25,109.55208587646484
2024-01-26,109.37852478027344
2024-01-29,110.09208679199219
2024-01-30,110.13066101074219
2024-01-31,108.85781860351562
2024-02-01,110.70923614501953
2024-02-02,111.45174407958984
2024-02-05,110.84422302246094
2024-02-06,111.83744812011719
2024-02-07,112.57994842529297
2024-02-08,112.59922790527344
2024-02-09,112.7728042602539
2024-02-12,112.93672943115234
2024-02-13,111.77958679199219
2024-02-14,113.6502914428711
2024-02-15,114.49884796142578
2024-02-16,113.814208984375
2024-02-20,113.45743560791016
2024-02-21,113.91064453125
2024-02-22,115.31849670410156
2024-02-23,115.9260025024414
2024-02-26,115.75242614746094
2024-02-27,115.9260025024414
2024-02-28,116.32135009765625
2024-02-29,116.67814636230469
2024-03-01,117.1795654296875
2024-03-04,117.60385131835938
2024-03-05,116.63957214355469
2024-03-06,117.2470703125
2024-03-07,118.19204711914062
2024-03-08,117.93171691894531
2024-03-11,117.32421875
2024-03-12,117.84492492675781
2024-03-13,118.16313934326172
2024-03-14,117.66169738769531
2024-03-15,117.68099975585938
2024-03-18,117.88992309570312
2024-03-19,118.90554809570312
2024-03-20,120.33709716796875
2024-03-21,121.52681732177734
2024-03-22,121.11090087890625
2024-03-25,120.32740783691406
2024-03-26,119.89215850830078
2024-03-27,121.8170166015625
2024-03-28,121.83635711669922
2024-04-01,120.89810943603516
2024-04-02,120.33709716796875
2024-04-03,120.95614624023438
2024-04-04,119.89215850830078
2024-04-05,121.55583953857422
2024-04-08,121.34305572509766
2024-04-09,121.06254577636719
2024-04-10,120.02755737304688
2024-04-11,120.16300201416016
2024-04-12,118.87653350830078
2024-04-15,118.02533721923828
2024-04-16,117.7544937133789
2024-04-17,117.1451416015625
2024-04-18,116.73888397216797
2024-04-19,116.52608489990234
2024-04-22,117.4062728881836
2024-04-23,119.04095458984375
2024-04-24,118.0930404663086
2024-04-25,118.45094299316406
2024-04-26,118.64439392089844
2024-04-29,119.43754577636719
2024-04-30,117.54170989990234
2024-05-01,117.25152587890625
2024-05-02,117.92860412597656
2024-05-03,118.75078582763672
2024-05-06,119.95018768310547
2024-05-07,120.279052734375
2024-05-08,120.279052734375
2024-05-09,121.47846221923828
2024-05-10,121.56552124023438
2024-05-13,121.05284881591797
2024-05-14,121.02385711669922
2024-05-15,121.8170166015625
2024-05-16,121.09156799316406
2024-05-17,121.22698211669922
2024-05-20,121.4591293334961
2024-05-21,121.06254577636719
2024-05-22,121.2076187133789
2024-05-23,119.77609252929688
2024-05-24,120.38546752929688
2024-05-28,118.91522979736328
2024-05-29,117.232177734375
2024-05-30,118.0350112915039
2024-05-31,119.46656799316406
2024-06-03,118.00599670410156
2024-06-04,117.71580505371094
2024-06-05,118.90554809570312
2024-06-06,118.19944763183594
2024-06-07,118.32518768310547
2024-06-10,118.69274139404297
2024-06-11,118.01567077636719
2024-06-12,119.13768768310547
2024-06-13,118.3735580444336
2024-06-14,117.18382263183594
2024-06-17,118.47994232177734
2024-06-18,119.11836242675781
2024-06-20,119.19572448730469
2024-06-21,118.9442367553711
2024-06-24,119.44990539550781
2024-06-25,118.43079376220703
2024-06-26,118.11050415039062
2024-06-27,118.2366714477539
2024-06-28,118.28520965576172
2024-07-01,117.01373291015625
2024-07-02,117.65432739257812
2024-07-03,118.08139038085938
2024-07-05,117.65432739257812
2024-07-08,117.79991149902344
2024-07-09,117.2854995727539
2024-07-10,118.33373260498047
2024-07-11,119.838134765625
2024-07-12,120.52726745605469
2024-07-15,121.39108276367188
2024-07-16,124.4193115234375
2024-07-17,122.82755279541016
2024-07-18,121.86666870117188
2024-07-19,121.19695281982422
2024-07-22,122.42960357666016
2024-07-23,122.19666290283203
2024-07-24,119.56639099121094
2024-07-25,120.52726745605469
2024-07-26,122.58489227294922
2024-07-29,122.3713607788086
2024-07-30,122.73047637939453
2024-07-31,124.0990219116211
2024-08-01,121.79872131347656
2024-08-02,119.11990356445312
2024-08-05,117.05255889892578
2024-08-06,118.45991516113281
2024-08-07,117.88727569580078
2024-08-08,120.60491943359375
2024-08-09,120.62431335449219
2024-08-12,120.01285552978516
2024-08-13,121.27461242675781
2024-08-14,121.76960754394531
2024-08-15,123.4098892211914
2024-08-16,123.23519134521484
2024-08-19,123.9825439453125
2024-08-20,123.64282989501953
2024-08-21,124.39020538330078
2024-08-22,124.2348861694336
2024-08-23,125.47724914550781
2024-08-26,125.34135437011719
2024-08-27,125.41899871826172
2024-08-28,125.36077880859375
2024-08-29,126.2440185546875
2024-08-30,127.59312438964844
2024-09-03,124.76871490478516
2024-09-04,124.8948745727539
2024-09-05,123.43901824951172
2024-09-06,122.18695831298828
2024-09-09,124.06018829345703
2024-09-10,124.27371215820312
2024-09-11,124.49696350097656
2024-09-12,125.45782470703125
2024-09-13,126.72929382324219
2024-09-16,127.37959289550781
2024-09-17,128.07839965820312
2024-09-18,127.97166442871094
2024-09-19,130.1748809814453
2024-09-20,129.2625274658203
2024-09-23,130.130126953125
2024-09-24,131.06491088867188
2024-09-25,130.45147705078125
2024-09-26,131.10385131835938
2024-09-27,131.2888641357422
2024-09-30,131.88284301757812
2024-10-01,131.9510040283203
2024-10-02,131.70758056640625
2024-10-03,131.0357208251953
2024-10-04,131.9510040283203
2024-10-07,131.6296844482422
2024-10-08,131.92178344726562
2024-10-09,133.10000610351562
2024-10-10,132.4184112548828
2024-10-11,134.78456115722656
2024-10-14,135.5927734375
2024-10-15,134.5508575439453
2024-10-16,135.5927734375
2024-10-17,135.2032928466797
2024-10-18,135.61227416992188
2024-10-21,135.13511657714844
2024-10-22,133.499267578125
2024-10-23,133.10977172851562
2024-10-24,132.19444274902344
2024-10-25,131.8438720703125
2024-10-28,132.23341369628906
2024-10-29,132.05812072753906
2024-10-30,131.83416748046875
2024-10-31,130.31515502929688
2024-11-01,130.49038696289062
2024-11-04,130.34434509277344
2024-11-05,132.5255126953125
2024-11-06,137.7155303955078
2024-11-07,136.88787841796875
2024-11-08,138.3582000732422
2024-11-11,139.42930603027344
2024-11-12,138.2316436767578
2024-11-13,138.52371215820312
2024-11-14,136.186767578125
2024-11-15,135.4564666748047
2024-11-18,135.2714385986328
2024-11-19,135.1546173095703
2024-11-20,135.30068969726562
2024-11-21,136.99496459960938
2024-11-22,138.9034881591797
2024-11-25,139.77012634277344
2024-11-26,139.93565368652344
2024-11-27,139.41957092285156
2024-11-29,140.2082977294922
2024-12-02,139.17613220214844
2024-12-03,138.29977416992188
2024-12-04,138.9034881591797
2024-12-05,137.21893310546875
2024-12-06,136.86837768554688
2024-12-09,135.68043518066406
2024-12-10,135.349365234375
2024-12-11,135.03775024414062
2024-12-12,134.1710968017578
2024-12-13,133.820556640625
2024-12-16,133.93743896484375
2024-12-17,132.71051025390625
2024-12-18,128.96163940429688
2024-12-19,128.7960968017578
2024-12-20,130.30540466308594
2024-12-23,130.2760467529297
2024-12-24,131.29383850097656
2024-12-26,131.3916778564453
2024-12-27,130.41302490234375
2024-12-30,129.1016845703125
2024-12-31,128.9451141357422
2025-01-02,128.49490356445312
2025-01-03,129.8845977783203
2025-01-06,129.6007843017578
2025-01-07,129.4735565185547
2025-01-08,129.98243713378906
2025-01-10,128.52430725097656
2025-01-13,130.0313720703125
2025-01-14,131.56784057617188
2025-01-15,132.399658203125
2025-01-16,134.00462341308594
2025-01-17,134.80712890625
2025-01-21,137.57666015625
2025-01-22,137.25372314453125
2025-01-23,138.6433868408203
2025-01-24,138.0561981201172
2025-01-27,136.20657348632812
2025-01-28,135.30621337890625
2025-01-29,134.8462677001953
2025-01-30,136.35337829589844
2025-01-31,135.39431762695312
2025-02-03,134.05355834960938
2025-02-04,134.09274291992188
2025-02-05,134.19058227539062
2025-02-06,134.79734802246094
2025-02-07,134.39608764648438
2025-02-10,135.5998077392578
2025-02-11,135.64874267578125
2025-02-12,134.80712890625
2025-02-13,134.9441375732422
2025-02-14,134.61138916015625
2025-02-18,135.6683349609375
2025-02-19,135.8053436279297
2025-02-20,134.91476440429688
2025-02-21,131.95928955078125
2025-02-24,131.36231994628906
2025-02-25,132.03756713867188
2025-02-26,132.11587524414062
2025-02-27,131.6559295654297
2025-02-28,133.41746520996094
2025-03-03,131.5189208984375
2025-03-04,128.95489501953125
2025-03-05,130.9904327392578
2025-03-06,129.86500549316406
2025-03-07,131.38189697265625
2025-03-10,129.32675170898438
2025-03-11,127.34012603759766
2025-03-12,127.3303451538086
2025-03-13,126.02877044677734
2025-03-14,128.32855224609375
2025-03-17,130.09986877441406
2025-03-18,129.06253051757812
2025-03-19,130.775146484375
2025-03-20,130.11947631835938
2025-03-21,129.42462158203125
2025-03-24,131.82472229003906
2025-03-25,132.0210723876953
2025-03-26,131.14743041992188
2025-03-27,130.45042419433594
2025-03-28,127.76073455810547
2025-03-31,128.6638641357422
2025-04-01,129.3902587890625
2025-04-02,130.6074981689453
2025-04-03,123.5396728515625
2025-04-04,115.77488708496094
2025-04-07,115.23499298095703
2025-04-08,114.28279113769531
2025-04-09,124.43296813964844
2025-04-10,121.22299194335938
2025-04-11,123.36298370361328
2025-04-14,124.64893341064453
2025-04-15,124.03050231933594
2025-04-16,122.3322525024414
2025-04-17,122.9997787475586
2025-04-21,120.2413558959961
2025-04-22,122.34207916259766
2025-04-23,123.8734359741211
2025-04-24,126.65149688720703
2025-04-25,126.64167022705078
2025-04-28,127.06378173828125
2025-04-29,127.88833618164062
2025-04-30,128.81109619140625
2025-05-01,129.7829132080078
2025-05-02,132.1094207763672
2025-05-05,132.17811584472656
2025-05-06,131.01979064941406
2025-05-07,131.6873321533203
2025-05-08,133.50335693359375
2025-05-09,133.61134338378906
2025-05-12,137.7244110107422
2025-05-13,138.68641662597656
2025-05-14,138.01890563964844
2025-05-15,139.55029296875
2025-05-16,141.14053344726562
2025-05-19,141.6215362548828
2025-05-20,141.11106872558594
2025-05-21,138.72569274902344
2025-05-22,138.6962127685547
2025-05-23,138.24468994140625
2025-05-27,140.6791534423828
2025-05-28,139.98219299316406
2025-05-29,140.1097869873047
2025-05-30,140.19815063476562
2025-06-02,140.02145385742188
2025-06-03,141.10128784179688
2025-06-04,141.17979431152344
2025-06-05,141.08164978027344
2025-06-06,142.2694091796875
2025-06-09,142.14181518554688
2025-06-10,141.5233612060547
2025-06-11,141.59207153320312
2025-06-12,141.2190704345703
2025-06-13,140.03126525878906
2025-06-16,140.99327087402344
2025-06-17,139.93310546875
2025-06-18,139.599365234375
2025-06-20,139.75640869140625
2025-06-23,141.64886474609375
2025-06-24,142.83041381835938
2025-06-25,141.57009887695312
2025-06-26,143.10610961914062
2025-06-27,144.5338134765625
2025-06-30,145.25262451171875
2025-07-01,145.73507690429688
2025-07-02,145.88278198242188
2025-07-03,147.12339782714844
2025-07-07,146.6114044189453
2025-07-08,146.57200622558594
2025-07-09,147.5960235595703
2025-07-10,148.42312622070312
2025-07-11,147.8914031982422
2025-07-14,148.68896484375
2025-07-15,147.57632446289062
2025-07-16,148.0981903076172
2025-07-17,149.46682739257812
2025-07-18,149.13206481933594
2025-07-21,148.34434509277344
2025-07-22,148.69882202148438
2025-07-23,151.36715698242188
2025-07-24,151.1111602783203
2025-07-25,152.60780334472656
2025-07-28,152.13516235351562
2025-07-29,150.4022216796875
2025-07-30,149.66375732421875
2025-07-31,149.67359924316406
2025-08-01,147.43850708007812
2025-08-04,148.7972869873047
2025-08-05,148.49205017089844
2025-08-06,148.61021423339844
2025-08-07,148.3936004638672
2025-08-08,148.51174926757812
2025-08-11,148.02928161621094
2025-08-12,149.56529235839844
2025-08-13,150.13636779785156
2025-08-14,148.80714416503906
2025-08-15,148.1277313232422
2025-08-18,148.7086639404297
2025-08-19,149.03358459472656
2025-08-20,148.89573669433594
2025-08-21,148.36404418945312
2025-08-22,150.78622436523438
2025-08-25,149.27975463867188
2025-08-26,150.81576538085938
2025-08-27,150.79608154296875
2025-08-28,151.0619354248047
2025-08-29,149.67359924316406
2025-09-02,148.2458953857422
2025-09-03,147.49757385253906
2025-09-04,149.16160583496094
2025-09-05,148.61021423339844
2025-09-08,148.94497680664062
2025-09-09,147.94064331054688
2025-09-10,149.03358459472656
2025-09-11,150.45147705078125
2025-09-12,149.25021362304688
2025-09-15,149.93946838378906
2025-09-16,149.4963836669922
2025-09-17,148.8169708251953
2025-09-18,150.4022216796875
2025-09-19,150.76654052734375
2025-09-22,151.27078247070312
2025-09-23,151.310302734375
2025-09-24,150.52926635742188
2025-09-25,149.51089477539062
2025-09-26,150.85552978515625
2025-09-29,151.3202362060547
2025-09-30,152.48687744140625
2025-10-01,152.06175231933594
2025-10-02,152.4572296142578
2025-10-03,152.66485595703125
2025-10-06,153.376708984375
2025-10-07,152.50665283203125
2025-10-08,153.83151245117188
2025-10-09,151.5574951171875
2025-10-10,148.205810546875
2025-10-13,149.74819946289062
2025-10-14,151.50807189941406
2025-10-15,150.8753204345703
2025-10-16,149.88661193847656
2025-10-17,150.01513671875
2025-10-20,151.784912109375
2025-10-21,153.12953186035156
2025-10-22,151.14222717285156
2025-10-23,153.03067016601562
2025-10-24,153.15919494628906
2025-10-27,154.0292510986328
2025-10-28,152.93179321289062
2025-10-29,153.3272705078125
2025-10-30,152.94168090820312
2025-10-31,153.30751037597656
2025-11-03,152.6549530029297
2025-11-04,150.88519287109375
2025-11-05,151.46852111816406
2025-11-06,150.8654022216797
2025-11-07,151.59706115722656
2025-11-10,152.4572296142578
2025-11-11,152.4967803955078
2025-11-12,152.6450653076172
2025-11-13,150.28208923339844
2025-11-14,150.29196166992188
2025-11-17,148.81881713867188
2025-11-18,148.15638732910156
2025-11-19,148.65074157714844
2025-11-20,146.1592254638672
2025-11-21,147.93885803222656
2025-11-24,148.3046875
2025-11-25,150.20297241210938
2025-11-26,151.07305908203125
2025-11-28,151.95297241210938
2025-12-01,149.72840881347656
2025-12-02,151.0334930419922
2025-12-03,152.46710205078125
2025-12-04,153.258056640625
2025-12-05,152.8329315185547
2025-12-08,152.6450653076172
2025-12-09,151.52783203125
2025-12-10,154.29620361328125
2025-12-11,155.9473114013672
2025-12-12,154.96852111816406
2025-12-15,155.21568298339844
2025-12-16,154.29620361328125
2025-12-17,151.79478454589844
2025-12-18,152.7834930419922
2025-12-19,154.09844970703125
2025-12-22,155.80682373046875
2025-12-23,155.74729919433594
2025-12-24,156.25326538085938
2025-12-26,155.965576171875
2025-12-29,155.6282501220703
2025-12-30,155.1818084716797
2025-12-31,153.89210510253906
2026-01-02,156.72946166992188
2026-01-05,158.5846710205078
2026-01-06,160.73748779296875
2026-01-07,157.71163940429688
2026-01-08,158.90213012695312
2026-01-09,160.648193359375
2026-01-12,161.8783721923828
2026-01-13,162.71173095703125
2026-01-14,162.9696807861328
2026-01-15,164.46771240234375
2026-01-16,165.578857421875
2026-01-20,162.2355499267578
2026-01-21,165.04315185546875
2026-01-22,164.18995666503906
2026-01-23,162.92005920410156
2026-01-26,163.07879638671875
2026-01-27,163.75341796875
2026-01-28,162.84071350097656
2026-01-29,164.54708862304688
2026-01-30,164.1304168701172
2026-02-02,166.20387268066406
2026-02-03,167.6027069091797
2026-02-04,168.0491485595703
2026-02-05,167.03720092773438
2026-02-06,171.80914306640625
2026-02-09,172.3250274658203
2026-02-10,172.5333709716797
2026-02-11,173.45599365234375
2026-02-12,171.38255310058594
2026-02-13,172.79132080078125
2026-02-17,173.69410705566406
2026-02-18,173.6544189453125
2026-02-19,174.94412231445312
2026-02-20,175.82708740234375
2026-02-23,173.4460906982422
2026-02-24,175.5790557861328
2026-02-25,174.20999145507812
2026-02-26,175.30126953125
2026-02-27,175.73780822753906
2026-03-02,177.48387145996094
2026-03-03,174.05125427246094
2026-03-04,174.57705688476562
2026-03-05,170.697998046875
2026-03-06,168.59478759765625
2026-03-09,169.58688354492188
2026-03-10,168.67417907714844
2026-03-11,168.14837646484375
2026-03-12,163.93199157714844
2026-03-13,163.34666442871094
2026-03-16,164.74549865722656
2026-03-17,165.18202209472656
2026-03-18,163.87246704101562
2026-03-19,162.7613525390625
2026-03-20,160.39024353027344
2026-03-23,162.2138671875
2026-03-24,163.1589813232422
2026-03-25,164.25335693359375
2026-03-26,160.4429931640625
2026-03-27,158.3835906982422
2026-03-30,155.806884765625
2026-03-31,160.90061950683594
2026-04-01,163.58677673339844
2026-04-02,162.93016052246094
2026-04-06,163.76585388183594
2026-04-07,163.4375457763672
2026-04-08,169.5659637451172
2026-04-09,171.30699157714844
2026-04-10,170.6404266357422
2026-04-13,171.84422302246094
2026-04-14,172.46104431152344
2026-04-15,170.3021697998047
2026-04-16,169.45652770996094
2026-04-17,172.62022399902344
2026-04-20,173.00820922851562
2026-04-21,170.5608367919922
2026-04-22,170.16287231445312
2026-04-23,173.17735290527344
2026-04-24,171.58555603027344
2026-04-27,171.62533569335938
2026-04-28,170.1031951904297
2026-04-29,169.05856323242188
2026-04-30,173.6847381591797
2026-05-01,172.0730438232422
2026-05-04,170.1031951904297
2026-05-05,171.52586364746094
2026-05-06,175.96298217773438
2026-05-07,173.10769653320312
2026-05-08,172.3118133544922
2026-05-11,174.14236450195312
2026-05-12,173.45591735839844
2026-05-13,172.72964477539062
2026-05-14,173.61508178710938
2026-05-15,170.52102661132812
2026-05-18,169.87437438964844
2026-05-19,167.8746795654297
2026-05-20,169.85447692871094
2026-05-21,169.65550231933594
2026-05-22,170.88914489746094
2026-05-26,173.4061737060547
2026-05-27,173.4061737060547
2026-05-28,172.9087371826172
2026-05-29,172.24217224121094
2026-06-01,171.5159149169922
2026-06-02,173.29673767089844
2026-06-03,173.15745544433594
2026-06-04,175.2566375732422
2026-06-05,173.28677368164062
2026-06-08,172.73960876464844
2026-06-09,174.6995086669922
2026-06-10,168.7899627685547
2026-06-11,174.25180053710938
2026-06-12,175.2765350341797
2026-06-15,177.76368713378906
2026-06-16,178.92771911621094
2026-06-17,178.6790008544922
2026-06-18,179.98228454589844
2026-06-22,181.3126983642578
2026-06-23,177.67247009277344
2026-06-24,179.7269744873047
2026-06-25,183.62648010253906
2026-06-26,180.7143096923828
2026-06-29,182.27012634277344
2026-06-30,184.73350524902344
2026-07-01,182.86851501464844
2026-07-02,183.41705322265625
2026-07-06,185.0626220703125
2026-07-07,181.89114379882812
2026-07-08,179.9364013671875
2026-07-09,180.62454223632812
2026-07-10,181.432373046875
2026-07-13,179.8865203857422
2026-07-14,179.96630859375
2026-07-15,179.57736206054688
2026-07-16,179.6671142578125
2026-07-17,178.92910766601562
2026-07-20,177.64256286621094
2026-07-21,178.18112182617188
2026-07-22,178.37060546875
2026-07-23,181.45233154296875
2026-07-24,182.17039489746094
2026-07-27,182.7089385986328
2026-07-28,182.0008544921875
2026-07-29,176.1864776611328
2026-07-30,177.91183471679688
2026-07-31,179.3579559326172
2026-08-03,182.66905212402344
2026-08-04,185.90036010742188
2026-08-05,185.8505096435547
2026-08-06,184.26475524902344
2026-08-07,184.6836395263672
2026-08-10,184.10519409179688
2026-08-11,185.20223999023438
2026-08-12,185.38177490234375
2026-08-13,185.2919921875
2026-08-14,186.01007080078125
2026-08-17,185.82058715820312
2026-08-18,183.0779571533203
2026-08-19,181.46229553222656
2026-08-20,179.28814697265625
2026-08-21,179.76686096191406
2026-08-24,178.52020263671875
2026-08-25,177.92181396484375
2026-08-26,179.8566131591797
2026-08-27,178.32073974609375
2026-08-28,176.66519165039062
2026-08-31,174.66058349609375
2026-09-01,172.2670135498047
2026-09-02,172.31687927246094
2026-09-03,174.09210205078125
2026-09-04,174.80020141601562
2026-09-08,173.95248413085938
2026-09-09,171.32952880859375
2026-09-10,170.0928497314453
2026-09-11,171.90797424316406
2026-09-14,169.47450256347656
2026-09-15,168.3974151611328
2026-09-16,168.25779724121094
2026-09-17,168.55697631835938
2026-09-18,169.2949981689453
2026-09-21,169.97999572753906
2026-09-22,170.27000427246094
2026-09-23,170.10000610351562
2026-09-24,168.8300018310547
2026-09-25,170.42999267578125
2026-09-28,168.77999877929688
2026-09-29,169.1300048828125
