date,close
2006-01-03,13.570005416870117
2006-01-04,13.616317749023438
2006-01-05,13.546845436096191
2006-01-06,13.60473918914795
2006-01-09,13.66842269897461
2006-01-10,13.633685111999512
2006-01-11,13.645257949829102
2006-01-12,13.610527992248535
2006-01-13,13.593158721923828
2006-01-17,13.541055679321289
2006-01-18,13.598939895629883
2006-01-19,13.610527992248535
2006-01-20,13.413692474365234
2006-01-23,13.425272941589355
2006-01-24,13.47158432006836
2006-01-25,13.483159065246582
2006-01-26,13.512112617492676
2006-01-27,13.622110366821289
2006-01-30,13.570005416870117
2006-01-31,13.506319999694824
2006-02-01,13.541055679321289
2006-02-02,13.535261154174805
2006-02-03,13.448431968688965
2006-02-06,13.419480323791504
2006-02-07,13.35579776763916
2006-02-08,13.413692474365234
2006-02-09,13.454216957092285
2006-02-10,13.43685245513916
2006-02-13,13.419480323791504
2006-02-14,13.587374687194824
2006-02-15,13.67420768737793
2006-02-16,13.73789119720459
2006-02-17,13.680001258850098
2006-02-21,13.662630081176758
2006-02-22,13.77261734008789
2006-02-23,13.778412818908691
2006-02-24,13.708939552307129
2006-02-27,13.807363510131836
2006-02-28,13.622110366821289
2006-03-01,13.67420768737793
2006-03-02,13.598939895629883
2006-03-03,13.633685111999512
2006-03-06,13.587374687194824
2006-03-07,13.680001258850098
2006-03-08,13.830519676208496
2006-03-09,13.853673934936523
2006-03-10,13.981036186218262
2006-03-13,13.992616653442383
2006-03-14,13.957886695861816
2006-03-15,13.905782699584961
2006-03-16,13.9520902633667
2006-03-17,13.94394588470459
2006-03-20,14.025422096252441
2006-03-21,13.9323091506958
2006-03-22,14.060338973999023
2006-03-23,13.955587387084961
2006-03-24,13.955587387084961
2006-03-27,13.90902328491211
2006-03-28,13.798449516296387
2006-03-29,13.89738941192627
2006-03-30,13.786821365356445
2006-03-31,13.734442710876465
2006-04-03,13.780993461608887
2006-04-04,13.769356727600098
2006-04-05,13.798449516296387
2006-04-06,13.74608325958252
2006-04-07,13.623858451843262
2006-04-10,13.641319274902344
2006-04-11,13.513286590576172
2006-04-12,13.559844970703125
2006-04-13,13.536563873291016
2006-04-17,13.460915565490723
2006-04-18,13.588945388793945
2006-04-19,13.606402397155762
2006-04-20,13.629687309265137
2006-04-21,13.629687309265137
2006-04-24,13.687882423400879
2006-04-25,13.687882423400879
2006-04-26,13.815908432006836
2006-04-27,13.833375930786133
2006-04-28,13.868285179138184
2006-05-01,13.862466812133789
2006-05-02,13.94394588470459
2006-05-03,13.850828170776367
2006-05-04,13.874114990234375
2006-05-05,14.002140045166016
2006-05-08,14.077795028686523
2006-05-09,14.118535995483398
2006-05-10,14.060338973999023
2006-05-11,13.885744094848633
2006-05-12,13.775177001953125
2006-05-15,13.926485061645508
2006-05-16,13.978861808776855
2006-05-17,13.804277420043945
2006-05-18,13.734442710876465
2006-05-19,13.74608325958252
2006-05-22,13.786821365356445
2006-05-23,13.780993461608887
2006-05-24,13.885744094848633
2006-05-25,14.019601821899414
2006-05-26,14.019601821899414
2006-05-30,13.845010757446289
2006-05-31,13.89738941192627
2006-06-01,13.973045349121094
2006-06-02,13.94394588470459
2006-06-05,13.74608325958252
2006-06-06,13.786821365356445
2006-06-07,13.780993461608887
2006-06-08,13.827550888061523
2006-06-09,13.839191436767578
2006-06-12,13.757725715637207
2006-06-13,13.711152076721191
2006-06-14,13.769356727600098
2006-06-15,13.879925727844238
2006-06-16,13.895724296569824
2006-06-19,13.84306812286377
2006-06-20,13.942529678344727
2006-06-21,13.99519157409668
2006-06-22,13.97179126739502
2006-06-23,13.92497730255127
2006-06-26,14.001042366027832
2006-06-27,13.936681747436523
2006-06-28,14.001042366027832
2006-06-29,14.223368644714355
2006-06-30,14.153160095214844
2006-07-03,14.235074043273926
2006-07-05,14.118058204650879
2006-07-06,14.281886100769043
2006-07-07,14.252630233764648
2006-07-10,14.3403902053833
2006-07-11,14.416446685791016
2006-07-12,14.299436569213867
2006-07-13,14.182414054870605
2006-07-14,14.041993141174316
2006-07-17,14.077098846435547
2006-07-18,14.141463279724121
2006-07-19,14.316984176635742
2006-07-20,14.328689575195312
2006-07-21,14.299436569213867
2006-07-24,14.404742240905762
2006-07-25,14.47496223449707
2006-07-26,14.404742240905762
2006-07-27,14.311132431030273
2006-07-28,14.445703506469727
2006-07-31,14.37549877166748
2006-08-01,14.30528450012207
2006-08-02,14.434005737304688
2006-08-03,14.469104766845703
2006-08-04,14.47496223449707
2006-08-07,14.439849853515625
2006-08-08,14.504209518432617
2006-08-09,14.410595893859863
2006-08-10,14.56272029876709
2006-08-11,14.533465385437012
2006-08-14,14.56272029876709
2006-08-15,14.656336784362793
2006-08-16,14.673882484436035
2006-08-17,14.650482177734375
2006-08-18,14.738245010375977
2006-08-21,14.773347854614258
2006-08-22,14.761652946472168
2006-08-23,14.71484375
2006-08-24,14.790904998779297
2006-08-25,14.767501831054688
2006-08-28,14.826007843017578
2006-08-29,14.878662109375
2006-08-30,14.919617652893066
2006-08-31,14.931316375732422
2006-09-01,15.013236045837402
2006-09-05,14.960577964782715
2006-09-06,14.919617652893066
2006-09-07,14.866965293884277
2006-09-08,14.943031311035156
2006-09-11,15.054193496704102
2006-09-12,15.060037612915039
2006-09-13,14.948883056640625
2006-09-14,15.024937629699707
2006-09-15,15.041397094726562
2006-09-18,14.982597351074219
2006-09-19,15.017876625061035
2006-09-20,15.10608196258545
2006-09-21,14.970834732055664
2006-09-22,14.982597351074219
2006-09-25,14.888517379760742
2006-09-26,14.906159400939941
2006-09-27,15.00024127960205
2006-09-28,14.96496295928955
2006-09-29,14.923798561096191
2006-10-02,14.823832511901855
2006-10-03,14.841475486755371
2006-10-04,15.00024127960205
2006-10-05,14.941437721252441
2006-10-06,14.859116554260254
2006-10-09,14.912043571472168
2006-10-10,14.859116554260254
2006-10-11,14.882637023925781
2006-10-12,14.906159400939941
2006-10-13,14.876755714416504
2006-10-16,14.900274276733398
2006-10-17,14.87087345123291
2006-10-18,14.929679870605469
2006-10-19,14.96496295928955
2006-10-20,15.017876625061035
2006-10-23,15.164884567260742
2006-10-24,15.117844581604004
2006-10-25,15.217803001403809
2006-10-26,15.317767143249512
2006-10-27,15.264848709106445
2006-10-30,15.20016098022461
2006-10-31,15.188407897949219
2006-11-01,15.070807456970215
2006-11-02,15.047284126281738
2006-11-03,14.976716995239258
2006-11-06,15.02963924407959
2006-11-07,15.053163528442383
2006-11-08,15.10608196258545
2006-11-09,15.017876625061035
2006-11-10,15.023758888244629
2006-11-13,14.976716995239258
2006-11-14,15.017876625061035
2006-11-15,15.094317436218262
2006-11-16,15.20016098022461
2006-11-17,15.223688125610352
2006-11-20,15.176644325256348
2006-11-21,15.15312385559082
2006-11-22,15.188407897949219
2006-11-24,15.129607200622559
2006-11-27,14.941437721252441
2006-11-28,15.006117820739746
2006-11-29,15.135480880737305
2006-11-30,15.059041023254395
2006-12-01,15.011999130249023
2006-12-04,15.229565620422363
2006-12-05,15.311888694763184
2006-12-06,15.329530715942383
2006-12-07,15.300130844116211
2006-12-08,15.329530715942383
2006-12-11,15.358930587768555
2006-12-12,15.32365608215332
2006-12-13,15.317767143249512
2006-12-14,15.376575469970703
2006-12-15,15.401394844055176
2006-12-18,15.389577865600586
2006-12-19,15.401394844055176
2006-12-20,15.413215637207031
2006-12-21,15.419119834899902
2006-12-22,15.407302856445312
2006-12-26,15.466397285461426
2006-12-27,15.519591331481934
2006-12-28,15.51368522644043
2006-12-29,15.43685531616211
2007-01-03,15.537320137023926
2007-01-04,15.56096076965332
2007-01-05,15.448667526245117
2007-01-08,15.472311019897461
2007-01-09,15.507766723632812
2007-01-10,15.57278823852539
2007-01-11,15.690972328186035
2007-01-12,15.667344093322754
2007-01-16,15.679162979125977
2007-01-17,15.7264404296875
2007-01-18,15.702802658081055
2007-01-19,15.7264404296875
2007-01-22,15.708704948425293
2007-01-23,15.738256454467773
2007-01-24,15.797364234924316
2007-01-25,15.696891784667969
2007-01-26,15.65552043914795
2007-01-29,15.696891784667969
2007-01-30,15.685066223144531
2007-01-31,15.750077247619629
2007-02-01,15.809181213378906
2007-02-02,15.838732719421387
2007-02-05,15.785538673400879
2007-02-06,15.761900901794434
2007-02-07,15.7264404296875
2007-02-08,15.696891784667969
2007-02-09,15.67325210571289
2007-02-12,15.637789726257324
2007-02-13,15.690972328186035
2007-02-14,15.785538673400879
2007-02-15,15.880090713500977
2007-02-16,15.9037446975708
2007-02-20,15.98647689819336
2007-02-21,15.897825241088867
2007-02-22,15.838732719421387
2007-02-23,15.850544929504395
2007-02-26,15.84463882446289
2007-02-27,15.484129905700684
2007-02-28,15.507766723632812
2007-03-01,15.543222427368164
2007-03-02,15.300918579101562
2007-03-05,15.247736930847168
2007-03-06,15.36592960357666
2007-03-07,15.306830406188965
2007-03-08,15.448667526245117
2007-03-09,15.495950698852539
2007-03-12,15.51368522644043
2007-03-13,15.218185424804688
2007-03-14,15.247736930847168
2007-03-15,15.442758560180664
2007-03-16,15.400591850280762
2007-03-19,15.501556396484375
2007-03-20,15.650046348571777
2007-03-21,15.798521041870117
2007-03-22,15.875744819641113
2007-03-23,15.911371231079102
2007-03-26,15.798521041870117
2007-03-27,15.727251052856445
2007-03-28,15.697558403015137
2007-03-29,15.786642074584961
2007-03-30,15.828221321105957
2007-04-02,15.869791030883789
2007-04-03,15.976701736450195
2007-04-04,16.047975540161133
2007-04-05,16.089553833007812
2007-04-09,16.047975540161133
2007-04-10,16.125186920166016
2007-04-11,16.018281936645508
2007-04-12,16.03609848022461
2007-04-13,16.089553833007812
2007-04-16,16.125186920166016
2007-04-17,16.27366828918457
2007-04-18,16.232099533081055
2007-04-19,16.24397850036621
2007-04-20,16.392454147338867
2007-04-23,16.356813430786133
2007-04-24,16.35088348388672
2007-04-25,16.43402862548828
2007-04-26,16.368694305419922
2007-04-27,16.333057403564453
2007-04-30,16.27366828918457
2007-05-01,16.20833396911621
2007-05-02,16.21427345275879
2007-05-03,16.27366828918457
2007-05-04,16.27366828918457
2007-05-07,16.303369522094727
2007-05-08,16.190513610839844
2007-05-09,16.21427345275879
2007-05-10,16.11330795288086
2007-05-11,16.154884338378906
2007-05-14,16.095487594604492
2007-05-15,16.202392578125
2007-05-16,16.368694305419922
2007-05-17,16.32712173461914
2007-05-18,16.44590950012207
2007-05-21,16.321186065673828
2007-05-22,16.35088348388672
2007-05-23,16.303369522094727
2007-05-24,16.232099533081055
2007-05-25,16.333057403564453
2007-05-29,16.392454147338867
2007-05-30,16.46966552734375
2007-05-31,16.493425369262695
2007-06-01,16.570636749267578
2007-06-04,16.63002586364746
2007-06-05,16.529062271118164
2007-06-06,16.422151565551758
2007-06-07,16.21427345275879
2007-06-08,16.30931282043457
2007-06-11,16.39839744567871
2007-06-12,16.24397850036621
2007-06-13,16.368694305419922
2007-06-14,16.392454147338867
2007-06-15,16.42771339416504
2007-06-18,16.344053268432617
2007-06-19,16.224529266357422
2007-06-20,16.20661163330078
2007-06-21,16.25441551208496
2007-06-22,16.164777755737305
2007-06-25,16.093069076538086
2007-06-26,16.05123519897461
2007-06-27,16.176725387573242
2007-06-28,16.1468448638916
2007-06-29,16.164777755737305
2007-07-02,16.296239852905273
2007-07-03,16.290264129638672
2007-07-05,16.278322219848633
2007-07-06,16.37392807006836
2007-07-09,16.37392807006836
2007-07-10,16.224529266357422
2007-07-11,16.302215576171875
2007-07-12,16.439668655395508
2007-07-13,16.553213119506836
2007-07-16,16.48746681213379
2007-07-17,16.409793853759766
2007-07-18,16.41576385498047
2007-07-19,16.46953773498535
2007-07-20,16.37392807006836
2007-07-23,16.37392807006836
2007-07-24,16.25441551208496
2007-07-25,16.25441551208496
2007-07-26,16.0153751373291
2007-07-27,15.800243377685547
2007-07-30,15.836102485656738
2007-07-31,15.704636573791504
2007-08-01,15.937687873840332
2007-08-02,15.955626487731934
2007-08-03,15.92573356628418
2007-08-06,16.33807373046875
2007-08-07,16.296239852905273
2007-08-08,16.583086013793945
2007-08-09,16.284286499023438
2007-08-10,16.19464874267578
2007-08-13,16.1468448638916
2007-08-14,15.889881134033203
2007-08-15,15.806224822998047
2007-08-16,15.848062515258789
2007-08-17,15.92573356628418
2007-08-20,16.04525375366211
2007-08-21,16.04525375366211
2007-08-22,16.08708381652832
2007-08-23,16.093069076538086
2007-08-24,16.20661163330078
2007-08-27,16.134897232055664
2007-08-28,15.9496431350708
2007-08-29,16.08708381652832
2007-08-30,16.033309936523438
2007-08-31,16.075130462646484
2007-09-04,16.248432159423828
2007-09-05,16.099037170410156
2007-09-06,16.057209014892578
2007-09-07,15.985495567321777
2007-09-10,16.027326583862305
2007-09-11,16.134897232055664
2007-09-12,16.218563079833984
2007-09-13,16.266361236572266
2007-09-14,16.36197853088379
2007-09-17,16.266361236572266
2007-09-18,16.583086013793945
2007-09-19,16.59503936767578
2007-09-20,16.612958908081055
2007-09-21,16.621383666992188
2007-09-24,16.609359741210938
2007-09-25,16.5853214263916
2007-09-26,16.699499130249023
2007-09-27,16.759593963623047
2007-09-28,16.813669204711914
2007-10-01,16.765594482421875
2007-10-02,16.7716121673584
2007-10-03,16.72954559326172
2007-10-04,16.765594482421875
2007-10-05,16.825685501098633
2007-10-08,16.71752166748047
2007-10-09,16.813669204711914
2007-10-10,16.885784149169922
2007-10-11,16.927852630615234
2007-10-12,16.963897705078125
2007-10-15,16.909814834594727
2007-10-16,16.83771324157715
2007-10-17,16.897798538208008
2007-10-18,16.83771324157715
2007-10-19,16.66343879699707
2007-10-22,16.7716121673584
2007-10-23,16.825685501098633
2007-10-24,16.77761459350586
2007-10-25,16.915822982788086
2007-10-26,17.030006408691406
2007-10-29,17.036012649536133
2007-10-30,16.963897705078125
2007-10-31,17.072063446044922
2007-11-01,16.73556137084961
2007-11-02,16.843717575073242
2007-11-05,16.867753982543945
2007-11-06,16.981931686401367
2007-11-07,16.795642852783203
2007-11-08,16.915822982788086
2007-11-09,16.753583908081055
2007-11-12,16.765594482421875
2007-11-13,17.017980575561523
2007-11-14,17.102109909057617
2007-11-15,17.090089797973633
2007-11-16,17.168212890625
2007-11-19,17.048036575317383
2007-11-20,17.18623924255371
2007-11-21,16.97591781616211
2007-11-23,17.150182723999023
2007-11-26,16.97591781616211
2007-11-27,17.156192779541016
2007-11-28,17.426607131958008
2007-11-29,17.516740798950195
2007-11-30,17.540781021118164
2007-12-03,17.474685668945312
2007-12-04,17.450641632080078
2007-12-05,17.52275848388672
2007-12-06,17.516740798950195
2007-12-07,17.70302963256836
2007-12-10,17.721059799194336
2007-12-11,17.52876853942871
2007-12-12,17.576831817626953
2007-12-13,17.65496063232422
2007-12-14,17.438629150390625
2007-12-17,17.318445205688477
2007-12-18,17.240327835083008
2007-12-19,17.384544372558594
2007-12-20,17.306419372558594
2007-12-21,17.72136878967285
2007-12-24,17.69721031188965
2007-12-26,17.63681983947754
2007-12-27,17.467687606811523
2007-12-28,17.534133911132812
2007-12-31,17.395212173461914
2008-01-02,17.147573471069336
2008-01-03,17.056970596313477
2008-01-04,16.984495162963867
2008-01-07,17.183815002441406
2008-01-08,17.056970596313477
2008-01-09,17.286489486694336
2008-01-10,17.31669044494629
2008-01-11,17.075096130371094
2008-01-14,17.00261878967285
2008-01-15,16.8214111328125
2008-01-16,16.76101303100586
2008-01-17,16.640213012695312
2008-01-18,16.39860725402832
2008-01-22,16.229490280151367
2008-01-23,16.42881965637207
2008-01-24,16.350303649902344
2008-01-25,16.12681007385254
2008-01-28,16.2536563873291
2008-01-29,16.301969528198242
2008-01-30,16.187213897705078
2008-01-31,16.42881965637207
2008-02-01,16.591894149780273
2008-02-04,16.489215850830078
2008-02-05,16.265731811523438
2008-02-06,16.199295043945312
2008-02-07,16.368410110473633
2008-02-08,16.187213897705078
2008-02-11,16.3925724029541
2008-02-12,16.61001205444336
2008-02-13,16.531494140625
2008-02-14,16.446922302246094
2008-02-15,16.5194149017334
2008-02-19,16.785171508789062
2008-02-20,16.42881965637207
2008-02-21,16.489215850830078
2008-02-22,16.670413970947266
2008-02-25,16.694570541381836
2008-02-26,16.899930953979492
2008-02-27,16.670413970947266
2008-02-28,16.700611114501953
2008-02-29,16.386533737182617
2008-03-03,16.54961395263672
2008-03-04,16.53753662109375
2008-03-05,16.579814910888672
2008-03-06,16.42881965637207
2008-03-07,16.350303649902344
2008-03-10,16.265731811523438
2008-03-11,16.61001205444336
2008-03-12,16.567733764648438
2008-03-13,16.567733764648438
2008-03-14,16.283849716186523
2008-03-17,16.19325065612793
2008-03-18,16.489215850830078
2008-03-19,16.579814910888672
2008-03-20,16.77170181274414
2008-03-24,16.959938049316406
2008-03-25,17.00243377685547
2008-03-26,16.862781524658203
2008-03-27,16.947795867919922
2008-03-28,16.929574966430664
2008-03-31,16.917430877685547
2008-04-01,17.12388801574707
2008-04-02,17.129959106445312
2008-04-03,17.081375122070312
2008-04-04,17.22711944580078
2008-04-07,17.11782455444336
2008-04-08,17.11174201965332
2008-04-09,16.94171905517578
2008-04-10,16.984233856201172
2008-04-11,16.874923706054688
2008-04-14,16.868854522705078
2008-04-15,16.972084045410156
2008-04-16,17.06924057006836
2008-04-17,17.093530654907227
2008-04-18,16.978153228759766
2008-04-21,17.026737213134766
2008-04-22,16.923503875732422
2008-04-23,17.032804489135742
2008-04-24,17.057090759277344
2008-04-25,16.959938049316406
2008-04-28,17.063167572021484
2008-04-29,17.081375122070312
2008-04-30,16.78990936279297
2008-05-01,17.093530654907227
2008-05-02,17.06924057006836
2008-05-05,17.008512496948242
2008-05-06,17.11782455444336
2008-05-07,16.9538631439209
2008-05-08,17.00243377685547
2008-05-09,16.905290603637695
2008-05-12,17.093530654907227
2008-05-13,17.032804489135742
2008-05-14,17.09960174560547
2008-05-15,17.306055068969727
2008-05-16,17.299985885620117
2008-05-19,17.397138595581055
2008-05-20,17.136032104492188
2008-05-21,16.959938049316406
2008-05-22,17.142101287841797
2008-05-23,17.051021575927734
2008-05-27,17.09960174560547
2008-05-28,17.12388801574707
2008-05-29,17.19068717956543
2008-05-30,17.299985885620117
2008-06-02,17.14818000793457
2008-06-03,17.239261627197266
2008-06-04,17.22711944580078
2008-06-05,17.403215408325195
2008-06-06,16.972084045410156
2008-06-09,17.032804489135742
2008-06-10,17.063167572021484
2008-06-11,16.972084045410156
2008-06-12,17.08745574951172
2008-06-13,17.07530975341797
2008-06-16,16.893144607543945
2008-06-17,16.83849334716797
2008-06-18,16.65024757385254
2008-06-19,16.70490837097168
2008-06-20,16.515226364135742
2008-06-23,16.454246520996094
2008-06-24,16.509136199951172
2008-06-25,16.88115119934082
2008-06-26,16.368858337402344
2008-06-27,16.198102951049805
2008-06-30,16.31397247314453
2008-07-01,16.29568099975586
2008-07-02,16.277374267578125
2008-07-03,16.265193939208984
2008-07-07,16.429847717285156
2008-07-08,16.643306732177734
2008-07-09,16.478641510009766
2008-07-10,16.600608825683594
2008-07-11,16.423749923706055
2008-07-14,16.435956954956055
2008-07-15,16.405458450317383
2008-07-16,16.612810134887695
2008-07-17,16.643306732177734
2008-07-18,16.362762451171875
2008-07-21,16.326173782348633
2008-07-22,16.612810134887695
2008-07-23,16.728687286376953
2008-07-24,16.625011444091797
2008-07-25,16.533525466918945
2008-07-28,16.39325714111328
2008-07-29,16.77747344970703
2008-07-30,16.972639083862305
2008-07-31,16.71039581298828
2008-08-01,16.679895401000977
2008-08-04,16.832365036010742
2008-08-05,17.12510108947754
2008-08-06,17.30805778503418
2008-08-07,16.972639083862305
2008-08-08,17.326353073120117
2008-08-11,17.478822708129883
2008-08-12,17.600793838500977
2008-08-13,17.423931121826172
2008-08-14,17.503223419189453
2008-08-15,17.673980712890625
2008-08-18,17.600793838500977
2008-08-19,17.362945556640625
2008-08-20,17.369050979614258
2008-08-21,17.179988861083984
2008-08-22,17.491024017333984
2008-08-25,17.210481643676758
2008-08-26,17.143394470214844
2008-08-27,17.222681045532227
2008-08-28,17.332454681396484
2008-08-29,17.161697387695312
2008-09-02,17.350751876831055
2008-09-03,17.222681045532227
2008-09-04,17.112903594970703
2008-09-05,17.271469116210938
2008-09-08,17.63739013671875
2008-09-09,17.54590606689453
2008-09-10,17.667882919311523
2008-09-11,17.741071701049805
2008-09-12,17.77765464782715
2008-09-15,17.564207077026367
2008-09-16,17.564207077026367
2008-09-17,16.93604278564453
2008-09-18,17.045808792114258
2008-09-19,17.008365631103516
2008-09-22,16.91626739501953
2008-09-23,16.68907356262207
2008-09-24,16.65836524963379
2008-09-25,17.069765090942383
2008-09-26,17.008365631103516
2008-09-29,16.369781494140625
2008-09-30,16.94695472717285
2008-10-01,17.069765090942383
2008-10-02,16.854856491088867
2008-10-03,16.719770431518555
2008-10-06,16.23469352722168
2008-10-07,15.718910217285156
2008-10-08,15.289105415344238
2008-10-09,14.368077278137207
2008-10-10,14.49088191986084
2008-10-13,15.166303634643555
2008-10-14,15.197002410888672
2008-10-15,14.675082206726074
2008-10-16,14.816311836242676
2008-10-17,14.926836013793945
2008-10-20,15.049638748168945
2008-10-21,14.908411979675293
2008-10-22,14.675082206726074
2008-10-23,14.736486434936523
2008-10-24,13.999665260314941
2008-10-27,13.643528938293457
2008-10-28,14.58298110961914
2008-10-29,14.300532341003418
2008-10-30,14.902274131774902
2008-10-31,14.810168266296387
2008-11-03,15.037360191345215
2008-11-04,15.258405685424805
2008-11-05,14.988239288330078
2008-11-06,14.82858943939209
2008-11-07,14.896137237548828
2008-11-10,14.939111709594727
2008-11-11,14.601404190063477
2008-11-12,14.288251876831055
2008-11-13,14.859289169311523
2008-11-14,14.417198181152344
2008-11-17,14.226852416992188
2008-11-18,14.325093269348145
2008-11-19,13.956683158874512
2008-11-20,13.471599578857422
2008-11-21,14.116327285766602
2008-11-24,14.294398307800293
2008-11-25,14.37421703338623
2008-11-26,14.558424949645996
2008-11-28,14.779470443725586
2008-12-01,13.962821960449219
2008-12-02,14.165451049804688
2008-12-03,14.337380409240723
2008-12-04,14.153166770935059
2008-12-05,14.552281379699707
2008-12-08,14.638242721557617
2008-12-09,14.355793952941895
2008-12-10,14.34965991973877
2008-12-11,14.190009117126465
2008-12-12,14.208434104919434
2008-12-15,14.196152687072754
2008-12-16,14.527715682983398
2008-12-17,14.454042434692383
2008-12-18,14.503157615661621
2008-12-19,14.385497093200684
2008-12-22,14.422661781311035
2008-12-23,14.304991722106934
2008-12-24,14.428849220275879
2008-12-26,14.441232681274414
2008-12-29,14.410266876220703
2008-12-30,14.639399528503418
2008-12-31,14.781834602355957
2009-01-02,14.992377281188965
2009-01-05,15.054305076599121
2009-01-06,14.831371307373047
2009-01-07,14.682744026184082
2009-01-08,14.49077320098877
2009-01-09,14.243077278137207
2009-01-12,14.249259948730469
2009-01-13,14.335956573486328
2009-01-14,14.020139694213867
2009-01-15,14.082059860229492
2009-01-16,14.21210765838623
2009-01-20,14.04490852355957
2009-01-21,14.11302661895752
2009-01-22,14.10063648223877
2009-01-23,13.964395523071289
2009-01-26,14.057291030883789
2009-01-27,14.131599426269531
2009-01-28,14.274031639099121
2009-01-29,14.150182723999023
2009-01-30,13.716686248779297
2009-02-02,13.59903335571289
2009-02-03,13.896278381347656
2009-02-04,13.518525123596191
2009-02-05,13.710505485534668
2009-02-06,13.945823669433594
2009-02-09,13.809584617614746
2009-02-10,13.363713264465332
2009-02-11,13.438024520874023
2009-02-12,13.56187629699707
2009-02-13,13.351330757141113
2009-02-17,13.159355163574219
2009-02-18,13.227478981018066
2009-02-19,13.394675254821777
2009-02-20,13.190316200256348
2009-02-23,12.849725723266602
2009-02-24,13.097428321838379
2009-02-25,12.973576545715332
2009-02-26,12.688718795776367
2009-02-27,12.608214378356934
2009-03-02,12.366698265075684
2009-03-03,12.218076705932617
2009-03-04,12.453394889831543
2009-03-05,12.168535232543945
2009-03-06,12.205689430236816
2009-03-09,12.019914627075195
2009-03-10,12.242847442626953
2009-03-11,12.230460166931152
2009-03-12,12.546278953552246
2009-03-13,12.732063293457031
2009-03-16,12.930229187011719
2009-03-17,13.171740531921387
2009-03-18,13.10362720489502
2009-03-19,12.936420440673828
2009-03-20,12.813702583312988
2009-03-23,13.374345779418945
2009-03-24,13.31204891204834
2009-03-25,13.442865371704102
2009-03-26,13.592369079589844
2009-03-27,13.461549758911133
2009-03-30,13.168770790100098
2009-03-31,13.143858909606934
2009-04-01,13.368114471435547
2009-04-02,13.648428916931152
2009-04-03,13.592369079589844
2009-04-06,13.62975025177002
2009-04-07,13.380570411682129
2009-04-08,13.492701530456543
2009-04-09,13.498933792114258
2009-04-13,13.461549758911133
2009-04-14,13.27466869354248
2009-04-15,13.51138687133789
2009-04-16,13.692038536071777
2009-04-17,13.760563850402832
2009-04-20,13.492701530456543
2009-04-21,13.62975025177002
2009-04-22,13.449089050292969
2009-04-23,13.449089050292969
2009-04-24,13.393026351928711
2009-04-27,13.474013328552246
2009-04-28,13.536310195922852
2009-04-29,13.760563850402832
2009-04-30,13.704497337341309
2009-05-01,13.760563850402832
2009-05-04,13.972355842590332
2009-05-05,13.854000091552734
2009-05-06,13.94121265411377
2009-05-07,13.997269630432129
2009-05-08,14.177927017211914
2009-05-11,14.109400749206543
2009-05-12,14.277591705322266
2009-05-13,14.015961647033691
2009-05-14,14.065791130065918
2009-05-15,13.934983253479004
2009-05-18,14.227755546569824
2009-05-19,14.308735847473145
2009-05-20,14.327435493469238
2009-05-21,14.196613311767578
2009-05-22,14.283822059631348
2009-05-26,14.46447467803955
2009-05-27,14.096941947937012
2009-05-28,14.24644947052002
2009-05-29,14.402181625366211
2009-06-01,14.688729286193848
2009-06-02,14.838234901428223
2009-06-03,14.763479232788086
2009-06-04,14.788398742675781
2009-06-05,14.713647842407227
2009-06-08,14.76971435546875
2009-06-09,14.63889217376709
2009-06-10,14.476932525634766
2009-06-11,14.539224624633789
2009-06-12,14.651352882385254
2009-06-15,14.296282768249512
2009-06-16,14.109400749206543
2009-06-17,14.252671241760254
2009-06-18,14.514305114746094
2009-06-19,14.368048667907715
2009-06-22,14.311559677124023
2009-06-23,14.223681449890137
2009-06-24,14.261343002319336
2009-06-25,14.506150245666504
2009-06-26,14.455936431884766
2009-06-29,14.54380989074707
2009-06-30,14.43082046508789
2009-07-01,14.675627708435059
2009-07-02,14.368048667907715
2009-07-06,14.663070678710938
2009-07-07,14.481035232543945
2009-07-08,14.54380989074707
2009-07-09,14.437108039855957
2009-07-10,14.368048667907715
2009-07-13,14.625407218933105
2009-07-14,14.669352531433105
2009-07-15,14.90787410736084
2009-07-16,15.008307456970215
2009-07-17,15.020862579345703
2009-07-20,15.064797401428223
2009-07-21,15.045971870422363
2009-07-22,15.052244186401367
2009-07-23,15.259393692016602
2009-07-24,15.397482872009277
2009-07-27,15.340989112854004
2009-07-28,15.359819412231445
2009-07-29,15.441421508789062
2009-07-30,15.422591209411621
2009-07-31,15.391203880310059
2009-08-03,15.410039901733398
2009-08-04,15.435145378112793
2009-08-05,15.334711074829102
2009-08-06,15.177786827087402
2009-08-07,15.240554809570312
2009-08-10,15.253103256225586
2009-08-11,15.253103256225586
2009-08-12,15.24683666229248
2009-08-13,15.334711074829102
2009-08-14,15.315874099731445
2009-08-17,15.158954620361328
2009-08-18,15.184066772460938
2009-08-19,15.284492492675781
2009-08-20,15.359819412231445
2009-08-21,15.52929401397705
2009-08-24,15.535577774047852
2009-08-25,15.560680389404297
2009-08-26,15.610901832580566
2009-08-27,15.610901832580566
2009-08-28,15.548135757446289
2009-08-31,15.579512596130371
2009-09-01,15.435145378112793
2009-09-02,15.44770622253418
2009-09-03,15.479081153869629
2009-09-04,15.592068672180176
2009-09-08,15.723885536193848
2009-09-09,15.717615127563477
2009-09-10,15.830594062805176
2009-09-11,15.899645805358887
2009-09-14,15.86198616027832
2009-09-15,15.780381202697754
2009-09-16,15.905921936035156
2009-09-17,15.849430084228516
2009-09-18,16.057405471801758
2009-09-21,16.0068359375
2009-09-22,16.03844451904297
2009-09-23,16.03844451904297
2009-09-24,15.956263542175293
2009-09-25,15.956263542175293
2009-09-28,15.987875938415527
2009-09-29,16.06373405456543
2009-09-30,16.095333099365234
2009-10-01,15.949942588806152
2009-10-02,16.000520706176758
2009-10-05,16.03844451904297
2009-10-06,16.183853149414062
2009-10-07,16.253395080566406
2009-10-08,16.348215103149414
2009-10-09,16.386146545410156
2009-10-12,16.455690383911133
2009-10-13,16.398788452148438
2009-10-14,16.455690383911133
2009-10-15,16.58212661743164
2009-10-16,16.67063331604004
2009-10-19,16.765459060668945
2009-10-20,16.746498107910156
2009-10-21,16.62005615234375
2009-10-22,16.645343780517578
2009-10-23,16.480974197387695
2009-10-26,16.35453987121582
2009-10-27,16.3671817779541
2009-10-28,16.322927474975586
2009-10-29,16.588443756103516
2009-10-30,16.329259872436523
2009-11-02,16.48729705810547
2009-11-03,16.37982940673828
2009-11-04,16.44304656982422
2009-11-05,16.518898010253906
2009-11-06,16.563161849975586
2009-11-09,16.83500099182129
2009-11-10,16.82868194580078
2009-11-11,16.879247665405273
2009-11-12,16.778099060058594
2009-11-13,16.89189338684082
2009-11-16,16.98672103881836
2009-11-17,17.06890296936035
2009-11-18,17.056262969970703
2009-11-19,16.974077224731445
2009-11-20,16.99936294555664
2009-11-23,17.144773483276367
2009-11-24,17.182697296142578
2009-11-25,17.15108871459961
2009-11-27,16.993043899536133
2009-11-30,16.929828643798828
2009-12-01,17.163728713989258
2009-12-02,17.144773483276367
2009-12-03,17.01201057434082
2009-12-04,17.100515365600586
2009-12-07,17.081544876098633
2009-12-08,16.88558006286621
2009-12-09,16.91718292236328
2009-12-10,16.974077224731445
2009-12-11,17.06890296936035
2009-12-14,17.13212013244629
2009-12-15,17.062578201293945
2009-12-16,16.98040199279785
2009-12-17,16.778099060058594
2009-12-18,16.745553970336914
2009-12-21,16.834896087646484
2009-12-22,16.949766159057617
2009-12-23,16.962533950805664
2009-12-24,17.02634620666504
2009-12-28,17.05826187133789
2009-12-29,17.090167999267578
2009-12-30,17.05826187133789
2009-12-31,16.892332077026367
2010-01-04,17.019968032836914
2010-01-05,17.02634620666504
2010-01-06,17.01358413696289
2010-01-07,17.01358413696289
2010-01-08,16.956151962280273
2010-01-11,17.000823974609375
2010-01-12,17.096546173095703
2010-01-13,17.217798233032227
2010-01-14,17.166748046875
2010-01-15,17.083789825439453
2010-01-19,17.185897827148438
2010-01-20,17.05826187133789
2010-01-21,16.815750122070312
2010-01-22,16.777463912963867
2010-01-25,16.80936622619629
2010-01-26,16.790224075317383
2010-01-27,16.82851791381836
2010-01-28,16.783836364746094
2010-01-29,16.720033645629883
2010-02-01,16.8476619720459
2010-02-02,17.090167999267578
2010-02-03,16.968914031982422
2010-02-04,16.62430763244629
2010-02-05,16.57962989807129
2010-02-08,16.560483932495117
2010-02-09,16.758319854736328
2010-02-10,16.739171981811523
2010-02-11,16.87318992614746
2010-02-12,16.87318992614746
2010-02-16,17.045499801635742
2010-02-17,17.166748046875
2010-02-18,17.26885223388672
2010-02-19,17.307146072387695
2010-02-22,17.307146072387695
2010-02-23,17.211421966552734
2010-02-24,17.31991195678711
2010-02-25,17.33266830444336
2010-02-26,17.249711990356445
2010-03-01,17.370960235595703
2010-03-02,17.434782028198242
2010-03-03,17.4411563873291
2010-03-04,17.498592376708984
2010-03-05,17.607080459594727
2010-03-08,17.54326057434082
2010-03-09,17.517742156982422
2010-03-10,17.492210388183594
2010-03-11,17.52412223815918
2010-03-12,17.536876678466797
2010-03-15,17.6708984375
2010-03-16,17.753864288330078
2010-03-17,17.830440521240234
2010-03-18,17.849584579467773
2010-03-19,17.797033309936523
2010-03-22,17.886754989624023
2010-03-23,18.027753829956055
2010-03-24,17.899566650390625
2010-03-25,17.87394142150879
2010-03-26,17.886754989624023
2010-03-29,17.970077514648438
2010-03-30,18.002117156982422
2010-03-31,17.899566650390625
2010-04-01,18.014934539794922
2010-04-05,18.014934539794922
2010-04-06,17.95725440979004
2010-04-07,17.841899871826172
2010-04-08,17.87394142150879
2010-04-09,17.970077514648438
2010-04-12,18.027753829956055
2010-04-13,17.970077514648438
2010-04-14,17.995698928833008
2010-04-15,17.96367073059082
2010-04-16,17.886754989624023
2010-04-19,17.95725440979004
2010-04-20,18.00852394104004
2010-04-21,18.00852394104004
2010-04-22,18.00852394104004
2010-04-23,17.96367073059082
2010-04-26,17.92520523071289
2010-04-27,17.61117935180664
2010-04-28,17.752178192138672
2010-04-29,17.809860229492188
2010-04-30,17.707313537597656
2010-05-03,17.809860229492188
2010-05-04,17.630399703979492
2010-05-05,17.694496154785156
2010-05-06,17.25229263305664
2010-05-07,17.13694190979004
2010-05-10,17.636810302734375
2010-05-11,17.630399703979492
2010-05-12,17.752178192138672
2010-05-13,17.64322853088379
2010-05-14,17.476600646972656
2010-05-17,17.662452697753906
2010-05-18,17.559913635253906
2010-05-19,17.515052795410156
2010-05-20,16.995946884155273
2010-05-21,17.060039520263672
2010-05-24,16.93826675415039
2010-05-25,16.739593505859375
2010-05-26,16.630643844604492
2010-05-27,16.970312118530273
2010-05-28,16.88699722290039
2010-06-01,16.848548889160156
2010-06-02,17.13694190979004
2010-06-03,17.162572860717773
2010-06-04,16.707544326782227
2010-06-07,16.579381942749023
2010-06-08,16.848548889160156
2010-06-09,16.816497802734375
2010-06-10,17.104890823364258
2010-06-11,16.96390151977539
2010-06-14,17.060039520263672
2010-06-15,17.23307228088379
2010-06-16,17.117712020874023
2010-06-17,17.271516799926758
2010-06-18,17.208261489868164
2010-06-21,17.16307830810547
2010-06-22,16.975889205932617
2010-06-23,17.085630416870117
2010-06-24,16.879070281982422
2010-06-25,16.704795837402344
2010-06-28,16.846799850463867
2010-06-29,16.575698852539062
2010-06-30,16.459514617919922
2010-07-01,16.49179458618164
2010-07-02,16.427244186401367
2010-07-06,16.524063110351562
2010-07-07,16.840341567993164
2010-07-08,17.09207534790039
2010-07-09,17.09207534790039
2010-07-12,17.150169372558594
2010-07-13,17.305084228515625
2010-07-14,17.311540603637695
2010-07-15,17.363178253173828
2010-07-16,17.117900848388672
2010-07-19,17.150169372558594
2010-07-20,17.356727600097656
2010-07-21,17.16953468322754
2010-07-22,17.363178253173828
2010-07-23,17.524547576904297
2010-07-26,17.614910125732422
2010-07-27,17.67945671081543
2010-07-28,17.582637786865234
2010-07-29,17.369625091552734
2010-07-30,17.41481590270996
2010-08-02,17.614910125732422
2010-08-03,17.45999526977539
2010-08-04,17.524547576904297
2010-08-05,17.447084426879883
2010-08-06,17.485820770263672
2010-08-09,17.5761775970459
2010-08-10,17.614910125732422
2010-08-11,17.324453353881836
2010-08-12,17.305084228515625
2010-08-13,17.298629760742188
2010-08-16,17.279266357421875
2010-08-17,17.447084426879883
2010-08-18,17.45999526977539
2010-08-19,17.25344467163086
2010-08-20,17.25344467163086
2010-08-23,17.292171478271484
2010-08-24,17.208261489868164
2010-08-25,17.246994018554688
2010-08-26,17.117900848388672
2010-08-27,17.22763442993164
2010-08-30,17.079174041748047
2010-08-31,17.09207534790039
2010-09-01,17.39545249938965
2010-09-02,17.505184173583984
2010-09-03,17.614910125732422
2010-09-07,17.543912887573242
2010-09-08,17.621366500854492
2010-09-09,17.67945671081543
2010-09-10,17.763368606567383
2010-09-13,17.782739639282227
2010-09-14,17.815011978149414
2010-09-15,17.937646865844727
2010-09-16,17.957006454467773
2010-09-17,17.909555435180664
2010-09-20,18.10457420349121
2010-09-21,18.07207679748535
2010-09-22,18.10457420349121
2010-09-23,17.987567901611328
2010-09-24,18.228092193603516
2010-09-27,18.12408447265625
2010-09-28,18.241092681884766
2010-09-29,18.189090728759766
2010-09-30,18.12408447265625
2010-10-01,18.156579971313477
2010-10-04,18.10457420349121
2010-10-05,18.273595809936523
2010-10-06,18.351612091064453
2010-10-07,18.28660011291504
2010-10-08,18.325607299804688
2010-10-11,18.345104217529297
2010-10-12,18.39060401916504
2010-10-13,18.5466251373291
2010-10-14,18.55312728881836
2010-10-15,18.5986328125
2010-10-18,18.66364097595215
2010-10-19,18.436119079589844
2010-10-20,18.5986328125
2010-10-21,18.66364097595215
2010-10-22,18.728649139404297
2010-10-25,18.774152755737305
2010-10-26,18.670141220092773
2010-10-27,18.5726318359375
2010-10-28,18.637643814086914
2010-10-29,18.702640533447266
2010-11-01,18.624631881713867
2010-11-02,18.735149383544922
2010-11-03,18.793659210205078
2010-11-04,19.02118492126465
2010-11-05,18.923669815063477
2010-11-08,18.891164779663086
2010-11-09,18.793659210205078
2010-11-10,18.735149383544922
2010-11-11,18.754642486572266
2010-11-12,18.66364097595215
2010-11-15,18.670141220092773
2010-11-16,18.46211814880371
2010-11-17,18.468618392944336
2010-11-18,18.715648651123047
2010-11-19,18.728649139404297
2010-11-22,18.728649139404297
2010-11-23,18.507619857788086
2010-11-24,18.6506404876709
2010-11-26,18.527122497558594
2010-11-29,18.49461555480957
2010-11-30,18.410110473632812
2010-12-01,18.709150314331055
2010-12-02,18.722148895263672
2010-12-03,18.728649139404297
2010-12-06,18.683143615722656
2010-12-07,18.78714942932129
2010-12-08,18.858665466308594
2010-12-09,18.910667419433594
2010-12-10,18.94317626953125
2010-12-13,18.94317626953125
2010-12-14,19.0341854095459
2010-12-15,19.053680419921875
2010-12-16,19.222700119018555
2010-12-17,19.25286865234375
2010-12-20,19.23318862915039
2010-12-21,19.18729591369629
2010-12-22,19.272533416748047
2010-12-23,19.279104232788086
2010-12-27,19.18729591369629
2010-12-28,19.2397518157959
2010-12-29,19.246307373046875
2010-12-30,19.21352195739746
2010-12-31,19.220081329345703
2011-01-03,19.246307373046875
2011-01-04,19.193851470947266
2011-01-05,19.200416564941406
2011-01-06,19.134828567504883
2011-01-07,19.036470413208008
2011-01-10,19.049589157104492
2011-01-11,19.036470413208008
2011-01-12,19.193851470947266
2011-01-13,19.23318862915039
2011-01-14,19.23318862915039
2011-01-18,19.246307373046875
2011-01-19,19.206972122192383
2011-01-20,19.30533218383789
2011-01-21,19.338117599487305
2011-01-24,19.37090301513672
2011-01-25,19.436481475830078
2011-01-26,19.384016036987305
2011-01-27,19.18729591369629
2011-01-28,19.00368881225586
2011-01-31,18.938106536865234
2011-02-01,19.075817108154297
2011-02-02,19.00368881225586
2011-02-03,19.1020450592041
2011-02-04,19.21352195739746
2011-02-07,19.2397518157959
2011-02-08,19.331552505493164
2011-02-09,19.364341735839844
2011-02-10,19.29220962524414
2011-02-11,19.397136688232422
2011-02-14,19.31188201904297
2011-02-15,19.30533218383789
2011-02-16,19.357789993286133
2011-02-17,19.488937377929688
2011-02-18,19.541400909423828
2011-02-22,19.403696060180664
2011-02-23,19.357789993286133
2011-02-24,19.279104232788086
2011-02-25,19.377470016479492
2011-02-28,19.488937377929688
2011-03-01,19.338117599487305
2011-03-02,19.285654067993164
2011-03-03,19.48238182067871
2011-03-04,19.397136688232422
2011-03-07,19.344675064086914
2011-03-08,19.515172958374023
2011-03-09,19.613529205322266
2011-03-10,19.48238182067871
2011-03-11,19.49549674987793
2011-03-14,19.357789993286133
2011-03-15,19.18729591369629
2011-03-16,18.911880493164062
2011-03-17,19.00368881225586
2011-03-18,19.158002853393555
2011-03-21,19.395410537719727
2011-03-22,19.369041442871094
2011-03-23,19.40201759338379
2011-03-24,19.580068588256836
2011-03-25,19.580068588256836
2011-03-28,19.57347869873047
2011-03-29,19.665803909301758
2011-03-30,19.771320343017578
2011-03-31,19.73175621032715
2011-04-01,19.830669403076172
2011-04-04,19.870250701904297
2011-04-05,19.89002799987793
2011-04-06,19.982358932495117
2011-04-07,20.008731842041016
2011-04-08,19.94938850402832
2011-04-11,20.05490493774414
2011-04-12,20.120847702026367
2011-04-13,20.134044647216797
2011-04-14,20.252744674682617
2011-04-15,20.338470458984375
2011-04-18,20.22636604309082
2011-04-19,20.265932083129883
2011-04-20,20.371448516845703
2011-04-21,20.3780460357666
2011-04-25,20.32529067993164
2011-04-26,20.463773727416992
2011-04-27,20.59568214416504
2011-04-28,20.727569580078125
2011-04-29,20.786930084228516
2011-05-02,20.813304901123047
2011-05-03,20.866064071655273
2011-05-04,20.839683532714844
2011-05-05,20.681411743164062
2011-05-06,20.734172821044922
2011-05-09,20.806713104248047
2011-05-10,20.932010650634766
2011-05-11,20.89244842529297
2011-05-12,21.202404022216797
2011-05-13,21.1760196685791
2011-05-16,21.182619094848633
2011-05-17,21.22878074645996
2011-05-18,21.261760711669922
2011-05-19,21.38045883178711
2011-05-20,21.314516067504883
2011-05-23,21.1694278717041
2011-05-24,21.14964485168457
2011-05-25,21.01114845275879
2011-05-26,21.044132232666016
2011-05-27,21.12986183166504
2011-05-31,21.307920455932617
2011-06-01,21.09028434753418
2011-06-02,20.846288681030273
2011-06-03,20.6484375
2011-06-06,20.542919158935547
2011-06-07,20.496749877929688
2011-06-08,20.509944915771484
2011-06-09,20.62205696105957
2011-06-10,20.384639739990234
2011-06-13,20.476970672607422
2011-06-14,20.694599151611328
2011-06-15,20.384639739990234
2011-06-16,20.549514770507812
2011-06-17,20.680341720581055
2011-06-20,20.83308982849121
2011-06-21,20.813169479370117
2011-06-22,20.680341720581055
2011-06-23,20.49439239501953
2011-06-24,20.328365325927734
2011-06-27,20.42133903503418
2011-06-28,20.461183547973633
2011-06-29,20.580726623535156
2011-06-30,20.74011993408203
2011-07-01,20.899497985839844
2011-07-05,20.89286231994629
2011-07-06,21.005754470825195
2011-07-07,21.1518611907959
2011-07-08,21.078805923461914
2011-07-11,20.926061630249023
2011-07-12,20.859643936157227
2011-07-13,20.859643936157227
2011-07-14,20.76667594909668
2011-07-15,20.826448440551758
2011-07-18,20.693628311157227
2011-07-19,20.97919464111328
2011-07-20,20.94598388671875
2011-07-21,21.11865997314453
2011-07-22,21.078805923461914
2011-07-25,20.886219024658203
2011-07-26,20.83308982849121
2011-07-27,20.607282638549805
2011-07-28,20.607282638549805
2011-07-29,20.474472045898438
2011-08-01,20.401416778564453
2011-08-02,20.135774612426758
2011-08-03,20.215471267700195
2011-08-04,19.58456039428711
2011-08-05,19.863487243652344
2011-08-08,19.113048553466797
2011-08-09,19.577919006347656
2011-08-10,18.82748031616211
2011-08-11,19.385332107543945
2011-08-12,19.617769241333008
2011-08-15,19.896690368652344
2011-08-16,19.94317626953125
2011-08-17,20.076004028320312
2011-08-18,19.717384338378906
2011-08-19,19.624414443969727
2011-08-22,19.68417739868164
2011-08-23,20.089290618896484
2011-08-24,20.17562484741211
2011-08-25,19.870134353637695
2011-08-26,20.03615951538086
2011-08-29,20.394773483276367
2011-08-30,20.447904586791992
2011-08-31,20.514310836791992
2011-09-01,20.441267013549805
2011-09-02,20.1490535736084
2011-09-06,20.069364547729492
2011-09-07,20.427976608276367
2011-09-08,20.37485122680664
2011-09-09,19.923261642456055
2011-09-12,19.94317626953125
2011-09-13,20.016237258911133
2011-09-14,20.255306243896484
2011-09-15,20.49439239501953
2011-09-16,20.627492904663086
2011-09-19,20.45359230041504
2011-09-20,20.493724822998047
2011-09-21,20.072345733642578
2011-09-22,19.691097259521484
2011-09-23,19.731231689453125
2011-09-26,20.112476348876953
2011-09-27,20.232868194580078
2011-09-28,19.851625442504883
2011-09-29,20.045589447021484
2011-09-30,19.8382511138916
2011-10-03,19.550642013549805
2011-10-04,19.737913131713867
2011-10-05,19.76467514038086
2011-10-06,19.998775482177734
2011-10-07,20.112476348876953
2011-10-10,20.426834106445312
2011-10-11,20.38670539855957
2011-10-12,20.547225952148438
2011-10-13,20.487035751342773
2011-10-14,20.647565841674805
2011-10-17,20.507097244262695
2011-10-18,20.66093635559082
2011-10-19,20.600740432739258
2011-10-20,20.71445083618164
2011-10-21,21.048873901367188
2011-10-24,20.901729583740234
2011-10-25,20.65425682067871
2011-10-26,20.86159324645996
2011-10-27,21.129140853881836
2011-10-28,21.075624465942383
2011-10-31,20.76126480102539
2011-11-01,20.400075912475586
2011-11-02,20.59404945373535
2011-11-03,20.84821891784668
2011-11-04,20.727815628051758
2011-11-07,20.901729583740234
2011-11-08,21.109071731567383
2011-11-09,20.614116668701172
2011-11-10,20.814773559570312
2011-11-11,21.055559158325195
2011-11-14,20.874971389770508
2011-11-15,20.975299835205078
2011-11-16,20.78801155090332
2011-11-17,20.71445083618164
2011-11-18,20.77464485168457
2011-11-21,20.440214157104492
2011-11-22,20.46027946472168
2011-11-23,20.239561080932617
2011-11-25,20.313138961791992
2011-11-28,20.634180068969727
2011-11-29,20.84821891784668
2011-11-30,21.336477279663086
2011-12-01,21.303035736083984
2011-12-02,21.229459762573242
2011-12-05,21.35654067993164
2011-12-06,21.383304595947266
2011-12-07,21.436811447143555
2011-12-08,21.189334869384766
2011-12-09,21.410051345825195
2011-12-12,21.216079711914062
2011-12-13,21.16927146911621
2011-12-14,21.062253952026367
2011-12-15,21.276283264160156
2011-12-16,21.25265884399414
2011-12-19,21.16493034362793
2011-12-20,21.603614807128906
2011-12-21,21.833084106445312
2011-12-22,21.826332092285156
2011-12-23,21.981550216674805
2011-12-27,22.022048950195312
2011-12-28,21.914064407348633
2011-12-29,22.028799057006836
2011-12-30,21.927568435668945
2012-01-03,21.907323837280273
2012-01-04,21.860074996948242
2012-01-05,21.846572875976562
2012-01-06,21.704849243164062
2012-01-09,21.738590240478516
2012-01-10,21.812828063964844
2012-01-11,21.718351364135742
2012-01-12,21.711599349975586
2012-01-13,21.69135093688965
2012-01-17,21.772335052490234
2012-01-18,21.8195858001709
2012-01-19,21.860074996948242
2012-01-20,21.866823196411133
2012-01-23,21.846572875976562
2012-01-24,21.725095748901367
2012-01-25,21.974807739257812
2012-01-26,21.89381980895996
2012-01-27,21.745338439941406
2012-01-30,21.603614807128906
2012-01-31,21.617109298706055
2012-02-01,21.772335052490234
2012-02-02,21.853328704833984
2012-02-03,21.920818328857422
2012-02-06,21.907323837280273
2012-02-07,21.927568435668945
2012-02-08,21.93431282043457
2012-02-09,22.055801391601562
2012-02-10,22.00855827331543
2012-02-13,22.10302734375
2012-02-14,22.157041549682617
2012-02-15,22.150287628173828
2012-02-16,22.292016983032227
2012-02-17,22.3122615814209
2012-02-21,22.184030532836914
2012-02-22,22.123289108276367
2012-02-23,22.238021850585938
2012-02-24,22.3122615814209
2012-02-27,22.3122615814209
2012-02-28,22.38650131225586
2012-02-29,22.42698860168457
2012-03-01,22.393251419067383
2012-03-02,22.413496017456055
2012-03-05,22.514732360839844
2012-03-06,22.32575798034668
2012-03-07,22.3595027923584
2012-03-08,22.514732360839844
2012-03-09,22.588966369628906
2012-03-12,22.669963836669922
2012-03-13,22.83868408203125
2012-03-14,22.771194458007812
2012-03-15,22.81168556213379
2012-03-16,22.796764373779297
2012-03-19,22.810333251953125
2012-03-20,22.796764373779297
2012-03-21,22.830686569213867
2012-03-22,22.851037979125977
2012-03-23,22.90531349182129
2012-03-26,23.061370849609375
2012-03-27,23.04779815673828
2012-03-28,22.993518829345703
2012-03-29,22.986740112304688
2012-03-30,23.122438430786133
2012-04-02,23.305612564086914
2012-04-03,23.17670249938965
2012-04-04,23.102079391479492
2012-04-05,23.102079391479492
2012-04-09,22.89175033569336
2012-04-10,22.688199996948242
2012-04-11,22.803543090820312
2012-04-12,22.81711769104004
2012-04-13,22.81711769104004
2012-04-16,22.912105560302734
2012-04-17,23.142786026000977
2012-04-18,23.142786026000977
2012-04-19,23.06814956665039
2012-04-20,23.27847671508789
2012-04-23,22.91888999938965
2012-04-24,22.925678253173828
2012-04-25,23.074926376342773
2012-04-26,23.285259246826172
2012-04-27,23.251338958740234
2012-04-30,23.19027328491211
2012-05-01,23.251338958740234
2012-05-02,23.271690368652344
2012-05-03,23.305612564086914
2012-05-04,23.122438430786133
2012-05-07,23.15635108947754
2012-05-08,23.102079391479492
2012-05-09,22.986740112304688
2012-05-10,23.149564743041992
2012-05-11,23.088502883911133
2012-05-14,22.993518829345703
2012-05-15,22.96638298034668
2012-05-16,23.041006088256836
2012-05-17,22.8781681060791
2012-05-18,22.742477416992188
2012-05-21,22.830686569213867
2012-05-22,22.857826232910156
2012-05-23,22.796764373779297
2012-05-24,23.013866424560547
2012-05-25,22.993518829345703
2012-05-29,23.15635108947754
2012-05-30,22.96638298034668
2012-05-31,22.91888999938965
2012-06-01,22.498233795166016
2012-06-04,22.57286262512207
2012-06-05,22.545719146728516
2012-06-06,22.851037979125977
2012-06-07,22.932453155517578
2012-06-08,23.12921714782715
2012-06-11,23.02065658569336
2012-06-12,23.12921714782715
2012-06-13,23.09528160095215
2012-06-14,23.414180755615234
2012-06-15,23.452430725097656
2012-06-18,23.513914108276367
2012-06-19,23.493419647216797
2012-06-20,23.37044334411621
2012-06-21,23.097192764282227
2012-06-22,23.16550636291504
2012-06-25,23.022045135498047
2012-06-26,23.076702117919922
2012-06-27,23.213329315185547
2012-06-28,23.315797805786133
2012-06-29,23.753013610839844
2012-07-02,23.8896427154541
2012-07-03,23.99894905090332
2012-07-05,23.910131454467773
2012-07-06,23.882814407348633
2012-07-09,23.85548973083496
2012-07-10,23.882814407348633
2012-07-11,23.848651885986328
2012-07-12,23.869136810302734
2012-07-13,24.135581970214844
2012-07-16,24.012601852416992
2012-07-17,24.11507797241211
2012-07-18,24.121919631958008
2012-07-19,24.087757110595703
2012-07-20,23.937463760375977
2012-07-23,23.732519149780273
2012-07-24,23.65737533569336
2012-07-25,23.664201736450195
2012-07-26,24.053590774536133
2012-07-27,24.326858520507812
2012-07-30,24.449831008911133
2012-07-31,24.34052085876465
2012-08-01,24.21755599975586
2012-08-02,24.019439697265625
2012-08-03,24.422500610351562
2012-08-06,24.408828735351562
2012-08-07,24.279037475585938
2012-08-08,24.449831008911133
2012-08-09,24.347341537475586
2012-08-10,24.34052085876465
2012-08-13,24.333698272705078
2012-08-14,24.429325103759766
2012-08-15,24.442996978759766
2012-08-16,24.50446891784668
2012-08-17,24.524965286254883
2012-08-20,24.524965286254883
2012-08-21,24.374679565429688
2012-08-22,24.299524307250977
2012-08-23,24.10824966430664
2012-08-24,24.320022583007812
2012-08-27,24.354188919067383
2012-08-28,24.36783790588379
2012-08-29,24.313190460205078
2012-08-30,24.21755599975586
2012-08-31,24.224390029907227
2012-09-04,24.36783790588379
2012-09-05,24.326858520507812
2012-09-06,24.6274356842041
2012-09-07,24.429325103759766
2012-09-10,24.402009963989258
2012-09-11,24.326858520507812
2012-09-12,24.197053909301758
2012-09-13,24.6274356842041
2012-09-14,24.442996978759766
2012-09-17,24.511314392089844
2012-09-18,24.64793586730957
2012-09-19,24.71623992919922
2012-09-20,24.85287857055664
2012-09-21,24.739360809326172
2012-09-24,24.821922302246094
2012-09-25,24.649930953979492
2012-09-26,24.649930953979492
2012-09-27,24.732484817504883
2012-09-28,24.649930953979492
2012-10-01,24.80815887451172
2012-10-02,24.828807830810547
2012-10-03,24.90448760986328
2012-10-04,25.021434783935547
2012-10-05,25.11775016784668
2012-10-08,25.04207420349121
2012-10-09,24.801279067993164
2012-10-10,24.698081970214844
2012-10-11,24.643051147460938
2012-10-12,24.663684844970703
2012-10-15,24.828807830810547
2012-10-16,24.890724182128906
2012-10-17,25.000789642333984
2012-10-18,24.863203048706055
2012-10-19,24.5673770904541
2012-10-22,24.58112907409668
2012-10-23,24.250905990600586
2012-10-24,24.250905990600586
2012-10-25,24.402267456054688
2012-10-26,24.319705963134766
2012-10-31,24.347225189208984
2012-11-01,24.360980987548828
2012-11-02,24.21650505065918
2012-11-05,24.17522621154785
2012-11-06,24.354103088378906
2012-11-07,24.06515121459961
2012-11-08,23.8037166595459
2012-11-09,23.8037166595459
2012-11-12,23.8037166595459
2012-11-13,23.789968490600586
2012-11-14,23.528535842895508
2012-11-15,23.52166175842285
2012-11-16,23.673015594482422
2012-11-19,24.058277130126953
2012-11-20,24.147708892822266
2012-11-21,24.182111740112305
2012-11-23,24.539852142333984
2012-11-26,24.360980987548828
2012-11-27,24.340349197387695
2012-11-28,24.57425308227539
2012-11-29,24.704965591430664
2012-11-30,24.794401168823242
2012-12-03,24.698081970214844
2012-12-04,24.649930953979492
2012-12-05,24.691204071044922
2012-12-06,24.71873664855957
2012-12-07,24.890724182128906
2012-12-10,24.863203048706055
2012-12-11,24.87696075439453
2012-12-12,24.821922302246094
2012-12-13,24.780643463134766
2012-12-14,24.739360809326172
2012-12-17,24.794401168823242
2012-12-18,24.787517547607422
2012-12-19,24.539852142333984
2012-12-20,24.67744255065918
2012-12-21,24.467344284057617
2012-12-24,24.390832901000977
2012-12-26,24.182119369506836
2012-12-27,24.223857879638672
2012-12-28,23.96645164489746
2012-12-31,24.27951431274414
2013-01-02,24.905628204345703
2013-01-03,24.8430233001709
2013-01-04,24.91259002685547
2013-01-07,24.74562644958496
2013-01-08,24.676063537597656
2013-01-09,24.73171043395996
2013-01-10,24.8778076171875
2013-01-11,24.989118576049805
2013-01-14,25.06563949584961
2013-01-15,25.142169952392578
2013-01-16,25.107385635375977
2013-01-17,25.274341583251953
2013-01-18,25.378698348999023
2013-01-22,25.385663986206055
2013-01-23,25.378698348999023
2013-01-24,25.448266983032227
2013-01-25,25.57349395751953
2013-01-28,25.594358444213867
2013-01-29,25.733505249023438
2013-01-30,25.684799194335938
2013-01-31,25.65001678466797
2013-02-01,25.858718872070312
2013-02-04,25.615238189697266
2013-02-05,25.921337127685547
2013-02-06,25.956125259399414
2013-02-07,26.095256805419922
2013-02-08,26.07438850402832
2013-02-11,26.07438850402832
2013-02-12,26.046552658081055
2013-02-13,26.07438850402832
2013-02-14,26.13003921508789
2013-02-15,26.164827346801758
2013-02-19,26.4291934967041
2013-02-20,26.3804874420166
2013-02-21,26.46398162841797
2013-02-22,26.617013931274414
2013-02-25,26.25527000427246
2013-02-26,26.317882537841797
2013-02-27,26.512670516967773
2013-02-28,26.498756408691406
2013-03-01,26.589200973510742
2013-03-04,26.790956497192383
2013-03-05,26.88138771057129
2013-03-06,26.818769454956055
2013-03-07,26.818769454956055
2013-03-08,26.86747169494629
2013-03-11,26.895305633544922
2013-03-12,26.86747169494629
2013-03-13,26.93704605102539
2013-03-14,27.02748680114746
2013-03-15,26.909337997436523
2013-03-18,26.825428009033203
2013-03-19,27.04915428161621
2013-03-20,27.307830810546875
2013-03-21,27.223928451538086
2013-03-22,27.475614547729492
2013-03-25,27.454647064208984
2013-03-26,27.71331787109375
2013-03-27,27.69235610961914
2013-03-28,27.804208755493164
2013-04-01,27.79023551940918
2013-04-02,28.090848922729492
2013-04-03,27.783248901367188
2013-04-04,27.9300479888916
2013-04-05,27.727304458618164
2013-04-08,28.04191780090332
2013-04-09,28.013946533203125
2013-04-10,28.223676681518555
2013-04-11,28.35651969909668
2013-04-12,28.46139144897461
2013-04-15,28.006954193115234
2013-04-16,28.531301498413086
2013-04-17,28.286598205566406
2013-04-18,28.230676651000977
2013-04-19,28.671119689941406
2013-04-22,28.741044998168945
2013-04-23,28.96476173400879
2013-04-24,28.503328323364258
2013-04-25,28.59422492980957
2013-04-26,28.587230682373047
2013-04-29,28.67810821533203
2013-04-30,28.62218475341797
2013-05-01,28.59422492980957
2013-05-02,28.69908332824707
2013-05-03,28.824941635131836
2013-05-06,28.615190505981445
2013-05-07,28.83193016052246
2013-05-08,28.866878509521484
2013-05-09,28.66413116455078
2013-05-10,28.775999069213867
2013-05-13,28.824941635131836
2013-05-14,29.167512893676758
2013-05-15,29.45414161682129
2013-05-16,29.279359817504883
2013-05-17,29.321311950683594
2013-05-20,29.02068328857422
2013-05-21,29.04865837097168
2013-05-22,28.999723434448242
2013-05-23,28.8808650970459
2013-05-24,29.153526306152344
2013-05-28,29.202463150024414
2013-05-29,28.643171310424805
2013-05-30,28.531301498413086
2013-05-31,27.999961853027344
2013-06-03,28.307573318481445
2013-06-04,28.314577102661133
2013-06-05,27.972000122070312
2013-06-06,28.090848922729492
2013-06-07,28.4404239654541
2013-06-10,28.4404239654541
2013-06-11,28.37049674987793
2013-06-12,28.230676651000977
2013-06-13,28.524316787719727
2013-06-14,28.45439910888672
2013-06-17,28.706083297729492
2013-06-18,28.810951232910156
2013-06-19,28.23766326904297
2013-06-20,27.384733200073242
2013-06-21,27.746437072753906
2013-06-24,27.63384437561035
2013-06-25,27.676067352294922
2013-06-26,27.96458625793457
2013-06-27,28.09123992919922
2013-06-28,27.91531753540039
2013-07-01,28.119386672973633
2013-07-02,28.154569625854492
2013-07-03,28.09827995300293
2013-07-05,28.168651580810547
2013-07-08,28.45012664794922
2013-07-09,28.661226272583008
2013-07-10,28.696414947509766
2013-07-11,29.146778106689453
2013-07-12,29.1538028717041
2013-07-15,29.1960391998291
2013-07-16,29.09047508239746
2013-07-17,29.146778106689453
2013-07-18,29.24529457092285
2013-07-19,29.414167404174805
2013-07-22,29.35084342956543
2013-07-23,29.294551849365234
2013-07-24,29.104551315307617
2013-07-25,29.259374618530273
2013-07-26,29.224172592163086
2013-07-29,29.16084861755371
2013-07-30,29.132701873779297
2013-07-31,29.125656127929688
2013-08-01,29.364912033081055
2013-08-02,29.378984451293945
2013-08-05,29.400096893310547
2013-08-06,29.364912033081055
2013-08-07,29.224172592163086
2013-08-08,29.378984451293945
2013-08-09,29.2523193359375
2013-08-12,29.167892456054688
2013-08-13,29.18899917602539
2013-08-14,28.98491096496582
2013-08-15,28.520488739013672
2013-08-16,28.351604461669922
2013-08-19,28.224943161010742
2013-08-20,28.23198127746582
2013-08-21,28.013835906982422
2013-08-22,28.133464813232422
2013-08-23,28.29530906677246
2013-08-26,27.96458625793457
2013-08-27,27.816791534423828
2013-08-28,27.605690002441406
2013-08-29,27.71828269958496
2013-08-30,27.8027286529541
2013-09-03,27.7816162109375
2013-09-04,27.9575252532959
2013-09-05,27.91531753540039
2013-09-06,27.985689163208008
2013-09-09,28.182720184326172
2013-09-10,28.210874557495117
2013-09-11,28.41493797302246
2013-09-12,28.421972274780273
2013-09-13,28.65418815612793
2013-09-16,28.914552688598633
2013-09-17,29.01306915283203
2013-09-18,29.357881546020508
2013-09-19,29.224172592163086
2013-09-20,29.0195369720459
2013-09-23,28.892061233520508
2013-09-24,28.75751495361328
2013-09-25,28.516738891601562
2013-09-26,28.66545867919922
2013-09-27,28.48841667175293
2013-09-30,28.183916091918945
2013-10-01,28.353862762451172
2013-10-02,28.290138244628906
2013-10-03,28.148521423339844
2013-10-04,28.19100570678711
2013-10-07,28.09894371032715
2013-10-08,28.09894371032715
2013-10-09,28.12019157409668
2013-10-10,28.644214630126953
2013-10-11,28.729183197021484
2013-10-14,28.849576950073242
2013-10-15,28.587553024291992
2013-10-16,29.012449264526367
2013-10-17,29.338186264038086
2013-10-18,29.380678176879883
2013-10-21,29.316946029663086
2013-10-22,29.6851806640625
2013-10-23,29.741819381713867
2013-10-24,29.6851806640625
2013-10-25,29.755996704101562
2013-10-28,30.145469665527344
2013-10-29,30.407482147216797
2013-10-30,30.145469665527344
2013-10-31,29.98968505859375
2013-11-01,30.102968215942383
2013-11-04,30.131298065185547
2013-11-05,30.18795394897461
2013-11-06,30.513696670532227
2013-11-07,30.067554473876953
2013-11-08,30.21627426147461
2013-11-11,30.124221801757812
2013-11-12,30.173789978027344
2013-11-13,30.428728103637695
2013-11-14,30.648242950439453
2013-11-15,30.683645248413086
2013-11-18,30.591583251953125
2013-11-19,30.478282928466797
2013-11-20,30.3508243560791
2013-11-21,30.407482147216797
2013-11-22,30.563276290893555
2013-11-25,30.513696670532227
2013-11-26,30.485374450683594
2013-11-27,30.50661277770996
2013-11-29,30.457046508789062
2013-12-02,30.294178009033203
2013-12-03,30.44288444519043
2013-12-04,30.37207794189453
2013-12-05,30.095897674560547
2013-12-06,30.50661277770996
2013-12-09,30.612836837768555
2013-12-10,30.3508243560791
2013-12-11,30.400390625
2013-12-12,29.98259735107422
2013-12-13,29.933012008666992
2013-12-16,29.925933837890625
2013-12-17,29.7843074798584
2013-12-18,30.280012130737305
2013-12-19,30.223360061645508
2013-12-20,30.3603458404541
2013-12-23,30.331806182861328
2013-12-24,30.374616622924805
2013-12-26,30.495922088623047
2013-12-27,30.567276000976562
2013-12-30,30.64576530456543
2013-12-31,30.66716957092285
2014-01-02,30.289005279541016
2014-01-03,30.231914520263672
2014-01-06,30.11775779724121
2014-01-07,30.2818660736084
2014-01-08,30.053546905517578
2014-01-09,30.210519790649414
2014-01-10,30.253326416015625
2014-01-13,30.082069396972656
2014-01-14,30.23906135559082
2014-01-15,30.246192932128906
2014-01-16,30.253326416015625
2014-01-17,30.017860412597656
2014-01-21,30.13202476501465
2014-01-22,30.13202476501465
2014-01-23,29.868022918701172
2014-01-24,29.596895217895508
2014-01-27,29.475589752197266
2014-01-28,29.70392417907715
2014-01-29,29.18305778503418
2014-01-30,29.225852966308594
2014-01-31,29.083148956298828
2014-02-03,28.455249786376953
2014-02-04,28.605093002319336
2014-02-05,28.626501083374023
2014-02-06,28.933319091796875
2014-02-07,29.204444885253906
2014-02-10,29.318614959716797
2014-02-11,29.661102294921875
2014-02-12,29.532665252685547
2014-02-13,29.682518005371094
2014-02-14,29.853763580322266
2014-02-18,29.682518005371094
2014-02-19,29.618289947509766
2014-02-20,29.74673080444336
2014-02-21,29.682518005371094
2014-02-24,29.7895450592041
2014-02-25,29.90371322631836
2014-02-26,29.875164031982422
2014-02-27,30.010730743408203
2014-02-28,30.2176513671875
2014-03-03,30.053546905517578
2014-03-04,30.46025848388672
2014-03-05,30.3603458404541
2014-03-06,30.353214263916016
2014-03-07,30.43883514404297
2014-03-10,30.46738052368164
2014-03-11,30.453121185302734
2014-03-12,30.5173282623291
2014-03-13,30.367483139038086
2014-03-14,30.38176155090332
2014-03-17,30.56014633178711
2014-03-18,30.624364852905273
2014-03-19,30.38889503479004
2014-03-20,30.495922088623047
2014-03-21,30.47871971130371
2014-03-24,30.45002555847168
2014-03-25,30.672348022460938
2014-03-26,30.600627899169922
2014-03-27,30.57912826538086
2014-03-28,30.657997131347656
2014-03-31,30.880327224731445
2014-04-01,30.830120086669922
2014-04-02,30.865982055664062
2014-04-03,30.901838302612305
2014-04-04,30.80144500732422
2014-04-07,30.830120086669922
2014-04-08,30.987886428833008
2014-04-09,31.12415313720703
2014-04-10,30.815778732299805
2014-04-11,30.657997131347656
2014-04-14,30.901838302612305
2014-04-15,30.98072052001953
2014-04-16,31.281917572021484
2014-04-17,31.289093017578125
2014-04-21,31.303438186645508
2014-04-22,31.289093017578125
2014-04-23,31.2388916015625
2014-04-24,31.360815048217773
2014-04-25,31.403841018676758
2014-04-28,31.762407302856445
2014-04-29,31.626144409179688
2014-04-30,31.72655487060547
2014-05-01,31.6978702545166
2014-05-02,31.6978702545166
2014-05-05,31.626144409179688
2014-05-06,31.425334930419922
2014-05-07,31.72655487060547
2014-05-08,31.769575119018555
2014-05-09,31.92017364501953
2014-05-12,31.94887351989746
2014-05-13,32.01341247558594
2014-05-14,31.84128761291504
2014-05-15,31.561616897583008
2014-05-16,31.755233764648438
2014-05-19,31.690698623657227
2014-05-20,31.575950622558594
2014-05-21,31.755233764648438
2014-05-22,31.705032348632812
2014-05-23,31.755233764648438
2014-05-27,31.84128761291504
2014-05-28,31.798269271850586
2014-05-29,32.04926681518555
2014-05-30,32.30026626586914
2014-06-02,32.22137451171875
2014-06-03,32.10664367675781
2014-06-04,32.22137451171875
2014-06-05,32.35047912597656
2014-06-06,32.43650817871094
2014-06-09,32.386322021484375
2014-06-10,32.386322021484375
2014-06-11,32.30026626586914
2014-06-12,32.07078552246094
2014-06-13,32.063594818115234
2014-06-16,32.185523986816406
2014-06-17,32.185523986816406
2014-06-18,32.565616607666016
2014-06-19,32.7520637512207
2014-06-20,32.65169906616211
2014-06-23,32.471187591552734
2014-06-24,32.35566711425781
2014-06-25,32.30510711669922
2014-06-26,32.18958282470703
2014-06-27,32.247352600097656
2014-06-30,32.21846389770508
2014-07-01,32.2906608581543
2014-07-02,32.377315521240234
2014-07-03,32.55783462524414
2014-07-07,32.60836410522461
2014-07-08,32.543392181396484
2014-07-09,32.68781280517578
2014-07-10,32.63726806640625
2014-07-11,32.68058776855469
2014-07-14,32.796112060546875
2014-07-15,32.507286071777344
2014-07-16,32.51449966430664
2014-07-17,32.312339782714844
2014-07-18,32.63726806640625
2014-07-21,32.48563003540039
2014-07-22,32.42786407470703
2014-07-23,32.384544372558594
2014-07-24,32.471187591552734
2014-07-25,32.34122848510742
2014-07-28,32.17512893676758
2014-07-29,32.030723571777344
2014-07-30,31.691368103027344
2014-07-31,31.149805068969727
2014-08-01,31.38809585571289
2014-08-04,31.48917007446289
2014-08-05,31.352001190185547
2014-08-06,31.619159698486328
2014-08-07,31.359207153320312
2014-08-08,31.676908493041992
2014-08-11,31.9007568359375
2014-08-12,31.879091262817383
2014-08-13,31.97296905517578
2014-08-14,32.102935791015625
2014-08-15,32.14624786376953
2014-08-18,32.3339958190918
2014-08-19,32.42063903808594
2014-08-20,32.39897537231445
2014-08-21,32.45674514770508
2014-08-22,32.377315521240234
2014-08-25,32.55783462524414
2014-08-26,32.536170959472656
2014-08-27,32.550621032714844
2014-08-28,32.565059661865234
2014-08-29,32.58671951293945
2014-09-02,32.601158142089844
2014-09-03,32.62282180786133
2014-09-04,32.723907470703125
2014-09-05,32.911643981933594
2014-09-08,32.666133880615234
2014-09-09,32.58671951293945
2014-09-10,32.74555206298828
2014-09-11,32.760009765625
2014-09-12,32.52894592285156
2014-09-15,32.68781280517578
2014-09-16,32.93330764770508
2014-09-17,32.861106872558594
2014-09-18,32.92608642578125
2014-09-19,33.01110076904297
2014-09-22,32.95296096801758
2014-09-23,32.66231918334961
2014-09-24,33.08375930786133
2014-09-25,32.647769927978516
2014-09-26,32.77131652832031
2014-09-29,32.764041900634766
2014-09-30,32.77859115600586
2014-10-01,32.57512664794922
2014-10-02,32.63325119018555
2014-10-03,33.01838302612305
2014-10-06,33.03289794921875
2014-10-07,32.83671188354492
2014-10-08,33.316287994384766
2014-10-09,32.98204040527344
2014-10-10,33.14189910888672
2014-10-13,32.684104919433594
2014-10-14,32.669593811035156
2014-10-15,32.277191162109375
2014-10-16,32.03740692138672
2014-10-17,32.42978286743164
2014-10-20,32.894840240478516
2014-10-21,33.03289794921875
2014-10-22,33.105552673339844
2014-10-23,33.08375930786133
2014-10-24,33.359886169433594
2014-10-27,33.4398078918457
2014-10-28,33.570613861083984
2014-10-29,33.512474060058594
2014-10-30,33.72320556640625
2014-10-31,33.941192626953125
2014-11-03,34.07199478149414
2014-11-04,34.2536506652832
2014-11-05,34.49345016479492
2014-11-06,34.566097259521484
2014-11-07,34.689640045166016
2014-11-10,34.84223556518555
2014-11-11,34.77683639526367
2014-11-12,34.77683639526367
2014-11-13,34.90035629272461
2014-11-14,34.70414733886719
2014-11-17,34.936683654785156
2014-11-18,35.06748580932617
2014-11-19,35.21280288696289
2014-11-20,35.060218811035156
2014-11-21,35.205543518066406
2014-11-24,35.18375015258789
2014-11-25,35.21280288696289
2014-11-26,35.37266540527344
2014-11-28,35.82318115234375
2014-12-01,35.590667724609375
2014-12-02,35.71419906616211
2014-12-03,35.4598503112793
2014-12-04,35.4307975769043
2014-12-05,35.49620819091797
2014-12-08,35.42353057861328
2014-12-09,35.30726623535156
2014-12-10,34.973026275634766
2014-12-11,35.26366424560547
2014-12-12,34.81315612792969
2014-12-15,34.58063888549805
2014-12-16,34.44985580444336
2014-12-17,34.95121765136719
2014-12-18,35.61973571777344
2014-12-19,35.5831298828125
2014-12-22,35.92710494995117
2014-12-23,36.175941467285156
2014-12-24,36.13935470581055
2014-12-26,36.1978874206543
2014-12-29,36.088130950927734
2014-12-30,35.92710494995117
2014-12-31,35.48799514770508
2015-01-02,35.38553237915039
2015-01-05,35.13669204711914
2015-01-06,35.09278869628906
2015-01-07,35.69291305541992
2015-01-08,36.23448181152344
2015-01-09,35.941749572753906
2015-01-12,35.831966400146484
2015-01-13,35.82465362548828
2015-01-14,35.714866638183594
2015-01-15,35.7734260559082
2015-01-16,36.058841705322266
2015-01-20,36.2052116394043
2015-01-21,36.38085174560547
2015-01-22,36.74679183959961
2015-01-23,36.336952209472656
2015-01-26,36.336952209472656
2015-01-27,35.919795989990234
2015-01-28,35.50262451171875
2015-01-29,35.78805923461914
2015-01-30,35.144004821777344
2015-02-02,35.56117630004883
2015-02-03,35.875877380371094
2015-02-04,35.8905143737793
2015-02-05,36.0734748840332
2015-02-06,35.91246032714844
2015-02-09,35.64167785644531
2015-02-10,36.058841705322266
2015-02-11,36.22715759277344
2015-02-12,36.39548873901367
2015-02-13,36.22715759277344
2015-02-17,36.23448181152344
2015-02-18,36.43208694458008
2015-02-19,36.1978874206543
2015-02-20,36.300357818603516
2015-02-23,36.40281677246094
2015-02-24,36.52724075317383
2015-02-25,36.40281677246094
2015-02-26,36.45405578613281
2015-02-27,36.60041427612305
2015-03-02,36.666282653808594
2015-03-03,36.52724075317383
2015-03-04,36.27108383178711
2015-03-05,36.39548873901367
2015-03-06,35.68558883666992
2015-03-09,35.8831901550293
2015-03-10,35.37089157104492
2015-03-11,35.10011672973633
2015-03-12,35.61240005493164
2015-03-13,35.33430099487305
2015-03-16,35.76609802246094
2015-03-17,35.509944915771484
2015-03-18,35.751468658447266
2015-03-19,35.5904426574707
2015-03-20,36.036678314208984
2015-03-23,36.095577239990234
2015-03-24,35.88941192626953
2015-03-25,35.80103302001953
2015-03-26,35.64641571044922
2015-03-27,35.8673095703125
2015-03-30,36.228126525878906
2015-03-31,35.88941192626953
2015-04-01,35.9335823059082
2015-04-02,36.176578521728516
2015-04-06,36.46375274658203
2015-04-07,36.294395446777344
2015-04-08,36.353302001953125
2015-04-09,36.456382751464844
2015-04-10,36.52266311645508
2015-04-13,36.353302001953125
2015-04-14,36.434295654296875
2015-04-15,36.331214904785156
2015-04-16,36.46375274658203
2015-04-17,36.12504577636719
2015-04-20,36.250221252441406
2015-04-21,36.316490173339844
2015-04-22,36.33857345581055
2015-04-23,36.213401794433594
2015-04-24,36.220760345458984
2015-04-27,36.02194595336914
2015-04-28,36.05876541137695
2015-04-29,35.73477554321289
2015-04-30,35.616966247558594
2015-05-01,35.94094467163086
2015-05-04,35.99249267578125
2015-05-05,35.70532989501953
2015-05-06,35.81576156616211
2015-05-07,35.90413284301758
2015-05-08,36.2060432434082
2015-05-11,36.05876541137695
2015-05-12,35.9777717590332
2015-05-13,35.96304702758789
2015-05-14,36.51530456542969
2015-05-15,36.63310241699219
2015-05-18,36.51530456542969
2015-05-19,36.41957473754883
2015-05-20,36.33857345581055
2015-05-21,36.41957473754883
2015-05-22,36.26493835449219
2015-05-26,35.9777717590332
2015-05-27,36.2060432434082
2015-05-28,36.154502868652344
2015-05-29,35.92621994018555
2015-06-01,35.92621994018555
2015-06-02,35.83049392700195
2015-06-03,35.80839920043945
2015-06-04,35.55068588256836
2015-06-05,35.0426139831543
2015-06-08,35.02787780761719
2015-06-09,35.19723129272461
2015-06-10,35.54331970214844
2015-06-11,35.52859878540039
2015-06-12,35.388694763183594
2015-06-15,35.1309700012207
2015-06-16,35.51386260986328
2015-06-17,35.70532989501953
2015-06-18,36.10293960571289
2015-06-19,36.05254364013672
2015-06-22,36.19334411621094
2015-06-23,36.037750244140625
2015-06-24,35.87474822998047
2015-06-25,35.80806350708008
2015-06-26,35.88216018676758
2015-06-29,35.326473236083984
2015-06-30,35.2672004699707
2015-07-01,35.71915817260742
2015-07-02,35.689510345458984
2015-07-06,35.65988540649414
2015-07-07,36.39338302612305
2015-07-08,35.98587417602539
2015-07-09,36.01551818847656
2015-07-10,36.437835693359375
2015-07-13,36.77865219116211
2015-07-14,36.83793258666992
2015-07-15,36.74161148071289
2015-07-16,37.11946487426758
2015-07-17,37.09723663330078
2015-07-20,37.16392135620117
2015-07-21,37.07501983642578
2015-07-22,37.15652084350586
2015-07-23,37.015743255615234
2015-07-24,36.80829620361328
2015-07-27,36.78606414794922
2015-07-28,37.20097732543945
2015-07-29,37.326927185058594
2015-07-30,37.20097732543945
2015-07-31,37.275062561035156
2015-08-03,37.326927185058594
2015-08-04,37.326927185058594
2015-08-05,37.65292739868164
2015-08-06,37.37137985229492
2015-08-07,37.16392135620117
2015-08-10,37.30469512939453
2015-08-11,37.17134475708008
2015-08-12,37.19356155395508
2015-08-13,37.045387268066406
2015-08-14,37.16392135620117
2015-08-17,37.20097732543945
2015-08-18,37.015743255615234
2015-08-19,36.67491912841797
2015-08-20,36.34152603149414
2015-08-21,35.34870910644531
2015-08-24,34.11878204345703
2015-08-25,33.859466552734375
2015-08-26,34.85969543457031
2015-08-27,35.37092971801758
2015-08-28,35.296836853027344
2015-08-31,35.052345275878906
2015-09-01,34.33366775512695
2015-09-02,34.80043411254883
2015-09-03,35.037513732910156
2015-09-04,34.4670295715332
2015-09-08,35.18569564819336
2015-09-09,34.607791900634766
2015-09-10,34.66706085205078
2015-09-11,34.896751403808594
2015-09-14,34.78560256958008
2015-09-15,35.20052719116211
2015-09-16,35.60061264038086
2015-09-17,35.60061264038086
2015-09-18,35.18899154663086
2015-09-21,35.44998550415039
2015-09-22,35.062225341796875
2015-09-23,35.12187576293945
2015-09-24,35.18153381347656
2015-09-25,35.405250549316406
2015-09-28,34.88326644897461
2015-09-29,34.868350982666016
2015-09-30,35.18899154663086
2015-10-01,35.18899154663086
2015-10-02,35.67368698120117
2015-10-05,36.28515625
2015-10-06,36.03907775878906
2015-10-07,36.36717987060547
2015-10-08,36.799678802490234
2015-10-09,36.88169860839844
2015-10-12,36.978633880615234
2015-10-13,36.75493621826172
2015-10-14,36.329891204833984
2015-10-15,36.657989501953125
2015-10-16,37.008480072021484
2015-10-19,37.17251968383789
2015-10-20,37.15013885498047
2015-10-21,37.1576042175293
2015-10-22,37.89583969116211
2015-10-23,37.836177825927734
2015-10-26,37.76161575317383
2015-10-27,37.81380081176758
2015-10-28,37.597564697265625
2015-10-29,37.61248016357422
2015-10-30,37.19489288330078
2015-11-02,37.41859817504883
2015-11-03,37.239627838134766
2015-11-04,37.08303451538086
2015-11-05,37.075584411621094
2015-11-06,36.672908782958984
2015-11-09,36.42683792114258
2015-11-10,36.523773193359375
2015-11-11,36.47157287597656
2015-11-12,35.97941970825195
2015-11-13,35.666236877441406
2015-11-16,36.27769470214844
2015-11-17,36.26277542114258
2015-11-18,36.76239013671875
2015-11-19,36.85933303833008
2015-11-20,36.598350524902344
2015-11-23,36.918983459472656
2015-11-24,37.01591110229492
2015-11-25,37.11286926269531
2015-11-27,37.254554748535156
2015-11-30,36.85186767578125
2015-12-01,37.16505813598633
2015-12-02,36.978633880615234
2015-12-03,36.7847785949707
2015-12-04,37.61248016357422
2015-12-07,37.71687698364258
2015-12-08,37.619930267333984
2015-12-09,37.26201248168945
2015-12-10,37.306739807128906
2015-12-11,36.89661407470703
2015-12-14,37.26201248168945
2015-12-15,37.50062561035156
2015-12-16,38.223941802978516
2015-12-17,37.73179626464844
2015-12-18,37.06322479248047
2015-12-21,37.48389434814453
2015-12-22,37.97216033935547
2015-12-23,38.25009536743164
2015-12-24,38.212547302246094
2015-12-28,38.15996551513672
2015-12-29,38.49048614501953
2015-12-30,38.35525894165039
2015-12-31,37.927093505859375
2016-01-04,37.446327209472656
2016-01-05,37.68671798706055
2016-01-06,37.55900955200195
2016-01-07,37.10831069946289
2016-01-08,36.82286071777344
2016-01-11,37.168392181396484
2016-01-12,37.371219635009766
2016-01-13,36.68763732910156
2016-01-14,36.86040115356445
2016-01-15,36.282012939453125
2016-01-19,36.71769332885742
2016-01-20,36.25947570800781
2016-01-21,36.40220260620117
2016-01-22,37.025672912597656
2016-01-25,36.69516372680664
2016-01-26,37.03318786621094
2016-01-27,36.99562072753906
2016-01-28,37.371219635009766
2016-01-29,38.129913330078125
2016-02-01,38.257606506347656
2016-02-02,37.76934051513672
2016-02-03,37.68671798706055
2016-02-04,37.34116744995117
2016-02-05,37.281089782714844
2016-02-08,37.18342971801758
2016-02-09,37.43131637573242
2016-02-10,37.38624572753906
2016-02-11,37.085758209228516
2016-02-12,37.611595153808594
2016-02-16,37.91207504272461
2016-02-17,38.30268859863281
2016-02-18,38.129913330078125
2016-02-19,38.19001007080078
2016-02-22,38.37779998779297
2016-02-23,38.37030029296875
2016-02-24,38.49048614501953
2016-02-25,38.9261589050293
2016-02-26,38.37779998779297
2016-02-29,38.25009536743164
2016-03-01,38.61817169189453
2016-03-02,38.73086929321289
2016-03-03,38.9261589050293
2016-03-04,39.091426849365234
2016-03-07,38.85105895996094
2016-03-08,38.96371841430664
2016-03-09,39.25668716430664
2016-03-10,39.27170944213867
2016-03-11,39.399410247802734
2016-03-14,39.37687301635742
2016-03-15,39.474517822265625
2016-03-16,39.564666748046875
2016-03-17,39.80503845214844
2016-03-18,39.752952575683594
2016-03-21,39.775604248046875
2016-03-22,39.54153060913086
2016-03-23,39.5490837097168
2016-03-24,39.5037841796875
2016-03-28,39.71519088745117
2016-03-29,40.00966262817383
2016-03-30,40.27392578125
2016-03-31,40.062522888183594
2016-04-01,40.485328674316406
2016-04-04,40.500431060791016
2016-04-05,40.22862243652344
2016-04-06,40.545745849609375
2016-04-07,40.107810974121094
2016-04-08,40.32677459716797
2016-04-11,40.039852142333984
2016-04-12,40.28902816772461
2016-04-13,39.979469299316406
2016-04-14,39.798240661621094
2016-04-15,40.04740905761719
2016-04-18,40.27392578125
2016-04-19,40.25127029418945
2016-04-20,39.798240661621094
2016-04-21,39.08850860595703
2016-04-22,39.231964111328125
2016-04-25,39.5037841796875
2016-04-26,39.345218658447266
2016-04-27,39.53398513793945
2016-04-28,39.57173538208008
2016-04-29,39.48868942260742
2016-05-02,39.94170379638672
2016-05-03,39.86620330810547
2016-05-04,39.98701477050781
2016-05-05,39.994564056396484
2016-05-06,40.198421478271484
2016-05-09,40.417381286621094
2016-05-10,40.81755828857422
2016-05-11,40.49289321899414
2016-05-12,40.71183776855469
2016-05-13,40.198421478271484
2016-05-16,40.45513153076172
2016-05-17,39.6623420715332
2016-05-18,39.201759338378906
2016-05-19,39.58683776855469
2016-05-20,39.382965087890625
2016-05-23,39.42073440551758
2016-05-24,39.752952575683594
2016-05-25,39.813350677490234
2016-05-26,39.97190856933594
2016-05-27,40.0172004699707
2016-05-31,39.760494232177734
2016-06-01,40.168216705322266
2016-06-02,40.18331527709961
2016-06-03,40.44002914428711
2016-06-06,40.485328674316406
2016-06-07,40.44002914428711
2016-06-08,40.68165588378906
2016-06-09,40.8402099609375
2016-06-10,40.87041473388672
2016-06-13,40.530635833740234
2016-06-14,40.689186096191406
2016-06-15,40.568389892578125
2016-06-16,40.77980422973633
2016-06-17,40.61497497558594
2016-06-20,40.74409484863281
2016-06-21,40.85044479370117
2016-06-22,40.873233795166016
2016-06-23,41.123897552490234
2016-06-24,40.33392333984375
2016-06-27,40.25037384033203
2016-06-28,40.501033782958984
2016-06-29,40.97197341918945
2016-06-30,41.89106750488281
2016-07-01,41.69357681274414
2016-07-05,41.92905044555664
2016-07-06,41.9670295715332
2016-07-07,41.88347244262695
2016-07-08,42.3012580871582
2016-07-11,42.308841705322266
2016-07-12,42.08097457885742
2016-07-13,42.31643295288086
2016-07-14,42.308841705322266
2016-07-15,42.308841705322266
2016-07-18,42.26325988769531
2016-07-19,42.23289108276367
2016-07-20,42.08097457885742
2016-07-21,41.95943069458008
2016-07-22,42.15692901611328
2016-07-25,42.111358642578125
2016-07-26,41.784732818603516
2016-07-27,41.16188049316406
2016-07-28,41.344173431396484
2016-07-29,41.54924774169922
2016-08-01,41.5948371887207
2016-08-02,41.534061431884766
2016-08-03,41.30619812011719
2016-08-04,41.397342681884766
2016-08-05,41.46570587158203
2016-08-08,41.42013168334961
2016-08-09,41.54924774169922
2016-08-10,41.70117950439453
2016-08-11,41.70117950439453
2016-08-12,41.84550476074219
2016-08-15,41.73915481567383
2016-08-16,41.55686950683594
2016-08-17,41.6707878112793
2016-08-18,41.81511306762695
2016-08-19,41.71635437011719
2016-08-22,41.77712631225586
2016-08-23,41.69357681274414
2016-08-24,41.62521743774414
2016-08-25,41.46570587158203
2016-08-26,41.25303268432617
2016-08-29,41.49609375
2016-08-30,41.25303268432617
2016-08-31,41.30619812011719
2016-09-01,41.32138442993164
2016-09-02,41.640411376953125
2016-09-06,41.7315673828125
2016-09-07,41.36697006225586
2016-09-08,41.13908767700195
2016-09-09,40.022499084472656
2016-09-12,40.77449035644531
2016-09-13,40.27316665649414
2016-09-14,40.15163040161133
2016-09-15,40.47825241088867
2016-09-16,40.34679412841797
2016-09-19,40.26272964477539
2016-09-20,40.369712829589844
2016-09-21,40.59135818481445
2016-09-22,40.95057678222656
2016-09-23,40.767147064208984
2016-09-26,40.42322540283203
2016-09-27,40.59135818481445
2016-09-28,40.66014862060547
2016-09-29,40.26272964477539
2016-09-30,40.667789459228516
2016-10-03,40.40794372558594
2016-10-04,40.06400680541992
2016-10-05,40.02578353881836
2016-10-06,40.10221481323242
2016-10-07,39.99522018432617
2016-10-10,39.99522018432617
2016-10-11,39.78886795043945
2016-10-12,40.010501861572266
2016-10-13,40.01813888549805
2016-10-14,40.02578353881836
2016-10-17,39.83472442626953
2016-10-18,39.95701599121094
2016-10-19,39.72770690917969
2016-10-20,39.70478820800781
2016-10-21,39.91878890991211
2016-10-24,40.178646087646484
2016-10-25,40.323856353759766
2016-10-26,40.270362854003906
2016-10-27,40.08693313598633
2016-10-28,40.25506591796875
2016-10-31,40.35444259643555
2016-11-01,40.178646087646484
2016-11-02,40.07929611206055
2016-11-03,39.80414962768555
2016-11-04,39.44493103027344
2016-11-07,40.10986328125
2016-11-08,40.27799987792969
2016-11-09,39.72770690917969
2016-11-10,38.66535568237305
2016-11-11,38.62713623046875
2016-11-14,38.558349609375
2016-11-15,38.7952880859375
2016-11-16,38.802921295166016
2016-11-17,38.73413848876953
2016-11-18,38.5965690612793
2016-11-21,38.856441497802734
2016-11-22,39.05514144897461
2016-11-23,38.84114456176758
2016-11-25,39.1468620300293
2016-11-28,39.230926513671875
2016-11-29,39.284423828125
2016-11-30,38.657711029052734
2016-12-01,38.40550231933594
2016-12-02,38.65006637573242
2016-12-05,38.695926666259766
2016-12-06,38.810550689697266
2016-12-07,39.368492126464844
2016-12-08,39.2079963684082
2016-12-09,39.77358627319336
2016-12-12,39.93407440185547
2016-12-13,40.11750793457031
2016-12-14,39.68185043334961
2016-12-15,39.84999465942383
2016-12-16,40.07792282104492
2016-12-19,40.154911041259766
2016-12-20,40.07792282104492
2016-12-21,40.07022476196289
2016-12-22,40.00861740112305
2016-12-23,40.08562469482422
2016-12-27,40.07792282104492
2016-12-28,39.83152389526367
2016-12-29,40.01631546020508
2016-12-30,39.816139221191406
2017-01-03,39.96241760253906
2017-01-04,39.96241760253906
2017-01-05,40.09332275390625
2017-01-06,40.1318244934082
2017-01-09,39.80842208862305
2017-01-10,39.60822296142578
2017-01-11,39.68522644042969
2017-01-12,39.646732330322266
2017-01-13,39.669830322265625
2017-01-17,40.231910705566406
2017-01-18,40.37052536010742
2017-01-19,40.22422790527344
2017-01-20,40.486019134521484
2017-01-23,40.47062301635742
2017-01-24,40.7401008605957
2017-01-25,40.73241424560547
2017-01-26,40.55531692504883
2017-01-27,40.33200454711914
2017-01-30,40.30121612548828
2017-01-31,40.493717193603516
2017-02-01,40.17801284790039
2017-02-02,40.54761505126953
2017-02-03,40.80940628051758
2017-02-06,40.58610534667969
2017-02-07,40.91720962524414
2017-02-08,41.086612701416016
2017-02-09,41.25599670410156
2017-02-10,41.28681182861328
2017-02-13,41.28681182861328
2017-02-14,41.29449462890625
2017-02-15,41.671791076660156
2017-02-16,41.725704193115234
2017-02-17,41.93359375
2017-02-21,42.310874938964844
2017-02-22,42.318580627441406
2017-02-23,42.41869354248047
2017-02-24,42.56498336791992
2017-02-27,42.37248229980469
2017-02-28,42.426395416259766
2017-03-01,42.6265754699707
2017-03-02,42.618873596191406
2017-03-03,42.457191467285156
2017-03-06,42.27239227294922
2017-03-07,42.21849060058594
2017-03-08,42.12609100341797
2017-03-09,42.19539260864258
2017-03-10,42.387882232666016
2017-03-13,42.41869354248047
2017-03-14,42.29548263549805
2017-03-15,42.61119079589844
2017-03-16,42.67277526855469
2017-03-17,42.55668258666992
2017-03-20,42.641822814941406
2017-03-21,42.60311508178711
2017-03-22,42.51797866821289
2017-03-23,42.42510223388672
2017-03-24,42.33995056152344
2017-03-27,42.30124282836914
2017-03-28,42.37864303588867
2017-03-29,42.4560432434082
2017-03-30,42.37091064453125
2017-03-31,42.247047424316406
2017-04-03,42.17739486694336
2017-04-04,42.30124282836914
2017-04-05,42.22383499145508
2017-04-06,42.22383499145508
2017-04-07,42.33995056152344
2017-04-10,42.46378707885742
2017-04-11,42.47927474975586
2017-04-12,42.641822814941406
2017-04-13,42.44831085205078
2017-04-17,42.75017547607422
2017-04-18,42.943695068359375
2017-04-19,42.78115463256836
2017-04-20,42.69601058959961
2017-04-21,42.57216262817383
2017-04-24,42.95917510986328
2017-04-25,43.12946319580078
2017-04-26,42.78115463256836
2017-04-27,42.726959228515625
2017-04-28,42.711483001708984
2017-05-01,42.5489387512207
2017-05-02,42.262542724609375
2017-05-03,42.30124282836914
2017-05-04,42.6263427734375
2017-05-05,42.74245071411133
2017-05-08,42.726959228515625
2017-05-09,42.57216262817383
2017-05-10,42.60311508178711
2017-05-11,42.665042877197266
2017-05-12,42.54119110107422
2017-05-15,42.680519104003906
2017-05-16,42.641822814941406
2017-05-17,42.57989501953125
2017-05-18,42.6108512878418
2017-05-19,42.84305953979492
2017-05-22,43.0830078125
2017-05-23,43.12946319580078
2017-05-24,43.29975128173828
2017-05-25,43.57065963745117
2017-05-26,43.733219146728516
2017-05-30,43.717735290527344
2017-05-31,43.84157943725586
2017-06-01,44.1976318359375
2017-06-02,44.32923126220703
2017-06-05,44.37566375732422
2017-06-06,44.26730728149414
2017-06-07,44.25181579589844
2017-06-08,43.91898727416992
2017-06-09,43.86479949951172
2017-06-12,43.857059478759766
2017-06-13,43.92672348022461
2017-06-14,44.20537567138672
2017-06-15,44.104759216308594
2017-06-16,43.64142608642578
2017-06-19,43.85203552246094
2017-06-20,43.6804313659668
2017-06-21,43.555633544921875
2017-06-22,43.26703643798828
2017-06-23,43.28261184692383
2017-06-26,43.454227447509766
2017-06-27,43.07981872558594
2017-06-28,43.23582077026367
2017-06-29,42.775630950927734
2017-06-30,42.853614807128906
2017-07-03,42.81462478637695
2017-07-05,42.783409118652344
2017-07-06,42.54161834716797
2017-07-07,42.518218994140625
2017-07-10,42.22180938720703
2017-07-11,42.10481262207031
2017-07-12,42.33881378173828
2017-07-13,42.34661865234375
2017-07-14,42.68202590942383
2017-07-17,42.728816986083984
2017-07-18,42.728816986083984
2017-07-19,42.884822845458984
2017-07-20,42.89262390136719
2017-07-21,42.96281814575195
2017-07-24,42.82242202758789
2017-07-25,43.11882400512695
2017-07-26,43.11103439331055
2017-07-27,43.5322265625
2017-07-28,43.165626525878906
2017-07-31,43.1500129699707
2017-08-01,43.10322189331055
2017-08-02,43.072025299072266
2017-08-03,43.03302764892578
2017-08-04,42.916019439697266
2017-08-07,43.23582077026367
2017-08-08,43.072025299072266
2017-08-09,43.14222717285156
2017-08-10,42.96281814575195
2017-08-11,42.9940299987793
2017-08-14,43.204620361328125
2017-08-15,43.42302322387695
2017-08-16,43.57120895385742
2017-08-17,43.17341613769531
2017-08-18,43.056427001953125
2017-08-21,43.21242141723633
2017-08-22,43.22022247314453
2017-08-23,43.09541702270508
2017-08-24,42.50261306762695
2017-08-25,42.64301681518555
2017-08-28,42.518218994140625
2017-08-29,42.66643524169922
2017-08-30,42.65861511230469
2017-08-31,42.67422866821289
2017-09-01,42.877017974853516
2017-09-05,42.939414978027344
2017-09-06,43.11882400512695
2017-09-07,43.18122863769531
2017-09-08,42.97063064575195
2017-09-11,43.23582077026367
2017-09-12,43.32942581176758
2017-09-13,43.352821350097656
2017-09-14,43.26703643798828
2017-09-15,43.34238052368164
2017-09-18,43.40516662597656
2017-09-19,43.2717399597168
2017-09-20,42.85573959350586
2017-09-21,42.44758987426758
2017-09-22,42.32200622558594
2017-09-25,42.628116607666016
2017-09-26,42.73014831542969
2017-09-27,42.40049362182617
2017-09-28,42.40049362182617
2017-09-29,42.36909484863281
2017-10-02,42.290618896484375
2017-10-03,42.33769989013672
2017-10-04,42.471126556396484
2017-10-05,42.659507751464844
2017-10-06,42.23566818237305
2017-10-09,42.11792755126953
2017-10-10,42.4868278503418
2017-10-11,42.57318115234375
2017-10-12,42.753700256347656
2017-10-13,42.83219528198242
2017-10-16,42.847877502441406
2017-10-17,42.69090270996094
2017-10-18,42.63596725463867
2017-10-19,42.40833282470703
2017-10-20,42.306312561035156
2017-10-23,42.27490234375
2017-10-24,42.125762939453125
2017-10-25,42.00803756713867
2017-10-26,42.03943634033203
2017-10-27,41.67838668823242
2017-10-30,41.325172424316406
2017-10-31,41.670528411865234
2017-11-01,41.803958892822266
2017-11-02,41.701927185058594
2017-11-03,41.709781646728516
2017-11-06,41.26237869262695
2017-11-07,41.72547912597656
2017-11-08,42.180721282958984
2017-11-09,42.1728630065918
2017-11-10,42.60456466674805
2017-11-13,42.847877502441406
2017-11-14,42.99701690673828
2017-11-15,42.541770935058594
2017-11-16,43.13045120239258
2017-11-17,42.981319427490234
2017-11-20,42.934242248535156
2017-11-21,43.07551193237305
2017-11-22,43.02058029174805
2017-11-24,42.989173889160156
2017-11-27,43.012725830078125
2017-11-28,43.36591720581055
2017-11-29,43.59355163574219
2017-11-30,43.993831634521484
2017-12-01,44.10372543334961
2017-12-04,44.51972961425781
2017-12-05,44.4490966796875
2017-12-06,44.731651306152344
2017-12-07,44.29996109008789
2017-12-08,44.417694091796875
2017-12-11,44.409854888916016
2017-12-12,44.417694091796875
2017-12-13,44.66887283325195
2017-12-14,44.47264099121094
2017-12-15,44.97712326049805
2017-12-18,44.953407287597656
2017-12-19,45.008758544921875
2017-12-20,44.929683685302734
2017-12-21,44.89804458618164
2017-12-22,44.96921920776367
2017-12-26,45.072017669677734
2017-12-27,45.06410598754883
2017-12-28,44.99294662475586
2017-12-29,44.98502731323242
2018-01-02,44.70827865600586
2018-01-03,44.69247055053711
2018-01-04,44.81898880004883
2018-01-05,45.01665496826172
2018-01-08,45.12736892700195
2018-01-09,45.06410598754883
2018-01-10,44.842689514160156
2018-01-11,44.779457092285156
2018-01-12,44.795257568359375
2018-01-16,45.0008544921875
2018-01-17,45.514827728271484
2018-01-18,45.380393981933594
2018-01-19,45.8864860534668
2018-01-22,46.23440170288086
2018-01-23,46.08415985107422
2018-01-24,46.17905044555664
2018-01-25,46.202762603759766
2018-01-26,46.42417907714844
2018-01-29,46.242313385009766
2018-01-30,45.93391799926758
2018-01-31,45.72041702270508
2018-02-01,45.522743225097656
2018-02-02,44.65292739868164
2018-02-05,43.03191375732422
2018-02-06,43.506351470947266
2018-02-07,43.31657791137695
2018-02-08,42.38351058959961
2018-02-09,42.47048568725586
2018-02-12,42.905391693115234
2018-02-13,43.103084564208984
2018-02-14,43.079349517822266
2018-02-15,43.791019439697266
2018-02-16,43.96498107910156
2018-02-20,42.968650817871094
2018-02-21,42.45466613769531
2018-02-22,42.56538009643555
2018-02-23,42.9765510559082
2018-02-26,43.24541091918945
2018-02-27,42.67607498168945
2018-02-28,42.23326873779297
2018-03-01,42.13838195800781
2018-03-02,42.49420928955078
2018-03-05,42.86585998535156
2018-03-06,42.897483825683594
2018-03-07,42.51002502441406
2018-03-08,42.897483825683594
2018-03-09,43.17424392700195
2018-03-12,43.09517288208008
2018-03-13,43.063541412353516
2018-03-14,42.62863540649414
2018-03-15,42.32815933227539
2018-03-16,42.34327697753906
2018-03-19,41.92978286743164
2018-03-20,41.81050109863281
2018-03-21,41.29364013671875
2018-03-22,40.95170974731445
2018-03-23,40.442779541015625
2018-03-26,41.023277282714844
2018-03-27,40.999427795410156
2018-03-28,41.563995361328125
2018-03-29,41.85025405883789
2018-04-02,40.8244743347168
2018-04-03,41.36520004272461
2018-04-04,42.0092887878418
2018-04-05,42.112667083740234
2018-04-06,41.68327713012695
2018-04-09,41.65940856933594
2018-04-10,41.75482940673828
2018-04-11,41.67530822753906
2018-04-12,41.61170196533203
2018-04-13,41.818443298339844
2018-04-16,42.27169418334961
2018-04-17,42.367122650146484
2018-04-18,42.049049377441406
2018-04-19,40.832427978515625
2018-04-20,40.14856719970703
2018-04-23,40.100860595703125
2018-04-24,39.84640884399414
2018-04-25,39.917972564697266
2018-04-26,40.156524658203125
2018-04-27,40.37122344970703
2018-04-30,40.11676025390625
2018-05-01,39.76689147949219
2018-05-02,38.98762130737305
2018-05-03,38.94784927368164
2018-05-04,39.51243591308594
2018-05-07,39.265926361083984
2018-05-08,39.10689926147461
2018-05-09,39.162559509277344
2018-05-10,39.39314651489258
2018-05-11,39.39314651489258
2018-05-14,39.377254486083984
2018-05-15,39.22616195678711
2018-05-16,39.504478454589844
2018-05-17,39.6396598815918
2018-05-18,39.39314651489258
2018-05-21,39.56013870239258
2018-05-22,39.48856735229492
2018-05-23,39.6317138671875
2018-05-24,39.59989929199219
2018-05-25,39.663509368896484
2018-05-29,39.57604217529297
2018-05-30,40.13266372680664
2018-05-31,39.48856735229492
2018-06-01,39.48856735229492
2018-06-04,39.814598083496094
2018-06-05,39.6317138671875
2018-06-06,39.679420471191406
2018-06-07,39.92593002319336
2018-06-08,40.4189338684082
2018-06-11,40.7529182434082
2018-06-12,40.832427978515625
2018-06-13,40.70520782470703
2018-06-14,40.776763916015625
2018-06-15,41.30084228515625
2018-06-18,40.69984436035156
2018-06-19,40.91619873046875
2018-06-20,40.95625305175781
2018-06-21,41.03639221191406
2018-06-22,41.372962951660156
2018-06-25,41.581302642822266
2018-06-26,41.40500259399414
2018-06-27,41.31687545776367
2018-06-28,41.31687545776367
2018-06-29,41.29283142089844
2018-07-02,41.052425384521484
2018-07-03,41.14858627319336
2018-07-05,41.7175407409668
2018-07-06,41.84574890136719
2018-07-09,41.68547439575195
2018-07-10,42.182315826416016
2018-07-11,42.04608154296875
2018-07-12,41.989990234375
2018-07-13,42.2624397277832
2018-07-16,42.062110900878906
2018-07-17,42.422706604003906
2018-07-18,42.078128814697266
2018-07-19,42.10218048095703
2018-07-20,42.358604431152344
2018-07-23,42.09415817260742
2018-07-24,42.17428970336914
2018-07-25,42.49481964111328
2018-07-26,42.719215393066406
2018-07-27,42.77529525756836
2018-07-30,42.72721862792969
2018-07-31,42.92755889892578
2018-08-01,42.56695556640625
2018-08-02,42.99967575073242
2018-08-03,43.504520416259766
2018-08-06,43.5445671081543
2018-08-07,43.28013229370117
2018-08-08,42.95158767700195
2018-08-09,42.82337951660156
2018-08-10,42.66311264038086
2018-08-13,42.66311264038086
2018-08-14,42.9596061706543
2018-08-15,43.135894775390625
2018-08-16,43.75293731689453
2018-08-17,44.089481353759766
2018-08-20,44.06544876098633
2018-08-21,43.75293731689453
2018-08-22,43.480464935302734
2018-08-23,43.37631607055664
2018-08-24,43.32020950317383
2018-08-27,43.34425354003906
2018-08-28,43.19999313354492
2018-08-29,43.24809265136719
2018-08-30,43.11186218261719
2018-08-31,43.09581756591797
2018-09-04,43.039737701416016
2018-09-05,43.53656768798828
2018-09-06,43.656768798828125
2018-09-07,43.56862258911133
2018-09-10,43.72087478637695
2018-09-11,43.56060791015625
2018-09-12,44.06544876098633
2018-09-13,44.00135040283203
2018-09-14,43.88113784790039
2018-09-17,44.041404724121094
2018-09-18,43.85710144042969
2018-09-19,43.7769660949707
2018-09-20,44.32988357543945
2018-09-21,44.400901794433594
2018-09-24,43.72303009033203
2018-09-25,43.464786529541016
2018-09-26,43.51321029663086
2018-09-27,43.45670700073242
2018-09-28,43.52128982543945
2018-10-01,43.48898696899414
2018-10-02,43.739166259765625
2018-10-03,43.27111053466797
2018-10-04,43.166194915771484
2018-10-05,43.1258659362793
2018-10-08,43.72303009033203
2018-10-09,43.62619400024414
2018-10-10,43.10163497924805
2018-10-11,42.03640365600586
2018-10-12,42.27043914794922
2018-10-15,42.5286750793457
2018-10-16,43.00480270385742
2018-10-17,43.206546783447266
2018-10-18,43.150054931640625
2018-10-19,44.13459396362305
2018-10-22,43.80373764038086
2018-10-23,43.99741744995117
2018-10-24,44.18302536010742
2018-10-25,44.28791427612305
2018-10-26,43.440582275390625
2018-10-29,43.940921783447266
2018-10-30,44.81246566772461
2018-10-31,44.3928337097168
2018-11-01,44.70756530761719
2018-11-02,44.473533630371094
2018-11-05,45.03034973144531
2018-11-06,45.304744720458984
2018-11-07,45.562965393066406
2018-11-08,45.58718490600586
2018-11-09,45.8535041809082
2018-11-12,45.61140441894531
2018-11-13,45.50648880004883
2018-11-14,45.19982147216797
2018-11-15,45.127193450927734
2018-11-16,45.24018096923828
2018-11-19,45.16755294799805
2018-11-20,44.41706085205078
2018-11-21,44.06196594238281
2018-11-23,44.215293884277344
2018-11-26,44.271785736083984
2018-11-27,44.667213439941406
2018-11-28,45.03843307495117
2018-11-29,45.111061096191406
2018-11-30,45.401573181152344
2018-12-03,45.44192123413086
2018-12-04,44.67528533935547
2018-12-06,44.723697662353516
2018-12-07,44.158809661865234
2018-12-10,44.158809661865234
2018-12-11,44.52195358276367
2018-12-12,44.465457916259766
2018-12-13,44.739837646484375
2018-12-14,43.98126983642578
2018-12-17,42.96445083618164
2018-12-18,42.45604705810547
2018-12-19,42.04448318481445
2018-12-20,41.29396438598633
2018-12-21,40.86560821533203
2018-12-24,39.68476104736328
2018-12-26,40.79231643676758
2018-12-27,41.1832160949707
2018-12-28,41.1832160949707
2018-12-31,41.35424041748047
2019-01-02,41.10991668701172
2019-01-03,40.87375259399414
2019-01-04,41.7451286315918
2019-01-07,41.68813705444336
2019-01-08,42.07089614868164
2019-01-09,41.67999267578125
2019-01-10,41.9243049621582
2019-01-11,42.046451568603516
2019-01-14,41.84286117553711
2019-01-15,42.258201599121094
2019-01-16,42.03017044067383
2019-01-17,42.2093391418457
2019-01-18,42.71425247192383
2019-01-22,42.3233528137207
2019-01-23,42.828269958496094
2019-01-24,42.29890441894531
2019-01-25,42.12789535522461
2019-01-28,42.307064056396484
2019-01-29,42.40477752685547
2019-01-30,42.689823150634766
2019-01-31,43.479774475097656
2019-02-01,43.34132385253906
2019-02-04,43.61821365356445
2019-02-05,43.62636184692383
2019-02-06,43.6345100402832
2019-02-07,43.601924896240234
2019-02-08,43.80552291870117
2019-02-11,43.919532775878906
2019-02-12,44.26156997680664
2019-02-13,44.343013763427734
2019-02-14,43.846248626708984
2019-02-15,44.26156997680664
2019-02-19,44.489601135253906
2019-02-20,44.408164978027344
2019-02-21,44.53847122192383
2019-02-22,44.32672119140625
2019-02-25,44.0824089050293
2019-02-26,44.106842041015625
2019-02-27,44.04169845581055
2019-02-28,44.253440856933594
2019-03-01,44.1719970703125
2019-03-04,44.09869384765625
2019-03-05,44.06611633300781
2019-03-06,44.00096893310547
2019-03-07,43.715938568115234
2019-03-08,43.74036407470703
2019-03-11,44.31044006347656
2019-03-12,44.32672119140625
2019-03-13,44.57918930053711
2019-03-14,44.53847122192383
2019-03-15,44.79066467285156
2019-03-18,44.85617446899414
2019-03-19,44.82342529296875
2019-03-20,44.63508605957031
2019-03-21,45.159141540527344
2019-03-22,45.10182571411133
2019-03-25,45.191890716552734
2019-03-26,45.576759338378906
2019-03-27,45.421165466308594
2019-03-28,45.64226531982422
2019-03-29,45.94523239135742
2019-04-01,45.78964614868164
2019-04-02,45.41299057006836
2019-04-03,45.191890716552734
2019-04-04,45.36386489868164
2019-04-05,45.51942443847656
2019-04-08,45.7077751159668
2019-04-09,45.65044403076172
2019-04-10,45.78145980834961
2019-04-11,45.87154006958008
2019-04-12,46.01892852783203
2019-04-15,46.28915023803711
2019-04-16,46.29733657836914
2019-04-17,46.526607513427734
2019-04-18,46.56755447387695
2019-04-22,46.58394241333008
2019-04-23,46.4365348815918
2019-04-24,46.53480529785156
2019-04-25,46.24002456665039
2019-04-26,46.65762710571289
2019-04-29,46.71495056152344
2019-04-30,47.25539016723633
2019-05-01,46.674015045166016
2019-05-02,46.65762710571289
2019-05-03,47.009735107421875
2019-05-06,46.936031341552734
2019-05-07,46.46929168701172
2019-05-08,46.46110153198242
2019-05-09,46.36283874511719
2019-05-10,46.927852630615234
2019-05-13,46.48567199707031
2019-05-14,46.706756591796875
2019-05-15,47.07524108886719
2019-05-16,47.44371795654297
2019-05-17,47.28813552856445
2019-05-20,47.17349624633789
2019-05-21,47.07524108886719
2019-05-22,47.28813552856445
2019-05-23,47.27175521850586
2019-05-24,47.09980392456055
2019-05-28,46.33009338378906
2019-05-29,45.99435806274414
2019-05-30,46.190879821777344
2019-05-31,45.53581237792969
2019-06-03,46.1089973449707
2019-06-04,46.526607513427734
2019-06-05,47.05885696411133
2019-06-06,47.5501594543457
2019-06-07,48.00871658325195
2019-06-10,48.02509307861328
2019-06-11,48.1806640625
2019-06-12,48.254371643066406
2019-06-13,48.360816955566406
2019-06-14,48.38539123535156
2019-06-17,48.246177673339844
2019-06-18,47.98414611816406
2019-06-19,48.1806640625
2019-06-20,48.606468200683594
2019-06-21,48.448883056640625
2019-06-24,48.5726318359375
2019-06-25,48.547882080078125
2019-06-26,47.85481643676758
2019-06-27,47.94557571411133
2019-06-28,47.91257095336914
2019-07-01,48.20135498046875
2019-07-02,48.62215042114258
2019-07-03,49.22446060180664
2019-07-05,49.00994110107422
2019-07-08,49.0759391784668
2019-07-09,48.787166595458984
2019-07-10,49.10068893432617
2019-07-11,49.22446060180664
2019-07-12,49.36472702026367
2019-07-15,49.480224609375
2019-07-16,49.49673843383789
2019-07-17,49.43898391723633
2019-07-18,49.769012451171875
2019-07-19,49.45548629760742
2019-07-22,49.16670608520508
2019-07-23,49.52149200439453
2019-07-24,49.19145202636719
2019-07-25,49.2574577331543
2019-07-26,49.81026840209961
2019-07-29,49.90102767944336
2019-07-30,50.04954147338867
2019-07-31,49.034690856933594
2019-08-01,48.861412048339844
2019-08-02,48.869667053222656
2019-08-05,47.59904861450195
2019-08-06,48.02808380126953
2019-08-07,48.589141845703125
2019-08-08,49.21620559692383
2019-08-09,48.943939208984375
2019-08-12,48.613895416259766
2019-08-13,49.16670608520508
2019-08-14,48.3911247253418
2019-08-15,49.1171875
2019-08-16,49.678245544433594
2019-08-19,50.173301696777344
2019-08-20,49.62874984741211
2019-08-21,49.760765075683594
2019-08-22,50.024784088134766
2019-08-23,49.19145202636719
2019-08-26,49.8020133972168
2019-08-27,49.661746978759766
2019-08-28,50.140296936035156
2019-08-29,50.16504669189453
2019-08-30,50.09904479980469
2019-09-03,50.3878288269043
2019-09-04,50.841617584228516
2019-09-05,50.52809524536133
2019-09-06,50.6931037902832
2019-09-09,50.577598571777344
2019-09-10,50.264060974121094
2019-09-11,50.44558334350586
2019-09-12,50.65185546875
2019-09-13,50.363067626953125
2019-09-16,49.87627029418945
2019-09-17,50.14855194091797
2019-09-18,50.231056213378906
2019-09-19,50.22281265258789
2019-09-20,50.063446044921875
2019-09-23,50.26264953613281
2019-09-24,50.47013854980469
2019-09-25,50.503334045410156
2019-09-26,50.78553009033203
2019-09-27,50.727420806884766
2019-09-30,50.97641372680664
2019-10-01,50.843624114990234
2019-10-02,49.82276916503906
2019-10-03,50.17134094238281
2019-10-04,50.959815979003906
2019-10-07,50.544837951660156
2019-10-08,50.063446044921875
2019-10-09,50.44523239135742
2019-10-10,50.544837951660156
2019-10-11,50.49503707885742
2019-10-14,50.24604797363281
2019-10-15,50.03025436401367
2019-10-16,50.080047607421875
2019-10-17,50.312442779541016
2019-10-18,50.41204071044922
2019-10-21,50.57802963256836
2019-10-22,50.594627380371094
2019-10-23,50.82701873779297
2019-10-24,51.00130844116211
2019-10-25,50.702518463134766
2019-10-28,50.60292434692383
2019-10-29,50.60292434692383
2019-10-30,50.835323333740234
2019-10-31,50.7606201171875
2019-11-01,50.7523307800293
2019-11-04,50.26264953613281
2019-11-05,50.42863845825195
2019-11-06,50.636131286621094
2019-11-07,50.46183776855469
2019-11-08,50.42863845825195
2019-11-11,50.35393524169922
2019-11-12,50.51993942260742
2019-11-13,50.90171813964844
2019-11-14,50.88511657714844
2019-11-15,50.90171813964844
2019-11-18,51.16731643676758
2019-11-19,51.100914001464844
2019-11-20,51.21709442138672
2019-11-21,50.959815979003906
2019-11-22,50.8768196105957
2019-11-25,50.93492126464844
2019-11-26,51.34989929199219
2019-11-27,51.47439956665039
2019-11-29,51.45779800415039
2019-12-02,51.573997497558594
2019-12-03,51.49099349975586
2019-12-04,51.83127975463867
2019-12-05,51.81468200683594
2019-12-06,52.013858795166016
2019-12-09,52.05536651611328
2019-12-10,51.88937759399414
2019-12-11,51.96407699584961
2019-12-12,51.922584533691406
2019-12-13,52.10516357421875
2019-12-16,52.287757873535156
2019-12-17,52.20477294921875
2019-12-18,52.12176513671875
2019-12-19,52.40395736694336
2019-12-20,52.799739837646484
2019-12-23,52.57381057739258
2019-12-24,52.6407585144043
2019-12-26,52.69095993041992
2019-12-27,52.925254821777344
2019-12-30,52.649131774902344
2019-12-31,52.6993408203125
2020-01-02,52.280948638916016
2020-01-03,52.19727325439453
2020-01-06,52.30604934692383
2020-01-07,51.904396057128906
2020-01-08,52.09685516357422
2020-01-09,52.46503829956055
2020-01-10,52.43156051635742
2020-01-13,52.7746467590332
2020-01-14,52.79136276245117
2020-01-15,53.16791534423828
2020-01-16,53.31016540527344
2020-01-17,53.40221405029297
2020-01-21,53.58631134033203
2020-01-22,53.628135681152344
2020-01-23,53.57792663574219
2020-01-24,53.20977020263672
2020-01-27,53.04241180419922
2020-01-28,53.109352111816406
2020-01-29,52.84157943725586
2020-01-30,53.46915817260742
2020-01-31,52.86668395996094
2020-02-03,52.86668395996094
2020-02-04,53.18466567993164
2020-02-05,53.61140441894531
2020-02-06,53.70344924926758
2020-02-07,53.7703857421875
2020-02-10,53.99632263183594
2020-02-11,53.79549026489258
2020-02-12,53.7703857421875
2020-02-13,54.08835983276367
2020-02-14,54.2138671875
2020-02-18,54.02141571044922
2020-02-19,53.96284484863281
2020-02-20,54.00468063354492
2020-02-21,54.09672927856445
2020-02-24,52.84996032714844
2020-02-25,51.89604568481445
2020-02-26,51.603172302246094
2020-02-27,49.50288772583008
2020-02-28,48.523887634277344
2020-03-02,51.11783981323242
2020-03-03,50.42333984375
2020-03-04,52.900150299072266
2020-03-05,51.904396057128906
2020-03-06,51.4943962097168
2020-03-09,49.251861572265625
2020-03-10,50.6660041809082
2020-03-11,48.180809020996094
2020-03-12,43.65392303466797
2020-03-13,47.36915588378906
2020-03-16,44.1559944152832
2020-03-17,47.87957763671875
2020-03-18,46.6495361328125
2020-03-19,45.0931510925293
2020-03-20,42.17285919189453
2020-03-23,40.92483139038086
2020-03-24,43.01189041137695
2020-03-25,42.894065856933594
2020-03-26,45.24199676513672
2020-03-27,45.031612396240234
2020-03-30,46.79046630859375
2020-03-31,45.83951187133789
2020-04-01,45.06527328491211
2020-04-02,46.21820831298828
2020-04-03,46.580078125
2020-04-06,48.31367874145508
2020-04-07,47.75824737548828
2020-04-08,48.46516418457031
2020-04-09,48.91960906982422
2020-04-13,48.5577392578125
2020-04-14,50.61954116821289
2020-04-15,49.820068359375
2020-04-16,50.14826965332031
2020-04-17,50.914085388183594
2020-04-20,49.912635803222656
2020-04-21,48.85227584838867
2020-04-22,49.32356262207031
2020-04-23,48.88593292236328
2020-04-24,49.40769958496094
2020-04-27,49.55076599121094
2020-04-28,49.82847595214844
2020-04-29,49.61809539794922
2020-04-30,49.02899932861328
2020-05-01,48.49040985107422
2020-05-04,48.46516418457031
2020-05-05,48.507225036621094
2020-05-06,47.9770622253418
2020-05-07,47.84241485595703
2020-05-08,48.91118240356445
2020-05-11,48.84386444091797
2020-05-12,48.43150329589844
2020-05-13,47.99388885498047
2020-05-14,47.87607192993164
2020-05-15,48.29684829711914
2020-05-18,49.062660217285156
2020-05-19,48.16220474243164
2020-05-20,48.734466552734375
2020-05-21,48.19586944580078
2020-05-22,48.36417770385742
2020-05-26,48.62505340576172
2020-05-27,49.357215881347656
2020-05-28,49.794822692871094
2020-05-29,49.84531021118164
2020-06-01,50.19034957885742
2020-06-02,50.32499694824219
2020-06-03,50.39231872558594
2020-06-04,50.14826965332031
2020-06-05,50.846763610839844
2020-06-08,51.39377212524414
2020-06-09,50.972991943359375
2020-06-10,50.829933166503906
2020-06-11,48.902767181396484
2020-06-12,48.91118240356445
2020-06-15,49.47502517700195
2020-06-16,50.249263763427734
2020-06-17,50.173519134521484
2020-06-18,50.43439865112305
2020-06-19,50.173519134521484
2020-06-22,50.03019714355469
2020-06-23,49.95386505126953
2020-06-24,49.11422348022461
2020-06-25,49.46195602416992
2020-06-26,48.45269775390625
2020-06-29,49.3686637878418
2020-06-30,49.73334884643555
2020-07-01,49.775753021240234
2020-07-02,50.03019714355469
2020-07-06,50.27613067626953
2020-07-07,50.73412322998047
2020-07-08,50.606903076171875
2020-07-09,50.208290100097656
2020-07-10,51.13273620605469
2020-07-13,51.0564079284668
2020-07-14,51.8027458190918
2020-07-15,51.84515380859375
2020-07-16,51.955413818359375
2020-07-17,52.23528289794922
2020-07-20,51.70945739746094
2020-07-21,52.158958435058594
2020-07-22,52.57453155517578
2020-07-23,52.76111602783203
2020-07-24,52.69327163696289
2020-07-27,52.9561767578125
2020-07-28,53.15123748779297
2020-07-29,53.22758483886719
2020-07-30,53.22758483886719
2020-07-31,53.17668914794922
2020-08-03,53.032508850097656
2020-08-04,53.694026947021484
2020-08-05,53.58378601074219
2020-08-06,53.57529830932617
2020-08-07,53.86366271972656
2020-08-10,54.143550872802734
2020-08-11,53.77036666870117
2020-08-12,54.46582794189453
2020-08-13,54.42340850830078
2020-08-14,54.41493606567383
2020-08-17,54.72024917602539
2020-08-18,54.94076919555664
2020-08-19,54.50822067260742
2020-08-20,54.39797592163086
2020-08-21,54.53367614746094
2020-08-24,55.0001220703125
2020-08-25,54.88139343261719
2020-08-26,54.94924545288086
2020-08-27,55.28849411010742
2020-08-28,55.78038787841797
2020-08-31,55.61925506591797
2020-09-01,55.678619384765625
2020-09-02,56.687870025634766
2020-09-03,55.712547302246094
2020-09-04,55.585330963134766
2020-09-08,54.41493606567383
2020-09-09,55.20368194580078
2020-09-10,54.52519607543945
2020-09-11,54.830509185791016
2020-09-14,55.18671417236328
2020-09-15,55.11039733886719
2020-09-16,54.864437103271484
2020-09-17,54.51670455932617
2020-09-18,54.016319274902344
2020-09-21,53.6042366027832
2020-09-22,53.919918060302734
2020-09-23,53.10941696166992
2020-09-24,53.50185775756836
2020-09-25,53.783409118652344
2020-09-28,54.38916015625
2020-09-29,54.030818939208984
2020-09-30,54.68776321411133
2020-10-01,54.994903564453125
2020-10-02,54.68776321411133
2020-10-05,55.05462646484375
2020-10-06,54.696285247802734
2020-10-07,55.28498077392578
2020-10-08,55.65184020996094
2020-10-09,56.08694076538086
2020-10-12,56.735355377197266
2020-10-13,56.692691802978516
2020-10-14,56.402610778808594
2020-10-15,56.43674087524414
2020-10-16,56.45381546020508
2020-10-19,55.72007751464844
2020-10-20,55.66036605834961
2020-10-21,55.71155548095703
2020-10-22,55.68596267700195
2020-10-23,55.78833770751953
2020-10-26,55.071693420410156
2020-10-27,54.926639556884766
2020-10-28,53.32270050048828
2020-10-29,53.30562973022461
2020-10-30,53.11795425415039
2020-11-02,53.96257019042969
2020-11-03,54.84986877441406
2020-11-04,54.875457763671875
2020-11-05,55.27643966674805
2020-11-06,55.53239822387695
2020-11-09,55.404422760009766
2020-11-10,56.4964714050293
2020-11-11,56.98276138305664
2020-11-12,56.82920455932617
2020-11-13,57.614105224609375
2020-11-16,58.14306640625
2020-11-17,57.73355484008789
2020-11-18,56.94010543823242
2020-11-19,57.093685150146484
2020-11-20,56.735355377197266
2020-11-23,56.75241470336914
2020-11-24,57.136348724365234
2020-11-25,57.10221481323242
2020-11-27,57.093685150146484
2020-11-30,57.085140228271484
2020-12-01,57.5885124206543
2020-12-02,57.11075210571289
2020-12-03,57.25578308105469
2020-12-04,57.699424743652344
2020-12-07,57.477603912353516
2020-12-08,57.793270111083984
2020-12-09,57.562931060791016
2020-12-10,57.30696105957031
2020-12-11,57.4349479675293
2020-12-14,57.21312713623047
2020-12-15,57.349632263183594
2020-12-16,57.460540771484375
2020-12-17,57.8274040222168
2020-12-18,57.95536804199219
2020-12-21,57.33079147338867
2020-12-22,56.926456451416016
2020-12-23,57.11572265625
2020-12-24,57.39961624145508
2020-12-28,57.85557556152344
2020-12-29,57.68351745605469
2020-12-30,57.62329864501953
2020-12-31,58.02763366699219
2021-01-04,57.39961624145508
2021-01-05,57.39961624145508
2021-01-06,57.44263458251953
2021-01-07,57.27057647705078
2021-01-08,57.554481506347656
2021-01-11,57.06410598754883
2021-01-12,56.87482833862305
2021-01-13,56.96086120605469
2021-01-14,56.65975570678711
2021-01-15,56.46187210083008
2021-01-19,56.21240234375
2021-01-20,56.31563186645508
2021-01-21,56.126365661621094
2021-01-22,55.9801025390625
2021-01-25,56.539310455322266
2021-01-26,57.046875
2021-01-27,56.083351135253906
2021-01-28,56.298423767089844
2021-01-29,55.13700866699219
2021-02-01,55.18864059448242
2021-02-02,55.558570861816406
2021-02-03,55.644596099853516
2021-02-04,56.0489387512207
2021-02-05,56.57373046875
2021-02-08,56.7888069152832
2021-02-09,56.73717498779297
2021-02-10,56.67694854736328
2021-02-11,56.42747497558594
2021-02-12,56.513511657714844
2021-02-16,56.4102668762207
2021-02-17,56.61673355102539
2021-02-18,56.58231735229492
2021-02-19,55.868282318115234
2021-02-22,55.91989517211914
2021-02-23,55.9973258972168
2021-02-24,55.96291732788086
2021-02-25,55.35208511352539
2021-02-26,54.4573860168457
2021-03-01,55.00796890258789
2021-03-02,54.91333770751953
2021-03-03,54.655235290527344
2021-03-04,54.4573860168457
2021-03-05,55.66179656982422
2021-03-08,55.90269470214844
2021-03-09,55.85106658935547
2021-03-10,56.58231735229492
2021-03-11,56.44467544555664
2021-03-12,56.90924835205078
2021-03-15,57.15873336791992
2021-03-16,57.22755432128906
2021-03-17,57.141517639160156
2021-03-18,56.90924835205078
2021-03-19,57.10710906982422
2021-03-22,57.70998764038086
2021-03-23,57.952186584472656
2021-03-24,57.7272834777832
2021-03-25,58.289520263671875
2021-03-26,59.318809509277344
2021-03-29,59.915626525878906
2021-03-30,59.27556228637695
2021-03-31,59.08527755737305
2021-04-01,58.799842834472656
2021-04-05,59.55236053466797
2021-04-06,59.80318832397461
2021-04-07,59.65615463256836
2021-04-08,59.71669387817383
2021-04-09,59.61289596557617
2021-04-12,59.932945251464844
2021-04-13,59.61289596557617
2021-04-14,59.560997009277344
2021-04-15,60.03673553466797
2021-04-16,60.38271713256836
2021-04-19,60.149166107177734
2021-04-20,60.47786331176758
2021-04-21,60.78059387207031
2021-04-22,60.330810546875
2021-04-23,60.175113677978516
2021-04-26,59.50045394897461
2021-04-27,59.45721435546875
2021-04-28,59.50045394897461
2021-04-29,60.13187026977539
2021-04-30,60.18376541137695
2021-05-03,60.67680740356445
2021-05-04,60.36540985107422
2021-05-05,60.32215881347656
2021-05-06,61.100616455078125
2021-05-07,61.100616455078125
2021-05-10,61.56770324707031
2021-05-11,61.03140640258789
2021-05-12,60.21835708618164
2021-05-13,61.06602096557617
2021-05-14,61.33416748046875
2021-05-17,61.247676849365234
2021-05-18,61.057376861572266
2021-05-19,60.85842514038086
2021-05-20,61.420650482177734
2021-05-21,61.4293212890625
2021-05-24,61.610939025878906
2021-05-25,61.62825012207031
2021-05-26,61.498512268066406
2021-05-27,61.117923736572266
2021-05-28,61.247676849365234
2021-06-01,61.040069580078125
2021-06-02,61.264976501464844
2021-06-03,61.64555358886719
2021-06-04,61.86177444458008
2021-06-07,61.75800323486328
2021-06-08,61.23902130126953
2021-06-09,60.944923400878906
2021-06-10,61.32551193237305
2021-06-11,61.36012268066406
2021-06-14,61.32551193237305
2021-06-15,61.17848587036133
2021-06-16,60.36540985107422
2021-06-17,60.581642150878906
2021-06-18,59.509117126464844
2021-06-21,60.19163513183594
2021-06-22,60.2786979675293
2021-06-23,59.90434265136719
2021-06-24,60.20034408569336
2021-06-25,60.66176223754883
2021-06-28,60.71397399902344
2021-06-29,60.44410705566406
2021-06-30,60.91421127319336
2021-07-01,60.73138427734375
2021-07-02,60.879398345947266
2021-07-06,60.626922607421875
2021-07-07,60.94905090332031
2021-07-08,60.722679138183594
2021-07-09,61.070919036865234
2021-07-12,60.97514343261719
2021-07-13,60.95774459838867
2021-07-14,61.49748611450195
2021-07-15,61.749961853027344
2021-07-16,61.84572219848633
2021-07-19,61.66290283203125
2021-07-20,61.6803092956543
2021-07-21,61.52363967895508
2021-07-22,61.419166564941406
2021-07-23,62.159141540527344
2021-07-26,62.26359939575195
2021-07-27,62.39419937133789
2021-07-28,61.84572219848633
2021-07-29,62.15042495727539
2021-07-30,62.2548942565918
2021-08-02,61.99372100830078
2021-08-03,62.27232360839844
2021-08-04,61.462669372558594
2021-08-05,61.75868225097656
2021-08-06,61.75868225097656
2021-08-09,61.98501205444336
2021-08-10,62.42900848388672
2021-08-11,62.63794708251953
2021-08-12,62.60313034057617
2021-08-13,63.12546920776367
2021-08-16,63.491127014160156
2021-08-17,63.525936126708984
2021-08-18,62.733707427978516
2021-08-19,63.23863983154297
2021-08-20,63.34312438964844
2021-08-23,63.142887115478516
2021-08-24,62.66407775878906
2021-08-25,62.559600830078125
2021-08-26,62.27232360839844
2021-08-27,62.48994445800781
2021-08-30,62.76852035522461
2021-08-31,62.90784454345703
2021-09-01,63.23863983154297
2021-09-02,63.4824104309082
2021-09-03,63.40406799316406
2021-09-07,62.67277908325195
2021-09-08,63.2125358581543
2021-09-09,62.846900939941406
2021-09-10,62.577003479003906
2021-09-13,62.733707427978516
2021-09-14,62.44642639160156
2021-09-15,62.67277908325195
2021-09-16,62.46382141113281
2021-09-17,62.12430191040039
2021-09-20,61.504093170166016
2021-09-21,61.434024810791016
2021-09-22,61.60922622680664
2021-09-23,61.836978912353516
2021-09-24,61.86326599121094
2021-09-27,61.58294677734375
2021-09-28,60.855865478515625
2021-09-29,61.40774154663086
2021-09-30,60.303977966308594
2021-10-01,60.46166229248047
2021-10-04,60.26893615722656
2021-10-05,60.575538635253906
2021-10-06,61.1624641418457
2021-10-07,61.434024810791016
2021-10-08,61.36393737792969
2021-10-11,61.34644317626953
2021-10-12,61.372711181640625
2021-10-13,61.4865837097168
2021-10-14,62.17862319946289
2021-10-15,62.02971267700195
2021-10-18,61.66179656982422
2021-10-19,61.68807601928711
2021-10-20,62.047218322753906
2021-10-21,61.968387603759766
2021-10-22,62.450199127197266
2021-10-25,62.40637969970703
2021-10-26,62.62538146972656
2021-10-27,62.25746536254883
2021-10-28,62.47646713256836
2021-10-29,62.415122985839844
2021-11-01,62.511497497558594
2021-11-02,62.93198013305664
2021-11-03,63.518898010253906
2021-11-04,63.58023452758789
2021-11-05,63.94815444946289
2021-11-08,63.440059661865234
2021-11-09,63.65907287597656
2021-11-10,63.85177993774414
2021-11-11,63.808013916015625
2021-11-12,63.808013916015625
2021-11-15,64.11460876464844
2021-11-16,63.71162414550781
2021-11-17,63.57146453857422
2021-11-18,63.34369659423828
2021-11-19,63.1159553527832
2021-11-22,63.61526107788086
2021-11-23,64.03575897216797
2021-11-24,63.84302520751953
2021-11-26,63.037105560302734
2021-11-29,63.19477844238281
2021-11-30,61.574180603027344
2021-12-01,61.276344299316406
2021-12-02,61.92460632324219
2021-12-03,62.69546127319336
2021-12-06,63.79922866821289
2021-12-07,63.939395904541016
2021-12-08,63.737892150878906
2021-12-09,63.91310119628906
2021-12-10,64.99058532714844
2021-12-13,65.84031677246094
2021-12-14,65.88412475585938
2021-12-15,66.54987335205078
2021-12-16,67.02291870117188
2021-12-17,65.8753433227539
2021-12-20,65.89476013183594
2021-12-21,65.80655670166016
2021-12-22,66.22112274169922
2021-12-23,66.37103271484375
2021-12-27,67.0766372680664
2021-12-28,67.4559097290039
2021-12-29,67.76461029052734
2021-12-30,67.55290985107422
2021-12-31,68.01158142089844
2022-01-03,68.00276184082031
2022-01-04,68.46141052246094
2022-01-05,68.399658203125
2022-01-06,68.21444702148438
2022-01-07,68.28500366210938
2022-01-10,67.7469711303711
2022-01-11,67.66759490966797
2022-01-12,67.69404602050781
2022-01-13,67.81754302978516
2022-01-14,67.9410171508789
2022-01-18,66.96199798583984
2022-01-19,67.38536834716797
2022-01-20,66.94434356689453
2022-01-21,66.99726104736328
2022-01-24,66.77677154541016
2022-01-25,66.03587341308594
2022-01-26,65.53313446044922
2022-01-27,65.97413635253906
2022-01-28,66.75030517578125
2022-01-31,67.00608825683594
2022-02-01,66.94434356689453
2022-02-02,67.7469711303711
2022-02-03,67.76461029052734
2022-02-04,66.93551635742188
2022-02-07,67.05901336669922
2022-02-08,67.3147964477539
2022-02-09,67.33240509033203
2022-02-10,66.60917663574219
2022-02-11,66.37103271484375
2022-02-14,66.18582153320312
2022-02-15,66.30048370361328
2022-02-16,66.42395782470703
2022-02-17,66.93551635742188
2022-02-18,67.05901336669922
2022-02-22,66.53863525390625
2022-02-23,66.00059509277344
2022-02-24,64.86280059814453
2022-02-25,66.95316314697266
2022-02-28,66.06234741210938
2022-03-01,65.67425537109375
2022-03-02,66.37103271484375
2022-03-03,66.90907287597656
2022-03-04,66.91788482666016
2022-03-07,65.70071411132812
2022-03-08,63.92789077758789
2022-03-09,64.36006164550781
2022-03-10,63.75149154663086
2022-03-11,63.010589599609375
2022-03-14,63.34577178955078
2022-03-15,64.76577758789062
2022-03-16,64.83636474609375
2022-03-17,65.28617095947266
2022-03-18,65.43611907958984
2022-03-21,65.5202865600586
2022-03-22,66.0075912475586
2022-03-23,65.47598266601562
2022-03-24,65.93670654296875
2022-03-25,66.48604583740234
2022-03-28,66.76070404052734
2022-03-29,67.35432434082031
2022-03-30,67.39862060546875
2022-03-31,67.2391357421875
2022-04-01,67.91251373291016
2022-04-04,67.69985961914062
2022-04-05,67.76189422607422
2022-04-06,68.62133026123047
2022-04-07,69.45416259765625
2022-04-08,69.74653625488281
2022-04-11,69.46302032470703
2022-04-12,69.48075103759766
2022-04-13,69.87059020996094
2022-04-14,69.85285949707031
2022-04-18,69.27696228027344
2022-04-19,70.331298828125
2022-04-20,71.38565063476562
2022-04-21,71.32363891601562
2022-04-22,70.20726013183594
2022-04-25,70.5173568725586
2022-04-26,69.42758178710938
2022-04-27,69.68451690673828
2022-04-28,70.71228790283203
2022-04-29,68.78965759277344
2022-05-02,67.88593292236328
2022-05-03,67.69100952148438
2022-05-04,69.21493530273438
2022-05-05,67.90362548828125
2022-05-06,67.97454071044922
2022-05-09,67.94794464111328
2022-05-10,67.47835540771484
2022-05-11,67.18599700927734
2022-05-12,67.16827392578125
2022-05-13,68.17830657958984
2022-05-16,68.48841094970703
2022-05-17,68.0188217163086
2022-05-18,63.64194869995117
2022-05-19,62.507869720458984
2022-05-20,62.640750885009766
2022-05-23,63.934322357177734
2022-05-24,64.97982025146484
2022-05-25,64.99754333496094
2022-05-26,65.6886215209961
2022-05-27,66.4505844116211
2022-05-31,65.98099517822266
2022-06-01,65.12156677246094
2022-06-02,66.06961059570312
2022-06-03,65.40509033203125
2022-06-06,65.43169403076172
2022-06-07,65.77721405029297
2022-06-08,64.9709701538086
2022-06-09,63.99636459350586
2022-06-10,63.72170639038086
2022-06-13,62.34838104248047
2022-06-14,61.612979888916016
2022-06-15,61.67501449584961
2022-06-16,61.205421447753906
2022-06-17,60.983909606933594
2022-06-21,62.61124038696289
2022-06-22,62.566619873046875
2022-06-23,63.780643463134766
2022-06-24,65.03034973144531
2022-06-27,64.85183715820312
2022-06-28,63.985931396484375
2022-06-29,64.38764190673828
2022-06-30,64.43228912353516
2022-07-01,65.36064910888672
2022-07-05,64.94109344482422
2022-07-06,65.1285400390625
2022-07-07,65.1910400390625
2022-07-08,65.07498168945312
2022-07-11,64.9857177734375
2022-07-12,64.79827117919922
2022-07-13,64.8428955078125
2022-07-14,64.89645385742188
2022-07-15,65.1106948852539
2022-07-18,64.4769058227539
2022-07-19,65.15531921386719
2022-07-20,64.71792602539062
2022-07-21,64.91431427001953
2022-07-22,65.34278869628906
2022-07-25,65.66413116455078
2022-07-26,65.51239013671875
2022-07-27,65.95870971679688
2022-07-28,67.01206970214844
2022-07-29,66.49431610107422
2022-08-01,67.32449340820312
2022-08-02,66.78889465332031
2022-08-03,67.2262954711914
2022-08-04,66.77996826171875
2022-08-05,66.62822723388672
2022-08-08,66.5925064086914
2022-08-09,66.49431610107422
2022-08-10,66.98526763916016
2022-08-11,66.8245849609375
2022-08-12,67.40486145019531
2022-08-15,68.07434844970703
2022-08-16,68.84203338623047
2022-08-17,68.64564514160156
2022-08-18,68.87772369384766
2022-08-19,68.65454864501953
2022-08-22,67.95828247070312
2022-08-23,67.66371154785156
2022-08-24,67.83331298828125
2022-08-25,68.14572143554688
2022-08-26,66.4586181640625
2022-08-29,66.35149383544922
2022-08-30,65.66413116455078
2022-08-31,65.262451171875
2022-09-01,65.62843322753906
2022-09-02,64.771484375
2022-09-06,64.40547943115234
2022-09-07,65.5659408569336
2022-09-08,65.3963623046875
2022-09-09,66.03907012939453
2022-09-12,66.29792785644531
2022-09-13,64.08413696289062
2022-09-14,64.057373046875
2022-09-15,63.52177429199219
2022-09-16,63.67351531982422
2022-09-19,64.09668731689453
2022-09-20,63.74628448486328
2022-09-21,63.50369644165039
2022-09-22,63.413856506347656
2022-09-23,62.335689544677734
2022-09-26,62.38062286376953
2022-09-27,61.302459716796875
2022-09-28,62.03919219970703
2022-09-29,61.01495361328125
2022-09-30,59.95475769042969
2022-10-03,60.98798751831055
2022-10-04,61.91340637207031
2022-10-05,61.55403137207031
2022-10-06,60.655555725097656
2022-10-07,59.74810791015625
2022-10-10,59.9637336730957
2022-10-11,60.45789337158203
2022-10-12,60.781349182128906
2022-10-13,61.78763198852539
2022-10-14,60.673526763916016
2022-10-17,61.32940673828125
2022-10-18,62.1290397644043
2022-10-19,61.84152603149414
2022-10-20,60.979000091552734
2022-10-21,61.91340637207031
2022-10-24,63.027523040771484
2022-10-25,63.854103088378906
2022-10-26,64.27638244628906
2022-10-27,64.33030700683594
2022-10-28,65.7408676147461
2022-10-31,65.35453033447266
2022-11-01,65.14790344238281
2022-11-02,64.01581573486328
2022-11-03,63.800209045410156
2022-11-04,64.55491638183594
2022-11-07,65.12993621826172
2022-11-08,65.31861114501953
2022-11-09,64.60882568359375
2022-11-10,66.12723541259766
2022-11-11,66.05535888671875
2022-11-14,65.53424072265625
2022-11-15,66.08231353759766
2022-11-16,66.40575408935547
2022-11-17,66.38777160644531
2022-11-18,67.09756469726562
2022-11-21,67.73548126220703
2022-11-22,68.22964477539062
2022-11-23,68.4632339477539
2022-11-25,68.50817108154297
2022-11-28,68.24761199951172
2022-11-29,67.98705291748047
2022-11-30,69.35272216796875
2022-12-01,69.03826141357422
2022-12-02,69.35272216796875
2022-12-05,68.4812240600586
2022-12-06,68.05892181396484
2022-12-07,68.34644317626953
2022-12-08,68.71481323242188
2022-12-09,68.1847152709961
2022-12-12,68.90348815917969
2022-12-13,68.80467987060547
2022-12-14,68.75973510742188
2022-12-15,67.59172821044922
2022-12-16,67.25927734375
2022-12-19,67.21676635742188
2022-12-20,67.1624755859375
2022-12-21,67.83209991455078
2022-12-22,67.67826080322266
2022-12-23,68.03118133544922
2022-12-27,68.35694885253906
2022-12-28,67.50631713867188
2022-12-29,67.7958984375
2022-12-30,67.46109771728516
2023-01-03,67.20771789550781
2023-01-04,67.47013092041016
2023-01-05,66.79145812988281
2023-01-06,68.57413482666016
2023-01-09,67.90451049804688
2023-01-10,67.81401062011719
2023-01-11,67.8501968383789
2023-01-12,67.31629943847656
2023-01-13,67.63301849365234
2023-01-17,67.67826080322266
2023-01-18,65.8322525024414
2023-01-19,65.20785522460938
2023-01-20,65.71461486816406
2023-01-23,65.9227523803711
2023-01-24,66.19420623779297
2023-01-25,66.35710144042969
2023-01-26,66.121826171875
2023-01-27,65.93177795410156
2023-01-30,66.01322937011719
2023-01-31,66.72811126708984
2023-02-01,67.26202392578125
2023-02-02,66.6828842163086
2023-02-03,66.42045593261719
2023-02-06,66.50187683105469
2023-02-07,66.22136688232422
2023-02-08,65.71461486816406
2023-02-09,65.42504119873047
2023-02-10,66.03133392333984
2023-02-13,66.78242492675781
2023-02-14,66.17611694335938
2023-02-15,66.30281066894531
2023-02-16,65.82318878173828
2023-02-17,66.67382049560547
2023-02-21,66.42045593261719
2023-02-22,66.3208999633789
2023-02-23,66.23947143554688
2023-02-24,65.79605865478516
2023-02-27,65.72367095947266
2023-02-28,65.18071746826172
2023-03-01,64.70111846923828
2023-03-02,65.58792877197266
2023-03-03,65.6422119140625
2023-03-06,65.81416320800781
2023-03-07,65.1626205444336
2023-03-08,65.27119445800781
2023-03-09,64.66490173339844
2023-03-10,64.34821319580078
2023-03-13,64.67396545410156
2023-03-14,65.26217651367188
2023-03-15,65.68745422363281
2023-03-16,65.73271179199219
2023-03-17,65.25310516357422
2023-03-20,66.1578369140625
2023-03-21,66.103271484375
2023-03-22,65.49406433105469
2023-03-23,65.23947143554688
2023-03-24,66.34877014160156
2023-03-27,66.70337677001953
2023-03-28,66.82157135009766
2023-03-29,67.19437408447266
2023-03-30,67.38533020019531
2023-03-31,67.9308853149414
2023-04-03,68.28548431396484
2023-04-04,68.14909362792969
2023-04-05,68.46736145019531
2023-04-06,68.52189636230469
2023-04-10,68.52189636230469
2023-04-11,68.7219467163086
2023-04-12,68.41278839111328
2023-04-13,68.79468536376953
2023-04-14,68.35823059082031
2023-04-17,68.79468536376953
2023-04-18,69.00381469726562
2023-04-19,68.95832824707031
2023-04-20,69.12200927734375
2023-04-21,69.62210845947266
2023-04-24,69.90397644042969
2023-04-25,69.81305694580078
2023-04-26,69.26749420166016
2023-04-27,70.04036712646484
2023-04-28,70.41315460205078
2023-05-01,70.46773529052734
2023-05-02,70.27677154541016
2023-05-03,69.70394897460938
2023-05-04,69.53119659423828
2023-05-05,70.17676544189453
2023-05-08,69.9676284790039
2023-05-09,69.74939727783203
2023-05-10,69.64029693603516
2023-05-11,69.84943389892578
2023-05-12,70.12220764160156
2023-05-15,69.9494400024414
2023-05-16,69.35840606689453
2023-05-17,69.3220443725586
2023-05-18,68.98563385009766
2023-05-19,69.03108978271484
2023-05-22,67.98543548583984
2023-05-23,67.4853515625
2023-05-24,67.04889678955078
2023-05-25,66.53971862792969
2023-05-26,66.76702117919922
2023-05-30,66.00323486328125
2023-05-31,66.07598114013672
2023-06-01,66.02143096923828
2023-06-02,66.93069458007812
2023-06-05,66.6852035522461
2023-06-06,66.34877014160156
2023-06-07,66.13055419921875
2023-06-08,66.58515930175781
2023-06-09,66.47605895996094
2023-06-12,66.45787811279297
2023-06-13,66.73065185546875
2023-06-14,67.13983917236328
2023-06-15,67.81268310546875
2023-06-16,67.89450073242188
2023-06-20,67.37804412841797
2023-06-21,67.61614227294922
2023-06-22,68.00989532470703
2023-06-23,67.5611801147461
2023-06-26,67.65274810791016
2023-06-27,67.85421752929688
2023-06-28,67.39635467529297
2023-06-29,67.332275390625
2023-06-30,67.9183120727539
2023-07-03,68.4494400024414
2023-07-05,68.33039855957031
2023-07-06,68.15641021728516
2023-07-07,67.2681655883789
2023-07-10,67.24986267089844
2023-07-11,67.3505859375
2023-07-12,67.50624084472656
2023-07-13,67.79011535644531
2023-07-14,68.01905822753906
2023-07-17,67.81759643554688
2023-07-18,67.74433898925781
2023-07-19,68.43112182617188
2023-07-20,69.0171890258789
2023-07-21,69.25525665283203
2023-07-24,69.52081298828125
2023-07-25,69.50250244140625
2023-07-26,69.58491516113281
2023-07-27,68.97137451171875
2023-07-28,69.6856460571289
2023-07-31,69.3651351928711
2023-08-01,68.98970031738281
2023-08-02,69.23695373535156
2023-08-03,69.04464721679688
2023-08-04,68.35786437988281
2023-08-07,68.91644287109375
2023-08-08,68.42195892333984
2023-08-09,68.5226821899414
2023-08-10,68.38533020019531
2023-08-11,68.4952163696289
2023-08-14,68.15641021728516
2023-08-15,67.42382049560547
2023-08-16,67.2681655883789
2023-08-17,66.61800384521484
2023-08-18,66.865234375
2023-08-21,66.41654968261719
2023-08-22,66.0411148071289
2023-08-23,66.48063659667969
2023-08-24,65.94953918457031
2023-08-25,66.3158187866211
2023-08-28,66.61800384521484
2023-08-29,66.8561019897461
2023-08-30,66.96597290039062
2023-08-31,66.62718200683594
2023-09-01,66.05941772460938
2023-09-05,65.49168395996094
2023-09-06,65.41842651367188
2023-09-07,65.5740966796875
2023-09-08,65.65650939941406
2023-09-11,66.22425079345703
2023-09-12,65.65650939941406
2023-09-13,65.85797882080078
2023-09-14,66.52644348144531
2023-09-15,65.97702026367188
2023-09-18,65.9539566040039
2023-09-19,65.7972412109375
2023-09-20,65.86177062988281
2023-09-21,65.01361083984375
2023-09-22,64.66328430175781
2023-09-25,64.43280029296875
2023-09-26,63.95341110229492
2023-09-27,63.42790222167969
2023-09-28,63.62150573730469
2023-09-29,63.4371337890625
2023-10-02,63.00381851196289
2023-10-03,62.55208206176758
2023-10-04,63.04991912841797
2023-10-05,61.80533981323242
2023-10-06,61.46421813964844
2023-10-09,61.51953887939453
2023-10-10,62.146446228027344
2023-10-11,61.722347259521484
2023-10-12,61.04935836791992
2023-10-13,61.58407211303711
2023-10-16,62.22019958496094
2023-10-17,62.487548828125
2023-10-18,62.71802520751953
2023-10-19,62.257076263427734
2023-10-20,62.01737594604492
2023-10-23,61.89752960205078
2023-10-24,62.42302322387695
2023-10-25,62.63507080078125
2023-10-26,62.229408264160156
2023-10-27,61.381256103515625
2023-10-30,62.34005355834961
2023-10-31,62.56130599975586
2023-11-01,62.49678039550781
2023-11-02,63.308048248291016
2023-11-03,63.38182830810547
2023-11-06,63.48321533203125
2023-11-07,63.63996124267578
2023-11-08,63.39103317260742
2023-11-09,63.13290786743164
2023-11-10,63.57542037963867
2023-11-13,63.77824783325195
2023-11-14,64.43280029296875
2023-11-15,64.94906616210938
2023-11-16,64.14700317382812
2023-11-17,64.06402587890625
2023-11-20,64.0179443359375
2023-11-21,64.21154022216797
2023-11-22,64.67250061035156
2023-11-24,64.91220092773438
2023-11-27,64.7278060913086
2023-11-28,65.02284240722656
2023-11-29,64.49732971191406
2023-11-30,65.14268493652344
2023-12-01,65.41002655029297
2023-12-04,65.49300384521484
2023-12-05,64.97673034667969
2023-12-06,64.81079864501953
2023-12-07,65.08735656738281
2023-12-08,64.63561248779297
2023-12-11,65.25331115722656
2023-12-12,65.46534729003906
2023-12-13,66.65462493896484
2023-12-14,65.67739868164062
2023-12-15,65.67739868164062
2023-12-18,66.36106872558594
2023-12-19,66.49110412597656
2023-12-20,65.19993591308594
2023-12-21,65.65509033203125
2023-12-22,66.15670776367188
2023-12-26,66.43536376953125
2023-12-27,66.74191284179688
2023-12-28,66.76976776123047
2023-12-29,66.90911865234375
2024-01-02,67.6615219116211
2024-01-03,67.1320571899414
2024-01-04,67.0391616821289
2024-01-05,66.89053344726562
2024-01-08,67.38285827636719
2024-01-09,67.55934143066406
2024-01-10,67.42000579833984
2024-01-11,67.41072845458984
2024-01-12,67.62437438964844
2024-01-16,67.2528076171875
2024-01-17,67.20635986328125
2024-01-18,67.12275695800781
2024-01-19,66.92769622802734
2024-01-22,66.60258483886719
2024-01-23,67.3271255493164
2024-01-24,66.50040435791016
2024-01-25,67.1413345336914
2024-01-26,67.4664535522461
2024-01-29,67.85660552978516
2024-01-30,68.23745727539062
2024-01-31,67.73584747314453
2024-02-01,69.11991882324219
2024-02-02,68.89697265625
2024-02-05,68.46968078613281
2024-02-06,68.6275863647461
2024-02-07,68.56257629394531
2024-02-08,68.54399871826172
2024-02-09,67.91234588623047
2024-02-12,68.3953628540039
2024-02-13,67.6615219116211
2024-02-14,67.53148651123047
2024-02-15,67.96806335449219
2024-02-16,68.07025146484375
2024-02-20,68.78551483154297
2024-02-21,69.03632354736328
2024-02-22,69.24995422363281
2024-02-23,69.46359252929688
2024-02-26,69.18494415283203
2024-02-27,69.19422912597656
2024-02-28,69.2685317993164
2024-02-29,69.15706634521484
2024-03-01,69.1663589477539
2024-03-04,69.22209930419922
2024-03-05,69.3893051147461
2024-03-06,69.97450256347656
2024-03-07,70.37393188476562
2024-03-08,69.81658935546875
2024-03-11,70.19744873046875
2024-03-12,70.55973052978516
2024-03-13,70.7362060546875
2024-03-14,70.18814849853516
2024-03-15,70.16029357910156
2024-03-18,70.61132049560547
2024-03-19,70.87332153320312
2024-03-20,71.08854675292969
2024-03-21,71.12598419189453
2024-03-22,70.77975463867188
2024-03-25,70.58324432373047
2024-03-26,70.62068176269531
2024-03-27,71.35991668701172
2024-03-28,71.45349884033203
2024-04-01,70.8826904296875
2024-04-02,70.51775360107422
2024-04-03,69.74108123779297
2024-04-04,69.44164276123047
2024-04-05,69.55392456054688
2024-04-08,69.45098876953125
2024-04-09,69.7878646850586
2024-04-10,69.53520965576172
2024-04-11,69.36677551269531
2024-04-12,68.66496276855469
2024-04-15,68.3842544555664
2024-04-16,68.4123306274414
2024-04-17,68.66496276855469
2024-04-18,68.98312377929688
2024-04-19,69.65686798095703
2024-04-22,70.32124328613281
2024-04-23,70.51775360107422
2024-04-24,71.05110931396484
2024-04-25,70.8826904296875
2024-04-26,70.73296356201172
2024-04-29,70.95755004882812
2024-04-30,70.64874267578125
2024-05-01,70.1995849609375
2024-05-02,70.78910827636719
2024-05-03,71.00431823730469
2024-05-06,71.04175567626953
2024-05-07,71.81842803955078
2024-05-08,71.60320281982422
2024-05-09,72.22079467773438
2024-05-10,72.63253021240234
2024-05-13,72.4266586303711
2024-05-14,72.28629302978516
2024-05-15,72.33309173583984
2024-05-16,73.36241912841797
2024-05-17,73.18462371826172
2024-05-20,72.6792984008789
2024-05-21,73.10977172851562
2024-05-22,72.8196792602539
2024-05-23,71.95879364013672
2024-05-24,72.14594268798828
2024-05-28,71.58450317382812
2024-05-29,71.06983947753906
2024-05-30,71.2569808959961
2024-05-31,72.37052154541016
2024-06-03,72.34243774414062
2024-06-04,72.96939849853516
2024-06-05,72.810302734375
2024-06-06,73.03490447998047
2024-06-07,72.66996765136719
2024-06-10,72.6137924194336
2024-06-11,72.5763931274414
2024-06-12,71.78099060058594
2024-06-13,71.87454986572266
2024-06-14,72.00556945800781
2024-06-17,72.68867492675781
2024-06-18,72.7822494506836
2024-06-20,72.62317657470703
2024-06-21,72.6792984008789
2024-06-24,73.45429229736328
2024-06-25,72.98290252685547
2024-06-26,72.83203887939453
2024-06-27,72.52091979980469
2024-06-28,72.20037841796875
2024-07-01,71.69125366210938
2024-07-02,72.1909408569336
2024-07-03,72.06839752197266
2024-07-05,72.9546127319336
2024-07-08,72.84147644042969
2024-07-09,72.65291595458984
2024-07-10,72.97347259521484
2024-07-11,72.70005798339844
2024-07-12,73.02061462402344
2024-07-15,72.59634399414062
2024-07-16,73.29403686523438
2024-07-17,74.2368392944336
2024-07-18,73.86913299560547
2024-07-19,73.62400817871094
2024-07-22,73.671142578125
2024-07-23,73.40717315673828
2024-07-24,73.3411636352539
2024-07-25,73.25631713867188
2024-07-26,74.00113677978516
2024-07-29,74.0294189453125
2024-07-30,73.52972412109375
2024-07-31,73.39773559570312
2024-08-01,74.0765609741211
2024-08-02,74.72711181640625
2024-08-05,73.25631713867188
2024-08-06,73.76543426513672
2024-08-07,73.84085845947266
2024-08-08,74.51025390625
2024-08-09,74.6233901977539
2024-08-12,74.24626159667969
2024-08-13,74.58567810058594
2024-08-14,74.92510223388672
2024-08-15,75.69818878173828
2024-08-16,75.90560913085938
2024-08-19,76.16017150878906
2024-08-20,76.53728485107422
2024-08-21,77.05585479736328
2024-08-22,76.94271087646484
2024-08-23,77.15955352783203
2024-08-26,77.70637512207031
2024-08-27,77.89494323730469
2024-08-28,77.56494140625
2024-08-29,77.17840576171875
2024-08-30,77.79122924804688
2024-09-03,78.33805847167969
2024-09-04,78.70577239990234
2024-09-05,78.40406036376953
2024-09-06,78.2437744140625
2024-09-09,78.84718322753906
2024-09-10,78.82831573486328
2024-09-11,78.09293365478516
2024-09-12,78.57376861572266
2024-09-13,79.1300277709961
2024-09-16,79.44115447998047
2024-09-17,78.68689727783203
2024-09-18,78.38520812988281
2024-09-19,77.92322540283203
2024-09-20,78.30035400390625
2024-09-23,78.75436401367188
2024-09-24,78.56478881835938
2024-09-25,78.36573791503906
2024-09-26,78.54583740234375
2024-09-27,78.68800354003906
2024-09-30,78.66905212402344
2024-10-01,78.40365600585938
2024-10-02,77.74018096923828
2024-10-03,76.96296691894531
2024-10-04,77.21888732910156
2024-10-07,76.45115661621094
2024-10-08,76.83027648925781
2024-10-09,77.29472351074219
2024-10-10,76.95349884033203
2024-10-11,77.38002014160156
2024-10-14,77.69280242919922
2024-10-15,78.18565368652344
2024-10-16,78.12879180908203
2024-10-17,77.7780990600586
2024-10-18,77.94869995117188
2024-10-21,77.29472351074219
2024-10-22,77.73070526123047
2024-10-23,77.57905578613281
2024-10-24,77.47478485107422
2024-10-25,76.83027648925781
2024-10-28,76.97245788574219
2024-10-29,76.21420288085938
2024-10-30,76.09098052978516
2024-10-31,75.9393310546875
2024-11-01,75.96775817871094
2024-11-04,76.17628479003906
2024-11-05,76.65967559814453
2024-11-06,75.40856170654297
2024-11-07,75.68341827392578
2024-11-08,76.60279846191406
2024-11-11,76.3374252319336
2024-11-12,76.42271423339844
2024-11-13,76.65018463134766
2024-11-14,76.46061706542969
2024-11-15,75.78768920898438
2024-11-18,76.31845092773438
2024-11-19,76.42271423339844
2024-11-20,76.03410339355469
2024-11-21,76.85871124267578
2024-11-22,77.56957244873047
2024-11-25,77.99609375
2024-11-26,78.31835174560547
2024-11-27,78.47948455810547
2024-11-29,78.87757110595703
2024-12-02,78.78279876708984
2024-12-03,78.3752212524414
2024-12-04,78.15723419189453
2024-12-05,78.47000122070312
2024-12-06,78.08140563964844
2024-12-09,77.95817565917969
2024-12-10,78.32784271240234
2024-12-11,77.73070526123047
2024-12-12,77.95817565917969
2024-12-13,77.75914764404297
2024-12-16,77.3515853881836
2024-12-17,77.21888732910156
2024-12-18,76.0436019897461
2024-12-19,75.50333404541016
2024-12-20,75.76872253417969
2024-12-23,75.36952209472656
2024-12-24,75.86613464355469
2024-12-26,76.1048812866211
2024-12-27,75.73242950439453
2024-12-30,74.84427642822266
2024-12-31,75.073486328125
2025-01-02,74.84427642822266
2025-01-03,74.80606842041016
2025-01-06,74.02296447753906
2025-01-07,73.76510620117188
2025-01-08,73.89881134033203
2025-01-10,72.90559387207031
2025-01-13,73.02974700927734
2025-01-14,73.04884338378906
2025-01-15,72.80055236816406
2025-01-16,73.34489440917969
2025-01-17,73.76510620117188
2025-01-21,74.10890197753906
2025-01-22,73.74600982666016
2025-01-23,74.0134048461914
2025-01-24,74.39541625976562
2025-01-27,76.41048431396484
2025-01-28,75.21672058105469
2025-01-29,75.39818572998047
2025-01-30,76.14309692382812
2025-01-31,75.42683410644531
2025-02-03,75.7228775024414
2025-02-04,75.0830307006836
2025-02-05,75.55098724365234
2025-02-06,75.89479064941406
2025-02-07,75.78018188476562
2025-02-10,76.24813079833984
2025-02-11,76.98350524902344
2025-02-12,76.92619323730469
2025-02-13,77.75704956054688
2025-02-14,76.98350524902344
2025-02-18,77.26044464111328
2025-02-19,77.88121795654297
2025-02-20,77.57560729980469
2025-02-21,78.48285675048828
2025-02-24,78.72161102294922
2025-02-25,79.83898162841797
2025-02-26,78.31095123291016
2025-02-27,78.30140686035156
2025-02-28,79.34237670898438
2025-03-03,79.7625732421875
2025-03-04,78.40645599365234
2025-03-05,78.73116302490234
2025-03-06,78.8744125366211
2025-03-07,79.13227844238281
2025-03-10,78.96037292480469
2025-03-11,77.80480194091797
2025-03-12,76.11443328857422
2025-03-13,75.7610855102539
2025-03-14,75.93297576904297
2025-03-17,77.04078674316406
2025-03-18,76.16217803955078
2025-03-19,76.16217803955078
2025-03-20,75.78974151611328
2025-03-21,75.7610855102539
2025-03-24,76.2295913696289
2025-03-25,75.53833770751953
2025-03-26,76.70962524414062
2025-03-27,77.58329772949219
2025-03-28,77.19927215576172
2025-03-31,78.40895080566406
2025-04-01,78.52416229248047
2025-04-02,78.29375457763672
2025-04-03,78.74496459960938
2025-04-04,75.32713317871094
2025-04-07,74.45346069335938
2025-04-08,73.30137634277344
2025-04-09,76.14318084716797
2025-04-10,76.18159484863281
2025-04-11,77.14165496826172
2025-04-14,78.45696258544922
2025-04-15,77.79450988769531
2025-04-16,76.95924377441406
2025-04-17,78.6009750366211
2025-04-21,77.85210418701172
2025-04-22,78.95618438720703
2025-04-23,78.50495147705078
2025-04-24,77.81370544433594
2025-04-25,77.6120834350586
2025-04-28,77.3528823852539
2025-04-29,77.9961166381836
2025-04-30,78.56256866455078
2025-05-01,77.88092041015625
2025-05-02,78.3033447265625
2025-05-05,78.23613739013672
2025-05-06,78.10173034667969
2025-05-07,78.2265396118164
2025-05-08,78.13053131103516
2025-05-09,77.67930603027344
2025-05-12,77.79450988769531
2025-05-13,76.74803161621094
2025-05-14,76.33519744873047
2025-05-15,77.90010833740234
2025-05-16,78.79297637939453
2025-05-19,79.02339172363281
2025-05-20,79.30181884765625
2025-05-21,78.3801498413086
2025-05-22,78.05372619628906
2025-05-23,78.34174346923828
2025-05-27,79.05219268798828
2025-05-28,78.51455688476562
2025-05-29,78.83139038085938
2025-05-30,79.52263641357422
2025-06-02,79.57064056396484
2025-06-03,79.49383544921875
2025-06-04,78.9369888305664
2025-06-05,78.17853546142578
2025-06-06,78.42815399169922
2025-06-09,78.32254791259766
2025-06-10,78.49536895751953
2025-06-11,78.2265396118164
2025-06-12,78.68738555908203
2025-06-13,77.72730255126953
2025-06-16,77.9769287109375
2025-06-17,77.31446838378906
2025-06-18,77.21845245361328
2025-06-20,77.78489685058594
2025-06-23,78.68582916259766
2025-06-24,78.6181640625
2025-06-25,77.56451416015625
2025-06-26,77.49684143066406
2025-06-27,77.86416625976562
2025-06-30,78.2701644897461
2025-07-01,79.24649047851562
2025-07-02,79.4784927368164
2025-07-03,79.4398193359375
2025-07-07,79.37216186523438
2025-07-08,78.63748931884766
2025-07-09,78.12516784667969
2025-07-10,78.4054946899414
2025-07-11,78.1155014038086
2025-07-14,78.18316650390625
2025-07-15,77.40017700195312
2025-07-16,77.67083740234375
2025-07-17,78.4054946899414
2025-07-18,78.19283294677734
2025-07-21,78.18316650390625
2025-07-22,78.89849090576172
2025-07-23,78.92749786376953
2025-07-24,78.64716339111328
2025-07-25,78.78248596191406
2025-07-28,77.97052001953125
2025-07-29,78.48284149169922
2025-07-30,77.7868423461914
2025-07-31,77.11984252929688
2025-08-01,77.4871826171875
2025-08-04,77.86416625976562
2025-08-05,77.7868423461914
2025-08-06,78.89849090576172
2025-08-07,79.4978256225586
2025-08-08,79.72982788085938
2025-08-11,79.66216278076172
2025-08-12,79.87480926513672
2025-08-13,79.87480926513672
2025-08-14,79.15949249267578
2025-08-15,79.28515625
2025-08-18,79.17882537841797
2025-08-19,79.99081420898438
2025-08-20,80.44513702392578
2025-08-21,79.72015380859375
2025-08-22,79.72015380859375
2025-08-25,78.35716247558594
2025-08-26,77.84484100341797
2025-08-27,78.07683563232422
2025-08-28,77.5838394165039
2025-08-29,78.08650207519531
2025-09-02,77.9608383178711
2025-09-03,77.90283966064453
2025-09-04,77.951171875
2025-09-05,78.17350006103516
2025-09-08,77.88349914550781
2025-09-09,78.03816986083984
2025-09-10,77.2745132446289
2025-09-11,77.90283966064453
2025-09-12,77.64183807373047
2025-09-15,76.75251770019531
2025-09-16,77.10050964355469
2025-09-17,77.56451416015625
2025-09-18,76.88784790039062
2025-09-19,76.7331771850586
2025-09-22,75.87765502929688
2025-09-23,76.25724029541016
2025-09-24,76.4227066040039
2025-09-25,75.69273376464844
2025-09-26,75.87765502929688
2025-09-29,76.0236587524414
2025-09-30,76.27671813964844
2025-10-01,76.15991973876953
2025-10-02,75.85820007324219
2025-10-03,75.94579315185547
2025-10-06,75.3910140991211
2025-10-07,76.09178161621094
2025-10-08,75.71219635009766
2025-10-09,75.95552825927734
2025-10-10,76.01392364501953
2025-10-13,75.76085662841797
2025-10-14,76.97747802734375
2025-10-15,77.1137466430664
2025-10-16,76.57842254638672
2025-10-17,77.60038757324219
2025-10-20,77.53225708007812
2025-10-21,77.1721420288086
2025-10-22,77.61011505126953
2025-10-23,77.23053741455078
2025-10-24,76.97747802734375
2025-10-27,77.10401153564453
2025-10-28,76.3351058959961
2025-10-29,74.5345230102539
2025-10-30,74.45665740966797
2025-10-31,74.2425308227539
2025-11-03,73.65856170654297
2025-11-04,73.96028137207031
2025-11-05,73.91162109375
2025-11-06,73.58069610595703
2025-11-07,74.66104888916016
2025-11-10,74.3885269165039
2025-11-11,75.36182403564453
2025-11-12,75.25475311279297
2025-11-13,75.25475311279297
2025-11-14,75.19635772705078
2025-11-17,74.71943664550781
2025-11-18,75.04063415527344
2025-11-19,74.46639251708984
2025-11-20,75.00170135498047
2025-11-21,75.81926727294922
2025-11-24,74.94330596923828
2025-11-25,75.97499084472656
2025-11-26,76.80228424072266
2025-11-28,77.25
2025-12-01,77.1721420288086
2025-12-02,76.666015625
2025-12-03,76.72442626953125
2025-12-04,76.35457611083984
2025-12-05,76.36431121826172
2025-12-08,75.73165893554688
2025-12-09,75.9068603515625
2025-12-10,76.1307144165039
2025-12-11,76.69522857666016
2025-12-12,77.29866027832031
2025-12-15,77.5127944946289
2025-12-16,77.16239929199219
2025-12-17,77.52252960205078
2025-12-18,77.0748062133789
2025-12-19,76.6757583618164
2025-12-22,76.40791320800781
2025-12-23,76.044921875
2025-12-24,76.64338684082031
2025-12-26,76.75130462646484
2025-12-29,76.80036163330078
2025-12-30,76.67282104492188
2025-12-31,76.21170043945312
2026-01-02,76.22151184082031
2026-01-05,75.88793182373047
2026-01-06,76.00567626953125
2026-01-07,75.17173767089844
2026-01-08,76.95733642578125
2026-01-09,77.75202178955078
2026-01-12,78.6644515991211
2026-01-13,79.57686614990234
2026-01-14,80.67570495605469
2026-01-15,80.81305694580078
2026-01-16,80.55796813964844
2026-01-20,80.80323791503906
2026-01-21,80.88172912597656
2026-01-22,80.71493530273438
2026-01-23,81.34284973144531
2026-01-26,81.21530151367188
2026-01-27,81.58811950683594
2026-01-28,80.76399993896484
2026-01-29,80.57758331298828
2026-01-30,81.93151092529297
2026-02-02,82.90278625488281
2026-02-03,84.24689483642578
2026-02-04,85.34571838378906
2026-02-05,85.27704620361328
2026-02-06,86.27777099609375
2026-02-09,85.77740478515625
2026-02-10,85.50270080566406
2026-02-11,86.72907257080078
2026-02-12,87.52376556396484
2026-02-13,87.8180923461914
2026-02-17,86.53285217285156
2026-02-18,86.37586975097656
2026-02-19,86.01287078857422
2026-02-20,86.22870635986328
2026-02-23,87.28829956054688
2026-02-24,88.04374694824219
2026-02-25,87.32754516601562
2026-02-26,87.18038177490234
2026-02-27,88.30863952636719
2026-03-02,87.03321838378906
2026-03-03,86.08154296875
2026-03-04,85.51251983642578
2026-03-05,83.79560089111328
2026-03-06,84.1585922241211
2026-03-09,84.34500885009766
2026-03-10,84.09972381591797
2026-03-11,82.99108123779297
2026-03-12,82.65751647949219
2026-03-13,83.13824462890625
2026-03-16,83.37371826171875
2026-03-17,83.09900665283203
2026-03-18,81.07794189453125
2026-03-19,80.42060852050781
2026-03-20,79.75346374511719
2026-03-23,80.0938491821289
2026-03-24,80.0247802734375
2026-03-25,80.41943359375
2026-03-26,80.05438232421875
2026-03-27,80.6858139038086
2026-03-30,80.78447723388672
2026-03-31,80.88314819335938
2026-04-01,80.37010192871094
2026-04-02,80.79434967041016
2026-04-06,81.5540542602539
2026-04-07,80.17278289794922
2026-04-08,81.67243957519531
2026-04-09,82.3334732055664
2026-04-10,81.26792907714844
2026-04-13,80.45890045166016
2026-04-14,80.37996673583984
2026-04-15,79.97545623779297
2026-04-16,80.34049987792969
2026-04-17,81.35671997070312
2026-04-20,81.28765869140625
2026-04-21,80.74501037597656
2026-04-22,81.01140594482422
2026-04-23,82.36307525634766
2026-04-24,82.11642456054688
2026-04-27,81.23832702636719
2026-04-28,81.96842956542969
2026-04-29,81.8105697631836
2026-04-30,83.18196868896484
2026-05-01,83.0438461303711
2026-05-04,82.42227172851562
2026-05-05,82.93531036376953
2026-05-06,83.11289978027344
2026-05-07,82.85638427734375
2026-05-08,83.0537109375
2026-05-11,82.25454711914062
2026-05-12,83.31023406982422
2026-05-13,83.58648681640625
2026-05-14,83.84300994873047
2026-05-15,83.50755310058594
2026-05-18,84.75069427490234
2026-05-19,84.93815612792969
2026-05-20,84.37577056884766
2026-05-21,83.52729034423828
2026-05-22,83.66542053222656
2026-05-26,82.51106262207031
2026-05-27,83.44835662841797
2026-05-28,83.30036926269531
2026-05-29,81.80070495605469
2026-06-01,80.93247985839844
2026-06-02,80.73515319824219
2026-06-03,81.06073760986328
2026-06-04,80.94233703613281
2026-06-05,82.32361602783203
2026-06-08,81.95855712890625
2026-06-09,82.97477722167969
2026-06-10,84.34618377685547
2026-06-11,84.12911987304688
2026-06-12,84.67176055908203
2026-06-15,84.33631896972656
2026-06-16,84.44483947753906
2026-06-17,82.56039428710938
2026-06-18,82.18548583984375
2026-06-22,81.64305114746094
2026-06-23,83.17298889160156
2026-06-24,83.88829040527344
2026-06-25,83.39155578613281
2026-06-26,84.1565170288086
2026-06-29,83.8187484741211
2026-06-30,82.52723693847656
2026-07-01,82.7557373046875
2026-07-02,84.4346923828125
2026-07-06,83.55050659179688
2026-07-07,84.3055419921875
2026-07-08,83.83861541748047
2026-07-09,82.65638732910156
2026-07-10,83.57038116455078
2026-07-13,84.03730010986328
2026-07-14,82.87494659423828
2026-07-15,82.92462158203125
2026-07-16,85.24932861328125
2026-07-17,84.63338470458984
2026-07-20,84.3055419921875
2026-07-21,83.5107650756836
2026-07-22,83.82867431640625
2026-07-23,82.66632080078125
2026-07-24,83.58030700683594
2026-07-27,84.80227661132812
2026-07-28,86.49116516113281
2026-07-29,86.7892074584961
2026-07-30,84.91156005859375
2026-07-31,84.49430084228516
2026-08-03,84.3055419921875
2026-08-04,84.81221008300781
2026-08-05,84.77247619628906
2026-08-06,84.55390930175781
2026-08-07,84.5638427734375
2026-08-10,84.39495086669922
2026-08-11,84.13665771484375
2026-08-12,84.52410888671875
2026-08-13,85.43809509277344
2026-08-14,85.52750396728516
2026-08-17,84.12671661376953
2026-08-18,85.02083587646484
2026-08-19,85.97456359863281
2026-08-20,84.76253509521484
2026-08-21,85.42815399169922
2026-08-24,86.87861633300781
2026-08-25,85.9546890258789
2026-08-26,85.70632934570312
2026-08-27,84.52410888671875
2026-08-28,84.89168548583984
2026-08-31,84.42475891113281
2026-09-01,84.6929931640625
2026-09-02,84.97116088867188
2026-09-03,84.70292663574219
2026-09-04,84.02737426757812
2026-09-08,83.47102355957031
2026-09-09,82.50736999511719
2026-09-10,82.54710388183594
2026-09-11,82.83521270751953
2026-09-14,83.86841583251953
2026-09-15,83.18292999267578
2026-09-16,82.78553771972656
2026-09-17,82.94448852539062
2026-09-18,82.25900268554688
2026-09-21,81.91999816894531
2026-09-22,82.7300033569336
2026-09-23,82.43000030517578
2026-09-24,81.69999694824219
2026-09-25,82.05999755859375
2026-09-28,82.27999877929688
2026-09-29,81.8499984741211
