date,close
2006-01-03,7.844660758972168
2006-01-04,7.856917381286621
2006-01-05,7.80543851852417
2006-01-06,7.888786792755127
2006-01-09,7.839756965637207
2006-01-10,7.852012634277344
2006-01-11,7.839756965637207
2006-01-12,7.839756965637207
2006-01-13,7.893691539764404
2006-01-17,7.977039813995361
2006-01-18,7.99420166015625
2006-01-19,8.065293312072754
2006-01-20,8.018712997436523
2006-01-23,8.006453514099121
2006-01-24,8.07754898071289
2006-01-25,7.967232704162598
2006-01-26,7.896142959594727
2006-01-27,7.94026517868042
2006-01-30,7.886335372924805
2006-01-31,7.881433963775635
2006-02-01,7.903501510620117
2006-02-02,7.800534248352051
2006-02-03,7.761314392089844
2006-02-06,7.807887077331543
2006-02-07,7.761314392089844
2006-02-08,7.7588582038879395
2006-02-09,7.785823822021484
2006-02-10,7.790727615356445
2006-02-13,7.7809157371521
2006-02-14,7.7735676765441895
2006-02-15,7.785823822021484
2006-02-16,7.847111225128174
2006-02-17,7.918205738067627
2006-02-21,7.930460453033447
2006-02-22,7.9598774909973145
2006-02-23,7.950072288513184
2006-02-24,7.9745893478393555
2006-02-27,8.038321495056152
2006-02-28,7.9843926429748535
2006-03-01,7.9623308181762695
2006-03-02,7.957427024841309
2006-03-03,7.918205738067627
2006-03-06,7.790727615356445
2006-03-07,7.7539544105529785
2006-03-08,7.7466044425964355
2006-03-09,7.724540710449219
2006-03-10,7.7735676765441895
2006-03-13,7.783370494842529
2006-03-14,7.866727828979492
2006-03-15,7.918205738067627
2006-03-16,7.9598774909973145
2006-03-17,7.940611362457275
2006-03-20,7.824531555175781
2006-03-21,7.765254974365234
2006-03-22,7.802301406860352
2006-03-23,7.792423248291016
2006-03-24,7.777602195739746
2006-03-27,7.725736618041992
2006-03-28,7.693627834320068
2006-03-29,7.740551948547363
2006-03-30,7.671398639678955
2006-03-31,7.614591121673584
2006-04-03,7.624470233917236
2006-04-04,7.705976486206055
2006-04-05,7.780074596405029
2006-04-06,7.683750152587891
2006-04-07,7.575075149536133
2006-04-10,7.572605133056641
2006-04-11,7.4861578941345215
2006-04-12,7.5034499168396
2006-04-13,7.468869209289551
2006-04-17,7.461459159851074
2006-04-18,7.604711055755615
2006-04-19,7.629412651062012
2006-04-20,7.683750152587891
2006-04-21,7.718327045440674
2006-04-24,7.789950847625732
2006-04-25,7.67880916595459
2006-04-26,7.602242946624756
2006-04-27,7.703509330749512
2006-04-28,7.73561429977417
2006-05-01,7.663987159729004
2006-05-02,7.787484645843506
2006-05-03,7.762785911560059
2006-05-04,7.772664546966553
2006-05-05,7.948022365570068
2006-05-08,7.886274814605713
2006-05-09,7.8195929527282715
2006-05-10,7.881333351135254
2006-05-11,7.807241916656494
2006-05-12,7.720796585083008
2006-05-15,7.770196437835693
2006-05-16,7.73561429977417
2006-05-17,7.617062091827393
2006-05-18,7.614591121673584
2006-05-19,7.67880916595459
2006-05-22,7.738084316253662
2006-05-23,7.629412651062012
2006-05-24,7.656578063964844
2006-05-25,7.728206634521484
2006-05-26,7.81218147277832
2006-05-30,7.733143329620361
2006-05-31,7.861577033996582
2006-06-01,7.940611362457275
2006-06-02,8.036937713623047
2006-06-05,7.940611362457275
2006-06-06,7.9554338455200195
2006-06-07,7.925796031951904
2006-06-08,7.952964782714844
2006-06-09,8.019652366638184
2006-06-12,8.036937713623047
2006-06-13,7.940611362457275
2006-06-14,7.881333351135254
2006-06-15,8.002361297607422
2006-06-16,7.997129917144775
2006-06-19,7.887547016143799
2006-06-20,7.907473564147949
2006-06-21,7.900001049041748
2006-06-22,7.872605323791504
2006-06-23,7.88505744934082
2006-06-26,7.917435169219971
2006-06-27,7.887547016143799
2006-06-28,7.909963607788086
2006-06-29,8.012070655822754
2006-06-30,8.041959762573242
2006-07-03,8.131620407104492
2006-07-05,8.07682991027832
2006-07-06,8.034488677978516
2006-07-07,8.09675121307373
2006-07-10,8.141580581665039
2006-07-11,8.203843116760254
2006-07-12,8.163993835449219
2006-07-13,8.134105682373047
2006-07-14,8.134105682373047
2006-07-17,8.156525611877441
2006-07-18,8.168977737426758
2006-07-19,8.293502807617188
2006-07-20,8.313429832458496
2006-07-21,8.333352088928223
2006-07-24,8.410558700561523
2006-07-25,8.445426940917969
2006-07-26,8.475316047668457
2006-07-27,8.408068656921387
2006-07-28,8.465353965759277
2006-07-31,8.427989959716797
2006-08-01,8.53259563446045
2006-08-02,8.525124549865723
2006-08-03,8.4827880859375
2006-08-04,8.48527717590332
2006-08-07,8.385656356811523
2006-08-08,8.465353965759277
2006-08-09,8.467842102050781
2006-08-10,8.455392837524414
2006-08-11,8.435466766357422
2006-08-14,8.492748260498047
2006-08-15,8.547539710998535
2006-08-16,8.467842102050781
2006-08-17,8.457880973815918
2006-08-18,8.552520751953125
2006-08-21,8.569954872131348
2006-08-22,8.599839210510254
2006-08-23,8.510185241699219
2006-08-24,8.545047760009766
2006-08-25,8.545047760009766
2006-08-28,8.609803199768066
2006-08-29,8.61727237701416
2006-08-30,8.572442054748535
2006-08-31,8.659612655639648
2006-09-01,8.66708755493164
2006-09-05,8.574938774108887
2006-09-06,8.542562484741211
2006-09-07,8.555008888244629
2006-09-08,8.555008888244629
2006-09-11,8.525124549865723
2006-09-12,8.480292320251465
2006-09-13,8.497729301452637
2006-09-14,8.462862014770508
2006-09-15,8.465875625610352
2006-09-18,8.440766334533691
2006-09-19,8.458345413208008
2006-09-20,8.44579029083252
2006-09-21,8.433239936828613
2006-09-22,8.423192024230957
2006-09-25,8.541189193725586
2006-09-26,8.528643608093262
2006-09-27,8.646636962890625
2006-09-28,8.619019508361816
2006-09-29,8.533663749694824
2006-10-02,8.596428871154785
2006-10-03,8.63157844543457
2006-10-04,8.666725158691406
2006-10-05,8.639110565185547
2006-10-06,8.59140682220459
2006-10-09,8.58387565612793
2006-10-10,8.646636962890625
2006-10-11,8.666725158691406
2006-10-12,8.664216995239258
2006-10-13,8.674259185791016
2006-10-16,8.716938018798828
2006-10-17,8.754598617553711
2006-10-18,8.850001335144043
2006-10-19,8.885149955749512
2006-10-20,8.940384864807129
2006-10-23,8.950428009033203
2006-10-24,8.957959175109863
2006-10-25,9.053367614746094
2006-10-26,9.013193130493164
2006-10-27,8.980555534362793
2006-10-30,8.975537300109863
2006-10-31,8.985576629638672
2006-11-01,9.040810585021973
2006-11-02,8.998126029968262
2006-11-03,8.932854652404785
2006-11-06,8.892683029174805
2006-11-07,8.862553596496582
2006-11-08,8.950428009033203
2006-11-09,8.947916984558105
2006-11-10,9.015701293945312
2006-11-13,9.013193130493164
2006-11-14,9.03579330444336
2006-11-15,9.005660057067871
2006-11-16,9.038299560546875
2006-11-17,9.048343658447266
2006-11-20,9.018214225769043
2006-11-21,9.033279418945312
2006-11-22,9.053367614746094
2006-11-24,9.08851146697998
2006-11-27,8.988085746765137
2006-11-28,9.053367614746094
2006-11-29,9.166345596313477
2006-11-30,9.224087715148926
2006-12-01,9.219066619873047
2006-12-04,9.291874885559082
2006-12-05,9.314475059509277
2006-12-06,9.269272804260254
2006-12-07,9.259237289428711
2006-12-08,9.231621742248535
2006-12-11,9.28183650970459
2006-12-12,9.316976547241211
2006-12-13,9.352128982543945
2006-12-14,9.367196083068848
2006-12-15,9.358580589294434
2006-12-18,9.292707443237305
2006-12-19,9.333243370056152
2006-12-20,9.302845001220703
2006-12-21,9.297775268554688
2006-12-22,9.264840126037598
2006-12-26,9.310444831848145
2006-12-27,9.361114501953125
2006-12-28,9.305375099182129
2006-12-29,9.302845001220703
2007-01-03,9.328178405761719
2007-01-04,9.315509796142578
2007-01-05,9.14830207824707
2007-01-08,9.143233299255371
2007-01-09,9.150835990905762
2007-01-10,9.153377532958984
2007-01-11,9.163500785827637
2007-01-12,9.087493896484375
2007-01-16,9.115364074707031
2007-01-17,9.135638236999512
2007-01-18,9.130570411682129
2007-01-19,9.133101463317871
2007-01-22,9.130570411682129
2007-01-23,9.183770179748535
2007-01-24,9.214173316955566
2007-01-25,9.206574440002441
2007-01-26,9.183770179748535
2007-01-29,9.214173316955566
2007-01-30,9.242039680480957
2007-01-31,9.269906997680664
2007-02-01,9.3484468460083
2007-02-02,9.399110794067383
2007-02-05,9.50045394897461
2007-02-06,9.551119804382324
2007-02-07,9.586588859558105
2007-02-08,9.604326248168945
2007-02-09,9.637262344360352
2007-02-12,9.60179328918457
2007-02-13,9.685395240783691
2007-02-14,9.753799438476562
2007-02-15,9.670193672180176
2007-02-16,9.687933921813965
2007-02-20,9.713262557983398
2007-02-21,9.67272663116455
2007-02-22,9.685395240783691
2007-02-23,9.796867370605469
2007-02-26,10.02994441986084
2007-02-27,9.665135383605957
2007-02-28,9.76140022277832
2007-03-01,9.791801452636719
2007-03-02,9.639789581298828
2007-03-05,9.518186569213867
2007-03-06,9.66006088256836
2007-03-07,9.639789581298828
2007-03-08,9.690460205078125
2007-03-09,9.6777925491333
2007-03-12,9.774065971374512
2007-03-13,9.642326354980469
2007-03-14,9.690460205078125
2007-03-15,9.814605712890625
2007-03-16,9.780981063842773
2007-03-19,9.85229778289795
2007-03-20,9.994937896728516
2007-03-21,10.11211109161377
2007-03-22,10.101919174194336
2007-03-23,10.150310516357422
2007-03-26,10.193610191345215
2007-03-27,10.17833137512207
2007-03-28,10.157952308654785
2007-03-29,10.21653938293457
2007-03-30,10.11211109161377
2007-04-02,10.354084014892578
2007-04-03,10.366819381713867
2007-04-04,10.32097053527832
2007-04-05,10.366819381713867
2007-04-09,10.44323444366455
2007-04-10,10.445780754089355
2007-04-11,10.420305252075195
2007-04-12,10.374462127685547
2007-04-13,10.371920585632324
2007-04-16,10.4330415725708
2007-04-17,10.481443405151367
2007-04-18,10.55785083770752
2007-04-19,10.506911277770996
2007-04-20,10.588419914245605
2007-04-23,10.667380332946777
2007-04-24,10.743799209594727
2007-04-25,10.774359703063965
2007-04-26,10.738700866699219
2007-04-27,10.649550437927246
2007-04-30,10.608798027038574
2007-05-01,10.695399284362793
2007-05-02,10.753986358642578
2007-05-03,10.741244316101074
2007-05-04,10.720873832702637
2007-05-07,10.848228454589844
2007-05-08,10.799835205078125
2007-05-09,10.807472229003906
2007-05-10,10.697940826416016
2007-05-11,10.748889923095703
2007-05-14,10.792186737060547
2007-05-15,10.850770950317383
2007-05-16,10.876246452331543
2007-05-17,10.850770950317383
2007-05-18,10.90936279296875
2007-05-21,10.894074440002441
2007-05-22,10.873700141906738
2007-05-23,10.703038215637207
2007-05-24,10.46360969543457
2007-05-25,10.468706130981445
2007-05-29,10.499273300170898
2007-05-30,10.629176139831543
2007-05-31,10.65719223022461
2007-06-01,10.598611831665039
2007-06-04,10.55785083770752
2007-06-05,10.417763710021973
2007-06-06,10.25220012664795
2007-06-07,9.933807373046875
2007-06-08,10.005125999450684
2007-06-11,10.137577056884766
2007-06-12,9.972014427185059
2007-06-13,10.17069149017334
2007-06-14,10.23437213897705
2007-06-15,10.371840476989746
2007-06-18,10.258992195129395
2007-06-19,10.325675010681152
2007-06-20,10.056376457214355
2007-06-21,10.12049674987793
2007-06-22,9.928138732910156
2007-06-25,9.982001304626465
2007-06-26,9.928138732910156
2007-06-27,10.074328422546387
2007-06-28,10.071764945983887
2007-06-29,10.151267051696777
2007-07-02,10.29745864868164
2007-07-03,10.29745864868164
2007-07-05,10.276946067810059
2007-07-06,10.22308349609375
2007-07-09,10.23847484588623
2007-07-10,10.143576622009277
2007-07-11,10.169222831726074
2007-07-12,10.29745864868164
2007-07-13,10.451349258422852
2007-07-16,10.30002498626709
2007-07-17,10.310283660888672
2007-07-18,10.387225151062012
2007-07-19,10.553938865661621
2007-07-20,10.438521385192871
2007-07-23,10.44878101348877
2007-07-24,10.135886192321777
2007-07-25,10.156397819519043
2007-07-26,9.925576210021973
2007-07-27,9.630624771118164
2007-07-30,9.763993263244629
2007-07-31,9.74604320526123
2007-08-01,9.966609001159668
2007-08-02,10.074328422546387
2007-08-03,9.733221054077148
2007-08-06,10.038424491882324
2007-08-07,10.2205171585083
2007-08-08,10.369280815124512
2007-08-09,10.182048797607422
2007-08-10,10.005082130432129
2007-08-13,10.056376457214355
2007-08-14,9.88709831237793
2007-08-15,9.75373363494873
2007-08-16,9.822983741760254
2007-08-17,9.907622337341309
2007-08-20,9.961479187011719
2007-08-21,9.951221466064453
2007-08-22,10.066633224487305
2007-08-23,10.097411155700684
2007-08-24,10.15896224975586
2007-08-27,9.899923324584961
2007-08-28,9.74604320526123
2007-08-29,9.938396453857422
2007-08-30,9.920442581176758
2007-08-31,9.899923324584961
2007-09-04,10.092281341552734
2007-09-05,10.066633224487305
2007-09-06,10.079461097717285
2007-09-07,10.005082130432129
2007-09-10,10.012777328491211
2007-09-11,10.079461097717285
2007-09-12,10.164093017578125
2007-09-13,10.184610366821289
2007-09-14,10.182048797607422
2007-09-17,10.18974494934082
2007-09-18,10.425700187683105
2007-09-19,10.541108131408691
2007-09-20,10.397485733032227
2007-09-21,10.414013862609863
2007-09-24,10.452763557434082
2007-09-25,10.465672492980957
2007-09-26,10.517335891723633
2007-09-27,10.44243335723877
2007-09-28,10.279708862304688
2007-10-01,10.419180870056152
2007-10-02,10.457924842834473
2007-10-03,10.424347877502441
2007-10-04,10.481170654296875
2007-10-05,10.563822746276855
2007-10-08,10.548322677612305
2007-10-09,10.66455364227295
2007-10-10,10.584486961364746
2007-10-11,10.69296646118164
2007-10-12,10.66455364227295
2007-10-15,10.587066650390625
2007-10-16,10.561236381530762
2007-10-17,10.589649200439453
2007-10-18,10.496665954589844
2007-10-19,10.26421070098877
2007-10-22,10.336530685424805
2007-10-23,10.341697692871094
2007-10-24,10.331367492675781
2007-10-25,10.584486961364746
2007-10-26,10.72912311553955
2007-10-29,10.824688911437988
2007-10-30,10.837603569030762
2007-10-31,10.964160919189453
2007-11-01,10.739452362060547
2007-11-02,10.827271461486816
2007-11-05,10.946084976196289
2007-11-06,10.956416130065918
2007-11-07,10.705879211425781
2007-11-08,10.915084838867188
2007-11-09,10.829856872558594
2007-11-12,10.641307830810547
2007-11-13,10.731709480285645
2007-11-14,10.667139053344727
2007-11-15,10.762699127197266
2007-11-16,10.765283584594727
2007-11-19,10.796278953552246
2007-11-20,10.92800235748291
2007-11-21,10.837603569030762
2007-11-23,10.827271461486816
2007-11-26,10.809192657470703
2007-11-27,10.850515365600586
2007-11-28,11.03906536102295
2007-11-29,10.964160919189453
2007-11-30,11.036480903625488
2007-12-03,11.1449556350708
2007-12-04,11.22502613067627
2007-12-05,11.418745994567871
2007-12-06,11.351590156555176
2007-12-07,11.410992622375488
2007-12-10,11.462646484375
2007-12-11,11.196615219116211
2007-12-12,11.199199676513672
2007-12-13,11.364500045776367
2007-12-14,11.152711868286133
2007-12-17,11.049393653869629
2007-12-18,11.147546768188477
2007-12-19,11.119132995605469
2007-12-20,11.168206214904785
2007-12-21,11.190849304199219
2007-12-24,11.245504379272461
2007-12-26,11.188244819641113
2007-12-27,11.08935260772705
2007-12-28,11.170026779174805
2007-12-31,11.016480445861816
2008-01-02,10.954019546508789
2008-01-03,10.938403129577637
2008-01-04,11.021684646606445
2008-01-07,11.250706672668457
2008-01-08,11.253311157226562
2008-01-09,11.37562370300293
2008-01-10,11.305362701416016
2008-01-11,11.302756309509277
2008-01-14,11.318374633789062
2008-01-15,11.198652267456055
2008-01-16,10.998257637023926
2008-01-17,10.57404899597168
2008-01-18,10.417895317077637
2008-01-22,10.058751106262207
2008-01-23,10.326811790466309
2008-01-24,10.045736312866211
2008-01-25,9.936432838439941
2008-01-28,10.092586517333984
2008-01-29,10.126412391662598
2008-01-30,10.074370384216309
2008-01-31,10.207097053527832
2008-02-01,10.472552299499512
2008-02-04,10.623496055603027
2008-02-05,10.30339241027832
2008-02-06,10.285171508789062
2008-02-07,10.230520248413086
2008-02-08,10.149840354919434
2008-02-11,10.233121871948242
2008-02-12,10.407487869262695
2008-02-13,10.35804271697998
2008-02-14,10.227914810180664
2008-02-15,10.371053695678711
2008-02-19,10.287774085998535
2008-02-20,10.308592796325684
2008-02-21,10.082176208496094
2008-02-22,10.25914478302002
2008-02-25,10.269556999206543
2008-02-26,10.4022855758667
2008-02-27,10.152442932128906
2008-02-28,10.084776878356934
2008-02-29,9.788086891174316
2008-03-03,9.936432838439941
2008-03-04,10.10820198059082
2008-03-05,10.079572677612305
2008-03-06,9.873970031738281
2008-03-07,9.811511039733887
2008-03-10,9.798501968383789
2008-03-11,9.967662811279297
2008-03-12,9.967662811279297
2008-03-13,9.936432838439941
2008-03-14,9.86356258392334
2008-03-17,9.86876392364502
2008-03-18,10.043137550354004
2008-03-19,9.845345497131348
2008-03-20,9.8167724609375
2008-03-24,9.848228454589844
2008-03-25,9.819391250610352
2008-03-26,9.856085777282715
2008-03-27,9.95570182800293
2008-03-28,9.863957405090332
2008-03-31,9.94521427154541
2008-04-01,10.202101707458496
2008-04-02,10.33316707611084
2008-04-03,10.278121948242188
2008-04-04,10.267638206481934
2008-04-07,10.3121976852417
2008-04-08,10.38034725189209
2008-04-09,10.35413932800293
2008-04-10,10.280745506286621
2008-04-11,10.29384994506836
2008-04-14,10.278121948242188
2008-04-15,10.390836715698242
2008-04-16,10.608407974243164
2008-04-17,10.629371643066406
2008-04-18,10.663455963134766
2008-04-21,10.566468238830566
2008-04-22,10.535006523132324
2008-04-23,10.550738334655762
2008-04-24,10.540252685546875
2008-04-25,10.574329376220703
2008-04-28,10.472099304199219
2008-04-29,10.521903038024902
2008-04-30,10.453743934631348
2008-05-01,10.576949119567871
2008-05-02,10.752577781677246
2008-05-05,10.597919464111328
2008-05-06,10.595297813415527
2008-05-07,10.435396194458008
2008-05-08,10.461612701416016
2008-05-09,10.495689392089844
2008-05-12,10.597919464111328
2008-05-13,10.582192420959473
2008-05-14,10.621513366699219
2008-05-15,10.611026763916016
2008-05-16,10.68967056274414
2008-05-19,10.810247421264648
2008-05-20,10.883641242980957
2008-05-21,10.828594207763672
2008-05-22,10.891507148742676
2008-05-23,10.723738670349121
2008-05-27,10.778789520263672
2008-05-28,10.786657333374023
2008-05-29,10.901993751525879
2008-05-30,10.828594207763672
2008-06-02,10.749955177307129
2008-06-03,10.655591011047363
2008-06-04,10.78403091430664
2008-06-05,10.912474632263184
2008-06-06,10.626753807067871
2008-06-09,10.791894912719727
2008-06-10,10.781415939331055
2008-06-11,10.770925521850586
2008-06-12,10.72636604309082
2008-06-13,10.82335376739502
2008-06-16,10.83383560180664
2008-06-17,10.894124031066895
2008-06-18,10.852189064025879
2008-06-19,10.8652925491333
2008-06-20,10.739858627319336
2008-06-23,10.86925220489502
2008-06-24,10.779467582702637
2008-06-25,10.906225204467773
2008-06-26,10.581414222717285
2008-06-27,10.491628646850586
2008-06-30,10.747782707214355
2008-07-01,10.80323600769043
2008-07-02,10.774190902709961
2008-07-03,10.663276672363281
2008-07-07,10.557647705078125
2008-07-08,10.613101959228516
2008-07-09,10.739858627319336
2008-07-10,10.766263961791992
2008-07-11,10.684402465820312
2008-07-14,10.610462188720703
2008-07-15,10.536520004272461
2008-07-16,10.32790470123291
2008-07-17,10.164182662963867
2008-07-18,10.174738883972168
2008-07-21,10.354314804077148
2008-07-22,10.31998348236084
2008-07-23,10.069111824035645
2008-07-24,10.053268432617188
2008-07-25,9.931794166564941
2008-07-28,9.955559730529785
2008-07-29,9.968762397766113
2008-07-30,10.164182662963867
2008-07-31,10.055912017822266
2008-08-01,9.76806926727295
2008-08-04,9.662436485290527
2008-08-05,9.74166202545166
2008-08-06,9.794478416442871
2008-08-07,9.786550521850586
2008-08-08,9.81559944152832
2008-08-11,9.923872947692871
2008-08-12,9.807682991027832
2008-08-13,9.807682991027832
2008-08-14,9.723176002502441
2008-08-15,9.7575101852417
2008-08-18,9.770709991455078
2008-08-19,9.823524475097656
2008-08-20,9.860491752624512
2008-08-21,9.955559730529785
2008-08-22,9.995169639587402
2008-08-25,9.88953971862793
2008-08-26,9.997814178466797
2008-08-27,10.069111824035645
2008-08-28,10.084957122802734
2008-08-29,9.944994926452637
2008-09-02,9.823524475097656
2008-09-03,9.66772174835205
2008-09-04,9.546252250671387
2008-09-05,9.345551490783691
2008-09-08,9.580575942993164
2008-09-09,9.279535293579102
2008-09-10,9.382525444030762
2008-09-11,9.456464767456055
2008-09-12,9.63338851928711
2008-09-15,9.298018455505371
2008-09-16,9.158061027526855
2008-09-17,8.71441650390625
2008-09-18,9.03394603729248
2008-09-19,9.324335098266602
2008-09-22,9.092555046081543
2008-09-23,8.935371398925781
2008-09-24,9.017958641052246
2008-09-25,9.19645881652832
2008-09-26,9.199117660522461
2008-09-29,8.716917037963867
2008-09-30,8.85278606414795
2008-10-01,8.815489768981934
2008-10-02,8.687614440917969
2008-10-03,8.557068824768066
2008-10-06,8.13880729675293
2008-10-07,7.805802822113037
2008-10-08,7.669930458068848
2008-10-09,7.153094291687012
2008-10-10,6.86270809173584
2008-10-13,7.69124174118042
2008-10-14,7.6273016929626465
2008-10-15,7.05985164642334
2008-10-16,7.264986991882324
2008-10-17,7.302283763885498
2008-10-20,7.917692184448242
2008-10-21,7.667265892028809
2008-10-22,7.342241287231445
2008-10-23,7.518076419830322
2008-10-24,7.318265438079834
2008-10-27,7.033209800720215
2008-10-28,7.741860866546631
2008-10-29,7.494098663330078
2008-10-30,7.912359237670898
2008-10-31,7.701897144317627
2008-11-03,7.781820774078369
2008-11-04,7.928347587585449
2008-11-05,7.781820774078369
2008-11-06,7.416837692260742
2008-11-07,7.741860866546631
2008-11-10,7.555373668670654
2008-11-11,7.555373668670654
2008-11-12,7.304944038391113
2008-11-13,7.859082221984863
2008-11-14,7.672593116760254
2008-11-17,7.65927267074585
2008-11-18,7.576683044433594
2008-11-19,7.4141764640808105
2008-11-20,6.982590675354004
2008-11-21,7.680582523345947
2008-11-24,7.7578444480896
2008-11-25,7.912359237670898
2008-11-26,7.885719299316406
2008-11-28,8.024251937866211
2008-12-01,7.491434574127197
2008-12-02,7.685916423797607
2008-12-03,7.819118022918701
2008-12-04,7.536725997924805
2008-12-05,7.584679126739502
2008-12-08,7.707225322723389
2008-12-09,7.597997665405273
2008-12-10,7.712555408477783
2008-12-11,7.651278495788574
2008-12-12,7.699235439300537
2008-12-15,7.57935094833374
2008-12-16,7.837767601013184
2008-12-17,7.600663185119629
2008-12-18,7.664602756500244
2008-12-19,7.710193157196045
2008-12-22,7.607680320739746
2008-12-23,7.521350383758545
2008-12-24,7.559116840362549
2008-12-26,7.575305938720703
2008-12-29,7.59149169921875
2008-12-30,7.707494258880615
2008-12-31,7.83159065246582
2009-01-02,8.015039443969727
2009-01-05,8.12834358215332
2009-01-06,8.012338638305664
2009-01-07,7.947597503662109
2009-01-08,7.907132148742676
2009-01-09,7.845080852508545
2009-01-12,7.847778797149658
2009-01-13,7.69940185546875
2009-01-14,7.604979038238525
2009-01-15,7.645445823669434
2009-01-16,7.7965216636657715
2009-01-20,7.6616339683532715
2009-01-21,7.747961044311523
2009-01-22,7.745259761810303
2009-01-23,7.761453151702881
2009-01-26,7.947597503662109
2009-01-27,7.9853644371032715
2009-01-28,8.036624908447266
2009-01-29,7.977270603179932
2009-01-30,7.81810188293457
2009-02-02,7.861268043518066
2009-02-03,7.8963398933410645
2009-02-04,7.955690383911133
2009-02-05,8.012338638305664
2009-02-06,8.063597679138184
2009-02-09,8.017736434936523
2009-02-10,7.791123390197754
2009-02-11,7.766848087310791
2009-02-12,7.69940185546875
2009-02-13,7.653539180755615
2009-02-17,7.321717262268066
2009-02-18,7.211105823516846
2009-02-19,7.243481636047363
2009-02-20,7.078917503356934
2009-02-23,6.908958911895752
2009-02-24,7.1085920333862305
2009-02-25,7.062729835510254
2009-02-26,6.946727275848389
2009-02-27,6.838817119598389
2009-03-02,6.6229963302612305
2009-03-03,6.385594367980957
2009-03-04,6.444943428039551
2009-03-05,6.261497497558594
2009-03-06,6.25340461730957
2009-03-09,6.13469934463501
2009-03-10,6.215632915496826
2009-03-11,6.204843997955322
2009-03-12,6.285776138305664
2009-03-13,6.372104644775391
2009-03-16,6.544757843017578
2009-03-17,6.647276401519775
2009-03-18,6.863095760345459
2009-03-19,6.962913513183594
2009-03-20,6.91436243057251
2009-03-23,7.181663513183594
2009-03-24,7.026193618774414
2009-03-25,7.023466110229492
2009-03-26,7.108017444610596
2009-03-27,7.037105083465576
2009-03-30,6.8979973793029785
2009-03-31,6.968916893005371
2009-04-01,6.996188640594482
2009-04-02,7.086199760437012
2009-04-03,7.132567405700684
2009-04-06,7.0725626945495605
2009-04-07,7.039831161499023
2009-04-08,7.108017444610596
2009-04-09,7.110749244689941
2009-04-13,7.01801061630249
2009-04-14,6.9280009269714355
2009-04-15,6.993461608886719
2009-04-16,7.042557239532471
2009-04-17,7.031649589538574
2009-04-20,6.952548027038574
2009-04-21,6.977096080780029
2009-04-22,6.90345573425293
2009-04-23,6.9280009269714355
2009-04-24,6.917089462280273
2009-04-27,6.9661865234375
2009-04-28,6.993461608886719
2009-04-29,7.045286178588867
2009-04-30,7.050742149353027
2009-05-01,7.2362141609191895
2009-05-04,7.3453145027160645
2009-05-05,7.331678867340088
2009-05-06,7.288036346435547
2009-05-07,7.326224327087402
2009-05-08,7.43259859085083
2009-05-11,7.399867534637451
2009-05-12,7.451692581176758
2009-05-13,7.25258207321167
2009-05-14,7.247123718261719
2009-05-15,7.075289249420166
2009-05-18,7.075289249420166
2009-05-19,7.203485012054443
2009-05-20,7.0725626945495605
2009-05-21,6.988009929656982
2009-05-22,7.045286178588867
2009-05-26,7.249855041503906
2009-05-27,7.102563858032227
2009-05-28,7.249855041503906
2009-05-29,7.301679611206055
2009-06-01,7.536246299743652
2009-06-02,7.4462361335754395
2009-06-03,7.320769786834717
2009-06-04,7.388957500457764
2009-06-05,7.397141456604004
2009-06-08,7.350772380828857
2009-06-09,7.331678867340088
2009-06-10,7.4462361335754395
2009-06-11,7.5907979011535645
2009-06-12,7.686264514923096
2009-06-15,7.530796051025391
2009-06-16,7.478967189788818
2009-06-17,7.500787258148193
2009-06-18,7.669896602630615
2009-06-19,7.578035831451416
2009-06-22,7.555960655212402
2009-06-23,7.489759922027588
2009-06-24,7.553206443786621
2009-06-25,7.680103778839111
2009-06-26,7.652517795562744
2009-06-29,7.751827716827393
2009-06-30,7.6939005851745605
2009-07-01,7.793208122253418
2009-07-02,7.569758892059326
2009-07-06,7.613894462585449
2009-07-07,7.462167739868164
2009-07-08,7.42906379699707
2009-07-09,7.431826114654541
2009-07-10,7.423548698425293
2009-07-13,7.553206443786621
2009-07-14,7.611136436462402
2009-07-15,7.762861728668213
2009-07-16,7.765623092651367
2009-07-17,7.729764461517334
2009-07-20,7.787692070007324
2009-07-21,7.86493444442749
2009-07-22,7.823556900024414
2009-07-23,8.027695655822754
2009-07-24,8.154592514038086
2009-07-27,8.135281562805176
2009-07-28,8.002869606018066
2009-07-29,7.9642462730407715
2009-07-30,8.085624694824219
2009-07-31,7.98355770111084
2009-08-03,8.063559532165527
2009-08-04,7.944934844970703
2009-08-05,7.889764785766602
2009-08-06,7.903555870056152
2009-08-07,7.978037357330322
2009-08-10,7.994589805603027
2009-08-11,8.00010871887207
2009-08-12,8.038728713989258
2009-08-13,8.01114559173584
2009-08-14,8.01114559173584
2009-08-17,7.900796890258789
2009-08-18,7.917346954345703
2009-08-19,7.975280284881592
2009-08-20,8.041489601135254
2009-08-21,8.19873046875
2009-08-24,8.21252727508545
2009-08-25,8.160110473632812
2009-08-26,8.151833534240723
2009-08-27,8.151833534240723
2009-08-28,8.132522583007812
2009-08-31,8.063559532165527
2009-09-01,8.00010871887207
2009-09-02,7.944934844970703
2009-09-03,7.939421653747559
2009-09-04,7.978037357330322
2009-09-08,7.997345924377441
2009-09-09,7.986316680908203
2009-09-10,7.986316680908203
2009-09-11,7.98355770111084
2009-09-14,8.099417686462402
2009-09-15,8.160110473632812
2009-09-16,8.289766311645508
2009-09-17,8.23459529876709
2009-09-18,8.272220611572266
2009-09-21,8.233203887939453
2009-09-22,8.21090316772461
2009-09-23,8.183030128479004
2009-09-24,8.160736083984375
2009-09-25,8.138439178466797
2009-09-28,8.208115577697754
2009-09-29,8.224839210510254
2009-09-30,8.17466926574707
2009-10-01,8.03531265258789
2009-10-02,7.948911190032959
2009-10-05,8.03531265258789
2009-10-06,8.096631050109863
2009-10-07,8.102202415466309
2009-10-08,8.102202415466309
2009-10-09,8.152375221252441
2009-10-12,8.235986709594727
2009-10-13,8.17745590209961
2009-10-14,8.183030128479004
2009-10-15,8.247136116027832
2009-10-16,8.275007247924805
2009-10-19,8.392069816589355
2009-10-20,8.308451652526855
2009-10-21,8.31960391998291
2009-10-22,8.339112281799316
2009-10-23,8.202542304992676
2009-10-26,8.09384536743164
2009-10-27,8.074333190917969
2009-10-28,7.993505001068115
2009-10-29,8.063188552856445
2009-10-30,7.912682056427002
2009-11-02,7.89874267578125
2009-11-03,7.882021427154541
2009-11-04,7.934976577758789
2009-11-05,8.068760871887207
2009-11-06,8.060396194458008
2009-11-09,8.205331802368164
2009-11-10,8.244348526000977
2009-11-11,8.224839210510254
2009-11-12,8.110566139221191
2009-11-13,8.183030128479004
2009-11-16,8.297306060791016
2009-11-17,8.25271224975586
2009-11-18,8.216475486755371
2009-11-19,8.116138458251953
2009-11-20,8.152375221252441
2009-11-23,8.255497932434082
2009-11-24,8.272220611572266
2009-11-25,8.366983413696289
2009-11-27,8.224839210510254
2009-11-30,8.294516563415527
2009-12-01,8.450596809387207
2009-12-02,8.564872741699219
2009-12-03,8.592741966247559
2009-12-04,8.539785385131836
2009-12-07,8.615039825439453
2009-12-08,8.578807830810547
2009-12-09,8.609461784362793
2009-12-10,8.718161582946777
2009-12-11,8.86866569519043
2009-12-14,8.91047477722168
2009-12-15,8.854731559753418
2009-12-16,8.815711975097656
2009-12-17,8.765545845031738
2009-12-18,8.841407775878906
2009-12-21,8.866788864135742
2009-12-22,8.793464660644531
2009-12-23,8.813206672668457
2009-12-24,8.878068923950195
2009-12-28,8.883712768554688
2009-12-29,8.878068923950195
2009-12-30,8.875251770019531
2009-12-31,8.748343467712402
2010-01-04,8.76526165008545
2010-01-05,8.660913467407227
2010-01-06,8.711675643920898
2010-01-07,8.672191619873047
2010-01-08,8.66373348236084
2010-01-11,8.753983497619629
2010-01-12,8.717320442199707
2010-01-13,8.813206672668457
2010-01-14,8.77371883392334
2010-01-15,8.717320442199707
2010-01-19,8.818846702575684
2010-01-20,8.725778579711914
2010-01-21,8.598871231079102
2010-01-22,8.409913063049316
2010-01-25,8.466317176818848
2010-01-26,8.500160217285156
2010-01-27,8.443753242492676
2010-01-28,8.378891944885254
2010-01-29,8.328126907348633
2010-02-01,8.38171100616455
2010-02-02,8.4493989944458
2010-02-03,8.390169143676758
2010-02-04,8.170194625854492
2010-02-05,8.156088829040527
2010-02-08,8.063027381896973
2010-02-09,8.14481258392334
2010-02-10,8.108148574829102
2010-02-11,8.156088829040527
2010-02-12,8.125069618225098
2010-02-16,8.266080856323242
2010-02-17,8.232236862182617
2010-02-18,8.277361869812012
2010-02-19,8.392991065979004
2010-02-22,8.347869873046875
2010-02-23,8.291465759277344
2010-02-24,8.299922943115234
2010-02-25,8.283002853393555
2010-02-26,8.2181396484375
2010-03-01,8.336585998535156
2010-03-02,8.361969947814941
2010-03-03,8.347869873046875
2010-03-04,8.364789009094238
2010-03-05,8.4493989944458
2010-03-08,8.4493989944458
2010-03-09,8.438118934631348
2010-03-10,8.440934181213379
2010-03-11,8.469139099121094
2010-03-12,8.41555404663086
2010-03-15,8.446575164794922
2010-03-16,8.545283317565918
2010-03-17,8.573485374450684
2010-03-18,8.534001350402832
2010-03-19,8.524614334106445
2010-03-22,8.467706680297852
2010-03-23,8.501852989196777
2010-03-24,8.41364574432373
2010-03-25,8.35958194732666
2010-03-26,8.37950325012207
2010-03-29,8.481931686401367
2010-03-30,8.459171295166016
2010-03-31,8.439252853393555
2010-04-01,8.555913925170898
2010-04-05,8.607128143310547
2010-04-06,8.678263664245605
2010-04-07,8.592900276184082
2010-04-08,8.541685104370117
2010-04-09,8.604283332824707
2010-04-12,8.627043724060059
2010-04-13,8.581520080566406
2010-04-14,8.590055465698242
2010-04-15,8.587214469909668
2010-04-16,8.487627029418945
2010-04-19,8.496162414550781
2010-04-20,8.604283332824707
2010-04-21,8.612821578979492
2010-04-22,8.641274452209473
2010-04-23,8.70956039428711
2010-04-26,8.678263664245605
2010-04-27,8.530303001403809
2010-04-28,8.618510246276855
2010-04-29,8.627043724060059
2010-04-30,8.661187171936035
2010-05-03,8.7721586227417
2010-05-04,8.621354103088379
2010-05-05,8.561601638793945
2010-05-06,8.325441360473633
2010-05-07,8.279915809631348
2010-05-10,8.535994529724121
2010-05-11,8.553067207336426
2010-05-12,8.624198913574219
2010-05-13,8.587214469909668
2010-05-14,8.516073226928711
2010-05-17,8.524614334106445
2010-05-18,8.442099571228027
2010-05-19,8.356739044189453
2010-05-20,8.10634708404541
2010-05-21,8.143340110778809
2010-05-24,8.06651496887207
2010-05-25,8.023833274841309
2010-05-26,8.020990371704102
2010-05-27,8.174640655517578
2010-05-28,8.183173179626465
2010-06-01,7.9925360679626465
2010-06-02,8.160411834716797
2010-06-03,8.245774269104004
2010-06-04,8.001073837280273
2010-06-07,8.049446105957031
2010-06-08,8.154717445373535
2010-06-09,8.109198570251465
2010-06-10,8.308369636535645
2010-06-11,8.31406021118164
2010-06-14,8.3624267578125
2010-06-15,8.524614334106445
2010-06-16,8.578673362731934
2010-06-17,8.641274452209473
2010-06-18,8.649035453796387
2010-06-21,8.588653564453125
2010-06-22,8.375875473022461
2010-06-23,8.30112075805664
2010-06-24,8.255109786987305
2010-06-25,8.29249382019043
2010-06-28,8.347122192382812
2010-06-29,8.177478790283203
2010-06-30,8.125724792480469
2010-07-01,8.08834171295166
2010-07-02,8.096968650817871
2010-07-06,8.191856384277344
2010-07-07,8.444887161254883
2010-07-08,8.511016845703125
2010-07-09,8.568525314331055
2010-07-12,8.597280502319336
2010-07-13,8.6260347366333
2010-07-14,8.628911018371582
2010-07-15,8.686412811279297
2010-07-16,8.536898612976074
2010-07-19,8.66916275024414
2010-07-20,8.746796607971191
2010-07-21,8.611656188964844
2010-07-22,8.749671936035156
2010-07-23,8.764050483703613
2010-07-26,8.82730484008789
2010-07-27,8.956696510314941
2010-07-28,8.913569450378418
2010-07-29,8.775548934936523
2010-07-30,8.732421875
2010-08-02,8.913569450378418
2010-08-03,8.87043571472168
2010-08-04,8.907816886901855
2010-08-05,8.893442153930664
2010-08-06,8.910691261291504
2010-08-09,8.942323684692383
2010-08-10,8.994075775146484
2010-08-11,8.8129301071167
2010-08-12,8.795679092407227
2010-08-13,8.82730484008789
2010-08-16,8.82730484008789
2010-08-17,8.913569450378418
2010-08-18,8.864684104919434
2010-08-19,8.738168716430664
2010-08-20,8.761175155639648
2010-08-23,8.818678855895996
2010-08-24,8.833053588867188
2010-08-25,8.82730484008789
2010-08-26,8.787054061889648
2010-08-27,8.953821182250977
2010-08-30,8.818678855895996
2010-08-31,8.858933448791504
2010-09-01,9.051582336425781
2010-09-02,9.051582336425781
2010-09-03,9.091840744018555
2010-09-07,9.045833587646484
2010-09-08,9.002702713012695
2010-09-09,9.091840744018555
2010-09-10,9.040081977844238
2010-09-13,9.071712493896484
2010-09-14,9.060209274291992
2010-09-15,9.008452415466309
2010-09-16,8.976826667785645
2010-09-17,8.961431503295898
2010-09-20,9.080527305603027
2010-09-21,9.034051895141602
2010-09-22,9.097955703735352
2010-09-23,8.993380546569824
2010-09-24,9.13862419128418
2010-09-27,9.156055450439453
2010-09-28,9.161863327026367
2010-09-29,9.14443588256836
2010-09-30,9.115382194519043
2010-10-01,9.16477108001709
2010-10-04,9.147337913513184
2010-10-05,9.249006271362305
2010-10-06,9.205436706542969
2010-10-07,9.222864151000977
2010-10-08,9.251914024353027
2010-10-11,9.254817962646484
2010-10-12,9.217055320739746
2010-10-13,9.251914024353027
2010-10-14,9.237387657165527
2010-10-15,9.266435623168945
2010-10-18,9.266435623168945
2010-10-19,9.283865928649902
2010-10-20,9.359392166137695
2010-10-21,9.3187255859375
2010-10-22,9.257720947265625
2010-10-25,9.237387657165527
2010-10-26,9.214151382446289
2010-10-27,9.176385879516602
2010-10-28,9.199626922607422
2010-10-29,9.214151382446289
2010-11-01,9.124100685119629
2010-11-02,9.231579780578613
2010-11-03,9.214151382446289
2010-11-04,9.312915802001953
2010-11-05,9.310009002685547
2010-11-08,9.257720947265625
2010-11-09,9.225768089294434
2010-11-10,9.185102462768555
2010-11-11,9.179291725158691
2010-11-12,9.103765487670898
2010-11-15,9.135723114013672
2010-11-16,9.028240203857422
2010-11-17,9.025336265563965
2010-11-18,9.077624320983887
2010-11-19,9.042764663696289
2010-11-22,9.0689058303833
2010-11-23,8.970142364501953
2010-11-24,9.025336265563965
2010-11-26,8.964334487915039
2010-11-29,8.946905136108398
2010-11-30,8.935283660888672
2010-12-01,9.039859771728516
2010-12-02,9.066003799438477
2010-12-03,9.086339950561523
2010-12-06,9.060195922851562
2010-12-07,8.999192237854004
2010-12-08,8.967238426208496
2010-12-09,9.004999160766602
2010-12-10,9.039859771728516
2010-12-13,9.08343505859375
2010-12-14,9.106670379638672
2010-12-15,9.028240203857422
2010-12-16,9.109580039978027
2010-12-17,9.156905174255371
2010-12-20,9.16866397857666
2010-12-21,9.171602249145508
2010-12-22,9.21275520324707
2010-12-23,9.21863842010498
2010-12-27,9.22451114654541
2010-12-28,9.25684928894043
2010-12-29,9.22451114654541
2010-12-30,9.209815979003906
2010-12-31,9.21275520324707
2011-01-03,9.25684928894043
2011-01-04,9.300941467285156
2011-01-05,9.24215316772461
2011-01-06,9.250971794128418
2011-01-07,9.283307075500488
2011-01-10,9.233333587646484
2011-01-11,9.248031616210938
2011-01-12,9.295065879821777
2011-01-13,9.286245346069336
2011-01-14,9.330341339111328
2011-01-18,9.353857040405273
2011-01-19,9.330341339111328
2011-01-20,9.400890350341797
2011-01-21,9.392074584960938
2011-01-24,9.444984436035156
2011-01-25,9.430289268493652
2011-01-26,9.395011901855469
2011-01-27,9.430289268493652
2011-01-28,9.303885459899902
2011-01-31,9.324462890625
2011-02-01,9.418532371520996
2011-02-02,9.368553161621094
2011-02-03,9.406769752502441
2011-02-04,9.347977638244629
2011-02-07,9.409707069396973
2011-02-08,9.406769752502441
2011-02-09,9.406769752502441
2011-02-10,9.424409866333008
2011-02-11,9.406769752502441
2011-02-14,9.339158058166504
2011-02-15,9.368553161621094
2011-02-16,9.347977638244629
2011-02-17,9.365616798400879
2011-02-18,9.380315780639648
2011-02-22,9.339158058166504
2011-02-23,9.318584442138672
2011-02-24,9.283307075500488
2011-02-25,9.33621883392334
2011-02-28,9.439107894897461
2011-03-01,9.345039367675781
2011-03-02,9.359734535217285
2011-03-03,9.46556568145752
2011-03-04,9.409707069396973
2011-03-07,9.444984436035156
2011-03-08,9.550811767578125
2011-03-09,9.647821426391602
2011-03-10,9.539052963256836
2011-03-11,9.5596284866333
2011-03-14,9.433226585388184
2011-03-15,9.253911972045898
2011-03-16,9.109871864318848
2011-03-17,9.121628761291504
2011-03-18,9.167048454284668
2011-03-21,9.273918151855469
2011-03-22,9.288761138916016
2011-03-23,9.282822608947754
2011-03-24,9.321413040161133
2011-03-25,9.318445205688477
2011-03-28,9.285794258117676
2011-03-29,9.377816200256348
2011-03-30,9.484688758850098
2011-03-31,9.460939407348633
2011-04-01,9.535150527954102
2011-04-04,9.529219627380371
2011-04-05,9.490625381469727
2011-04-06,9.558905601501465
2011-04-07,9.520312309265137
2011-04-08,9.49359130859375
2011-04-11,9.368911743164062
2011-04-12,9.34516429901123
2011-04-13,9.368911743164062
2011-04-14,9.425317764282227
2011-04-15,9.529219627380371
2011-04-18,9.446096420288086
2011-04-19,9.449061393737793
2011-04-20,9.570777893066406
2011-04-21,9.570777893066406
2011-04-25,9.582651138305664
2011-04-26,9.659836769104004
2011-04-27,9.737019538879395
2011-04-28,9.823110580444336
2011-04-29,9.843891143798828
2011-05-02,9.8468599319458
2011-05-03,9.909198760986328
2011-05-04,9.897326469421387
2011-05-05,9.826078414916992
2011-05-06,9.882481575012207
2011-05-09,9.903265953063965
2011-05-10,10.04575252532959
2011-05-11,10.013100624084473
2011-05-12,10.114032745361328
2011-05-13,10.066533088684082
2011-05-16,10.078407287597656
2011-05-17,10.152626037597656
2011-05-18,10.119969367980957
2011-05-19,10.143716812133789
2011-05-20,10.13184642791748
2011-05-23,10.013100624084473
2011-05-24,10.004190444946289
2011-05-25,9.983412742614746
2011-05-26,9.98044204711914
2011-05-27,9.98044204711914
2011-05-31,10.054659843444824
2011-06-01,9.950758934020996
2011-06-02,9.921069145202637
2011-06-03,9.852797508239746
2011-06-06,9.808266639709473
2011-06-07,9.82013988494873
2011-06-08,9.843891143798828
2011-06-09,9.852797508239746
2011-06-10,9.787487030029297
2011-06-13,9.832013130187988
2011-06-14,9.87060546875
2011-06-15,9.748894691467285
2011-06-16,9.826078414916992
2011-06-17,9.8932523727417
2011-06-20,9.950233459472656
2011-06-21,9.956231117248535
2011-06-22,9.890254020690918
2011-06-23,9.806285858154297
2011-06-24,9.836273193359375
2011-06-27,9.908246040344238
2011-06-28,9.953229904174805
2011-06-29,10.019203186035156
2011-06-30,10.04019546508789
2011-07-01,10.160152435302734
2011-07-05,10.100171089172363
2011-07-06,10.12116527557373
2011-07-07,10.163148880004883
2011-07-08,10.124165534973145
2011-07-11,10.01620864868164
2011-07-12,10.061187744140625
2011-07-13,10.034196853637695
2011-07-14,9.989219665527344
2011-07-15,10.004216194152832
2011-07-18,9.908246040344238
2011-07-19,9.995217323303223
2011-07-20,10.055191040039062
2011-07-21,10.205134391784668
2011-07-22,10.142152786254883
2011-07-25,10.178147315979004
2011-07-26,10.142152786254883
2011-07-27,10.112167358398438
2011-07-28,10.049192428588867
2011-07-29,9.947232246398926
2011-08-01,9.977217674255371
2011-08-02,9.806285858154297
2011-08-03,9.806285858154297
2011-08-04,9.485406875610352
2011-08-05,9.563376426696777
2011-08-08,9.05656909942627
2011-08-09,9.353455543518066
2011-08-10,9.176523208618164
2011-08-11,9.563376426696777
2011-08-12,9.506396293640137
2011-08-15,9.830276489257812
2011-08-16,9.81828498840332
2011-08-17,9.890254020690918
2011-08-18,9.773295402526855
2011-08-19,9.7133207321167
2011-08-22,9.689330101013184
2011-08-23,9.863265991210938
2011-08-24,10.07618236541748
2011-08-25,9.91124439239502
2011-08-26,9.896251678466797
2011-08-29,10.091178894042969
2011-08-30,10.097174644470215
2011-08-31,10.163148880004883
2011-09-01,10.097174644470215
2011-09-02,9.983220100402832
2011-09-06,9.935237884521484
2011-09-07,10.046195983886719
2011-09-08,10.04019546508789
2011-09-09,9.836273193359375
2011-09-12,9.917241096496582
2011-09-13,9.983220100402832
2011-09-14,10.052192687988281
2011-09-15,10.178147315979004
2011-09-16,10.294175148010254
2011-09-19,10.236613273620605
2011-09-20,10.385058403015137
2011-09-21,10.194201469421387
2011-09-22,10.02151870727539
2011-09-23,10.121488571166992
2011-09-26,10.203289031982422
2011-09-27,10.239643096923828
2011-09-28,10.136641502380371
2011-09-29,10.300230026245117
2011-09-30,10.185111045837402
2011-10-03,9.942756652832031
2011-10-04,9.894282341003418
2011-10-05,9.900341987609863
2011-10-06,10.076050758361816
2011-10-07,10.118465423583984
2011-10-10,10.315380096435547
2011-10-11,10.221466064453125
2011-10-12,10.197229385375977
2011-10-13,10.197229385375977
2011-10-14,10.294175148010254
2011-10-17,10.251758575439453
2011-10-18,10.324472427368164
2011-10-19,10.3335542678833
2011-10-20,10.39111328125
2011-10-21,10.566826820373535
2011-10-24,10.521385192871094
2011-10-25,10.403236389160156
2011-10-26,10.445649147033691
2011-10-27,10.694062232971191
2011-10-28,10.606208801269531
2011-10-31,10.557734489440918
2011-11-01,10.336586952209473
2011-11-02,10.518354415893555
2011-11-03,10.64559555053711
2011-11-04,10.597122192382812
2011-11-07,10.654685020446777
2011-11-08,10.724363327026367
2011-11-09,10.491089820861816
2011-11-10,10.560769081115723
2011-11-11,10.712244033813477
2011-11-14,10.585001945495605
2011-11-15,10.603179931640625
2011-11-16,10.475943565368652
2011-11-17,10.42141056060791
2011-11-18,10.494122505187988
2011-11-21,10.363853454589844
2011-11-22,10.236613273620605
2011-11-23,10.076050758361816
2011-11-25,10.12755012512207
2011-11-28,10.254788398742676
2011-11-29,10.366881370544434
2011-11-30,10.666797637939453
2011-12-01,10.636506080627441
2011-12-02,10.527445793151855
2011-12-05,10.60923957824707
2011-12-06,10.639532089233398
2011-12-07,10.624385833740234
2011-12-08,10.469883918762207
2011-12-09,10.603179931640625
2011-12-12,10.512296676635742
2011-12-13,10.551681518554688
2011-12-14,10.485027313232422
2011-12-15,10.61226749420166
2011-12-16,10.581019401550293
2011-12-19,10.501374244689941
2011-12-20,10.725000381469727
2011-12-21,10.884300231933594
2011-12-22,10.896553039550781
2011-12-23,10.96701431274414
2011-12-27,11.055851936340332
2011-12-28,11.01602554321289
2011-12-29,11.10180377960205
2011-12-30,11.022153854370117
2012-01-03,10.826093673706055
2012-01-04,10.7648286819458
2012-01-05,10.786271095275879
2012-01-06,10.728067398071289
2012-01-09,10.743380546569824
2012-01-10,10.758695602416992
2012-01-11,10.709688186645508
2012-01-12,10.694369316101074
2012-01-13,10.688241004943848
2012-01-17,10.679051399230957
2012-01-18,10.675985336303711
2012-01-19,10.587149620056152
2012-01-20,10.602463722229004
2012-01-23,10.645355224609375
2012-01-24,10.55958080291748
2012-01-25,10.734192848205566
2012-01-26,10.770955085754395
2012-01-27,10.639226913452148
2012-01-30,10.5718355178833
2012-01-31,10.623908042907715
2012-02-01,10.660672187805176
2012-02-02,10.642291069030762
2012-02-03,10.669862747192383
2012-02-06,10.623908042907715
2012-02-07,10.700496673583984
2012-02-08,10.712747573852539
2012-02-09,10.682112693786621
2012-02-10,10.660672187805176
2012-02-13,10.648418426513672
2012-02-14,10.65147876739502
2012-02-15,10.630037307739258
2012-02-16,10.743380546569824
2012-02-17,10.737255096435547
2012-02-21,10.697433471679688
2012-02-22,10.709688186645508
2012-02-23,10.700496673583984
2012-02-24,10.746447563171387
2012-02-27,10.743380546569824
2012-02-28,10.691306114196777
2012-02-29,10.688241004943848
2012-03-01,10.715814590454102
2012-03-02,10.709688186645508
2012-03-05,10.734192848205566
2012-03-06,10.691306114196777
2012-03-07,10.697433471679688
2012-03-08,10.73112678527832
2012-03-09,10.774016380310059
2012-03-12,10.896553039550781
2012-03-13,10.93331527709961
2012-03-14,10.770955085754395
2012-03-15,10.761767387390137
2012-03-16,10.753106117248535
2012-03-19,10.678901672363281
2012-03-20,10.691271781921387
2012-03-21,10.669632911682129
2012-03-22,10.69436264038086
2012-03-23,10.697453498840332
2012-03-26,10.771658897399902
2012-03-27,10.82421588897705
2012-03-28,10.734556198120117
2012-03-29,10.777839660644531
2012-03-30,10.833491325378418
2012-04-02,10.889141082763672
2012-04-03,10.882959365844727
2012-04-04,10.867504119873047
2012-04-05,10.787113189697266
2012-04-09,10.731465339660645
2012-04-10,10.592337608337402
2012-04-11,10.61706829071045
2012-04-12,10.651082992553711
2012-04-13,10.613974571228027
2012-04-16,10.712913513183594
2012-04-17,10.768567085266113
2012-04-18,10.750014305114746
2012-04-19,10.722185134887695
2012-04-20,10.827309608459473
2012-04-23,10.780929565429688
2012-04-24,10.855132102966309
2012-04-25,10.910786628723145
2012-04-26,10.97261905670166
2012-04-27,11.009724617004395
2012-04-30,11.025177955627441
2012-05-01,11.080832481384277
2012-05-02,11.015905380249023
2012-05-03,10.981898307800293
2012-05-04,10.997355461120605
2012-05-07,10.975713729858398
2012-05-08,10.994260787963867
2012-05-09,11.000443458557129
2012-05-10,11.1024751663208
2012-05-11,11.108659744262695
2012-05-14,11.09628963470459
2012-05-15,11.01899528503418
2012-05-16,11.03445816040039
2012-05-17,10.97261905670166
2012-05-18,10.950974464416504
2012-05-21,10.963350296020508
2012-05-22,11.04063892364502
2012-05-23,10.981898307800293
2012-05-24,11.025177955627441
2012-05-25,11.062283515930176
2012-05-29,11.09628963470459
2012-05-30,11.028276443481445
2012-05-31,11.087018966674805
2012-06-01,11.04063892364502
2012-06-04,11.077742576599121
2012-06-05,11.117931365966797
2012-06-06,11.272517204284668
2012-06-07,11.359090805053711
2012-06-08,11.383822441101074
2012-06-11,11.374547958374023
2012-06-12,11.386917114257812
2012-06-13,11.390007019042969
2012-06-14,11.467300415039062
2012-06-15,11.524093627929688
2012-06-18,11.567784309387207
2012-06-19,11.542818069458008
2012-06-20,11.43048095703125
2012-06-21,11.311896324157715
2012-06-22,11.315020561218262
2012-06-25,11.293170928955078
2012-06-26,11.3087797164917
2012-06-27,11.436717987060547
2012-06-28,11.47728443145752
2012-06-29,11.542818069458008
2012-07-02,11.614590644836426
2012-07-03,11.586504936218262
2012-07-05,11.517851829528809
2012-07-06,11.49289321899414
2012-07-09,11.455439567565918
2012-07-10,11.474165916442871
2012-07-11,11.533456802368164
2012-07-12,11.54906177520752
2012-07-13,11.652032852172852
2012-07-16,11.645794868469238
2012-07-17,11.670758247375488
2012-07-18,11.708210945129395
2012-07-19,11.730049133300781
2012-07-20,11.755012512207031
2012-07-23,11.676995277404785
2012-07-24,11.574024200439453
2012-07-25,11.567784309387207
2012-07-26,11.748771667480469
2012-07-27,11.886076927185059
2012-07-30,11.929764747619629
2012-07-31,11.833026885986328
2012-08-01,11.74252986907959
2012-08-02,11.676995277404785
2012-08-03,11.814303398132324
2012-08-06,11.78621768951416
2012-08-07,11.664519309997559
2012-08-08,11.680120468139648
2012-08-09,11.680120468139648
2012-08-10,11.714449882507324
2012-08-13,11.701966285705566
2012-08-14,11.689480781555176
2012-08-15,11.633312225341797
2012-08-16,11.605226516723633
2012-08-17,11.574024200439453
2012-08-20,11.595867156982422
2012-08-21,11.511615753173828
2012-08-22,11.49289321899414
2012-08-23,11.374307632446289
2012-08-24,11.427358627319336
2012-08-27,11.452324867248535
2012-08-28,11.43048095703125
2012-08-29,11.411754608154297
2012-08-30,11.355585098266602
2012-08-31,11.34310245513916
2012-09-04,11.386795997619629
2012-09-05,11.33686351776123
2012-09-06,11.464805603027344
2012-09-07,11.427358627319336
2012-09-10,11.414875030517578
2012-09-11,11.386795997619629
2012-09-12,11.321264266967773
2012-09-13,11.480406761169434
2012-09-14,11.402393341064453
2012-09-17,11.330621719360352
2012-09-18,11.296294212341309
2012-09-19,11.3087797164917
2012-09-20,11.355585098266602
2012-09-21,11.362205505371094
2012-09-24,11.469427108764648
2012-09-25,11.444202423095703
2012-09-26,11.469427108764648
2012-09-27,11.422126770019531
2012-09-28,11.475739479064941
2012-10-01,11.422126770019531
2012-10-02,11.48204231262207
2012-10-03,11.53880500793457
2012-10-04,11.605030059814453
2012-10-05,11.586111068725586
2012-10-08,11.605030059814453
2012-10-09,11.58295726776123
2012-10-10,11.564041137695312
2012-10-11,11.57664680480957
2012-10-12,11.510422706604004
2012-10-15,11.557732582092285
2012-10-16,11.601877212524414
2012-10-17,11.743791580200195
2012-10-18,11.797398567199707
2012-10-19,11.702789306640625
2012-10-22,11.67125415802002
2012-10-23,11.564041137695312
2012-10-24,11.478891372680664
2012-10-25,11.535656929016113
2012-10-26,11.535656929016113
2012-10-31,11.636568069458008
2012-11-01,11.51357650756836
2012-11-02,11.434741020202637
2012-11-05,11.248685836791992
2012-11-06,11.254988670349121
2012-11-07,11.018473625183105
2012-11-08,10.999549865722656
2012-11-09,10.933328628540039
2012-11-12,10.841876029968262
2012-11-13,10.882867813110352
2012-11-14,10.807185173034668
2012-11-15,10.744115829467773
2012-11-16,10.835567474365234
2012-11-19,10.8450288772583
2012-11-20,10.826102256774902
2012-11-21,10.778803825378418
2012-11-23,10.750421524047852
2012-11-26,10.886026382446289
2012-11-27,10.914406776428223
2012-11-28,10.958555221557617
2012-11-29,11.02163028717041
2012-11-30,11.13830852508545
2012-12-03,11.068928718566895
2012-12-04,11.012165069580078
2012-12-05,11.179303169250488
2012-12-06,11.172994613647461
2012-12-07,11.182455062866211
2012-12-10,11.185611724853516
2012-12-11,11.210837364196777
2012-12-12,11.191919326782227
2012-12-13,11.14776611328125
2012-12-14,11.103619575500488
2012-12-17,11.273906707763672
2012-12-18,11.352747917175293
2012-12-19,11.267603874206543
2012-12-20,11.302289009094238
2012-12-21,11.260833740234375
2012-12-24,11.212996482849121
2012-12-26,11.117321968078613
2012-12-27,11.098188400268555
2012-12-28,10.98656940460205
2012-12-31,11.136456489562988
2013-01-02,11.340560913085938
2013-01-03,11.340560913085938
2013-01-04,11.397967338562012
2013-01-07,11.286346435546875
2013-01-08,11.251269340515137
2013-01-09,11.228939056396484
2013-01-10,11.276780128479004
2013-01-11,11.289536476135254
2013-01-14,11.267210960388184
2013-01-15,11.299102783203125
2013-01-16,11.24488639831543
2013-01-17,11.289536476135254
2013-01-18,11.378832817077637
2013-01-22,11.474503517150879
2013-01-23,11.445804595947266
2013-01-24,11.496827125549316
2013-01-25,11.554235458374023
2013-01-28,11.547855377197266
2013-01-29,11.627584457397461
2013-01-30,11.637153625488281
2013-01-31,11.665854454040527
2013-02-01,11.69774341583252
2013-02-04,11.618013381958008
2013-02-05,11.649907112121582
2013-02-06,11.684989929199219
2013-02-07,11.700931549072266
2013-02-08,11.700931549072266
2013-02-11,11.729637145996094
2013-02-12,11.780658721923828
2013-02-13,11.780658721923828
2013-02-14,11.684989929199219
2013-02-15,11.710498809814453
2013-02-19,11.812548637390137
2013-02-20,11.790230751037598
2013-02-21,11.739202499389648
2013-02-22,11.85720157623291
2013-02-25,11.75195598602295
2013-02-26,11.787041664123535
2013-02-27,11.895474433898926
2013-02-28,11.936928749084473
2013-03-01,11.959249496459961
2013-03-04,12.080437660217285
2013-03-05,12.1442232131958
2013-03-06,12.137845993041992
2013-03-07,12.08363151550293
2013-03-08,12.10914134979248
2013-03-11,12.137845993041992
2013-03-12,12.105957984924316
2013-03-13,12.160167694091797
2013-03-14,12.185676574707031
2013-03-15,12.26578140258789
2013-03-18,12.198227882385254
2013-03-19,12.23039722442627
2013-03-20,12.320466995239258
2013-03-21,12.259346008300781
2013-03-22,12.278650283813477
2013-03-25,12.252918243408203
2013-03-26,12.368720054626465
2013-03-27,12.426626205444336
2013-03-28,12.577812194824219
2013-04-01,12.548859596252441
2013-04-02,12.590681076049805
2013-04-03,12.555296897888184
2013-04-04,12.674323081970215
2013-04-05,12.72900104522705
2013-04-08,12.82551097869873
2013-04-09,12.786908149719238
2013-04-10,12.889842987060547
2013-04-11,12.91879653930664
2013-04-12,12.973483085632324
2013-04-15,12.786908149719238
2013-04-16,12.941317558288574
2013-04-17,12.867328643798828
2013-04-18,12.909146308898926
2013-04-19,13.102157592773438
2013-04-22,13.086075782775879
2013-04-23,13.118241310119629
2013-04-24,13.160062789916992
2013-04-25,13.163280487060547
2013-04-26,13.182577133178711
2013-04-29,13.291947364807129
2013-04-30,13.327335357666016
2013-05-01,13.195440292358398
2013-05-02,13.179364204406738
2013-05-03,13.153627395629883
2013-05-06,12.970268249511719
2013-05-07,13.095726013183594
2013-05-08,12.9799165725708
2013-05-09,12.783690452575684
2013-05-10,12.812641143798828
2013-05-13,12.74509048461914
2013-05-14,12.831942558288574
2013-05-15,12.954185485839844
2013-05-16,12.848024368286133
2013-05-17,12.970268249511719
2013-05-20,12.90593147277832
2013-05-21,12.93166732788086
2013-05-22,12.712919235229492
2013-05-23,12.626067161560059
2013-05-24,12.490962028503418
2013-05-28,12.346200942993164
2013-05-29,12.16284465789795
2013-05-30,12.195011138916016
2013-05-31,12.121023178100586
2013-06-03,12.14675521850586
2013-06-04,12.104935646057129
2013-06-05,11.998784065246582
2013-06-06,12.1403226852417
2013-06-07,12.214316368103027
2013-06-10,12.211094856262207
2013-06-11,12.130672454833984
2013-06-12,12.011651039123535
2013-06-13,12.207879066467285
2013-06-14,12.223963737487793
2013-06-17,12.26256275177002
2013-06-18,12.346200942993164
2013-06-19,12.063121795654297
2013-06-20,11.722134590148926
2013-06-21,11.87520694732666
2013-06-24,11.865458488464355
2013-06-25,12.021455764770508
2013-06-26,12.174202919006348
2013-06-27,12.200203895568848
2013-06-28,12.229446411132812
2013-07-01,12.076701164245605
2013-07-02,12.073452949523926
2013-07-03,12.0279541015625
2013-07-05,11.992205619812012
2013-07-08,12.16445255279541
2013-07-09,12.252197265625
2013-07-10,12.32044792175293
2013-07-11,12.518694877624512
2013-07-12,12.55769157409668
2013-07-15,12.762434959411621
2013-07-16,12.69418716430664
2013-07-17,12.687684059143066
2013-07-18,12.79818344116211
2013-07-19,12.801429748535156
2013-07-22,12.788432121276855
2013-07-23,12.820935249328613
2013-07-24,12.625937461853027
2013-07-25,12.742935180664062
2013-07-26,12.788432121276855
2013-07-29,12.811188697814941
2013-07-30,12.85343074798584
2013-07-31,12.759182929992676
2013-08-01,12.866430282592773
2013-08-02,12.850186347961426
2013-08-05,12.76568603515625
2013-08-06,12.700687408447266
2013-08-07,12.759182929992676
2013-08-08,12.807933807373047
2013-08-09,12.720187187194824
2013-08-12,12.651941299438477
2013-08-13,12.583693504333496
2013-08-14,12.502446174621582
2013-08-15,12.343196868896484
2013-08-16,12.200203895568848
2013-08-19,12.09620475769043
2013-08-20,12.20995044708252
2013-08-21,12.070199966430664
2013-08-22,12.138449668884277
2013-08-23,12.239198684692383
2013-08-26,12.148198127746582
2013-08-27,12.14169979095459
2013-08-28,12.18394947052002
2013-08-29,12.112454414367676
2013-08-30,12.122201919555664
2013-09-03,11.982455253601074
2013-09-04,11.982455253601074
2013-09-05,11.933706283569336
2013-09-06,12.018204689025879
2013-09-09,12.06045150756836
2013-09-10,12.154701232910156
2013-09-11,12.03445053100586
2013-09-12,12.001953125
2013-09-13,12.0929536819458
2013-09-16,12.125452995300293
2013-09-17,12.196951866149902
2013-09-18,12.560943603515625
2013-09-19,12.502446174621582
2013-09-20,12.313782691955566
2013-09-23,12.461430549621582
2013-09-24,12.454866409301758
2013-09-25,12.36955738067627
2013-09-26,12.353156089782715
2013-09-27,12.274408340454102
2013-09-30,12.261283874511719
2013-10-01,12.297377586364746
2013-10-02,12.310501098632812
2013-10-03,12.166133880615234
2013-10-04,12.189102172851562
2013-10-07,12.130046844482422
2013-10-08,12.215350151062012
2013-10-09,12.264564514160156
2013-10-10,12.448307037353516
2013-10-11,12.507362365722656
2013-10-14,12.43846321105957
2013-10-15,12.264564514160156
2013-10-16,12.376120567321777
2013-10-17,12.576265335083008
2013-10-18,12.609075546264648
2013-10-21,12.58282470703125
2013-10-22,12.7435941696167
2013-10-23,12.753437042236328
2013-10-24,12.727193832397461
2013-10-25,12.861719131469727
2013-10-28,12.835469245910645
2013-10-29,12.851873397827148
2013-10-30,12.769845008850098
2013-10-31,12.72391414642334
2013-11-01,12.815783500671387
2013-11-04,12.842031478881836
2013-11-05,12.750161170959473
2013-11-06,12.924055099487305
2013-11-07,12.802657127380371
2013-11-08,12.779691696166992
2013-11-11,12.776410102844238
2013-11-12,12.668135643005371
2013-11-13,12.730470657348633
2013-11-14,12.842031478881836
2013-11-15,12.917496681213379
2013-11-18,12.901089668273926
2013-11-19,12.805939674377441
2013-11-20,12.66485595703125
2013-11-21,12.694385528564453
2013-11-22,12.684539794921875
2013-11-25,12.635323524475098
2013-11-26,12.510645866394043
2013-11-27,12.484397888183594
2013-11-29,12.477832794189453
2013-12-02,12.425333976745605
2013-12-03,12.487678527832031
2013-12-04,12.543457984924316
2013-12-05,12.441742897033691
2013-12-06,12.612357139587402
2013-12-09,12.536893844604492
2013-12-10,12.412212371826172
2013-12-11,12.310501098632812
2013-12-12,12.326908111572266
2013-12-13,12.307218551635742
2013-12-16,12.37283992767334
2013-12-17,12.349869728088379
2013-12-18,12.51392650604248
2013-12-19,12.422053337097168
2013-12-20,12.545088768005371
2013-12-23,12.495347023010254
2013-12-24,12.545088768005371
2013-12-26,12.488713264465332
2013-12-27,12.538456916809082
2013-12-30,12.568299293518066
2013-12-31,12.59151554107666
2014-01-02,12.39917278289795
2014-01-03,12.359382629394531
2014-01-06,12.379277229309082
2014-01-07,12.488713264465332
2014-01-08,12.422388076782227
2014-01-09,12.495347023010254
2014-01-10,12.674418449401855
2014-01-13,12.545088768005371
2014-01-14,12.561666488647461
2014-01-15,12.538456916809082
2014-01-16,12.62467098236084
2014-01-17,12.62136173248291
2014-01-21,12.760639190673828
2014-01-22,12.773903846740723
2014-01-23,12.737424850463867
2014-01-24,12.594828605651855
2014-01-27,12.62467098236084
2014-01-28,12.671099662780762
2014-01-29,12.664470672607422
2014-01-30,12.860118865966797
2014-01-31,12.966239929199219
2014-02-03,12.863441467285156
2014-02-04,12.787163734436035
2014-02-05,12.730791091918945
2014-02-06,12.823646545410156
2014-02-07,12.89328384399414
2014-02-10,12.989453315734863
2014-02-11,13.112150192260742
2014-02-12,13.128730773925781
2014-02-13,13.271330833435059
2014-02-14,13.357551574707031
2014-02-18,13.403971672058105
2014-02-19,13.327706336975098
2014-02-20,13.430506706237793
2014-02-21,13.447084426879883
2014-02-24,13.413919448852539
2014-02-25,13.397343635559082
2014-02-26,13.354232788085938
2014-02-27,13.32106876373291
2014-02-28,13.413919448852539
2014-03-03,13.281275749206543
2014-03-04,13.377448081970215
2014-03-05,13.287910461425781
2014-03-06,13.221587181091309
2014-03-07,13.261382102966309
2014-03-10,13.228217124938965
2014-03-11,13.191739082336426
2014-03-12,13.357551574707031
2014-03-13,13.496829986572266
2014-03-14,13.559839248657227
2014-03-17,13.649374961853027
2014-03-18,13.629475593566895
2014-03-19,13.413919448852539
2014-03-20,13.443769454956055
2014-03-21,13.545759201049805
2014-03-24,13.582535743713379
2014-03-25,13.639382362365723
2014-03-26,13.582535743713379
2014-03-27,13.692882537841797
2014-03-28,13.712947845458984
2014-03-31,13.863421440124512
2014-04-01,13.76644515991211
2014-04-02,13.74638557434082
2014-04-03,13.789856910705566
2014-04-04,13.863421440124512
2014-04-07,13.840009689331055
2014-04-08,14.0372953414917
2014-04-09,14.0072021484375
2014-04-10,13.953697204589844
2014-04-11,13.940321922302246
2014-04-14,14.023919105529785
2014-04-15,14.217859268188477
2014-04-16,14.321516990661621
2014-04-17,14.144298553466797
2014-04-21,14.127580642700195
2014-04-22,14.147643089294434
2014-04-23,14.154327392578125
2014-04-24,14.251296997070312
2014-04-25,14.415144920349121
2014-04-28,14.485365867614746
2014-04-29,14.425175666809082
2014-04-30,14.448583602905273
2014-05-01,14.508768081665039
2014-05-02,14.211175918579102
2014-05-05,14.338240623474121
2014-05-06,14.268019676208496
2014-05-07,14.498737335205078
2014-05-08,14.341580390930176
2014-05-09,14.13092041015625
2014-05-12,14.000511169433594
2014-05-13,14.033950805664062
2014-05-14,14.104169845581055
2014-05-15,14.047330856323242
2014-05-16,14.090795516967773
2014-05-19,13.87344741821289
2014-05-20,13.87344741821289
2014-05-21,13.88348388671875
2014-05-22,13.997172355651855
2014-05-23,13.963729858398438
2014-05-27,14.074081420898438
2014-05-28,14.157668113708496
2014-05-29,14.197798728942871
2014-05-30,14.291426658630371
2014-06-02,14.288081169128418
2014-06-03,14.341580390930176
2014-06-04,14.334891319274902
2014-06-05,14.455269813537598
2014-06-06,14.405115127563477
2014-06-09,14.30814266204834
2014-06-10,14.274702072143555
2014-06-11,14.094143867492676
2014-06-12,14.137604713439941
2014-06-13,14.227890968322754
2014-06-16,14.324862480163574
2014-06-17,14.304803848266602
2014-06-18,14.629144668579102
2014-06-19,14.74952507019043
2014-06-20,14.659822463989258
2014-06-23,14.609235763549805
2014-06-24,14.653074264526367
2014-06-25,14.707035064697266
2014-06-26,14.750875473022461
2014-06-27,14.808206558227539
2014-06-30,14.926241874694824
2014-07-01,14.777853012084961
2014-07-02,14.49119758605957
2014-07-03,14.3326997756958
2014-07-07,14.400144577026367
2014-07-08,14.497945785522461
2014-07-09,14.457472801208496
2014-07-10,14.555275917053223
2014-07-11,14.443982124328613
2014-07-14,14.278735160827637
2014-07-15,14.35292911529541
2014-07-16,14.400144577026367
2014-07-17,14.2686185836792
2014-07-18,14.413640022277832
2014-07-21,14.400144577026367
2014-07-22,14.369797706604004
2014-07-23,14.38328742980957
2014-07-24,14.42712688446045
2014-07-25,14.312463760375977
2014-07-28,14.511434555053711
2014-07-29,14.376541137695312
2014-07-30,14.133727073669434
2014-07-31,13.91114616394043
2014-08-01,13.965104103088379
2014-08-04,13.890911102294922
2014-08-05,13.722290992736816
2014-08-06,13.546929359436035
2014-08-07,13.702061653137207
2014-08-08,13.975221633911133
2014-08-11,13.924636840820312
2014-08-12,13.914515495300293
2014-08-13,13.978596687316895
2014-08-14,14.10000228881836
2014-08-15,14.153961181640625
2014-08-18,14.116867065429688
2014-08-19,14.295605659484863
2014-08-20,14.325955390930176
2014-08-21,14.359679222106934
2014-08-22,14.315836906433105
2014-08-25,14.413640022277832
2014-08-26,14.241641998291016
2014-08-27,14.396768569946289
2014-08-28,14.501317024230957
2014-08-29,14.595741271972656
2014-09-02,14.464223861694336
2014-09-03,14.535045623779297
2014-09-04,14.528295516967773
2014-09-05,14.710404396057129
2014-09-08,14.622722625732422
2014-09-09,14.454103469848633
2014-09-10,14.390030860900879
2014-09-11,14.511434555053711
2014-09-12,14.251761436462402
2014-09-15,14.295605659484863
2014-09-16,14.477705955505371
2014-09-17,14.450732231140137
2014-09-18,14.346189498901367
2014-09-19,14.47549819946289
2014-09-22,14.366602897644043
2014-09-23,14.325766563415527
2014-09-24,14.274728775024414
2014-09-25,14.189654350280762
2014-09-26,14.210075378417969
2014-09-29,14.301950454711914
2014-09-30,14.322369575500488
2014-10-01,14.404034614562988
2014-10-02,14.38361644744873
2014-10-03,14.47549819946289
2014-10-06,14.47549819946289
2014-10-07,14.455074310302734
2014-10-08,14.781742095947266
2014-10-09,14.540144920349121
2014-10-10,14.608197212219238
2014-10-13,14.59459400177002
2014-10-14,14.727293014526367
2014-10-15,14.533340454101562
2014-10-16,14.546955108642578
2014-10-17,14.632025718688965
2014-10-20,14.836189270019531
2014-10-21,14.887228012084961
2014-10-22,14.979111671447754
2014-10-23,15.006330490112305
2014-10-24,15.152644157409668
2014-10-27,15.11862564086914
2014-10-28,15.224112510681152
2014-10-29,15.135635375976562
2014-10-30,15.469108581542969
2014-10-31,15.47251033782959
2014-11-03,15.57459831237793
2014-11-04,15.492938041687012
2014-11-05,15.843415260314941
2014-11-06,15.57459831237793
2014-11-07,15.737927436828613
2014-11-10,15.81619644165039
2014-11-11,15.758347511291504
2014-11-12,15.482721328735352
2014-11-13,15.356822967529297
2014-11-14,15.292159080505371
2014-11-17,15.492938041687012
2014-11-18,15.537165641784668
2014-11-19,15.523550033569336
2014-11-20,15.489522933959961
2014-11-21,15.550776481628418
2014-11-24,15.42147159576416
2014-11-25,15.42147159576416
2014-11-26,15.489522933959961
2014-11-28,15.652860641479492
2014-12-01,15.683484077453613
2014-12-02,15.78897476196289
2014-12-03,15.744733810424805
2014-12-04,15.731125831604004
2014-12-05,15.608625411987305
2014-12-08,15.73453426361084
2014-12-09,15.812788009643555
2014-12-10,15.61542797088623
2014-12-11,15.771961212158203
2014-12-12,15.622233390808105
2014-12-15,15.489522933959961
2014-12-16,15.475918769836426
2014-12-17,15.751543045043945
2014-12-18,16.061195373535156
2014-12-19,16.087627410888672
2014-12-22,16.128828048706055
2014-12-23,16.17001724243164
2014-12-24,16.468713760375977
2014-12-26,16.667827606201172
2014-12-29,16.86008071899414
2014-12-30,16.50990867614746
2014-12-31,16.211225509643555
2015-01-02,16.286754608154297
2015-01-05,16.087627410888672
2015-01-06,16.09792709350586
2015-01-07,16.25585174560547
2015-01-08,16.36914825439453
2015-01-09,16.26615333557129
2015-01-12,16.228391647338867
2015-01-13,16.273021697998047
2015-01-14,16.413782119750977
2015-01-15,16.544235229492188
2015-01-16,16.691858291625977
2015-01-20,16.733060836791992
2015-01-21,16.8944149017334
2015-01-22,16.822324752807617
2015-01-23,16.870380401611328
2015-01-26,16.86008071899414
2015-01-27,16.884117126464844
2015-01-28,16.739925384521484
2015-01-29,16.96307945251465
2015-01-30,16.588863372802734
2015-02-02,16.660964965820312
2015-02-03,16.722761154174805
2015-02-04,16.520204544067383
2015-02-05,16.671260833740234
2015-02-06,15.984636306762695
2015-02-09,15.84387493133545
2015-02-10,16.17001724243164
2015-02-11,15.81984806060791
2015-02-12,15.747749328613281
2015-02-13,15.507436752319336
2015-02-17,15.493698120117188
2015-02-18,15.861045837402344
2015-02-19,15.682524681091309
2015-02-20,15.685956001281738
2015-02-23,15.792383193969727
2015-02-24,15.909107208251953
2015-02-25,15.648189544677734
2015-02-26,15.545199394226074
2015-02-27,15.528038024902344
2015-03-02,15.229349136352539
2015-03-03,15.322043418884277
2015-03-04,15.236213684082031
2015-03-05,15.356376647949219
2015-03-06,14.896331787109375
2015-03-09,14.923800468444824
2015-03-10,14.896331787109375
2015-03-11,14.800209999084473
2015-03-12,15.08172607421875
2015-03-13,14.927233695983887
2015-03-16,15.184718132019043
2015-03-17,15.160682678222656
2015-03-18,15.569225311279297
2015-03-19,15.425037384033203
2015-03-20,15.563788414001465
2015-03-23,15.574167251586914
2015-03-24,15.401163101196289
2015-03-25,15.221230506896973
2015-03-26,15.093214988708496
2015-03-27,15.183175086975098
2015-03-30,15.370020866394043
2015-03-31,15.373479843139648
2015-04-01,15.387328147888184
2015-04-02,15.415000915527344
2015-04-06,15.629536628723145
2015-04-07,15.449603080749512
2015-04-08,15.404621124267578
2015-04-09,15.33888053894043
2015-04-10,15.4530668258667
2015-04-13,15.300819396972656
2015-04-14,15.376937866210938
2015-04-15,15.415000915527344
2015-04-16,15.314657211303711
2015-04-17,15.259298324584961
2015-04-20,15.48766803741455
2015-04-21,15.349263191223145
2015-04-22,15.380400657653809
2015-04-23,15.466904640197754
2015-04-24,15.622615814208984
2015-04-27,15.435761451721191
2015-04-28,15.546483039855957
2015-04-29,15.480745315551758
2015-04-30,15.300819396972656
2015-05-01,15.387328147888184
2015-05-04,15.501506805419922
2015-05-05,15.155489921569824
2015-05-06,15.072446823120117
2015-05-07,15.127813339233398
2015-05-08,15.23507308959961
2015-05-11,15.131269454956055
2015-05-12,15.113972663879395
2015-05-13,14.965182304382324
2015-05-14,15.138188362121582
2015-05-15,15.335418701171875
2015-05-18,15.394241333007812
2015-05-19,15.428840637207031
2015-05-20,15.4530668258667
2015-05-21,15.446141242980957
2015-05-22,15.42192268371582
2015-05-26,15.325037956237793
2015-05-27,15.387328147888184
2015-05-28,15.42192268371582
2015-05-29,15.397705078125
2015-06-01,15.418469429016113
2015-06-02,15.21432113647461
2015-06-03,14.989407539367676
2015-06-04,14.968642234802246
2015-06-05,14.781793594360352
2015-06-08,14.69528865814209
2015-06-09,14.660688400268555
2015-06-10,14.733354568481445
2015-06-11,14.850996971130371
2015-06-12,14.719514846801758
2015-06-15,14.69528865814209
2015-06-16,14.764494895935059
2015-06-17,14.88906192779541
2015-06-18,15.08627986907959
2015-06-19,14.940685272216797
2015-06-22,14.919737815856934
2015-06-23,14.717218399047852
2015-06-24,14.602002143859863
2015-06-25,14.504234313964844
2015-06-26,14.591523170471191
2015-06-29,14.5147066116333
2015-06-30,14.476298332214355
2015-07-01,14.563589096069336
2015-07-02,14.74515151977539
2015-07-06,14.804515838623047
2015-07-07,15.171133041381836
2015-07-08,15.090834617614746
2015-07-09,14.923226356506348
2015-07-10,15.003536224365234
2015-07-13,15.010519027709961
2015-07-14,14.989567756652832
2015-07-15,15.062891960144043
2015-07-16,15.286358833312988
2015-07-17,15.13621711730957
2015-07-20,15.059405326843262
2015-07-21,14.923226356506348
2015-07-22,14.989567756652832
2015-07-23,14.766106605529785
2015-07-24,14.780073165893555
2015-07-27,14.968615531921387
2015-07-28,15.038450241088867
2015-07-29,15.094318389892578
2015-07-30,15.20605182647705
2015-07-31,15.359681129455566
2015-08-03,15.43999195098877
2015-08-04,15.192083358764648
2015-08-05,15.230493545532227
2015-08-06,15.310798645019531
2015-08-07,15.499349594116211
2015-08-10,15.436501502990723
2015-08-11,15.513314247131348
2015-08-12,15.789155006408691
2015-08-13,15.792645454406738
2015-08-14,15.911359786987305
2015-08-17,15.988176345825195
2015-08-18,15.949772834777832
2015-08-19,16.01610565185547
2015-08-20,15.92183780670166
2015-08-21,15.7297945022583
2015-08-24,15.139707565307617
2015-08-25,14.67531967163086
2015-08-26,14.937191009521484
2015-08-27,15.111777305603027
2015-08-28,15.066383361816406
2015-08-31,14.825462341308594
2015-09-01,14.423929214477539
2015-09-02,14.434402465820312
2015-09-03,14.50074291229248
2015-09-04,14.301715850830078
2015-09-08,14.605490684509277
2015-09-09,14.423929214477539
2015-09-10,14.399483680725098
2015-09-11,14.50772476196289
2015-09-14,14.542638778686523
2015-09-15,14.61945915222168
2015-09-16,14.766106605529785
2015-09-17,14.968615531921387
2015-09-18,14.884379386901855
2015-09-21,14.944303512573242
2015-09-22,14.757499694824219
2015-09-23,14.796263694763184
2015-09-24,14.916095733642578
2015-09-25,15.060613632202148
2015-09-28,14.986594200134277
2015-09-29,14.990118026733398
2015-09-30,15.257989883422852
2015-10-01,15.078230857849121
2015-10-02,15.27913761138916
2015-10-05,15.476519584655762
2015-10-06,15.370771408081055
2015-10-07,15.31790828704834
2015-10-08,15.50822925567627
2015-10-09,15.434215545654297
2015-10-12,15.571682929992676
2015-10-13,15.536438941955566
2015-10-14,15.532907485961914
2015-10-15,15.762006759643555
2015-10-16,15.783154487609863
2015-10-19,15.793732643127441
2015-10-20,15.846599578857422
2015-10-21,15.81488037109375
2015-10-22,15.998151779174805
2015-10-23,15.716184616088867
2015-10-26,15.659791946411133
2015-10-27,15.603398323059082
2015-10-28,15.43774127960205
2015-10-29,15.349628448486328
2015-10-30,15.42011833190918
2015-11-02,15.43774127960205
2015-11-03,15.483567237854004
2015-11-04,15.564629554748535
2015-11-05,15.430695533752441
2015-11-06,14.891433715820312
2015-11-09,14.930205345153809
2015-11-10,15.064133644104004
2015-11-11,15.194549560546875
2015-11-12,15.050040245056152
2015-11-13,14.99364948272705
2015-11-16,15.247416496276855
2015-11-17,14.972489356994629
2015-11-18,15.067658424377441
2015-11-19,15.229787826538086
2015-11-20,15.293231964111328
2015-11-23,15.152250289916992
2015-11-24,15.131103515625
2015-11-25,15.039467811584473
2015-11-27,15.067658424377441
2015-11-30,15.092337608337402
2015-12-01,15.212166786193848
2015-12-02,14.87381362915039
2015-12-03,14.761018753051758
2015-12-04,14.968974113464355
2015-12-07,15.03593921661377
2015-12-08,15.014792442321777
2015-12-09,15.018314361572266
2015-12-10,14.771597862243652
2015-12-11,14.729300498962402
2015-12-14,14.803321838378906
2015-12-15,14.919628143310547
2015-12-16,15.296760559082031
2015-12-17,15.32848834991455
2015-12-18,15.13796329498291
2015-12-21,15.127280235290527
2015-12-22,15.255480766296387
2015-12-23,15.490508079528809
2015-12-24,15.479825973510742
2015-12-28,15.50831127166748
2015-12-29,15.593779563903809
2015-12-30,15.5795259475708
2015-12-31,15.412165641784668
2016-01-04,15.380119323730469
2016-01-05,15.490508079528809
2016-01-06,15.462019920349121
2016-01-07,15.358748435974121
2016-01-08,15.351627349853516
2016-01-11,15.433533668518066
2016-01-12,15.372994422912598
2016-01-13,15.36587142944336
2016-01-14,15.597343444824219
2016-01-15,15.458457946777344
2016-01-19,15.689922332763672
2016-01-20,15.337387084960938
2016-01-21,15.323141098022461
2016-01-22,15.597343444824219
2016-01-25,15.465584754943848
2016-01-26,15.57241153717041
2016-01-27,15.608025550842285
2016-01-28,15.857291221618652
2016-01-29,16.174222946166992
2016-02-01,16.327354431152344
2016-02-02,16.39857292175293
2016-02-03,16.601558685302734
2016-02-04,16.53033447265625
2016-02-05,16.5837459564209
2016-02-08,16.526765823364258
2016-02-09,16.5837459564209
2016-02-10,16.565940856933594
2016-02-11,16.27393913269043
2016-02-12,16.224084854125977
2016-02-16,16.327354431152344
2016-02-17,16.295303344726562
2016-02-18,16.562379837036133
2016-02-19,16.451990127563477
2016-02-22,16.644287109375
2016-02-23,16.658527374267578
2016-02-24,16.73686981201172
2016-02-25,16.907800674438477
2016-02-26,16.441299438476562
2016-02-29,16.48759651184082
2016-03-01,16.40569305419922
2016-03-02,16.491165161132812
2016-03-03,16.59086036682129
2016-03-04,16.776039123535156
2016-03-07,16.86863136291504
2016-03-08,17.035999298095703
2016-03-09,17.114341735839844
2016-03-10,17.12858772277832
2016-03-11,17.146390914916992
2016-03-14,17.16775894165039
2016-03-15,17.199806213378906
2016-03-16,17.46332550048828
2016-03-17,17.559473037719727
2016-03-18,17.447526931762695
2016-03-21,17.429590225219727
2016-03-22,17.37218475341797
2016-03-23,17.501346588134766
2016-03-24,17.547988891601562
2016-03-28,17.483409881591797
2016-03-29,17.741729736328125
2016-03-30,17.698678970336914
2016-03-31,17.802724838256836
2016-04-01,17.870899200439453
2016-04-04,17.79555320739746
2016-04-05,17.461881637573242
2016-04-06,17.44035530090332
2016-04-07,17.433181762695312
2016-04-08,17.526466369628906
2016-04-11,17.45111656188965
2016-04-12,17.573101043701172
2016-04-13,17.46546745300293
2016-04-14,17.443944931030273
2016-04-15,17.540815353393555
2016-04-18,17.608985900878906
2016-04-19,17.63768196105957
2016-04-20,17.19638442993164
2016-04-21,16.837604522705078
2016-04-22,16.988292694091797
2016-04-25,17.02058219909668
2016-04-26,17.045692443847656
2016-04-27,17.293256759643555
2016-04-28,17.26814079284668
2016-04-29,17.37218475341797
2016-05-02,17.51211166381836
2016-05-03,17.497758865356445
2016-05-04,17.702272415161133
2016-05-05,17.634096145629883
2016-05-06,17.519287109375
2016-05-09,17.6197452545166
2016-05-10,17.63768196105957
2016-05-11,17.702272415161133
2016-05-12,17.806316375732422
2016-05-13,17.720205307006836
2016-05-16,17.741729736328125
2016-05-17,17.44035530090332
2016-05-18,17.113862991333008
2016-05-19,17.286083221435547
2016-05-20,17.325550079345703
2016-05-23,17.1712646484375
2016-05-24,17.343486785888672
2016-05-25,17.293256759643555
2016-05-26,17.49057960510254
2016-05-27,17.519287109375
2016-05-31,17.634096145629883
2016-06-01,17.68073844909668
2016-06-02,17.687910079956055
2016-06-03,17.96776580810547
2016-06-06,17.942649841308594
2016-06-07,17.92829704284668
2016-06-08,18.035930633544922
2016-06-09,18.190208435058594
2016-06-10,18.143564224243164
2016-06-13,18.122039794921875
2016-06-14,18.21891212463379
2016-06-15,18.10409927368164
2016-06-16,18.21891212463379
2016-06-17,18.28473663330078
2016-06-20,18.21601676940918
2016-06-21,18.2413387298584
2016-06-22,18.154529571533203
2016-06-23,18.205171585083008
2016-06-24,18.234107971191406
2016-06-27,18.458370208740234
2016-06-28,18.5270938873291
2016-06-29,18.577735900878906
2016-06-30,18.979238510131836
2016-07-01,18.982851028442383
2016-07-05,19.12392807006836
2016-07-06,19.16370964050293
2016-07-07,18.80923080444336
2016-07-08,19.004560470581055
2016-07-11,18.990089416503906
2016-07-12,18.729646682739258
2016-07-13,18.877954483032227
2016-07-14,18.754972457885742
2016-07-15,18.80923080444336
2016-07-18,18.86348533630371
2016-07-19,18.830936431884766
2016-07-20,18.72241973876953
2016-07-21,18.834552764892578
2016-07-22,19.084135055541992
2016-07-25,19.051586151123047
2016-07-26,18.885189056396484
2016-07-27,18.668163299560547
2016-07-28,18.74050521850586
2016-07-29,18.85263442993164
2016-08-01,18.86348533630371
2016-08-02,18.74050521850586
2016-08-03,18.628372192382812
2016-08-04,18.617521286010742
2016-08-05,18.349855422973633
2016-08-08,18.342618942260742
2016-08-09,18.339004516601562
2016-08-10,18.342618942260742
2016-08-11,18.386024475097656
2016-08-12,18.41134262084961
2016-08-15,18.129194259643555
2016-08-16,17.91579246520996
2016-08-17,18.183462142944336
2016-08-18,18.40772819519043
2016-08-19,18.183462142944336
2016-08-22,18.230491638183594
2016-08-23,18.15090560913086
2016-08-24,18.143674850463867
2016-08-25,18.154529571533203
2016-08-26,17.778337478637695
2016-08-29,17.92302131652832
2016-08-30,17.734939575195312
2016-08-31,17.807279586791992
2016-09-01,17.716848373413086
2016-09-02,17.951969146728516
2016-09-06,18.147289276123047
2016-09-07,18.15090560913086
2016-09-08,18.2123966217041
2016-09-09,17.52875518798828
2016-09-12,17.839828491210938
2016-09-13,17.59386444091797
2016-09-14,17.662588119506836
2016-09-15,17.796428680419922
2016-09-16,17.97007179260254
2016-09-19,18.148822784423828
2016-09-20,18.115991592407227
2016-09-21,18.484439849853516
2016-09-22,18.59752655029297
2016-09-23,18.58293914794922
2016-09-26,18.5355167388916
2016-09-27,18.29473876953125
2016-09-28,18.269210815429688
2016-09-29,17.9956111907959
2016-09-30,17.8715763092041
2016-10-03,17.61986541748047
2016-10-04,17.251407623291016
2016-10-05,17.214935302734375
2016-10-06,17.211288452148438
2016-10-07,17.189393997192383
2016-10-10,17.3316707611084
2016-10-11,17.134679794311523
2016-10-12,17.302488327026367
2016-10-13,17.517715454101562
2016-10-14,17.419221878051758
2016-10-17,17.51407241821289
2016-10-18,17.66363525390625
2016-10-19,17.623512268066406
2016-10-20,17.612565994262695
2016-10-21,17.510421752929688
2016-10-24,17.576091766357422
2016-10-25,17.68552589416504
2016-10-26,17.729305267333984
2016-10-27,17.623512268066406
2016-10-28,17.6782283782959
2016-10-31,18.03208351135254
2016-11-01,17.703765869140625
2016-11-02,17.48123550415039
2016-11-03,17.54690170288086
2016-11-04,17.492177963256836
2016-11-07,17.79861831665039
2016-11-08,17.937238693237305
2016-11-09,17.276948928833008
2016-11-10,16.861074447631836
2016-11-11,16.791765213012695
2016-11-14,16.780824661254883
2016-11-15,17.050771713256836
2016-11-16,16.93404197692871
2016-11-17,16.93768882751465
2016-11-18,16.886613845825195
2016-11-21,17.065359115600586
2016-11-22,17.131031036376953
2016-11-23,16.959577560424805
2016-11-25,17.2039852142334
2016-11-28,17.535959243774414
2016-11-29,17.608915328979492
2016-11-30,17.054424285888672
2016-12-01,16.91944694519043
2016-12-02,17.072660446166992
2016-12-05,17.094545364379883
2016-12-06,17.06171989440918
2016-12-07,17.28424835205078
2016-12-08,17.313425064086914
2016-12-09,17.495830535888672
2016-12-12,17.6782283782959
2016-12-13,17.86063575744629
2016-12-14,17.492177963256836
2016-12-15,17.616214752197266
2016-12-16,17.830957412719727
2016-12-19,17.897249221801758
2016-12-20,17.919355392456055
2016-12-21,17.845684051513672
2016-12-22,17.908300399780273
2016-12-23,17.904619216918945
2016-12-27,17.919355392456055
2016-12-28,17.749916076660156
2016-12-29,17.989334106445312
2016-12-30,17.88988494873047
2017-01-03,17.845684051513672
2017-01-04,17.91197967529297
2017-01-05,17.93039894104004
2017-01-06,17.98564910888672
2017-01-09,17.749916076660156
2017-01-10,17.694669723510742
2017-01-11,17.878835678100586
2017-01-12,17.89356803894043
2017-01-13,17.867786407470703
2017-01-17,18.063005447387695
2017-01-18,18.0408992767334
2017-01-19,17.882518768310547
2017-01-20,17.915668487548828
2017-01-23,17.823585510253906
2017-01-24,17.81989860534668
2017-01-25,17.81989860534668
2017-01-26,17.827272415161133
2017-01-27,17.823585510253906
2017-01-30,17.83832550048828
2017-01-31,18.114566802978516
2017-02-01,17.801490783691406
2017-02-02,17.989334106445312
2017-02-03,18.011436462402344
2017-02-06,17.974609375
2017-02-07,18.018796920776367
2017-02-08,18.195602416992188
2017-02-09,18.0408992767334
2017-02-10,18.15508270263672
2017-02-13,18.243478775024414
2017-02-14,18.110883712768555
2017-02-15,18.066682815551758
2017-02-16,18.247167587280273
2017-02-17,18.258209228515625
2017-02-21,18.449758529663086
2017-02-22,18.527097702026367
2017-02-23,18.718637466430664
2017-02-24,19.002243041992188
2017-02-27,18.895431518554688
2017-02-28,19.06854248046875
2017-03-01,18.899120330810547
2017-03-02,19.0353946685791
2017-03-03,18.97646141052246
2017-03-06,18.93963050842285
2017-03-07,18.9285888671875
2017-03-08,18.65601921081543
2017-03-09,18.61549949645996
2017-03-10,18.77019691467285
2017-03-13,18.82544708251953
2017-03-14,18.807029724121094
2017-03-15,19.109066009521484
2017-03-16,18.899120330810547
2017-03-17,19.013051986694336
2017-03-20,18.886869430541992
2017-03-21,19.154083251953125
2017-03-22,19.246862411499023
2017-03-23,19.187488555908203
2017-03-24,19.257999420166016
2017-03-27,19.18377113342285
2017-03-28,19.168922424316406
2017-03-29,19.116968154907227
2017-03-30,18.968521118164062
2017-03-31,19.042739868164062
2017-04-03,19.039026260375977
2017-04-04,19.098411560058594
2017-04-05,19.206037521362305
2017-04-06,19.157794952392578
2017-04-07,19.07614517211914
2017-04-10,19.109546661376953
2017-04-11,19.102121353149414
2017-04-12,19.24315071105957
2017-04-13,19.180057525634766
2017-04-17,19.265430450439453
2017-04-18,19.30995750427246
2017-04-19,19.176353454589844
2017-04-20,19.102121353149414
2017-04-21,19.19861602783203
2017-04-24,19.298818588256836
2017-04-25,19.27284049987793
2017-04-26,19.21346092224121
2017-04-27,19.2802677154541
2017-04-28,19.187488555908203
2017-05-01,19.072433471679688
2017-05-02,19.094703674316406
2017-05-03,19.027896881103516
2017-05-04,19.094703674316406
2017-05-05,19.19861602783203
2017-05-08,19.191190719604492
2017-05-09,19.0501708984375
2017-05-10,19.079858779907227
2017-05-11,19.1058349609375
2017-05-12,19.19861602783203
2017-05-15,19.2802677154541
2017-05-16,19.139232635498047
2017-05-17,19.187488555908203
2017-05-18,19.254283905029297
2017-05-19,19.32851219177246
2017-05-22,19.495525360107422
2017-05-23,19.5474853515625
2017-05-24,19.658824920654297
2017-05-25,19.81840705871582
2017-05-26,19.81840705871582
2017-05-30,19.881500244140625
2017-05-31,19.981704711914062
2017-06-01,20.12274169921875
2017-06-02,20.145002365112305
2017-06-05,20.0819091796875
2017-06-06,20.03737449645996
2017-06-07,20.104177474975586
2017-06-08,19.937171936035156
2017-06-09,19.918609619140625
2017-06-12,19.881500244140625
2017-06-13,19.929744720458984
2017-06-14,20.03737449645996
2017-06-15,20.152427673339844
2017-06-16,20.244836807250977
2017-06-19,20.1774959564209
2017-06-20,20.1887149810791
2017-06-21,20.068988800048828
2017-06-22,19.975454330444336
2017-06-23,19.908105850219727
2017-06-26,20.042802810668945
2017-06-27,19.818317413330078
2017-06-28,19.627506256103516
2017-06-29,19.470361709594727
2017-06-30,19.440433502197266
2017-07-03,19.350637435913086
2017-07-05,19.257102966308594
2017-07-06,19.249616622924805
2017-07-07,19.26458168029785
2017-07-10,19.249616622924805
2017-07-11,19.238391876220703
2017-07-12,19.403017044067383
2017-07-13,19.335668563842773
2017-07-14,19.425466537475586
2017-07-17,19.5152587890625
2017-07-18,19.57137680053711
2017-07-19,19.653696060180664
2017-07-20,19.795866012573242
2017-07-21,19.938045501708984
2017-07-24,19.7509708404541
2017-07-25,19.63872718811035
2017-07-26,19.82579803466797
2017-07-27,19.874433517456055
2017-07-28,19.84450340270996
2017-07-31,19.911849975585938
2017-08-01,20.02409553527832
2017-08-02,20.110149383544922
2017-08-03,20.21116065979004
2017-08-04,20.121366500854492
2017-08-07,20.184972763061523
2017-08-08,20.267288208007812
2017-08-09,20.162527084350586
2017-08-10,20.22613525390625
2017-08-11,20.10640525817871
2017-08-14,20.222387313842773
2017-08-15,20.334630966186523
2017-08-16,20.41694450378418
2017-08-17,20.271028518676758
2017-08-18,20.390750885009766
2017-08-21,20.4655818939209
2017-08-22,20.51047706604004
2017-08-23,20.577823638916016
2017-08-24,20.56285858154297
2017-08-25,20.630205154418945
2017-08-28,20.667621612548828
2017-08-29,20.622716903686523
2017-08-30,20.56285858154297
2017-08-31,20.566604614257812
2017-09-01,20.50299835205078
2017-09-05,20.55537986755371
2017-09-06,20.461837768554688
2017-09-07,20.615234375
2017-09-08,20.7125186920166
2017-09-11,20.888357162475586
2017-09-12,20.5404109954834
2017-09-13,20.439388275146484
2017-09-14,20.61149024963379
2017-09-15,20.640525817871094
2017-09-18,20.429405212402344
2017-09-19,20.387943267822266
2017-09-20,20.237138748168945
2017-09-21,20.233369827270508
2017-09-22,20.067493438720703
2017-09-25,20.25222396850586
2017-09-26,20.214519500732422
2017-09-27,19.94308090209961
2017-09-28,20.01470947265625
2017-09-29,19.9996337890625
2017-10-02,20.03356170654297
2017-10-03,19.977012634277344
2017-10-04,20.176822662353516
2017-10-05,20.157970428466797
2017-10-06,20.142892837524414
2017-10-09,20.16928482055664
2017-10-10,20.365314483642578
2017-10-11,20.452028274536133
2017-10-12,20.557586669921875
2017-10-13,20.414329528808594
2017-10-16,20.36908531188965
2017-10-17,20.489727020263672
2017-10-18,20.452028274536133
2017-10-19,20.666913986206055
2017-10-20,20.68199920654297
2017-10-23,20.69330406188965
2017-10-24,20.712158203125
2017-10-25,20.621675491333008
2017-10-26,20.625446319580078
2017-10-27,20.753625869750977
2017-10-30,20.757394790649414
2017-10-31,20.780010223388672
2017-11-01,20.663143157958984
2017-11-02,20.738540649414062
2017-11-03,20.813945770263672
2017-11-06,20.734773635864258
2017-11-07,20.98358917236328
2017-11-08,20.998672485351562
2017-11-09,21.02506446838379
2017-11-10,20.927043914794922
2017-11-13,21.175857543945312
2017-11-14,21.439756393432617
2017-11-15,21.25503158569336
2017-11-16,21.187171936035156
2017-11-17,21.040143966674805
2017-11-20,20.976055145263672
2017-11-21,21.032602310180664
2017-11-22,21.032602310180664
2017-11-24,21.0665340423584
2017-11-27,21.15700912475586
2017-11-28,21.25503158569336
2017-11-29,21.26633644104004
2017-11-30,21.337968826293945
2017-12-01,21.26633644104004
2017-12-04,21.14570426940918
2017-12-05,20.87803077697754
2017-12-06,20.95720100402832
2017-12-07,20.99489974975586
2017-12-08,21.062763214111328
2017-12-11,21.19093894958496
2017-12-12,20.829015731811523
2017-12-13,20.88557243347168
2017-12-14,20.859188079833984
2017-12-15,20.935665130615234
2017-12-18,20.703554153442383
2017-12-19,20.32685089111328
2017-12-20,20.167041778564453
2017-12-21,19.927316665649414
2017-12-22,19.957752227783203
2017-12-26,19.839792251586914
2017-12-27,19.92350959777832
2017-12-28,20.033855438232422
2017-12-29,20.045270919799805
2018-01-02,19.85881996154785
2018-01-03,19.702816009521484
2018-01-04,19.539188385009766
2018-01-05,19.531587600708008
2018-01-08,19.7142333984375
2018-01-09,19.52016258239746
2018-01-10,19.30708122253418
2018-01-11,19.234783172607422
2018-01-12,19.12443733215332
2018-01-16,19.082578659057617
2018-01-17,19.200538635253906
2018-01-18,19.078781127929688
2018-01-19,19.02170181274414
2018-01-22,19.048336029052734
2018-01-23,19.230974197387695
2018-01-24,19.113025665283203
2018-01-25,19.409822463989258
2018-01-26,19.421236038208008
2018-01-29,19.173906326293945
2018-01-30,19.208152770996094
2018-01-31,19.421236038208008
2018-02-01,19.116830825805664
2018-02-02,18.97983741760254
2018-02-05,18.66782569885254
2018-02-06,18.390052795410156
2018-02-07,18.30253028869629
2018-02-08,18.097061157226562
2018-02-09,18.477569580078125
2018-02-12,18.618356704711914
2018-02-13,18.70207405090332
2018-02-14,18.492788314819336
2018-02-15,18.903738021850586
2018-02-16,19.0711669921875
2018-02-20,18.823835372924805
2018-02-21,18.57650375366211
2018-02-22,18.671632766723633
2018-02-23,19.158681869506836
2018-02-26,19.101608276367188
2018-02-27,18.797195434570312
2018-02-28,18.66782569885254
2018-03-01,18.671632766723633
2018-03-02,18.622163772583008
2018-03-05,19.00267791748047
2018-03-06,18.74773597717285
2018-03-07,18.60694694519043
2018-03-08,18.743928909301758
2018-03-09,18.797195434570312
2018-03-12,18.877107620239258
2018-03-13,18.918968200683594
2018-03-14,19.113025665283203
2018-03-15,19.101608276367188
2018-03-16,19.26917839050293
2018-03-19,19.15030860900879
2018-03-20,19.062108993530273
2018-03-21,18.996917724609375
2018-03-22,19.081281661987305
2018-03-23,18.81285858154297
2018-03-26,19.0084228515625
2018-03-27,19.280683517456055
2018-03-28,19.273012161254883
2018-03-29,19.376548767089844
2018-04-02,19.226999282836914
2018-04-03,19.292190551757812
2018-04-04,19.334367752075195
2018-04-05,19.48775863647461
2018-04-06,19.334367752075195
2018-04-09,19.372718811035156
2018-04-10,19.223167419433594
2018-04-11,19.196327209472656
2018-04-12,18.943235397338867
2018-04-13,19.092788696289062
2018-04-16,19.35354232788086
2018-04-17,19.549110412597656
2018-04-18,19.476255416870117
2018-04-19,19.464744567871094
2018-04-20,19.28835105895996
2018-04-23,19.29985809326172
2018-04-24,19.43023681640625
2018-04-25,19.434072494506836
2018-04-26,19.629636764526367
2018-04-27,19.82904624938965
2018-04-30,19.771520614624023
2018-05-01,19.71017074584961
2018-05-02,19.690994262695312
2018-05-03,19.664148330688477
2018-05-04,19.75235366821289
2018-05-07,19.648813247680664
2018-05-08,19.15797233581543
2018-05-09,19.023761749267578
2018-05-10,19.292190551757812
2018-05-11,19.319034576416016
2018-05-14,19.24617576599121
2018-05-15,19.085113525390625
2018-05-16,18.935564041137695
2018-05-17,18.782176971435547
2018-05-18,18.78601837158203
2018-05-21,18.881881713867188
2018-05-22,18.950904846191406
2018-05-23,19.123462677001953
2018-05-24,19.280683517456055
2018-05-25,19.36504554748535
2018-05-29,19.36504554748535
2018-05-30,19.522266387939453
2018-05-31,19.552947998046875
2018-06-01,19.253843307495117
2018-06-04,19.100460052490234
2018-06-05,19.000755310058594
2018-06-06,18.54827117919922
2018-06-07,18.67864418029785
2018-06-08,18.670974731445312
2018-06-11,18.632631301879883
2018-06-12,18.847370147705078
2018-06-13,18.79751968383789
2018-06-14,19.031436920166016
2018-06-15,19.166845321655273
2018-06-18,19.228748321533203
2018-06-19,19.4183292388916
2018-06-20,19.43380355834961
2018-06-21,19.499576568603516
2018-06-22,19.634990692138672
2018-06-25,19.959985733032227
2018-06-26,19.983192443847656
2018-06-27,20.079923629760742
2018-06-28,20.072179794311523
2018-06-29,20.10313606262207
2018-07-02,20.246286392211914
2018-07-03,20.304319381713867
2018-07-05,20.412649154663086
2018-07-06,20.571277618408203
2018-07-09,19.936771392822266
2018-07-10,20.126344680786133
2018-07-11,20.308189392089844
2018-07-12,20.32366371154785
2018-07-13,20.327529907226562
2018-07-16,20.308189392089844
2018-07-17,20.29271697998047
2018-07-18,20.188251495361328
2018-07-19,20.373960494995117
2018-07-20,20.23080825805664
2018-07-23,20.087657928466797
2018-07-24,20.157299041748047
2018-07-25,20.215335845947266
2018-07-26,20.43199348449707
2018-07-27,20.366226196289062
2018-07-30,20.24241828918457
2018-07-31,20.42426109313965
2018-08-01,20.29271697998047
2018-08-02,20.3933048248291
2018-08-03,20.62157440185547
2018-08-06,20.637054443359375
2018-08-07,20.60610008239746
2018-08-08,20.497766494750977
2018-08-09,20.590621948242188
2018-08-10,20.501638412475586
2018-08-13,20.528724670410156
2018-08-14,20.571277618408203
2018-08-15,20.760854721069336
2018-08-16,20.98525619506836
2018-08-17,21.093591690063477
2018-08-20,21.020076751708984
2018-08-21,20.869186401367188
2018-08-22,20.71442985534668
2018-08-23,20.69895362854004
2018-08-24,20.787939071655273
2018-08-27,20.66026496887207
2018-08-28,20.61771011352539
2018-08-29,20.768596649169922
2018-08-30,20.776334762573242
2018-08-31,20.687349319458008
2018-09-04,20.78020668029785
2018-09-05,21.07037353515625
2018-09-06,21.190319061279297
2018-09-07,20.93108558654785
2018-09-10,21.035551071166992
2018-09-11,20.981386184692383
2018-09-12,20.9620418548584
2018-09-13,21.12067222595215
2018-09-14,21.008472442626953
2018-09-17,21.0781192779541
2018-09-18,21.0394229888916
2018-09-19,20.582889556884766
2018-09-20,20.62544822692871
2018-09-21,20.713279724121094
2018-09-24,20.529802322387695
2018-09-25,20.24873161315918
2018-09-26,20.049640655517578
2018-09-27,20.25653839111328
2018-09-28,20.553226470947266
2018-10-01,20.48296356201172
2018-10-02,20.760122299194336
2018-10-03,20.510284423828125
2018-10-04,20.619586944580078
2018-10-05,20.935789108276367
2018-10-08,21.1114559173584
2018-10-09,21.197343826293945
2018-10-10,21.080232620239258
2018-10-11,20.69375991821289
2018-10-12,20.67033576965332
2018-10-15,20.767932891845703
2018-10-16,20.982643127441406
2018-10-17,20.94359588623047
2018-10-18,20.974830627441406
2018-10-19,21.30274200439453
2018-10-22,21.16611099243164
2018-10-23,21.04899787902832
2018-10-24,21.560396194458008
2018-10-25,21.224666595458984
2018-10-26,20.834291458129883
2018-10-29,21.127073287963867
2018-10-30,21.20905303955078
2018-10-31,20.959217071533203
2018-11-01,20.865528106689453
2018-11-02,20.7484130859375
2018-11-05,21.04119873046875
2018-11-06,21.181730270385742
2018-11-07,21.42376136779785
2018-11-08,21.388626098632812
2018-11-09,21.41986083984375
2018-11-12,21.408143997192383
2018-11-13,21.497928619384766
2018-11-14,21.275421142578125
2018-11-15,21.09975242614746
2018-11-16,21.42376136779785
2018-11-19,21.51744842529297
2018-11-20,21.42765998840332
2018-11-21,21.1114559173584
2018-11-23,21.1231746673584
2018-11-26,21.248088836669922
2018-11-27,21.408143997192383
2018-11-28,21.392534255981445
2018-11-29,21.384721755981445
2018-11-30,21.700927734375
2018-12-03,21.919538497924805
2018-12-04,21.935148239135742
2018-12-06,21.95857048034668
2018-12-07,22.04055404663086
2018-12-10,22.083494186401367
2018-12-11,22.173280715942383
2018-12-12,22.032747268676758
2018-12-13,22.224027633666992
2018-12-14,22.181087493896484
2018-12-17,21.466703414916992
2018-12-18,21.322265625
2018-12-19,21.28713035583496
2018-12-20,21.275421142578125
2018-12-21,21.184476852416992
2018-12-24,20.298673629760742
2018-12-26,20.574251174926758
2018-12-27,20.74747657775879
2018-12-28,20.798660278320312
2018-12-31,20.834091186523438
2019-01-02,20.4758358001709
2019-01-03,20.471899032592773
2019-01-04,20.775035858154297
2019-01-07,20.633310317993164
2019-01-08,20.88920783996582
2019-01-09,20.763227462768555
2019-01-10,21.034873962402344
2019-01-11,20.956134796142578
2019-01-14,20.48371124267578
2019-01-15,20.735666275024414
2019-01-16,20.810474395751953
2019-01-17,20.897079467773438
2019-01-18,20.92070198059082
2019-01-22,20.96006965637207
2019-01-23,21.172666549682617
2019-01-24,21.282899856567383
2019-01-25,20.99156951904297
2019-01-28,20.893144607543945
2019-01-29,20.952199935913086
2019-01-30,21.113609313964844
2019-01-31,21.55847930908203
2019-02-01,21.475807189941406
2019-02-04,21.51123809814453
2019-02-05,21.554542541503906
2019-02-06,21.542734146118164
2019-02-07,21.82619285583496
2019-02-08,21.920677185058594
2019-02-11,21.912803649902344
2019-02-12,21.963977813720703
2019-02-13,21.900991439819336
2019-02-14,21.865562438964844
2019-02-15,21.932491302490234
2019-02-19,22.062406539916992
2019-02-20,22.16082763671875
2019-02-21,22.322237014770508
2019-02-22,22.460031509399414
2019-02-25,22.31436538696289
2019-02-26,22.286813735961914
2019-02-27,22.31436538696289
2019-02-28,22.444286346435547
2019-03-01,22.491535186767578
2019-03-04,22.53089714050293
2019-03-05,22.503337860107422
2019-03-06,22.503337860107422
2019-03-07,22.578136444091797
2019-03-08,22.656879425048828
2019-03-11,22.818288803100586
2019-03-12,22.97576141357422
2019-03-13,22.999385833740234
2019-03-14,22.995445251464844
2019-03-15,23.07874298095703
2019-03-18,22.991485595703125
2019-03-19,22.729726791381836
2019-03-20,22.789220809936523
2019-03-21,23.031152725219727
2019-03-22,23.197723388671875
2019-03-25,23.21755599975586
2019-03-26,23.384132385253906
2019-03-27,23.22151756286621
2019-03-28,22.947856903076172
2019-03-29,23.0708065032959
2019-04-01,22.912166595458984
2019-04-02,22.943893432617188
2019-04-03,22.908193588256836
2019-04-04,22.828882217407227
2019-04-05,23.043046951293945
2019-04-08,22.880434036254883
2019-04-09,22.93596076965332
2019-04-10,22.86457061767578
2019-04-11,22.97958755493164
2019-04-12,23.086673736572266
2019-04-15,23.08270835876465
2019-04-16,22.797142028808594
2019-04-17,22.70989227294922
2019-04-18,22.721792221069336
2019-04-22,22.701963424682617
2019-04-23,22.76542091369629
2019-04-24,22.912166595458984
2019-04-25,23.007352828979492
2019-04-26,23.043046951293945
2019-04-29,22.908193588256836
2019-04-30,23.28497886657715
2019-05-01,23.047014236450195
2019-05-02,22.995447158813477
2019-05-03,23.122371673583984
2019-05-06,22.995447158813477
2019-05-07,22.92405891418457
2019-05-08,22.610742568969727
2019-05-09,22.582977294921875
2019-05-10,22.987520217895508
2019-05-13,23.23341941833496
2019-05-14,23.07874298095703
2019-05-15,23.039079666137695
2019-05-16,23.193756103515625
2019-05-17,23.312742233276367
2019-05-20,23.344467163085938
2019-05-21,23.388097763061523
2019-05-22,23.562602996826172
2019-05-23,23.76487922668457
2019-05-24,23.729185104370117
2019-05-28,23.340497970581055
2019-05-29,23.031152725219727
2019-05-30,22.995447158813477
2019-05-31,23.1025390625
2019-06-03,23.332578659057617
2019-06-04,23.352397918701172
2019-06-05,23.85213279724121
2019-06-06,23.998878479003906
2019-06-07,23.820405960083008
2019-06-10,23.657793045043945
2019-06-11,23.5150089263916
2019-06-12,23.820405960083008
2019-06-13,23.867996215820312
2019-06-14,24.117856979370117
2019-06-17,24.050432205200195
2019-06-18,23.951282501220703
2019-06-19,24.13372039794922
2019-06-20,24.288400650024414
2019-06-21,24.38235092163086
2019-06-24,24.390344619750977
2019-06-25,24.2424259185791
2019-06-26,23.714725494384766
2019-06-27,23.746706008911133
2019-06-28,23.838653564453125
2019-07-01,23.778682708740234
2019-07-02,24.102506637573242
2019-07-03,24.270416259765625
2019-07-05,24.2584171295166
2019-07-08,24.29439926147461
2019-07-09,24.326377868652344
2019-07-10,24.38235092163086
2019-07-11,24.390344619750977
2019-07-12,24.23043441772461
2019-07-15,24.326377868652344
2019-07-16,24.18646240234375
2019-07-17,24.27840232849121
2019-07-18,24.490291595458984
2019-07-19,24.134490966796875
2019-07-22,24.0825138092041
2019-07-23,23.930599212646484
2019-07-24,23.950593948364258
2019-07-25,23.890621185302734
2019-07-26,23.978572845458984
2019-07-29,24.102506637573242
2019-07-30,23.918611526489258
2019-07-31,23.806673049926758
2019-08-01,24.0505313873291
2019-08-02,24.04653549194336
2019-08-05,23.702726364135742
2019-08-06,23.998563766479492
2019-08-07,24.058528900146484
2019-08-08,24.30638885498047
2019-08-09,24.33437156677246
2019-08-12,24.28639793395996
2019-08-13,24.302391052246094
2019-08-14,24.102506637573242
2019-08-15,24.414331436157227
2019-08-16,24.538257598876953
2019-08-19,24.69417381286621
2019-08-20,24.654193878173828
2019-08-21,24.81810188293457
2019-08-22,24.842090606689453
2019-08-23,24.578235626220703
2019-08-26,24.862075805664062
2019-08-27,24.90605354309082
2019-08-28,24.838090896606445
2019-08-29,25.00999641418457
2019-08-30,25.017993927001953
2019-09-03,25.461746215820312
2019-09-04,25.485734939575195
2019-09-05,25.209888458251953
2019-09-06,25.109941482543945
2019-09-09,24.986007690429688
2019-09-10,25.017993927001953
2019-09-11,25.265853881835938
2019-09-12,25.32181739807129
2019-09-13,25.16191291809082
2019-09-16,25.181900024414062
2019-09-17,25.401777267456055
2019-09-18,25.509716033935547
2019-09-19,25.629648208618164
2019-09-20,25.731172561645508
2019-09-23,25.735198974609375
2019-09-24,26.037349700927734
2019-09-25,26.021238327026367
2019-09-26,26.158214569091797
2019-09-27,26.065553665161133
2019-09-30,26.081668853759766
2019-10-01,26.021238327026367
2019-10-02,25.674772262573242
2019-10-03,25.735198974609375
2019-10-04,26.09375
2019-10-07,25.993032455444336
2019-10-08,25.751317977905273
2019-10-09,25.87620735168457
2019-10-10,25.848007202148438
2019-10-11,25.751317977905273
2019-10-14,25.58614158630371
2019-10-15,25.50556755065918
2019-10-16,25.561967849731445
2019-10-17,25.62643051147461
2019-10-18,25.71103286743164
2019-10-21,25.811748504638672
2019-10-22,25.920522689819336
2019-10-23,26.025266647338867
2019-10-24,26.1138973236084
2019-10-25,25.848007202148438
2019-10-28,25.493480682373047
2019-10-29,25.517648696899414
2019-10-30,25.743257522583008
2019-10-31,25.884265899658203
2019-11-01,25.819805145263672
2019-11-04,25.48944664001465
2019-11-05,25.227588653564453
2019-11-06,25.32427978515625
2019-11-07,24.981843948364258
2019-11-08,24.877098083496094
2019-11-11,24.7240047454834
2019-11-12,24.78443145751953
2019-11-13,25.151046752929688
2019-11-14,25.23967742919922
2019-11-15,25.320249557495117
2019-11-18,25.37262725830078
2019-11-19,25.30815887451172
2019-11-20,25.461254119873047
2019-11-21,25.37262725830078
2019-11-22,25.38068199157715
2019-11-25,25.296079635620117
2019-11-26,25.38068199157715
2019-11-27,25.424997329711914
2019-11-29,25.400821685791016
2019-12-02,25.235641479492188
2019-12-03,25.30413055419922
2019-12-04,25.497509002685547
2019-12-05,25.54182243347168
2019-12-06,25.46527862548828
2019-12-09,25.376651763916016
2019-12-10,25.37262725830078
2019-12-11,25.44110870361328
2019-12-12,25.332338333129883
2019-12-13,25.52973747253418
2019-12-16,25.848007202148438
2019-12-17,25.932607650756836
2019-12-18,26.037349700927734
2019-12-19,26.045412063598633
2019-12-20,26.22446060180664
2019-12-23,25.980854034423828
2019-12-24,26.017398834228516
2019-12-26,26.062057495117188
2019-12-27,26.139196395874023
2019-12-30,26.13513946533203
2019-12-31,26.236642837524414
2020-01-02,25.90777587890625
2020-01-03,25.960552215576172
2020-01-06,25.984914779663086
2020-01-07,25.948368072509766
2020-01-08,25.936189651489258
2020-01-09,26.078296661376953
2020-01-10,26.14731788635254
2020-01-13,26.305665969848633
2020-01-14,26.3828125
2020-01-15,26.752275466918945
2020-01-16,26.918750762939453
2020-01-17,27.105512619018555
2020-01-21,27.35318374633789
2020-01-22,27.438447952270508
2020-01-23,27.68205451965332
2020-01-24,27.7551326751709
2020-01-27,27.686115264892578
2020-01-28,27.799795150756836
2020-01-29,27.872882843017578
2020-01-30,28.132734298706055
2020-01-31,28.006868362426758
2020-02-03,28.09618377685547
2020-02-04,27.8160400390625
2020-02-05,27.92972755432129
2020-02-06,27.937835693359375
2020-02-07,27.848520278930664
2020-02-10,27.954082489013672
2020-02-11,28.055583953857422
2020-02-12,28.07588768005371
2020-02-13,28.388521194458008
2020-02-14,28.579341888427734
2020-02-18,28.818889617919922
2020-02-19,28.506261825561523
2020-02-20,28.607772827148438
2020-02-21,28.55498504638672
2020-02-24,28.222057342529297
2020-02-25,27.629270553588867
2020-02-26,27.349117279052734
2020-02-27,26.11890411376953
2020-02-28,25.2459659576416
2020-03-02,26.73198127746582
2020-03-03,26.40311050415039
2020-03-04,27.90129852294922
2020-03-05,27.470928192138672
2020-03-06,27.24761199951172
2020-03-09,25.765663146972656
2020-03-10,26.005216598510742
2020-03-11,24.697847366333008
2020-03-12,22.204919815063477
2020-03-13,23.414840698242188
2020-03-16,20.755451202392578
2020-03-17,23.410781860351562
2020-03-18,22.391687393188477
2020-03-19,21.08838653564453
2020-03-20,19.41560173034668
2020-03-23,18.424854278564453
2020-03-24,20.405532836914062
2020-03-25,20.926332473754883
2020-03-26,22.710176467895508
2020-03-27,22.833202362060547
2020-03-30,23.67797088623047
2020-03-31,22.722484588623047
2020-04-01,21.356918334960938
2020-04-02,22.025344848632812
2020-04-03,21.237993240356445
2020-04-06,22.878307342529297
2020-04-07,22.59125518798828
2020-04-08,23.821495056152344
2020-04-09,24.945112228393555
2020-04-13,24.153654098510742
2020-04-14,24.863096237182617
2020-04-15,24.042936325073242
2020-04-16,24.047039031982422
2020-04-17,24.82208824157715
2020-04-20,23.88300323486328
2020-04-21,23.489328384399414
2020-04-22,24.174161911010742
2020-04-23,23.768184661865234
2020-04-24,23.915815353393555
2020-04-27,24.165966033935547
2020-04-28,24.25617790222168
2020-04-29,24.03472900390625
2020-04-30,23.48112678527832
2020-05-01,22.915224075317383
2020-05-04,23.08745002746582
2020-05-05,23.276090621948242
2020-05-06,22.484636306762695
2020-05-07,22.574853897094727
2020-05-08,23.030040740966797
2020-05-11,22.931621551513672
2020-05-12,22.730680465698242
2020-05-13,22.537944793701172
2020-05-14,22.77988624572754
2020-05-15,22.476436614990234
2020-05-18,23.39911460876465
2020-05-19,23.013639450073242
2020-05-20,23.140762329101562
2020-05-21,22.90701675415039
2020-05-22,23.16126823425293
2020-05-26,23.312997817993164
2020-05-27,23.591848373413086
2020-05-28,24.288984298706055
2020-05-29,24.477617263793945
2020-06-01,24.768775939941406
2020-06-02,24.9287052154541
2020-06-03,25.228069305419922
2020-06-04,24.776975631713867
2020-06-05,25.092735290527344
2020-06-08,25.765268325805664
2020-06-09,25.248565673828125
2020-06-10,25.100936889648438
2020-06-11,24.120853424072266
2020-06-12,24.05933380126953
2020-06-15,24.223373413085938
2020-06-16,24.334089279174805
2020-06-17,24.260278701782227
2020-06-18,24.25617790222168
2020-06-19,23.57544708251953
2020-06-22,23.80535316467285
2020-06-23,23.56552505493164
2020-06-24,23.350502014160156
2020-06-25,23.061046600341797
2020-06-26,22.81708526611328
2020-06-29,23.247127532958984
2020-06-30,23.333959579467773
2020-07-01,23.879789352416992
2020-07-02,23.941808700561523
2020-07-06,23.648221969604492
2020-07-07,23.553119659423828
2020-07-08,23.764001846313477
2020-07-09,23.44560432434082
2020-07-10,23.88805389404297
2020-07-13,23.912858963012695
2020-07-14,24.136152267456055
2020-07-15,24.041048049926758
2020-07-16,24.347043991088867
2020-07-17,24.897001266479492
2020-07-20,24.57033348083496
2020-07-21,24.681978225708008
2020-07-22,25.06239891052246
2020-07-23,25.091344833374023
2020-07-24,24.925945281982422
2020-07-27,24.624088287353516
2020-07-28,24.99624252319336
2020-07-29,25.112022399902344
2020-07-30,25.112022399902344
2020-07-31,25.153371810913086
2020-08-03,24.880460739135742
2020-08-04,25.153371810913086
2020-08-05,24.830842971801758
2020-08-06,24.975568771362305
2020-08-07,25.426279067993164
2020-08-10,25.418014526367188
2020-08-11,24.868051528930664
2020-08-12,25.227806091308594
2020-08-13,25.18645668029785
2020-08-14,24.967294692993164
2020-08-17,24.93421173095703
2020-08-18,24.82257080078125
2020-08-19,24.74813461303711
2020-08-20,24.52898597717285
2020-08-21,24.57033348083496
2020-08-24,24.785354614257812
2020-08-25,24.549654006958008
2020-08-26,24.276744842529297
2020-08-27,24.35531234741211
2020-08-28,24.425609588623047
2020-08-31,24.500038146972656
2020-09-01,24.218860626220703
2020-09-02,24.9714298248291
2020-09-03,24.69024085998535
2020-09-04,24.549654006958008
2020-09-08,24.413206100463867
2020-09-09,24.735733032226562
2020-09-10,24.309833526611328
2020-09-11,24.36772346496582
2020-09-14,24.70265007019043
2020-09-15,24.868051528930664
2020-09-16,24.834980010986328
2020-09-17,24.63235855102539
2020-09-18,24.19818115234375
2020-09-21,24.04762077331543
2020-09-22,24.197763442993164
2020-09-23,23.82657814025879
2020-09-24,24.093496322631836
2020-09-25,24.489704132080078
2020-09-28,24.552261352539062
2020-09-29,24.543920516967773
2020-09-30,24.76496124267578
2020-10-01,25.015195846557617
2020-10-02,25.311311721801758
2020-10-05,25.628276824951172
2020-10-06,25.84514617919922
2020-10-07,26.003631591796875
2020-10-08,26.479076385498047
2020-10-09,26.474905014038086
2020-10-12,26.641727447509766
2020-10-13,26.458219528198242
2020-10-14,26.42486000061035
2020-10-15,26.408174514770508
2020-10-16,26.691776275634766
2020-10-19,26.466567993164062
2020-10-20,26.625043869018555
2020-10-21,26.554149627685547
2020-10-22,26.929502487182617
2020-10-23,27.004573822021484
2020-10-26,26.99622917175293
2020-10-27,26.97537612915039
2020-10-28,26.191303253173828
2020-10-29,26.262208938598633
2020-10-30,26.016138076782227
2020-11-02,26.587509155273438
2020-11-03,26.97120475769043
2020-11-04,26.56665802001953
2020-11-05,26.804378509521484
2020-11-06,26.745990753173828
2020-11-09,27.24228858947754
2020-11-10,27.63433837890625
2020-11-11,27.73859405517578
2020-11-12,27.292341232299805
2020-11-13,27.563425064086914
2020-11-16,27.842863082885742
2020-11-17,27.296510696411133
2020-11-18,26.762676239013672
2020-11-19,26.495756149291992
2020-11-20,26.499929428100586
2020-11-23,26.504098892211914
2020-11-24,26.787700653076172
2020-11-25,26.858598709106445
2020-11-27,26.59168243408203
2020-11-30,26.207988739013672
2020-12-01,26.39149284362793
2020-12-02,26.56665802001953
2020-12-03,26.291397094726562
2020-12-04,26.02865219116211
2020-12-07,26.174619674682617
2020-12-08,26.095378875732422
2020-12-09,26.04950714111328
2020-12-10,25.916048049926758
2020-12-11,25.95775032043457
2020-12-14,25.824291229248047
2020-12-15,26.333106994628906
2020-12-16,26.02865219116211
2020-12-17,26.203819274902344
2020-12-18,25.978609085083008
2020-12-21,25.66400718688965
2020-12-22,25.613542556762695
2020-12-23,25.563068389892578
2020-12-24,25.743919372558594
2020-12-28,25.85747718811035
2020-12-29,25.853271484375
2020-12-30,25.9836483001709
2020-12-31,26.370594024658203
2021-01-04,25.70606803894043
2021-01-05,25.701868057250977
2021-01-06,26.341148376464844
2021-01-07,25.99626922607422
2021-01-08,26.214977264404297
2021-01-11,25.971038818359375
2021-01-12,25.83224105834961
2021-01-13,26.33694076538086
2021-01-14,26.236005783081055
2021-01-15,26.492563247680664
2021-01-19,26.391618728637695
2021-01-20,26.547231674194336
2021-01-21,26.391618728637695
2021-01-22,26.429471969604492
2021-01-25,26.95940589904785
2021-01-26,26.690229415893555
2021-01-27,25.971038818359375
2021-01-28,26.28226661682129
2021-01-29,26.13926887512207
2021-02-01,26.26544189453125
2021-02-02,26.479944229125977
2021-02-03,26.395822525024414
2021-02-04,26.601909637451172
2021-02-05,26.74490737915039
2021-02-08,26.5388240814209
2021-02-09,26.576675415039062
2021-02-10,26.68181800842285
2021-02-11,26.530412673950195
2021-02-12,26.33694076538086
2021-02-16,26.04253578186035
2021-02-17,26.063568115234375
2021-02-18,26.21917724609375
2021-02-19,25.828035354614258
2021-02-22,25.323333740234375
2021-02-23,25.533626556396484
2021-02-24,25.23501205444336
2021-02-25,25.00790023803711
2021-02-26,24.545255661010742
2021-03-01,25.087812423706055
2021-03-02,25.01210594177246
2021-03-03,24.717695236206055
2021-03-04,24.696666717529297
2021-03-05,25.100427627563477
2021-03-08,25.453716278076172
2021-03-09,25.790184020996094
2021-03-10,25.96683120727539
2021-03-11,25.8995361328125
2021-03-12,26.248620986938477
2021-03-15,26.585086822509766
2021-03-16,26.618728637695312
2021-03-17,26.185529708862305
2021-03-18,26.088802337646484
2021-03-19,26.160295486450195
2021-03-22,26.122587203979492
2021-03-23,26.512413024902344
2021-03-24,26.520893096923828
2021-03-25,26.804784774780273
2021-03-26,26.893766403198242
2021-03-29,27.181894302368164
2021-03-30,26.936140060424805
2021-03-31,27.135286331176758
2021-04-01,27.109865188598633
2021-04-05,27.406471252441406
2021-04-06,27.550539016723633
2021-04-07,27.51664161682129
2021-04-08,27.495450973510742
2021-04-09,27.46579360961914
2021-04-12,27.491214752197266
2021-04-13,27.81748390197754
2021-04-14,27.94036293029785
2021-04-15,28.249677658081055
2021-04-16,28.478490829467773
2021-04-19,28.33442497253418
2021-04-20,28.69459342956543
2021-04-21,28.453065872192383
2021-04-22,28.249677658081055
2021-04-23,28.2115478515625
2021-04-26,28.05052947998047
2021-04-27,27.834430694580078
2021-04-28,27.796293258666992
2021-04-29,28.05052947998047
2021-04-30,28.270870208740234
2021-05-03,28.266624450683594
2021-05-04,28.160701751708984
2021-05-05,27.686124801635742
2021-05-06,27.897993087768555
2021-05-07,27.98273468017578
2021-05-10,28.266624450683594
2021-05-11,27.91916847229004
2021-05-12,27.266643524169922
2021-05-13,27.79206085205078
2021-05-14,27.927650451660156
2021-05-17,27.698843002319336
2021-05-18,27.694604873657227
2021-05-19,27.647993087768555
2021-05-20,27.889514923095703
2021-05-21,28.033584594726562
2021-05-24,27.98273468017578
2021-05-25,27.643754959106445
2021-05-26,27.647993087768555
2021-05-27,27.46155548095703
2021-05-28,27.609861373901367
2021-06-01,27.440370559692383
2021-06-02,27.584434509277344
2021-06-03,27.749685287475586
2021-06-04,27.707319259643555
2021-06-07,27.758163452148438
2021-06-08,27.520877838134766
2021-06-09,27.766637802124023
2021-06-10,27.94883918762207
2021-06-11,28.01239776611328
2021-06-14,28.071714401245117
2021-06-15,28.156463623046875
2021-06-16,27.73273468017578
2021-06-17,27.88527488708496
2021-06-18,27.160709381103516
2021-06-21,27.5125732421875
2021-06-22,27.34603500366211
2021-06-23,27.0556697845459
2021-06-24,27.03004264831543
2021-06-25,27.320415496826172
2021-06-28,27.495492935180664
2021-06-29,27.051395416259766
2021-06-30,27.000154495239258
2021-07-01,27.294790267944336
2021-07-02,27.337491989135742
2021-07-06,27.452789306640625
2021-07-07,27.632131576538086
2021-07-08,27.551002502441406
2021-07-09,27.585155487060547
2021-07-12,27.674837112426758
2021-07-13,27.465600967407227
2021-07-14,27.70472526550293
2021-07-15,28.016450881958008
2021-07-16,28.298276901245117
2021-07-19,27.849912643432617
2021-07-20,27.969478607177734
2021-07-21,27.662025451660156
2021-07-22,27.70472526550293
2021-07-23,28.059154510498047
2021-07-26,28.06769561767578
2021-07-27,28.550214767456055
2021-07-28,28.332439422607422
2021-07-29,28.409303665161133
2021-07-30,28.17017364501953
2021-08-02,28.387950897216797
2021-08-03,28.550214767456055
2021-08-04,28.50752067565918
2021-08-05,28.819238662719727
2021-08-06,28.802154541015625
2021-08-09,28.79361915588379
2021-08-10,28.823509216308594
2021-08-11,29.092527389526367
2021-08-12,29.122417449951172
2021-08-13,29.327383041381836
2021-08-16,29.50672721862793
2021-08-17,29.52381134033203
2021-08-18,29.374353408813477
2021-08-19,29.493921279907227
2021-08-20,29.861160278320312
2021-08-23,29.476842880249023
2021-08-24,29.28468132019043
2021-08-25,29.340200424194336
2021-08-26,29.26760482788086
2021-08-27,29.259063720703125
2021-08-30,29.3017578125
2021-08-31,29.26760482788086
2021-09-01,29.651918411254883
2021-09-02,29.92093276977539
2021-09-03,29.673267364501953
2021-09-07,29.280414581298828
2021-09-08,29.80564308166504
2021-09-09,29.643383026123047
2021-09-10,29.229167938232422
2021-09-13,29.177928924560547
2021-09-14,29.079713821411133
2021-09-15,29.041288375854492
2021-09-16,28.797889709472656
2021-09-17,28.353788375854492
2021-09-20,28.30173110961914
2021-09-21,28.22428321838379
2021-09-22,28.207075119018555
2021-09-23,28.056488037109375
2021-09-24,28.026369094848633
2021-09-27,27.695077896118164
2021-09-28,27.346580505371094
2021-09-29,27.703685760498047
2021-09-30,27.4842586517334
2021-10-01,27.4842586517334
2021-10-04,27.862876892089844
2021-10-05,27.79403305053711
2021-10-06,28.22428321838379
2021-10-07,28.07369613647461
2021-10-08,27.86717987060547
2021-10-11,27.48855972290039
2021-10-12,27.673572540283203
2021-10-13,27.99625587463379
2021-10-14,28.340457916259766
2021-10-15,28.25870704650879
2021-10-18,27.98764991760254
2021-10-19,28.340457916259766
2021-10-20,28.78791618347168
2021-10-21,28.78791618347168
2021-10-22,28.93419647216797
2021-10-25,28.809423446655273
2021-10-26,28.96431541442871
2021-10-27,28.770706176757812
2021-10-28,28.96000862121582
2021-10-29,28.78791618347168
2021-11-01,28.891172409057617
2021-11-02,28.91698455810547
2021-11-03,28.809423446655273
2021-11-04,28.650224685668945
2021-11-05,28.921283721923828
2021-11-08,28.491039276123047
2021-11-09,28.63732147216797
2021-11-10,28.869659423828125
2021-11-11,28.693254470825195
2021-11-12,28.676044464111328
2021-11-15,29.054664611816406
2021-11-16,28.91698455810547
2021-11-17,28.94280242919922
2021-11-18,28.792213439941406
2021-11-19,28.955711364746094
2021-11-22,29.132110595703125
2021-11-23,29.162229537963867
2021-11-24,29.1794376373291
2021-11-26,28.723377227783203
2021-11-29,29.14931869506836
2021-11-30,28.297426223754883
2021-12-01,28.349058151245117
2021-12-02,28.710464477539062
2021-12-03,28.99873161315918
2021-12-06,29.44188690185547
2021-12-07,29.661317825317383
2021-12-08,29.631206512451172
2021-12-09,29.59246826171875
2021-12-10,29.751663208007812
2021-12-13,30.117380142211914
2021-12-14,29.936681747436523
2021-12-15,30.427160263061523
2021-12-16,30.58204460144043
2021-12-17,30.121679306030273
2021-12-20,30.15030288696289
2021-12-21,30.106935501098633
2021-12-22,30.237031936645508
2021-12-23,30.23269271850586
2021-12-27,30.38011360168457
2021-12-28,30.653316497802734
2021-12-29,30.818092346191406
2021-12-30,30.930830001831055
2021-12-31,31.03925132751465
2022-01-03,30.73136329650879
2022-01-04,30.635961532592773
2022-01-05,30.618623733520508
2022-01-06,30.30206871032715
2022-01-07,30.531892776489258
2022-01-10,30.332427978515625
2022-01-11,30.05923843383789
2022-01-12,30.154638290405273
2022-01-13,30.30206871032715
2022-01-14,30.093923568725586
2022-01-18,29.7340145111084
2022-01-19,29.86844253540039
2022-01-20,29.907470703125
2022-01-21,29.851097106933594
2022-01-24,29.564897537231445
2022-01-25,29.10091781616211
2022-01-26,28.8624210357666
2022-01-27,29.118261337280273
2022-01-28,29.469499588012695
2022-01-31,30.028894424438477
2022-02-01,29.62994384765625
2022-02-02,30.067909240722656
2022-02-03,29.933486938476562
2022-02-04,29.694990158081055
2022-02-07,29.651626586914062
2022-02-08,29.673309326171875
2022-02-09,29.803401947021484
2022-02-10,29.04887580871582
2022-02-11,29.06622314453125
2022-02-14,28.819063186645508
2022-02-15,28.68463134765625
2022-02-16,28.749677658081055
2022-02-17,28.767013549804688
2022-02-18,28.714982986450195
2022-02-22,28.68463134765625
2022-02-23,28.198965072631836
2022-02-24,28.424457550048828
2022-02-25,29.304729461669922
2022-02-28,29.45648765563965
2022-03-01,29.200645446777344
2022-03-02,29.55622673034668
2022-03-03,30.076583862304688
2022-03-04,30.74003791809082
2022-03-07,31.138978958129883
2022-03-08,30.65765380859375
2022-03-09,30.440826416015625
2022-03-10,30.64463996887207
2022-03-11,30.540569305419922
2022-03-14,30.505874633789062
2022-03-15,30.896142959594727
2022-03-16,30.83977508544922
2022-03-17,30.969860076904297
2022-03-18,30.70534896850586
2022-03-21,30.91051483154297
2022-03-22,30.954166412353516
2022-03-23,30.997821807861328
2022-03-24,31.316484451293945
2022-03-25,31.770469665527344
2022-03-28,31.975645065307617
2022-03-29,32.27248001098633
2022-03-30,32.53875732421875
2022-03-31,32.50384521484375
2022-04-01,32.957828521728516
2022-04-04,32.70463943481445
2022-04-05,32.90980911254883
2022-04-06,33.56460189819336
2022-04-07,33.481666564941406
2022-04-08,33.59515380859375
2022-04-11,33.13680648803711
2022-04-12,33.263397216796875
2022-04-13,33.19792175292969
2022-04-14,33.21537399291992
2022-04-18,33.036407470703125
2022-04-19,33.25029754638672
2022-04-20,33.52095413208008
2022-04-21,32.966556549072266
2022-04-22,32.41217041015625
2022-04-25,32.189537048339844
2022-04-26,31.866506576538086
2022-04-27,31.713727951049805
2022-04-28,32.06730651855469
2022-04-29,31.10694694519043
2022-05-02,30.788284301757812
2022-05-03,30.906158447265625
2022-05-04,31.59585952758789
2022-05-05,31.2728271484375
2022-05-06,31.521656036376953
2022-05-09,31.28592872619629
2022-05-10,30.906158447265625
2022-05-11,31.128780364990234
2022-05-12,30.81447410583496
2022-05-13,31.1811580657959
2022-05-16,31.27720069885254
2022-05-17,31.600231170654297
2022-05-18,31.294673919677734
2022-05-19,31.229177474975586
2022-05-20,31.316484451293945
2022-05-23,31.691898345947266
2022-05-24,32.324867248535156
2022-05-25,32.303035736083984
2022-05-26,32.394710540771484
2022-05-27,32.901092529296875
2022-05-31,32.44709396362305
2022-06-01,32.394710540771484
2022-06-02,32.61296844482422
2022-06-03,32.45582580566406
2022-06-06,32.59988021850586
2022-06-07,32.796302795410156
2022-06-08,32.15461730957031
2022-06-09,31.38196563720703
2022-06-10,31.141870498657227
2022-06-13,29.710060119628906
2022-06-14,28.959228515625
2022-06-15,29.14694595336914
2022-06-16,28.58382797241211
2022-06-17,28.317541122436523
2022-06-21,28.856563568115234
2022-06-22,29.160179138183594
2022-06-23,29.846614837646484
2022-06-24,30.3658390045166
2022-06-27,30.612245559692383
2022-06-28,30.497846603393555
2022-06-29,30.51984405517578
2022-06-30,30.85866355895996
2022-07-01,31.615495681762695
2022-07-05,30.537446975708008
2022-07-06,30.854263305664062
2022-07-07,30.823455810546875
2022-07-08,30.72225570678711
2022-07-11,30.915876388549805
2022-07-12,30.766258239746094
2022-07-13,30.63865089416504
2022-07-14,30.63865089416504
2022-07-15,30.695858001708984
2022-07-18,30.26902961730957
2022-07-19,30.4626407623291
2022-07-20,30.057825088500977
2022-07-21,30.137025833129883
2022-07-22,30.550647735595703
2022-07-25,30.9334716796875
2022-07-26,31.11827278137207
2022-07-27,31.14468002319336
2022-07-28,32.262332916259766
2022-07-29,32.53954315185547
2022-08-01,32.57474136352539
2022-08-02,32.50873565673828
2022-08-03,32.71115493774414
2022-08-04,32.781558990478516
2022-08-05,32.662750244140625
2022-08-08,32.71115493774414
2022-08-09,33.07637023925781
2022-08-10,33.2215690612793
2022-08-11,33.21717834472656
2022-08-12,33.75839614868164
2022-08-15,34.040016174316406
2022-08-16,34.13682174682617
2022-08-17,34.07961654663086
2022-08-18,34.207218170166016
2022-08-19,34.189613342285156
2022-08-22,33.723201751708984
2022-08-23,33.52078628540039
2022-08-24,33.62639236450195
2022-08-25,33.83320236206055
2022-08-26,33.31398010253906
2022-08-29,33.41518783569336
2022-08-30,32.92676544189453
2022-08-31,32.71115493774414
2022-09-01,33.181976318359375
2022-09-02,32.8255500793457
2022-09-06,32.90916061401367
2022-09-07,33.938804626464844
2022-09-08,33.91240692138672
2022-09-09,34.04881286621094
2022-09-12,34.374427795410156
2022-09-13,33.45918655395508
2022-09-14,33.731990814208984
2022-09-15,32.89155578613281
2022-09-16,32.76835632324219
2022-09-19,33.20736312866211
2022-09-20,32.72449493408203
2022-09-21,32.277069091796875
2022-09-22,32.16188430786133
2022-09-23,31.789762496948242
2022-09-26,31.023374557495117
2022-09-27,30.500627517700195
2022-09-28,30.828453063964844
2022-09-29,29.59248161315918
2022-09-30,29.02100372314453
2022-10-03,29.871570587158203
2022-10-04,30.50505828857422
2022-10-05,29.827268600463867
2022-10-06,28.84380340576172
2022-10-07,28.245750427246094
2022-10-10,28.29448890686035
2022-10-11,28.19259262084961
2022-10-12,27.253435134887695
2022-10-13,27.93565559387207
2022-10-14,27.53252410888672
2022-10-17,28.108423233032227
2022-10-18,28.622303009033203
2022-10-19,28.250181198120117
2022-10-20,27.536951065063477
2022-10-21,28.04640769958496
2022-10-24,28.281192779541016
2022-10-25,28.848236083984375
2022-10-26,28.83493995666504
2022-10-27,29.065309524536133
2022-10-28,29.862712860107422
2022-10-31,29.583614349365234
2022-11-01,29.698801040649414
2022-11-02,29.410846710205078
2022-11-03,29.53931427001953
2022-11-04,29.720945358276367
2022-11-07,29.153900146484375
2022-11-08,29.35768699645996
2022-11-09,29.1273250579834
2022-11-10,30.500627517700195
2022-11-11,30.159521102905273
2022-11-14,29.800687789916992
2022-11-15,30.128509521484375
2022-11-16,30.398738861083984
2022-11-17,29.86713409423828
2022-11-18,30.500627517700195
2022-11-21,30.63796615600586
2022-11-22,30.899328231811523
2022-11-23,31.244873046875
2022-11-25,31.426502227783203
2022-11-28,31.10310935974121
2022-11-29,30.872751235961914
2022-11-30,31.643571853637695
2022-12-01,31.61699867248535
2022-12-02,31.466373443603516
2022-12-05,31.28917694091797
2022-12-06,31.484085083007812
2022-12-07,31.33790397644043
2022-12-08,31.541677474975586
2022-12-09,31.377771377563477
2022-12-12,32.09543228149414
2022-12-13,32.19289016723633
2022-12-14,32.15302658081055
2022-12-15,31.763181686401367
2022-12-16,31.22272491455078
2022-12-19,31.098562240600586
2022-12-20,31.10749626159668
2022-12-21,31.54071044921875
2022-12-22,31.348669052124023
2022-12-23,31.67023468017578
2022-12-27,31.866756439208984
2022-12-28,31.563047409057617
2022-12-29,31.790828704833984
2022-12-30,31.487123489379883
2023-01-03,31.487123489379883
2023-01-04,31.772968292236328
2023-01-05,31.08515739440918
2023-01-06,31.710432052612305
2023-01-09,31.924821853637695
2023-01-10,31.933753967285156
2023-01-11,32.19279861450195
2023-01-12,31.97394561767578
2023-01-13,31.857826232910156
2023-01-17,31.813148498535156
2023-01-18,31.04942512512207
2023-01-19,30.736785888671875
2023-01-20,30.919910430908203
2023-01-23,30.92884063720703
2023-01-24,31.08515739440918
2023-01-25,30.665334701538086
2023-01-26,30.768054962158203
2023-01-27,30.768054962158203
2023-01-30,30.629606246948242
2023-01-31,30.857378005981445
2023-02-01,30.910978317260742
2023-02-02,30.977962493896484
2023-02-03,30.330360412597656
2023-02-06,30.589401245117188
2023-02-07,30.576004028320312
2023-02-08,30.062381744384766
2023-02-09,29.651493072509766
2023-02-10,30.24103546142578
2023-02-13,30.42415428161621
2023-02-14,30.294628143310547
2023-02-15,30.491146087646484
2023-02-16,30.258901596069336
2023-02-17,30.584938049316406
2023-02-21,30.01325798034668
2023-02-22,29.89713478088379
2023-02-23,29.74081802368164
2023-02-24,29.7497501373291
2023-02-27,29.548768997192383
2023-02-28,29.030681610107422
2023-03-01,28.55278968811035
2023-03-02,29.09320640563965
2023-03-03,29.588964462280273
2023-03-06,29.73188591003418
2023-03-07,29.24506378173828
2023-03-08,29.4683780670166
2023-03-09,29.231658935546875
2023-03-10,28.771636962890625
2023-03-13,29.21379852294922
2023-03-14,29.597896575927734
2023-03-15,29.999855041503906
2023-03-16,30.200838088989258
2023-03-17,29.910539627075195
2023-03-20,30.144487380981445
2023-03-21,29.537099838256836
2023-03-22,28.956707000732422
2023-03-23,28.659761428833008
2023-03-24,29.55510139465332
2023-03-27,29.591087341308594
2023-03-28,29.672075271606445
2023-03-29,30.104007720947266
2023-03-30,30.23447608947754
2023-03-31,30.454933166503906
2023-04-03,30.247966766357422
2023-04-04,30.400941848754883
2023-04-05,31.188297271728516
2023-04-06,31.408769607543945
2023-04-10,31.345767974853516
2023-04-11,31.37276840209961
2023-04-12,31.341276168823242
2023-04-13,31.345767974853516
2023-04-14,30.994834899902344
2023-04-17,31.16579818725586
2023-04-18,31.00383758544922
2023-04-19,31.242294311523438
2023-04-20,31.23328971862793
2023-04-21,31.323280334472656
2023-04-24,31.480751037597656
2023-04-25,31.449254989624023
2023-04-26,30.711389541625977
2023-04-27,31.080322265625
2023-04-28,31.035327911376953
2023-05-01,31.08931541442871
2023-05-02,30.711389541625977
2023-05-03,30.625905990600586
2023-05-04,30.859859466552734
2023-05-05,31.057825088500977
2023-05-08,30.963336944580078
2023-05-09,30.922855377197266
2023-05-10,31.20629119873047
2023-05-11,30.886852264404297
2023-05-12,31.057825088500977
2023-05-15,30.666397094726562
2023-05-16,29.987018585205078
2023-05-17,29.87904167175293
2023-05-18,29.7890567779541
2023-05-19,29.744062423706055
2023-05-22,29.75306510925293
2023-05-23,29.649585723876953
2023-05-24,29.45611572265625
2023-05-25,29.06018829345703
2023-05-26,29.06018829345703
2023-05-30,28.947710037231445
2023-05-31,29.21316146850586
2023-06-01,28.9971981048584
2023-06-02,29.29865074157715
2023-06-05,29.4381160736084
2023-06-06,29.415624618530273
2023-06-07,29.91503143310547
2023-06-08,30.04550552368164
2023-06-09,29.87004280090332
2023-06-12,29.816051483154297
2023-06-13,29.811552047729492
2023-06-14,29.793554306030273
2023-06-15,30.117494583129883
2023-06-16,30.279468536376953
2023-06-20,29.924348831176758
2023-06-21,30.164722442626953
2023-06-22,29.933420181274414
2023-06-23,29.493492126464844
2023-06-26,29.78375244140625
2023-06-27,29.792823791503906
2023-06-28,29.35289192199707
2023-06-29,29.35289192199707
2023-06-30,29.6794376373291
2023-07-03,29.90167236328125
2023-07-05,30.241825103759766
2023-07-06,29.87446403503418
2023-07-07,29.656761169433594
2023-07-10,29.529773712158203
2023-07-11,29.897138595581055
2023-07-12,30.332530975341797
2023-07-13,30.436843872070312
2023-07-14,30.318923950195312
2023-07-17,29.96970558166504
2023-07-18,29.738399505615234
2023-07-19,30.042272567749023
2023-07-20,30.591045379638672
2023-07-21,31.04911994934082
2023-07-24,30.967485427856445
2023-07-25,31.021909713745117
2023-07-26,31.021909713745117
2023-07-27,30.473127365112305
2023-07-28,30.405101776123047
2023-07-31,30.418703079223633
2023-08-01,30.046804428100586
2023-08-02,30.046804428100586
2023-08-03,29.36195945739746
2023-08-04,29.02181053161621
2023-08-07,29.017274856567383
2023-08-08,29.153337478637695
2023-08-09,29.21683120727539
2023-08-10,29.12612533569336
2023-08-11,29.28486442565918
2023-08-14,29.05355453491211
2023-08-15,28.58188247680664
2023-08-16,28.7088680267334
2023-08-17,28.645374298095703
2023-08-18,28.7950439453125
2023-08-21,28.613630294799805
2023-08-22,28.695262908935547
2023-08-23,28.80864715576172
2023-08-24,28.640836715698242
2023-08-25,28.858539581298828
2023-08-28,28.854001998901367
2023-08-29,28.962848663330078
2023-08-30,28.831327438354492
2023-08-31,28.55466651916504
2023-09-01,28.40953826904297
2023-09-05,27.974140167236328
2023-09-06,28.03763771057129
2023-09-07,28.405000686645508
2023-09-08,28.654447555541992
2023-09-11,28.772363662719727
2023-09-12,28.80864715576172
2023-09-13,29.153337478637695
2023-09-14,29.579662322998047
2023-09-15,29.45267105102539
2023-09-18,29.430723190307617
2023-09-19,29.270694732666016
2023-09-20,29.298131942749023
2023-09-21,28.991796493530273
2023-09-22,28.936933517456055
2023-09-25,28.895784378051758
2023-09-26,28.03165626525879
2023-09-27,27.492145538330078
2023-09-28,26.89777183532715
2023-09-29,26.94348907470703
2023-10-02,25.69072914123535
2023-10-03,25.987918853759766
2023-10-04,25.96048355102539
2023-10-05,25.809602737426758
2023-10-06,26.175373077392578
2023-10-09,26.43598175048828
2023-10-10,26.797182083129883
2023-10-11,27.231534957885742
2023-10-12,26.810897827148438
2023-10-13,27.112661361694336
2023-10-16,27.391559600830078
2023-10-17,27.318405151367188
2023-10-18,27.080656051635742
2023-10-19,26.810897827148438
2023-10-20,26.532001495361328
2023-10-23,26.307968139648438
2023-10-24,26.984636306762695
2023-10-25,27.135515213012695
2023-10-26,27.368696212768555
2023-10-27,26.852048873901367
2023-10-30,27.05779266357422
2023-10-31,27.290971755981445
2023-11-01,27.60187530517578
2023-11-02,28.1185245513916
2023-11-03,28.283123016357422
2023-11-06,28.209964752197266
2023-11-07,28.004222869873047
2023-11-08,27.79847526550293
2023-11-09,27.432706832885742
2023-11-10,27.579011917114258
2023-11-13,27.24981689453125
2023-11-14,28.337987899780273
2023-11-15,28.251117706298828
2023-11-16,28.40199851989746
2023-11-17,28.479721069335938
2023-11-20,28.392847061157227
2023-11-21,28.452289581298828
2023-11-22,28.589452743530273
2023-11-24,28.662609100341797
2023-11-27,28.708328247070312
2023-11-28,28.799772262573242
2023-11-29,28.5711669921875
2023-11-30,28.694612503051758
2023-12-01,29.046667098999023
2023-12-04,28.932363510131836
2023-12-05,28.72661781311035
2023-12-06,29.110675811767578
2023-12-07,29.046667098999023
2023-12-08,28.991796493530273
2023-12-11,29.17925453186035
2023-12-12,29.06038475036621
2023-12-13,30.15768814086914
2023-12-14,29.764488220214844
2023-12-15,29.24783706665039
2023-12-18,29.181838989257812
2023-12-19,29.347986221313477
2023-12-20,28.75262451171875
2023-12-21,28.80339241027832
2023-12-22,28.900310516357422
2023-12-26,29.07569122314453
2023-12-27,29.057231903076172
2023-12-28,29.26491355895996
2023-12-29,29.22799301147461
2024-01-02,29.652589797973633
2024-01-03,29.76335334777832
2024-01-04,29.671049118041992
2024-01-05,29.781814575195312
2024-01-08,29.998727798461914
2024-01-09,29.754125595092773
2024-01-10,29.749507904052734
2024-01-11,29.057231903076172
2024-01-12,29.223379135131836
2024-01-16,28.904926300048828
2024-01-17,28.484947204589844
2024-01-18,28.180343627929688
2024-01-19,28.143421173095703
2024-01-22,28.00035285949707
2024-01-23,28.051115036010742
2024-01-24,27.66806411743164
2024-01-25,28.166500091552734
2024-01-26,28.24957275390625
2024-01-29,28.4295654296875
2024-01-30,28.42033576965332
2024-01-31,28.360340118408203
2024-02-01,28.900310516357422
2024-02-02,28.378799438476562
2024-02-05,27.78805160522461
2024-02-06,27.889585494995117
2024-02-07,27.908044815063477
2024-02-08,27.7095947265625
2024-02-09,27.815744400024414
2024-02-12,28.138805389404297
2024-02-13,27.67267417907715
2024-02-14,27.824974060058594
2024-02-15,28.291109085083008
2024-02-16,28.258804321289062
2024-02-20,28.24034309387207
2024-02-21,28.614171981811523
2024-02-22,28.392642974853516
2024-02-23,28.59571075439453
2024-02-26,28.03265953063965
2024-02-27,28.563405990600586
2024-02-28,28.65109634399414
2024-02-29,28.660324096679688
2024-03-01,28.484947204589844
2024-03-04,28.964923858642578
2024-03-05,28.881853103637695
2024-03-06,29.158763885498047
2024-03-07,29.347986221313477
2024-03-08,29.421829223632812
2024-03-11,29.56951332092285
2024-03-12,29.28337287902832
2024-03-13,29.481826782226562
2024-03-14,29.24645233154297
2024-03-15,29.28799057006836
2024-03-18,29.422935485839844
2024-03-19,29.683521270751953
2024-03-20,29.720748901367188
2024-03-21,29.67421531677246
2024-03-22,29.71609115600586
2024-03-25,29.855695724487305
2024-03-26,29.51600456237793
2024-03-27,30.33963966369629
2024-03-28,30.54903793334961
2024-04-01,30.36290168762207
2024-04-02,30.414094924926758
2024-04-03,30.293106079101562
2024-04-04,30.232616424560547
2024-04-05,30.321027755737305
2024-04-08,30.521116256713867
2024-04-09,30.68863296508789
2024-04-10,30.16281509399414
2024-04-11,30.10232162475586
2024-04-12,29.87430763244629
2024-04-15,29.599761962890625
2024-04-16,29.20888328552246
2024-04-17,29.81846809387207
2024-04-18,29.98598861694336
2024-04-19,30.446664810180664
2024-04-22,30.725862503051758
2024-04-23,30.8701114654541
2024-04-24,31.056249618530273
2024-04-25,31.140012741088867
2024-04-26,30.800321578979492
2024-04-29,31.2191162109375
2024-04-30,31.056249618530273
2024-05-01,31.414552688598633
2024-05-02,31.58207130432129
2024-05-03,31.833354949951172
2024-05-06,31.9962215423584
2024-05-07,32.35918045043945
2024-05-08,32.69887161254883
2024-05-09,33.19677734375
2024-05-10,33.164207458496094
2024-05-13,33.164207458496094
2024-05-14,33.252620697021484
2024-05-15,33.750518798828125
2024-05-16,33.63418960571289
2024-05-17,33.66210174560547
2024-05-20,33.60626983642578
2024-05-21,33.90873718261719
2024-05-22,33.5085563659668
2024-05-23,32.94084548950195
2024-05-24,33.2712287902832
2024-05-28,33.23865509033203
2024-05-29,32.8105583190918
2024-05-30,33.252620697021484
2024-05-31,33.83893966674805
2024-06-03,33.45271301269531
2024-06-04,33.438751220703125
2024-06-05,33.247962951660156
2024-06-06,32.90361785888672
2024-06-07,32.545318603515625
2024-06-10,32.964115142822266
2024-06-11,32.76402282714844
2024-06-12,32.54996871948242
2024-06-13,32.62441635131836
2024-06-14,32.545318603515625
2024-06-17,32.187007904052734
2024-06-18,32.200965881347656
2024-06-20,32.48017501831055
2024-06-21,32.28937911987305
2024-06-24,32.713897705078125
2024-06-25,32.40431213378906
2024-06-26,32.26826858520508
2024-06-27,32.324562072753906
2024-06-28,31.96336555480957
2024-07-01,31.74289321899414
2024-07-02,31.907073974609375
2024-07-03,32.09940719604492
2024-07-05,32.15568542480469
2024-07-08,32.188533782958984
2024-07-09,32.282344818115234
2024-07-10,32.587249755859375
2024-07-11,33.1829833984375
2024-07-12,33.42690658569336
2024-07-15,32.61539077758789
2024-07-16,32.86869430541992
2024-07-17,32.88746643066406
2024-07-18,32.859317779541016
2024-07-19,32.8968391418457
2024-07-22,33.173606872558594
2024-07-23,32.96720504760742
2024-07-24,33.3377799987793
2024-07-25,33.0610237121582
2024-07-26,33.38468933105469
2024-07-29,33.5348014831543
2024-07-30,33.70835876464844
2024-07-31,34.14460754394531
2024-08-01,34.75910568237305
2024-08-02,34.815399169921875
2024-08-05,33.89599609375
2024-08-06,34.182132720947266
2024-08-07,34.374454498291016
2024-08-08,34.411983489990234
2024-08-09,34.529258728027344
2024-08-12,34.590232849121094
2024-08-13,34.79194259643555
2024-08-14,34.76849365234375
2024-08-15,34.763797760009766
2024-08-16,34.91859436035156
2024-08-19,35.14844512939453
2024-08-20,35.073394775390625
2024-08-21,35.3220100402832
2024-08-22,35.27979278564453
2024-08-23,35.378299713134766
2024-08-26,35.608154296875
2024-08-27,35.32669448852539
2024-08-28,35.32669448852539
2024-08-29,35.51902389526367
2024-08-30,35.786399841308594
2024-09-03,35.734806060791016
2024-09-04,36.039703369140625
2024-09-05,35.950584411621094
2024-09-06,35.608154296875
2024-09-09,35.96934127807617
2024-09-10,36.138214111328125
2024-09-11,36.25079345703125
2024-09-12,36.33053207397461
2024-09-13,36.841835021972656
2024-09-16,37.123287200927734
2024-09-17,37.09514236450195
2024-09-18,36.81369400024414
2024-09-19,36.59791564941406
2024-09-20,37.564231872558594
2024-09-23,37.93684387207031
2024-09-24,37.66765594482422
2024-09-25,37.866004943847656
2024-09-26,37.606258392333984
2024-09-27,37.979347229003906
2024-09-30,38.14936065673828
2024-10-01,38.45633316040039
2024-10-02,38.47522735595703
2024-10-03,38.4610595703125
2024-10-04,38.399658203125
2024-10-07,37.51653289794922
2024-10-08,37.535423278808594
2024-10-09,37.21428680419922
2024-10-10,37.1009407043457
2024-10-11,37.42680358886719
2024-10-14,37.89906311035156
2024-10-15,38.06908416748047
2024-10-16,38.824703216552734
2024-10-17,38.47994613647461
2024-10-18,38.701908111572266
2024-10-21,38.550785064697266
2024-10-22,38.41382598876953
2024-10-23,38.78219223022461
2024-10-24,38.531890869140625
2024-10-25,37.960453033447266
2024-10-28,38.25798034667969
2024-10-29,37.44096755981445
2024-10-30,37.35123825073242
2024-10-31,37.73849868774414
2024-11-01,36.897857666015625
2024-11-04,36.45866012573242
2024-11-05,37.006492614746094
2024-11-06,36.623958587646484
2024-11-07,36.6900749206543
2024-11-08,37.393741607666016
2024-11-11,37.49763870239258
2024-11-12,37.06787872314453
2024-11-13,37.001766204833984
2024-11-14,36.8742561340332
2024-11-15,37.42680358886719
2024-11-18,37.752662658691406
2024-11-19,37.99351119995117
2024-11-20,38.01240921020508
2024-11-21,38.6735725402832
2024-11-22,38.46577453613281
2024-11-25,38.536617279052734
2024-11-26,39.15055847167969
2024-11-27,39.15055847167969
2024-11-29,39.16471862792969
2024-12-02,38.324100494384766
2024-12-03,37.99351119995117
2024-12-04,37.98878860473633
2024-12-05,38.10685729980469
2024-12-06,37.63459777832031
2024-12-09,37.16233444213867
2024-12-10,36.893150329589844
2024-12-11,36.6617317199707
2024-12-12,36.64284133911133
2024-12-13,36.66645812988281
2024-12-16,36.3736572265625
2024-12-17,36.222530364990234
2024-12-18,35.367733001708984
2024-12-19,35.5283088684082
2024-12-20,36.09502410888672
2024-12-23,36.21786880493164
2024-12-24,36.41786575317383
2024-12-26,36.33216094970703
2024-12-27,36.227394104003906
2024-12-30,36.07501983642578
2024-12-31,36.041690826416016
2025-01-02,36.31787109375
2025-01-03,36.703575134277344
2025-01-06,36.294063568115234
2025-01-07,36.20358657836914
2025-01-08,36.19406509399414
2025-01-10,35.989315032958984
2025-01-13,35.570274353027344
2025-01-14,36.036930084228516
2025-01-15,36.56547927856445
2025-01-16,37.489261627197266
2025-01-17,37.54163360595703
2025-01-21,38.11781311035156
2025-01-22,37.294029235839844
2025-01-23,37.47021484375
2025-01-24,37.85115432739258
2025-01-27,36.97499084472656
2025-01-28,36.46548843383789
2025-01-29,36.54167175292969
2025-01-30,37.303550720214844
2025-01-31,37.084510803222656
2025-02-03,37.284507751464844
2025-02-04,36.9559440612793
2025-02-05,37.327362060546875
2025-02-06,37.284507751464844
2025-02-07,37.208316802978516
2025-02-10,37.61306381225586
2025-02-11,37.80353927612305
2025-02-12,37.73686981201172
2025-02-13,37.82258605957031
2025-02-14,37.66544723510742
2025-02-18,38.01781463623047
2025-02-19,38.217811584472656
2025-02-20,38.213050842285156
2025-02-21,38.22256851196289
2025-02-24,38.0321044921875
2025-02-25,37.84162902832031
2025-02-26,37.998775482177734
2025-02-27,37.15593338012695
2025-02-28,37.722591400146484
2025-03-03,37.77496337890625
2025-03-04,37.160701751708984
2025-03-05,36.8988037109375
2025-03-06,36.13216018676758
2025-03-07,36.80356979370117
2025-03-10,37.208316802978516
2025-03-11,36.8607177734375
2025-03-12,36.74643325805664
2025-03-13,36.8369026184082
2025-03-14,37.55592346191406
2025-03-17,37.71306610107422
2025-03-18,37.451168060302734
2025-03-19,37.58925247192383
2025-03-20,37.741634368896484
2025-03-21,37.498783111572266
2025-03-24,37.48679733276367
2025-03-25,36.887351989746094
2025-03-26,37.13192367553711
2025-03-27,37.122337341308594
2025-03-28,37.39567947387695
2025-03-31,37.812889099121094
2025-04-01,37.90880584716797
2025-04-02,38.086238861083984
2025-04-03,37.846458435058594
2025-04-04,35.741214752197266
2025-04-07,35.194522857666016
2025-04-08,35.0506591796875
2025-04-09,36.43177795410156
2025-04-10,36.15842819213867
2025-04-11,36.5996208190918
2025-04-14,37.25660705566406
2025-04-15,37.25181198120117
2025-04-16,36.91613006591797
2025-04-17,37.29497528076172
2025-04-21,36.41259765625
2025-04-22,37.405269622802734
2025-04-23,37.56352233886719
2025-04-24,37.621063232421875
2025-04-25,37.505977630615234
2025-04-28,37.73616409301758
2025-04-29,38.02869415283203
2025-04-30,37.83687210083008
2025-05-01,37.947166442871094
2025-05-02,38.24449157714844
2025-05-05,38.14857864379883
2025-05-06,38.61375045776367
2025-05-07,38.72404479980469
2025-05-08,38.41233825683594
2025-05-09,38.47947311401367
2025-05-12,38.24928665161133
2025-05-13,38.196537017822266
2025-05-14,38.02869415283203
2025-05-15,38.839141845703125
2025-05-16,39.409812927246094
2025-05-19,39.57765197753906
2025-05-20,39.692745208740234
2025-05-21,38.9686164855957
2025-05-22,38.41233825683594
2025-05-23,38.87270736694336
2025-05-27,39.16523361206055
2025-05-28,38.61853790283203
2025-05-29,38.88709259033203
2025-05-30,39.285125732421875
2025-06-02,39.409812927246094
2025-06-03,39.51531219482422
2025-06-04,38.82475280761719
2025-06-05,38.76240921020508
2025-06-06,38.935054779052734
2025-06-09,38.68568420410156
2025-06-10,38.77679443359375
2025-06-11,38.800777435302734
2025-06-12,39.27073669433594
2025-06-13,39.04534912109375
2025-06-16,38.8535270690918
2025-06-17,38.532222747802734
2025-06-18,38.632930755615234
2025-06-20,38.738433837890625
2025-06-23,39.229522705078125
2025-06-24,39.39853286743164
2025-06-25,38.872196197509766
2025-06-26,39.19572448730469
2025-06-27,39.27298355102539
2025-06-30,39.432334899902344
2025-07-01,39.56754684448242
2025-07-02,39.22469711303711
2025-07-03,39.519248962402344
2025-07-07,39.601348876953125
2025-07-08,39.181236267089844
2025-07-09,39.54823303222656
2025-07-10,39.871761322021484
2025-07-11,39.81381607055664
2025-07-14,39.973167419433594
2025-07-15,39.59169006347656
2025-07-16,39.61100387573242
2025-07-17,39.775184631347656
2025-07-18,40.44156265258789
2025-07-21,40.571937561035156
2025-07-22,41.06931686401367
2025-07-23,40.76027297973633
2025-07-24,40.707157135009766
2025-07-25,40.81338119506836
2025-07-28,40.378787994384766
2025-07-29,40.84236145019531
2025-07-30,41.146575927734375
2025-07-31,41.36870193481445
2025-08-01,41.431480407714844
2025-08-04,42.16545867919922
2025-08-05,41.71638107299805
2025-08-06,41.34456253051758
2025-08-07,41.793643951416016
2025-08-08,41.61497497558594
2025-08-11,41.48460006713867
2025-08-12,41.663265228271484
2025-08-13,41.75501251220703
2025-08-14,41.46528244018555
2025-08-15,41.34456253051758
2025-08-18,41.165889739990234
2025-08-19,41.566688537597656
2025-08-20,41.61014175415039
2025-08-21,41.32524871826172
2025-08-22,41.54737091064453
2025-08-25,41.078975677490234
2025-08-26,41.17072296142578
2025-08-27,41.18037796020508
2025-08-28,40.86650085449219
2025-08-29,40.7168083190918
2025-09-02,40.58160400390625
2025-09-03,40.48019790649414
2025-09-04,40.431907653808594
2025-09-05,40.306358337402344
2025-09-08,39.89590835571289
2025-09-09,40.1711540222168
2025-09-10,40.86167526245117
2025-09-11,41.078975677490234
2025-09-12,41.28661346435547
2025-09-15,41.3831901550293
2025-09-16,40.62989044189453
2025-09-17,40.731292724609375
2025-09-18,40.76027297973633
2025-09-19,41.02102279663086
2025-09-22,41.41868591308594
2025-09-23,41.6325798034668
2025-09-24,41.92912292480469
2025-09-25,41.525630950927734
2025-09-26,42.20136260986328
2025-09-29,42.32289505004883
2025-09-30,42.39581298828125
2025-10-01,42.80417251586914
2025-10-02,42.72638702392578
2025-10-03,43.22224426269531
2025-10-06,43.640316009521484
2025-10-07,43.839637756347656
2025-10-08,44.14104461669922
2025-10-09,44.029232025146484
2025-10-10,43.84935760498047
2025-10-13,44.184791564941406
2025-10-14,44.57855987548828
2025-10-15,45.161922454833984
2025-10-16,44.67092514038086
2025-10-17,44.51536560058594
2025-10-20,44.50077438354492
2025-10-21,44.04867172241211
2025-10-22,43.94658660888672
2025-10-23,43.91255569458008
2025-10-24,44.427860260009766
2025-10-27,44.54939270019531
2025-10-28,43.81532669067383
2025-10-29,43.80074691772461
2025-10-30,43.61601257324219
2025-10-31,43.314613342285156
2025-11-03,43.33891296386719
2025-11-04,43.18335723876953
2025-11-05,43.193077087402344
2025-11-06,43.003482818603516
2025-11-07,43.60143280029297
2025-11-10,43.58684539794922
2025-11-11,43.61115264892578
2025-11-12,43.71323776245117
2025-11-13,43.11043167114258
2025-11-14,43.14932632446289
2025-11-17,43.538230895996094
2025-11-18,43.37294006347656
2025-11-19,43.00834655761719
2025-11-20,42.789581298828125
2025-11-21,42.852779388427734
2025-11-24,43.33891296386719
2025-11-25,43.17362976074219
2025-11-26,43.74726867675781
2025-11-28,44.05839157104492
2025-12-01,43.027793884277344
2025-12-02,42.72152328491211
2025-12-03,42.58540725708008
2025-12-04,42.497901916503906
2025-12-05,42.099273681640625
2025-12-08,41.53535461425781
2025-12-09,41.56452560424805
2025-12-10,41.54507827758789
2025-12-11,41.84648513793945
2025-12-12,41.64230728149414
2025-12-15,42.02149200439453
2025-12-16,41.84648513793945
2025-12-17,41.574241638183594
2025-12-18,41.98259735107422
2025-12-19,41.447853088378906
2025-12-22,41.60164260864258
2025-12-23,41.748573303222656
2025-12-24,41.9346923828125
2025-12-26,41.905303955078125
2025-12-29,41.98366928100586
2025-12-30,42.08162307739258
2025-12-31,41.81714630126953
2026-01-02,42.297122955322266
2026-01-05,41.826942443847656
2026-01-06,42.03264236450195
2026-01-07,41.01390838623047
2026-01-08,41.1314582824707
2026-01-09,41.64081954956055
2026-01-12,41.70939636230469
2026-01-13,41.973873138427734
2026-01-14,42.28732681274414
2026-01-15,42.71833038330078
2026-01-16,42.50283432006836
2026-01-20,42.08162307739258
2026-01-21,42.14039611816406
2026-01-22,41.836734771728516
2026-01-23,41.68980407714844
2026-01-26,41.993465423583984
2026-01-27,42.542015075683594
2026-01-28,42.444061279296875
2026-01-29,42.444061279296875
2026-01-30,42.36569595336914
2026-02-02,41.748573303222656
2026-02-03,42.355899810791016
2026-02-04,42.19917297363281
2026-02-05,42.2187614440918
2026-02-06,42.46364974975586
2026-02-09,42.59099197387695
2026-02-10,43.29627227783203
2026-02-11,43.67829895019531
2026-02-12,44.32480239868164
2026-02-13,45.54924774169922
2026-02-17,45.431697845458984
2026-02-18,44.67744064331055
2026-02-19,45.16721725463867
2026-02-20,45.382720947265625
2026-02-23,45.725563049316406
2026-02-24,46.23493194580078
2026-02-25,46.391658782958984
2026-02-26,46.21533966064453
2026-02-27,46.754093170166016
2026-03-02,46.40145492553711
2026-03-03,46.10758972167969
2026-03-04,46.30350112915039
2026-03-05,45.941070556640625
2026-03-06,45.784339904785156
2026-03-09,45.89208984375
2026-03-10,45.6080207824707
2026-03-11,45.225990295410156
2026-03-12,45.54924774169922
2026-03-13,45.99983596801758
2026-03-16,46.293701171875
2026-03-17,46.16636276245117
2026-03-18,45.77454376220703
2026-03-19,45.58842849731445
2026-03-20,43.7370719909668
2026-03-23,44.171085357666016
2026-03-24,44.476871490478516
2026-03-25,44.63469696044922
2026-03-26,44.7136116027832
2026-03-27,44.970069885253906
2026-03-30,45.29558181762695
2026-03-31,45.2659912109375
2026-04-01,45.48299789428711
2026-04-02,45.70987319946289
2026-04-06,45.54218292236328
2026-04-07,45.64082336425781
2026-04-08,46.143890380859375
2026-04-09,46.50886154174805
2026-04-10,46.321441650390625
2026-04-13,45.759193420410156
2026-04-14,45.83810806274414
2026-04-15,45.39422607421875
2026-04-16,45.71973419189453
2026-04-17,45.532318115234375
2026-04-20,45.12789535522461
2026-04-21,44.338775634765625
2026-04-22,44.25986099243164
2026-04-23,45.46327590942383
2026-04-24,45.55204772949219
2026-04-27,45.56190872192383
2026-04-28,45.621097564697266
2026-04-29,45.0588493347168
2026-04-30,46.21294021606445
2026-05-01,45.91701889038086
2026-05-04,45.739463806152344
2026-05-05,45.739463806152344
2026-05-06,45.08843994140625
2026-05-07,44.50646209716797
2026-05-08,44.111900329589844
2026-05-11,44.52619171142578
2026-05-12,44.57551193237305
2026-05-13,44.06258010864258
2026-05-14,44.28945541381836
2026-05-15,43.27345657348633
2026-05-18,43.342506408691406
2026-05-19,43.73706817626953
2026-05-20,43.90475845336914
2026-05-21,44.38809585571289
2026-05-22,44.73332977294922
2026-05-26,44.7136116027832
2026-05-27,44.52619171142578
2026-05-28,44.02312469482422
2026-05-29,43.81597900390625
2026-06-01,42.5139274597168
2026-06-02,43.30305099487305
2026-06-03,43.11563491821289
2026-06-04,43.342506408691406
2026-06-05,43.74693298339844
2026-06-08,42.928218841552734
2026-06-09,43.381961822509766
2026-06-10,43.40169143676758
2026-06-11,43.451011657714844
2026-06-12,43.92448425292969
2026-06-15,44.131629943847656
2026-06-16,44.44728088378906
2026-06-17,43.855438232421875
2026-06-18,44.1513557434082
2026-06-22,44.393577575683594
2026-06-23,44.741024017333984
2026-06-24,45.20759201049805
2026-06-25,45.51532745361328
2026-06-26,45.86277389526367
2026-06-29,45.68408966064453
2026-06-30,45.00905227661133
2026-07-01,44.443214416503906
2026-07-02,45.42598342895508
2026-07-06,44.96934509277344
2026-07-07,45.366424560546875
2026-07-08,45.028907775878906
2026-07-09,44.80058670043945
2026-07-10,45.07854080200195
2026-07-13,45.38628005981445
2026-07-14,45.35649490356445
2026-07-15,44.889930725097656
2026-07-16,45.13810348510742
2026-07-17,44.84029006958008
2026-07-20,44.611968994140625
2026-07-21,44.59211730957031
2026-07-22,45.59474563598633
2026-07-23,45.852848052978516
2026-07-24,45.952117919921875
2026-07-27,45.3465690612793
2026-07-28,45.187740325927734
2026-07-29,44.582191467285156
2026-07-30,44.334014892578125
2026-07-31,44.026275634765625
2026-08-03,44.03620529174805
2026-08-04,43.78803253173828
2026-08-05,43.34131622314453
2026-08-06,43.063358306884766
2026-08-07,43.29167938232422
2026-08-10,42.815185546875
2026-08-11,43.3115348815918
2026-08-12,43.52000045776367
2026-08-13,43.718544006347656
2026-08-14,43.986572265625
2026-08-17,43.857521057128906
2026-08-18,43.69868850708008
2026-08-19,43.69868850708008
2026-08-20,43.45051193237305
2026-08-21,42.45781326293945
2026-08-24,42.9045295715332
2026-08-25,42.99386978149414
2026-08-26,43.19240951538086
2026-08-27,42.86481857299805
2026-08-28,42.4181022644043
2026-08-31,41.9217529296875
2026-09-01,42.24934387207031
2026-09-02,42.35853958129883
2026-09-03,42.715911865234375
2026-09-04,42.76554870605469
2026-09-08,43.13284683227539
2026-09-09,42.62656784057617
2026-09-10,42.20963668823242
2026-09-11,42.08058547973633
2026-09-14,41.51474380493164
2026-09-15,41.018394470214844
2026-09-16,41.018394470214844
2026-09-17,41.38569259643555
2026-09-18,40.79999923706055
2026-09-21,40.65999984741211
2026-09-22,40.529998779296875
2026-09-23,39.75
2026-09-24,39.36000061035156
2026-09-25,39.5099983215332
2026-09-28,39.25
2026-09-29,39.709999084472656
